case_id,encoding,feasible,basis,safe_masks,optimal_mask,optimal_cost,nodes,pruned,safety_mismatches,certificate_failures,witness_mismatches
0,0:0:0:0:0:1,1,,4,0,0,1,0,0,0,0
1,0:0:0:1:6:1,1,,4,0,0,1,0,0,0,0
2,0:0:0:2:9:2,1,,4,0,0,1,0,0,0,0
3,0:0:0:3:15:3,1,,4,0,0,1,0,0,0,0
4,0:0:1:0:0:1,1,,4,0,0,1,0,0,0,0
5,0:0:1:1:6:1,1,,4,0,0,1,0,0,0,0
6,0:0:1:2:9:2,1,,4,0,0,1,0,0,0,0
7,0:0:1:3:15:3,1,,4,0,0,1,0,0,0,0
8,0:0:2:0:0:1,1,,4,0,0,1,0,0,0,0
9,0:0:2:1:6:1,1,,4,0,0,1,0,0,0,0
10,0:0:2:2:9:2,1,,4,0,0,1,0,0,0,0
11,0:0:2:3:15:3,1,,4,0,0,1,0,0,0,0
12,0:0:3:0:0:1,1,,4,0,0,1,0,0,0,0
13,0:0:3:1:6:1,1,,4,0,0,1,0,0,0,0
14,0:0:3:2:9:2,1,,4,0,0,1,0,0,0,0
15,0:0:3:3:15:3,1,,4,0,0,1,0,0,0,0
16,0:0:4:0:0:1,0,0,0,,,0,0,0,0,0
17,0:0:4:1:6:1,0,0,0,,,0,0,0,0,0
18,0:0:4:2:9:2,0,0,0,,,0,0,0,0,0
19,0:0:4:3:15:3,1,,4,0,0,1,0,0,0,0
20,0:0:5:0:0:1,0,0,0,,,0,0,0,0,0
21,0:0:5:1:6:1,0,0,0,,,0,0,0,0,0
22,0:0:5:2:9:2,0,0,0,,,0,0,0,0,0
23,0:0:5:3:15:3,1,,4,0,0,1,0,0,0,0
24,0:0:6:0:0:1,0,0,0,,,0,0,0,0,0
25,0:0:6:1:6:1,0,0,0,,,0,0,0,0,0
26,0:0:6:2:9:2,0,0,0,,,0,0,0,0,0
27,0:0:6:3:15:3,1,,4,0,0,1,0,0,0,0
28,0:0:7:0:0:1,0,0,0,,,0,0,0,0,0
29,0:0:7:1:6:1,0,0,0,,,0,0,0,0,0
30,0:0:7:2:9:2,0,0,0,,,0,0,0,0,0
31,0:0:7:3:15:3,1,,4,0,0,1,0,0,0,0
32,0:0:8:0:0:1,0,0,0,,,0,0,0,0,0
33,0:0:8:1:6:1,0,0,0,,,0,0,0,0,0
34,0:0:8:2:9:2,0,0,0,,,0,0,0,0,0
35,0:0:8:3:15:3,1,,4,0,0,1,0,0,0,0
36,0:0:9:0:0:1,0,0,0,,,0,0,0,0,0
37,0:0:9:1:6:1,0,0,0,,,0,0,0,0,0
38,0:0:9:2:9:2,0,0,0,,,0,0,0,0,0
39,0:0:9:3:15:3,1,,4,0,0,1,0,0,0,0
40,0:0:10:0:0:1,0,0,0,,,0,0,0,0,0
41,0:0:10:1:6:1,0,0,0,,,0,0,0,0,0
42,0:0:10:2:9:2,0,0,0,,,0,0,0,0,0
43,0:0:10:3:15:3,1,,4,0,0,1,0,0,0,0
44,0:0:11:0:0:1,0,0,0,,,0,0,0,0,0
45,0:0:11:1:6:1,0,0,0,,,0,0,0,0,0
46,0:0:11:2:9:2,0,0,0,,,0,0,0,0,0
47,0:0:11:3:15:3,1,,4,0,0,1,0,0,0,0
48,0:0:12:0:0:1,0,0,0,,,0,0,0,0,0
49,0:0:12:1:6:1,0,0,0,,,0,0,0,0,0
50,0:0:12:2:9:2,0,0,0,,,0,0,0,0,0
51,0:0:12:3:15:3,1,,4,0,0,1,0,0,0,0
52,0:0:13:0:0:1,0,0,0,,,0,0,0,0,0
53,0:0:13:1:6:1,0,0,0,,,0,0,0,0,0
54,0:0:13:2:9:2,0,0,0,,,0,0,0,0,0
55,0:0:13:3:15:3,1,,4,0,0,1,0,0,0,0
56,0:0:14:0:0:1,0,0,0,,,0,0,0,0,0
57,0:0:14:1:6:1,0,0,0,,,0,0,0,0,0
58,0:0:14:2:9:2,0,0,0,,,0,0,0,0,0
59,0:0:14:3:15:3,1,,4,0,0,1,0,0,0,0
60,0:0:15:0:0:1,0,0,0,,,0,0,0,0,0
61,0:0:15:1:6:1,0,0,0,,,0,0,0,0,0
62,0:0:15:2:9:2,0,0,0,,,0,0,0,0,0
63,0:0:15:3:15:3,1,,4,0,0,1,0,0,0,0
64,0:1:0:0:0:1,1,,4,0,0,1,0,0,0,0
65,0:1:0:1:6:1,1,,4,0,0,1,0,0,0,0
66,0:1:0:2:9:2,1,,4,0,0,1,0,0,0,0
67,0:1:0:3:15:3,1,,4,0,0,1,0,0,0,0
68,0:1:1:0:0:1,1,,4,0,0,1,0,0,0,0
69,0:1:1:1:6:1,1,,4,0,0,1,0,0,0,0
70,0:1:1:2:9:2,1,,4,0,0,1,0,0,0,0
71,0:1:1:3:15:3,1,,4,0,0,1,0,0,0,0
72,0:1:2:0:0:1,1,,4,0,0,1,0,0,0,0
73,0:1:2:1:6:1,1,,4,0,0,1,0,0,0,0
74,0:1:2:2:9:2,1,,4,0,0,1,0,0,0,0
75,0:1:2:3:15:3,1,,4,0,0,1,0,0,0,0
76,0:1:3:0:0:1,1,,4,0,0,1,0,0,0,0
77,0:1:3:1:6:1,1,,4,0,0,1,0,0,0,0
78,0:1:3:2:9:2,1,,4,0,0,1,0,0,0,0
79,0:1:3:3:15:3,1,,4,0,0,1,0,0,0,0
80,0:1:4:0:0:1,0,0,0,,,0,0,0,0,0
81,0:1:4:1:6:1,0,0,0,,,0,0,0,0,0
82,0:1:4:2:9:2,0,0,0,,,0,0,0,0,0
83,0:1:4:3:15:3,1,,4,0,0,1,0,0,0,0
84,0:1:5:0:0:1,0,0,0,,,0,0,0,0,0
85,0:1:5:1:6:1,0,0,0,,,0,0,0,0,0
86,0:1:5:2:9:2,0,0,0,,,0,0,0,0,0
87,0:1:5:3:15:3,1,,4,0,0,1,0,0,0,0
88,0:1:6:0:0:1,0,0,0,,,0,0,0,0,0
89,0:1:6:1:6:1,0,0,0,,,0,0,0,0,0
90,0:1:6:2:9:2,0,0,0,,,0,0,0,0,0
91,0:1:6:3:15:3,1,,4,0,0,1,0,0,0,0
92,0:1:7:0:0:1,0,0,0,,,0,0,0,0,0
93,0:1:7:1:6:1,0,0,0,,,0,0,0,0,0
94,0:1:7:2:9:2,0,0,0,,,0,0,0,0,0
95,0:1:7:3:15:3,1,,4,0,0,1,0,0,0,0
96,0:1:8:0:0:1,0,0,0,,,0,0,0,0,0
97,0:1:8:1:6:1,0,0,0,,,0,0,0,0,0
98,0:1:8:2:9:2,0,0,0,,,0,0,0,0,0
99,0:1:8:3:15:3,1,,4,0,0,1,0,0,0,0
100,0:1:9:0:0:1,0,0,0,,,0,0,0,0,0
101,0:1:9:1:6:1,0,0,0,,,0,0,0,0,0
102,0:1:9:2:9:2,0,0,0,,,0,0,0,0,0
103,0:1:9:3:15:3,1,,4,0,0,1,0,0,0,0
104,0:1:10:0:0:1,0,0,0,,,0,0,0,0,0
105,0:1:10:1:6:1,0,0,0,,,0,0,0,0,0
106,0:1:10:2:9:2,0,0,0,,,0,0,0,0,0
107,0:1:10:3:15:3,1,,4,0,0,1,0,0,0,0
108,0:1:11:0:0:1,0,0,0,,,0,0,0,0,0
109,0:1:11:1:6:1,0,0,0,,,0,0,0,0,0
110,0:1:11:2:9:2,0,0,0,,,0,0,0,0,0
111,0:1:11:3:15:3,1,,4,0,0,1,0,0,0,0
112,0:1:12:0:0:1,0,0,0,,,0,0,0,0,0
113,0:1:12:1:6:1,0,0,0,,,0,0,0,0,0
114,0:1:12:2:9:2,0,0,0,,,0,0,0,0,0
115,0:1:12:3:15:3,1,,4,0,0,1,0,0,0,0
116,0:1:13:0:0:1,0,0,0,,,0,0,0,0,0
117,0:1:13:1:6:1,0,0,0,,,0,0,0,0,0
118,0:1:13:2:9:2,0,0,0,,,0,0,0,0,0
119,0:1:13:3:15:3,1,,4,0,0,1,0,0,0,0
120,0:1:14:0:0:1,0,0,0,,,0,0,0,0,0
121,0:1:14:1:6:1,0,0,0,,,0,0,0,0,0
122,0:1:14:2:9:2,0,0,0,,,0,0,0,0,0
123,0:1:14:3:15:3,1,,4,0,0,1,0,0,0,0
124,0:1:15:0:0:1,0,0,0,,,0,0,0,0,0
125,0:1:15:1:6:1,0,0,0,,,0,0,0,0,0
126,0:1:15:2:9:2,0,0,0,,,0,0,0,0,0
127,0:1:15:3:15:3,1,,4,0,0,1,0,0,0,0
128,0:2:0:0:0:1,1,,4,0,0,1,0,0,0,0
129,0:2:0:1:6:1,1,,4,0,0,1,0,0,0,0
130,0:2:0:2:9:2,1,,4,0,0,1,0,0,0,0
131,0:2:0:3:15:3,1,,4,0,0,1,0,0,0,0
132,0:2:1:0:0:1,1,,4,0,0,1,0,0,0,0
133,0:2:1:1:6:1,1,,4,0,0,1,0,0,0,0
134,0:2:1:2:9:2,1,,4,0,0,1,0,0,0,0
135,0:2:1:3:15:3,1,,4,0,0,1,0,0,0,0
136,0:2:2:0:0:1,1,,4,0,0,1,0,0,0,0
137,0:2:2:1:6:1,1,,4,0,0,1,0,0,0,0
138,0:2:2:2:9:2,1,,4,0,0,1,0,0,0,0
139,0:2:2:3:15:3,1,,4,0,0,1,0,0,0,0
140,0:2:3:0:0:1,1,,4,0,0,1,0,0,0,0
141,0:2:3:1:6:1,1,,4,0,0,1,0,0,0,0
142,0:2:3:2:9:2,1,,4,0,0,1,0,0,0,0
143,0:2:3:3:15:3,1,,4,0,0,1,0,0,0,0
144,0:2:4:0:0:1,0,0,0,,,0,0,0,0,0
145,0:2:4:1:6:1,0,0,0,,,0,0,0,0,0
146,0:2:4:2:9:2,0,0,0,,,0,0,0,0,0
147,0:2:4:3:15:3,1,,4,0,0,1,0,0,0,0
148,0:2:5:0:0:1,0,0,0,,,0,0,0,0,0
149,0:2:5:1:6:1,0,0,0,,,0,0,0,0,0
150,0:2:5:2:9:2,0,0,0,,,0,0,0,0,0
151,0:2:5:3:15:3,1,,4,0,0,1,0,0,0,0
152,0:2:6:0:0:1,0,0,0,,,0,0,0,0,0
153,0:2:6:1:6:1,0,0,0,,,0,0,0,0,0
154,0:2:6:2:9:2,0,0,0,,,0,0,0,0,0
155,0:2:6:3:15:3,1,,4,0,0,1,0,0,0,0
156,0:2:7:0:0:1,0,0,0,,,0,0,0,0,0
157,0:2:7:1:6:1,0,0,0,,,0,0,0,0,0
158,0:2:7:2:9:2,0,0,0,,,0,0,0,0,0
159,0:2:7:3:15:3,1,,4,0,0,1,0,0,0,0
160,0:2:8:0:0:1,0,0,0,,,0,0,0,0,0
161,0:2:8:1:6:1,0,0,0,,,0,0,0,0,0
162,0:2:8:2:9:2,0,0,0,,,0,0,0,0,0
163,0:2:8:3:15:3,1,,4,0,0,1,0,0,0,0
164,0:2:9:0:0:1,0,0,0,,,0,0,0,0,0
165,0:2:9:1:6:1,0,0,0,,,0,0,0,0,0
166,0:2:9:2:9:2,0,0,0,,,0,0,0,0,0
167,0:2:9:3:15:3,1,,4,0,0,1,0,0,0,0
168,0:2:10:0:0:1,0,0,0,,,0,0,0,0,0
169,0:2:10:1:6:1,0,0,0,,,0,0,0,0,0
170,0:2:10:2:9:2,0,0,0,,,0,0,0,0,0
171,0:2:10:3:15:3,1,,4,0,0,1,0,0,0,0
172,0:2:11:0:0:1,0,0,0,,,0,0,0,0,0
173,0:2:11:1:6:1,0,0,0,,,0,0,0,0,0
174,0:2:11:2:9:2,0,0,0,,,0,0,0,0,0
175,0:2:11:3:15:3,1,,4,0,0,1,0,0,0,0
176,0:2:12:0:0:1,0,0,0,,,0,0,0,0,0
177,0:2:12:1:6:1,0,0,0,,,0,0,0,0,0
178,0:2:12:2:9:2,0,0,0,,,0,0,0,0,0
179,0:2:12:3:15:3,1,,4,0,0,1,0,0,0,0
180,0:2:13:0:0:1,0,0,0,,,0,0,0,0,0
181,0:2:13:1:6:1,0,0,0,,,0,0,0,0,0
182,0:2:13:2:9:2,0,0,0,,,0,0,0,0,0
183,0:2:13:3:15:3,1,,4,0,0,1,0,0,0,0
184,0:2:14:0:0:1,0,0,0,,,0,0,0,0,0
185,0:2:14:1:6:1,0,0,0,,,0,0,0,0,0
186,0:2:14:2:9:2,0,0,0,,,0,0,0,0,0
187,0:2:14:3:15:3,1,,4,0,0,1,0,0,0,0
188,0:2:15:0:0:1,0,0,0,,,0,0,0,0,0
189,0:2:15:1:6:1,0,0,0,,,0,0,0,0,0
190,0:2:15:2:9:2,0,0,0,,,0,0,0,0,0
191,0:2:15:3:15:3,1,,4,0,0,1,0,0,0,0
192,0:3:0:0:0:1,1,,4,0,0,1,0,0,0,0
193,0:3:0:1:6:1,1,,4,0,0,1,0,0,0,0
194,0:3:0:2:9:2,1,,4,0,0,1,0,0,0,0
195,0:3:0:3:15:3,1,,4,0,0,1,0,0,0,0
196,0:3:1:0:0:1,1,,4,0,0,1,0,0,0,0
197,0:3:1:1:6:1,1,,4,0,0,1,0,0,0,0
198,0:3:1:2:9:2,1,,4,0,0,1,0,0,0,0
199,0:3:1:3:15:3,1,,4,0,0,1,0,0,0,0
200,0:3:2:0:0:1,1,,4,0,0,1,0,0,0,0
201,0:3:2:1:6:1,1,,4,0,0,1,0,0,0,0
202,0:3:2:2:9:2,1,,4,0,0,1,0,0,0,0
203,0:3:2:3:15:3,1,,4,0,0,1,0,0,0,0
204,0:3:3:0:0:1,1,,4,0,0,1,0,0,0,0
205,0:3:3:1:6:1,1,,4,0,0,1,0,0,0,0
206,0:3:3:2:9:2,1,,4,0,0,1,0,0,0,0
207,0:3:3:3:15:3,1,,4,0,0,1,0,0,0,0
208,0:3:4:0:0:1,0,0,0,,,0,0,0,0,0
209,0:3:4:1:6:1,0,0,0,,,0,0,0,0,0
210,0:3:4:2:9:2,0,0,0,,,0,0,0,0,0
211,0:3:4:3:15:3,1,,4,0,0,1,0,0,0,0
212,0:3:5:0:0:1,0,0,0,,,0,0,0,0,0
213,0:3:5:1:6:1,0,0,0,,,0,0,0,0,0
214,0:3:5:2:9:2,0,0,0,,,0,0,0,0,0
215,0:3:5:3:15:3,1,,4,0,0,1,0,0,0,0
216,0:3:6:0:0:1,0,0,0,,,0,0,0,0,0
217,0:3:6:1:6:1,0,0,0,,,0,0,0,0,0
218,0:3:6:2:9:2,0,0,0,,,0,0,0,0,0
219,0:3:6:3:15:3,1,,4,0,0,1,0,0,0,0
220,0:3:7:0:0:1,0,0,0,,,0,0,0,0,0
221,0:3:7:1:6:1,0,0,0,,,0,0,0,0,0
222,0:3:7:2:9:2,0,0,0,,,0,0,0,0,0
223,0:3:7:3:15:3,1,,4,0,0,1,0,0,0,0
224,0:3:8:0:0:1,0,0,0,,,0,0,0,0,0
225,0:3:8:1:6:1,0,0,0,,,0,0,0,0,0
226,0:3:8:2:9:2,0,0,0,,,0,0,0,0,0
227,0:3:8:3:15:3,1,,4,0,0,1,0,0,0,0
228,0:3:9:0:0:1,0,0,0,,,0,0,0,0,0
229,0:3:9:1:6:1,0,0,0,,,0,0,0,0,0
230,0:3:9:2:9:2,0,0,0,,,0,0,0,0,0
231,0:3:9:3:15:3,1,,4,0,0,1,0,0,0,0
232,0:3:10:0:0:1,0,0,0,,,0,0,0,0,0
233,0:3:10:1:6:1,0,0,0,,,0,0,0,0,0
234,0:3:10:2:9:2,0,0,0,,,0,0,0,0,0
235,0:3:10:3:15:3,1,,4,0,0,1,0,0,0,0
236,0:3:11:0:0:1,0,0,0,,,0,0,0,0,0
237,0:3:11:1:6:1,0,0,0,,,0,0,0,0,0
238,0:3:11:2:9:2,0,0,0,,,0,0,0,0,0
239,0:3:11:3:15:3,1,,4,0,0,1,0,0,0,0
240,0:3:12:0:0:1,0,0,0,,,0,0,0,0,0
241,0:3:12:1:6:1,0,0,0,,,0,0,0,0,0
242,0:3:12:2:9:2,0,0,0,,,0,0,0,0,0
243,0:3:12:3:15:3,1,,4,0,0,1,0,0,0,0
244,0:3:13:0:0:1,0,0,0,,,0,0,0,0,0
245,0:3:13:1:6:1,0,0,0,,,0,0,0,0,0
246,0:3:13:2:9:2,0,0,0,,,0,0,0,0,0
247,0:3:13:3:15:3,1,,4,0,0,1,0,0,0,0
248,0:3:14:0:0:1,0,0,0,,,0,0,0,0,0
249,0:3:14:1:6:1,0,0,0,,,0,0,0,0,0
250,0:3:14:2:9:2,0,0,0,,,0,0,0,0,0
251,0:3:14:3:15:3,1,,4,0,0,1,0,0,0,0
252,0:3:15:0:0:1,0,0,0,,,0,0,0,0,0
253,0:3:15:1:6:1,0,0,0,,,0,0,0,0,0
254,0:3:15:2:9:2,0,0,0,,,0,0,0,0,0
255,0:3:15:3:15:3,1,,4,0,0,1,0,0,0,0
256,0:4:0:0:0:1,1,,4,0,0,1,0,0,0,0
257,0:4:0:1:6:1,1,,4,0,0,1,0,0,0,0
258,0:4:0:2:9:2,1,,4,0,0,1,0,0,0,0
259,0:4:0:3:15:3,1,,4,0,0,1,0,0,0,0
260,0:4:1:0:0:1,1,,4,0,0,1,0,0,0,0
261,0:4:1:1:6:1,1,,4,0,0,1,0,0,0,0
262,0:4:1:2:9:2,1,,4,0,0,1,0,0,0,0
263,0:4:1:3:15:3,1,,4,0,0,1,0,0,0,0
264,0:4:2:0:0:1,1,,4,0,0,1,0,0,0,0
265,0:4:2:1:6:1,1,,4,0,0,1,0,0,0,0
266,0:4:2:2:9:2,1,,4,0,0,1,0,0,0,0
267,0:4:2:3:15:3,1,,4,0,0,1,0,0,0,0
268,0:4:3:0:0:1,1,,4,0,0,1,0,0,0,0
269,0:4:3:1:6:1,1,,4,0,0,1,0,0,0,0
270,0:4:3:2:9:2,1,,4,0,0,1,0,0,0,0
271,0:4:3:3:15:3,1,,4,0,0,1,0,0,0,0
272,0:4:4:0:0:1,1,2,2,2,2,2,0,0,0,0
273,0:4:4:1:6:1,1,2,2,2,2,2,0,0,0,0
274,0:4:4:2:9:2,1,2,2,2,2,2,0,0,0,0
275,0:4:4:3:15:3,1,,4,0,0,1,0,0,0,0
276,0:4:5:0:0:1,0,0,0,,,0,0,0,0,0
277,0:4:5:1:6:1,0,0,0,,,0,0,0,0,0
278,0:4:5:2:9:2,0,0,0,,,0,0,0,0,0
279,0:4:5:3:15:3,1,,4,0,0,1,0,0,0,0
280,0:4:6:0:0:1,0,0,0,,,0,0,0,0,0
281,0:4:6:1:6:1,0,0,0,,,0,0,0,0,0
282,0:4:6:2:9:2,0,0,0,,,0,0,0,0,0
283,0:4:6:3:15:3,1,,4,0,0,1,0,0,0,0
284,0:4:7:0:0:1,0,0,0,,,0,0,0,0,0
285,0:4:7:1:6:1,0,0,0,,,0,0,0,0,0
286,0:4:7:2:9:2,0,0,0,,,0,0,0,0,0
287,0:4:7:3:15:3,1,,4,0,0,1,0,0,0,0
288,0:4:8:0:0:1,0,0,0,,,0,0,0,0,0
289,0:4:8:1:6:1,0,0,0,,,0,0,0,0,0
290,0:4:8:2:9:2,0,0,0,,,0,0,0,0,0
291,0:4:8:3:15:3,1,,4,0,0,1,0,0,0,0
292,0:4:9:0:0:1,0,0,0,,,0,0,0,0,0
293,0:4:9:1:6:1,0,0,0,,,0,0,0,0,0
294,0:4:9:2:9:2,0,0,0,,,0,0,0,0,0
295,0:4:9:3:15:3,1,,4,0,0,1,0,0,0,0
296,0:4:10:0:0:1,0,0,0,,,0,0,0,0,0
297,0:4:10:1:6:1,0,0,0,,,0,0,0,0,0
298,0:4:10:2:9:2,0,0,0,,,0,0,0,0,0
299,0:4:10:3:15:3,1,,4,0,0,1,0,0,0,0
300,0:4:11:0:0:1,0,0,0,,,0,0,0,0,0
301,0:4:11:1:6:1,0,0,0,,,0,0,0,0,0
302,0:4:11:2:9:2,0,0,0,,,0,0,0,0,0
303,0:4:11:3:15:3,1,,4,0,0,1,0,0,0,0
304,0:4:12:0:0:1,0,0,0,,,0,0,0,0,0
305,0:4:12:1:6:1,0,0,0,,,0,0,0,0,0
306,0:4:12:2:9:2,0,0,0,,,0,0,0,0,0
307,0:4:12:3:15:3,1,,4,0,0,1,0,0,0,0
308,0:4:13:0:0:1,0,0,0,,,0,0,0,0,0
309,0:4:13:1:6:1,0,0,0,,,0,0,0,0,0
310,0:4:13:2:9:2,0,0,0,,,0,0,0,0,0
311,0:4:13:3:15:3,1,,4,0,0,1,0,0,0,0
312,0:4:14:0:0:1,0,0,0,,,0,0,0,0,0
313,0:4:14:1:6:1,0,0,0,,,0,0,0,0,0
314,0:4:14:2:9:2,0,0,0,,,0,0,0,0,0
315,0:4:14:3:15:3,1,,4,0,0,1,0,0,0,0
316,0:4:15:0:0:1,0,0,0,,,0,0,0,0,0
317,0:4:15:1:6:1,0,0,0,,,0,0,0,0,0
318,0:4:15:2:9:2,0,0,0,,,0,0,0,0,0
319,0:4:15:3:15:3,1,,4,0,0,1,0,0,0,0
320,0:5:0:0:0:1,1,,4,0,0,1,0,0,0,0
321,0:5:0:1:6:1,1,,4,0,0,1,0,0,0,0
322,0:5:0:2:9:2,1,,4,0,0,1,0,0,0,0
323,0:5:0:3:15:3,1,,4,0,0,1,0,0,0,0
324,0:5:1:0:0:1,1,,4,0,0,1,0,0,0,0
325,0:5:1:1:6:1,1,,4,0,0,1,0,0,0,0
326,0:5:1:2:9:2,1,,4,0,0,1,0,0,0,0
327,0:5:1:3:15:3,1,,4,0,0,1,0,0,0,0
328,0:5:2:0:0:1,1,,4,0,0,1,0,0,0,0
329,0:5:2:1:6:1,1,,4,0,0,1,0,0,0,0
330,0:5:2:2:9:2,1,,4,0,0,1,0,0,0,0
331,0:5:2:3:15:3,1,,4,0,0,1,0,0,0,0
332,0:5:3:0:0:1,1,,4,0,0,1,0,0,0,0
333,0:5:3:1:6:1,1,,4,0,0,1,0,0,0,0
334,0:5:3:2:9:2,1,,4,0,0,1,0,0,0,0
335,0:5:3:3:15:3,1,,4,0,0,1,0,0,0,0
336,0:5:4:0:0:1,0,0,0,,,0,0,0,0,0
337,0:5:4:1:6:1,0,0,0,,,0,0,0,0,0
338,0:5:4:2:9:2,0,0,0,,,0,0,0,0,0
339,0:5:4:3:15:3,1,,4,0,0,1,0,0,0,0
340,0:5:5:0:0:1,1,2,2,2,2,2,0,0,0,0
341,0:5:5:1:6:1,1,2,2,2,2,2,0,0,0,0
342,0:5:5:2:9:2,1,2,2,2,2,2,0,0,0,0
343,0:5:5:3:15:3,1,,4,0,0,1,0,0,0,0
344,0:5:6:0:0:1,0,0,0,,,0,0,0,0,0
345,0:5:6:1:6:1,0,0,0,,,0,0,0,0,0
346,0:5:6:2:9:2,0,0,0,,,0,0,0,0,0
347,0:5:6:3:15:3,1,,4,0,0,1,0,0,0,0
348,0:5:7:0:0:1,0,0,0,,,0,0,0,0,0
349,0:5:7:1:6:1,0,0,0,,,0,0,0,0,0
350,0:5:7:2:9:2,0,0,0,,,0,0,0,0,0
351,0:5:7:3:15:3,1,,4,0,0,1,0,0,0,0
352,0:5:8:0:0:1,0,0,0,,,0,0,0,0,0
353,0:5:8:1:6:1,0,0,0,,,0,0,0,0,0
354,0:5:8:2:9:2,0,0,0,,,0,0,0,0,0
355,0:5:8:3:15:3,1,,4,0,0,1,0,0,0,0
356,0:5:9:0:0:1,0,0,0,,,0,0,0,0,0
357,0:5:9:1:6:1,0,0,0,,,0,0,0,0,0
358,0:5:9:2:9:2,0,0,0,,,0,0,0,0,0
359,0:5:9:3:15:3,1,,4,0,0,1,0,0,0,0
360,0:5:10:0:0:1,0,0,0,,,0,0,0,0,0
361,0:5:10:1:6:1,0,0,0,,,0,0,0,0,0
362,0:5:10:2:9:2,0,0,0,,,0,0,0,0,0
363,0:5:10:3:15:3,1,,4,0,0,1,0,0,0,0
364,0:5:11:0:0:1,0,0,0,,,0,0,0,0,0
365,0:5:11:1:6:1,0,0,0,,,0,0,0,0,0
366,0:5:11:2:9:2,0,0,0,,,0,0,0,0,0
367,0:5:11:3:15:3,1,,4,0,0,1,0,0,0,0
368,0:5:12:0:0:1,0,0,0,,,0,0,0,0,0
369,0:5:12:1:6:1,0,0,0,,,0,0,0,0,0
370,0:5:12:2:9:2,0,0,0,,,0,0,0,0,0
371,0:5:12:3:15:3,1,,4,0,0,1,0,0,0,0
372,0:5:13:0:0:1,0,0,0,,,0,0,0,0,0
373,0:5:13:1:6:1,0,0,0,,,0,0,0,0,0
374,0:5:13:2:9:2,0,0,0,,,0,0,0,0,0
375,0:5:13:3:15:3,1,,4,0,0,1,0,0,0,0
376,0:5:14:0:0:1,0,0,0,,,0,0,0,0,0
377,0:5:14:1:6:1,0,0,0,,,0,0,0,0,0
378,0:5:14:2:9:2,0,0,0,,,0,0,0,0,0
379,0:5:14:3:15:3,1,,4,0,0,1,0,0,0,0
380,0:5:15:0:0:1,0,0,0,,,0,0,0,0,0
381,0:5:15:1:6:1,0,0,0,,,0,0,0,0,0
382,0:5:15:2:9:2,0,0,0,,,0,0,0,0,0
383,0:5:15:3:15:3,1,,4,0,0,1,0,0,0,0
384,0:6:0:0:0:1,1,,4,0,0,1,0,0,0,0
385,0:6:0:1:6:1,1,,4,0,0,1,0,0,0,0
386,0:6:0:2:9:2,1,,4,0,0,1,0,0,0,0
387,0:6:0:3:15:3,1,,4,0,0,1,0,0,0,0
388,0:6:1:0:0:1,1,,4,0,0,1,0,0,0,0
389,0:6:1:1:6:1,1,,4,0,0,1,0,0,0,0
390,0:6:1:2:9:2,1,,4,0,0,1,0,0,0,0
391,0:6:1:3:15:3,1,,4,0,0,1,0,0,0,0
392,0:6:2:0:0:1,1,,4,0,0,1,0,0,0,0
393,0:6:2:1:6:1,1,,4,0,0,1,0,0,0,0
394,0:6:2:2:9:2,1,,4,0,0,1,0,0,0,0
395,0:6:2:3:15:3,1,,4,0,0,1,0,0,0,0
396,0:6:3:0:0:1,1,,4,0,0,1,0,0,0,0
397,0:6:3:1:6:1,1,,4,0,0,1,0,0,0,0
398,0:6:3:2:9:2,1,,4,0,0,1,0,0,0,0
399,0:6:3:3:15:3,1,,4,0,0,1,0,0,0,0
400,0:6:4:0:0:1,0,0,0,,,0,0,0,0,0
401,0:6:4:1:6:1,0,0,0,,,0,0,0,0,0
402,0:6:4:2:9:2,0,0,0,,,0,0,0,0,0
403,0:6:4:3:15:3,1,,4,0,0,1,0,0,0,0
404,0:6:5:0:0:1,0,0,0,,,0,0,0,0,0
405,0:6:5:1:6:1,0,0,0,,,0,0,0,0,0
406,0:6:5:2:9:2,0,0,0,,,0,0,0,0,0
407,0:6:5:3:15:3,1,,4,0,0,1,0,0,0,0
408,0:6:6:0:0:1,1,2,2,2,2,2,0,0,0,0
409,0:6:6:1:6:1,1,2,2,2,2,2,0,0,0,0
410,0:6:6:2:9:2,1,2,2,2,2,2,0,0,0,0
411,0:6:6:3:15:3,1,,4,0,0,1,0,0,0,0
412,0:6:7:0:0:1,0,0,0,,,0,0,0,0,0
413,0:6:7:1:6:1,0,0,0,,,0,0,0,0,0
414,0:6:7:2:9:2,0,0,0,,,0,0,0,0,0
415,0:6:7:3:15:3,1,,4,0,0,1,0,0,0,0
416,0:6:8:0:0:1,0,0,0,,,0,0,0,0,0
417,0:6:8:1:6:1,0,0,0,,,0,0,0,0,0
418,0:6:8:2:9:2,0,0,0,,,0,0,0,0,0
419,0:6:8:3:15:3,1,,4,0,0,1,0,0,0,0
420,0:6:9:0:0:1,0,0,0,,,0,0,0,0,0
421,0:6:9:1:6:1,0,0,0,,,0,0,0,0,0
422,0:6:9:2:9:2,0,0,0,,,0,0,0,0,0
423,0:6:9:3:15:3,1,,4,0,0,1,0,0,0,0
424,0:6:10:0:0:1,0,0,0,,,0,0,0,0,0
425,0:6:10:1:6:1,0,0,0,,,0,0,0,0,0
426,0:6:10:2:9:2,0,0,0,,,0,0,0,0,0
427,0:6:10:3:15:3,1,,4,0,0,1,0,0,0,0
428,0:6:11:0:0:1,0,0,0,,,0,0,0,0,0
429,0:6:11:1:6:1,0,0,0,,,0,0,0,0,0
430,0:6:11:2:9:2,0,0,0,,,0,0,0,0,0
431,0:6:11:3:15:3,1,,4,0,0,1,0,0,0,0
432,0:6:12:0:0:1,0,0,0,,,0,0,0,0,0
433,0:6:12:1:6:1,0,0,0,,,0,0,0,0,0
434,0:6:12:2:9:2,0,0,0,,,0,0,0,0,0
435,0:6:12:3:15:3,1,,4,0,0,1,0,0,0,0
436,0:6:13:0:0:1,0,0,0,,,0,0,0,0,0
437,0:6:13:1:6:1,0,0,0,,,0,0,0,0,0
438,0:6:13:2:9:2,0,0,0,,,0,0,0,0,0
439,0:6:13:3:15:3,1,,4,0,0,1,0,0,0,0
440,0:6:14:0:0:1,0,0,0,,,0,0,0,0,0
441,0:6:14:1:6:1,0,0,0,,,0,0,0,0,0
442,0:6:14:2:9:2,0,0,0,,,0,0,0,0,0
443,0:6:14:3:15:3,1,,4,0,0,1,0,0,0,0
444,0:6:15:0:0:1,0,0,0,,,0,0,0,0,0
445,0:6:15:1:6:1,0,0,0,,,0,0,0,0,0
446,0:6:15:2:9:2,0,0,0,,,0,0,0,0,0
447,0:6:15:3:15:3,1,,4,0,0,1,0,0,0,0
448,0:7:0:0:0:1,1,,4,0,0,1,0,0,0,0
449,0:7:0:1:6:1,1,,4,0,0,1,0,0,0,0
450,0:7:0:2:9:2,1,,4,0,0,1,0,0,0,0
451,0:7:0:3:15:3,1,,4,0,0,1,0,0,0,0
452,0:7:1:0:0:1,1,,4,0,0,1,0,0,0,0
453,0:7:1:1:6:1,1,,4,0,0,1,0,0,0,0
454,0:7:1:2:9:2,1,,4,0,0,1,0,0,0,0
455,0:7:1:3:15:3,1,,4,0,0,1,0,0,0,0
456,0:7:2:0:0:1,1,,4,0,0,1,0,0,0,0
457,0:7:2:1:6:1,1,,4,0,0,1,0,0,0,0
458,0:7:2:2:9:2,1,,4,0,0,1,0,0,0,0
459,0:7:2:3:15:3,1,,4,0,0,1,0,0,0,0
460,0:7:3:0:0:1,1,,4,0,0,1,0,0,0,0
461,0:7:3:1:6:1,1,,4,0,0,1,0,0,0,0
462,0:7:3:2:9:2,1,,4,0,0,1,0,0,0,0
463,0:7:3:3:15:3,1,,4,0,0,1,0,0,0,0
464,0:7:4:0:0:1,0,0,0,,,0,0,0,0,0
465,0:7:4:1:6:1,0,0,0,,,0,0,0,0,0
466,0:7:4:2:9:2,0,0,0,,,0,0,0,0,0
467,0:7:4:3:15:3,1,,4,0,0,1,0,0,0,0
468,0:7:5:0:0:1,0,0,0,,,0,0,0,0,0
469,0:7:5:1:6:1,0,0,0,,,0,0,0,0,0
470,0:7:5:2:9:2,0,0,0,,,0,0,0,0,0
471,0:7:5:3:15:3,1,,4,0,0,1,0,0,0,0
472,0:7:6:0:0:1,0,0,0,,,0,0,0,0,0
473,0:7:6:1:6:1,0,0,0,,,0,0,0,0,0
474,0:7:6:2:9:2,0,0,0,,,0,0,0,0,0
475,0:7:6:3:15:3,1,,4,0,0,1,0,0,0,0
476,0:7:7:0:0:1,1,2,2,2,2,2,0,0,0,0
477,0:7:7:1:6:1,1,2,2,2,2,2,0,0,0,0
478,0:7:7:2:9:2,1,2,2,2,2,2,0,0,0,0
479,0:7:7:3:15:3,1,,4,0,0,1,0,0,0,0
480,0:7:8:0:0:1,0,0,0,,,0,0,0,0,0
481,0:7:8:1:6:1,0,0,0,,,0,0,0,0,0
482,0:7:8:2:9:2,0,0,0,,,0,0,0,0,0
483,0:7:8:3:15:3,1,,4,0,0,1,0,0,0,0
484,0:7:9:0:0:1,0,0,0,,,0,0,0,0,0
485,0:7:9:1:6:1,0,0,0,,,0,0,0,0,0
486,0:7:9:2:9:2,0,0,0,,,0,0,0,0,0
487,0:7:9:3:15:3,1,,4,0,0,1,0,0,0,0
488,0:7:10:0:0:1,0,0,0,,,0,0,0,0,0
489,0:7:10:1:6:1,0,0,0,,,0,0,0,0,0
490,0:7:10:2:9:2,0,0,0,,,0,0,0,0,0
491,0:7:10:3:15:3,1,,4,0,0,1,0,0,0,0
492,0:7:11:0:0:1,0,0,0,,,0,0,0,0,0
493,0:7:11:1:6:1,0,0,0,,,0,0,0,0,0
494,0:7:11:2:9:2,0,0,0,,,0,0,0,0,0
495,0:7:11:3:15:3,1,,4,0,0,1,0,0,0,0
496,0:7:12:0:0:1,0,0,0,,,0,0,0,0,0
497,0:7:12:1:6:1,0,0,0,,,0,0,0,0,0
498,0:7:12:2:9:2,0,0,0,,,0,0,0,0,0
499,0:7:12:3:15:3,1,,4,0,0,1,0,0,0,0
500,0:7:13:0:0:1,0,0,0,,,0,0,0,0,0
501,0:7:13:1:6:1,0,0,0,,,0,0,0,0,0
502,0:7:13:2:9:2,0,0,0,,,0,0,0,0,0
503,0:7:13:3:15:3,1,,4,0,0,1,0,0,0,0
504,0:7:14:0:0:1,0,0,0,,,0,0,0,0,0
505,0:7:14:1:6:1,0,0,0,,,0,0,0,0,0
506,0:7:14:2:9:2,0,0,0,,,0,0,0,0,0
507,0:7:14:3:15:3,1,,4,0,0,1,0,0,0,0
508,0:7:15:0:0:1,0,0,0,,,0,0,0,0,0
509,0:7:15:1:6:1,0,0,0,,,0,0,0,0,0
510,0:7:15:2:9:2,0,0,0,,,0,0,0,0,0
511,0:7:15:3:15:3,1,,4,0,0,1,0,0,0,0
512,0:8:0:0:0:1,1,,4,0,0,1,0,0,0,0
513,0:8:0:1:6:1,1,,4,0,0,1,0,0,0,0
514,0:8:0:2:9:2,1,,4,0,0,1,0,0,0,0
515,0:8:0:3:15:3,1,,4,0,0,1,0,0,0,0
516,0:8:1:0:0:1,1,,4,0,0,1,0,0,0,0
517,0:8:1:1:6:1,1,,4,0,0,1,0,0,0,0
518,0:8:1:2:9:2,1,,4,0,0,1,0,0,0,0
519,0:8:1:3:15:3,1,,4,0,0,1,0,0,0,0
520,0:8:2:0:0:1,1,,4,0,0,1,0,0,0,0
521,0:8:2:1:6:1,1,,4,0,0,1,0,0,0,0
522,0:8:2:2:9:2,1,,4,0,0,1,0,0,0,0
523,0:8:2:3:15:3,1,,4,0,0,1,0,0,0,0
524,0:8:3:0:0:1,1,,4,0,0,1,0,0,0,0
525,0:8:3:1:6:1,1,,4,0,0,1,0,0,0,0
526,0:8:3:2:9:2,1,,4,0,0,1,0,0,0,0
527,0:8:3:3:15:3,1,,4,0,0,1,0,0,0,0
528,0:8:4:0:0:1,0,0,0,,,0,0,0,0,0
529,0:8:4:1:6:1,0,0,0,,,0,0,0,0,0
530,0:8:4:2:9:2,0,0,0,,,0,0,0,0,0
531,0:8:4:3:15:3,1,,4,0,0,1,0,0,0,0
532,0:8:5:0:0:1,0,0,0,,,0,0,0,0,0
533,0:8:5:1:6:1,0,0,0,,,0,0,0,0,0
534,0:8:5:2:9:2,0,0,0,,,0,0,0,0,0
535,0:8:5:3:15:3,1,,4,0,0,1,0,0,0,0
536,0:8:6:0:0:1,0,0,0,,,0,0,0,0,0
537,0:8:6:1:6:1,0,0,0,,,0,0,0,0,0
538,0:8:6:2:9:2,0,0,0,,,0,0,0,0,0
539,0:8:6:3:15:3,1,,4,0,0,1,0,0,0,0
540,0:8:7:0:0:1,0,0,0,,,0,0,0,0,0
541,0:8:7:1:6:1,0,0,0,,,0,0,0,0,0
542,0:8:7:2:9:2,0,0,0,,,0,0,0,0,0
543,0:8:7:3:15:3,1,,4,0,0,1,0,0,0,0
544,0:8:8:0:0:1,1,2,2,2,2,2,0,0,0,0
545,0:8:8:1:6:1,1,2,2,2,2,2,0,0,0,0
546,0:8:8:2:9:2,1,2,2,2,2,2,0,0,0,0
547,0:8:8:3:15:3,1,,4,0,0,1,0,0,0,0
548,0:8:9:0:0:1,0,0,0,,,0,0,0,0,0
549,0:8:9:1:6:1,0,0,0,,,0,0,0,0,0
550,0:8:9:2:9:2,0,0,0,,,0,0,0,0,0
551,0:8:9:3:15:3,1,,4,0,0,1,0,0,0,0
552,0:8:10:0:0:1,0,0,0,,,0,0,0,0,0
553,0:8:10:1:6:1,0,0,0,,,0,0,0,0,0
554,0:8:10:2:9:2,0,0,0,,,0,0,0,0,0
555,0:8:10:3:15:3,1,,4,0,0,1,0,0,0,0
556,0:8:11:0:0:1,0,0,0,,,0,0,0,0,0
557,0:8:11:1:6:1,0,0,0,,,0,0,0,0,0
558,0:8:11:2:9:2,0,0,0,,,0,0,0,0,0
559,0:8:11:3:15:3,1,,4,0,0,1,0,0,0,0
560,0:8:12:0:0:1,0,0,0,,,0,0,0,0,0
561,0:8:12:1:6:1,0,0,0,,,0,0,0,0,0
562,0:8:12:2:9:2,0,0,0,,,0,0,0,0,0
563,0:8:12:3:15:3,1,,4,0,0,1,0,0,0,0
564,0:8:13:0:0:1,0,0,0,,,0,0,0,0,0
565,0:8:13:1:6:1,0,0,0,,,0,0,0,0,0
566,0:8:13:2:9:2,0,0,0,,,0,0,0,0,0
567,0:8:13:3:15:3,1,,4,0,0,1,0,0,0,0
568,0:8:14:0:0:1,0,0,0,,,0,0,0,0,0
569,0:8:14:1:6:1,0,0,0,,,0,0,0,0,0
570,0:8:14:2:9:2,0,0,0,,,0,0,0,0,0
571,0:8:14:3:15:3,1,,4,0,0,1,0,0,0,0
572,0:8:15:0:0:1,0,0,0,,,0,0,0,0,0
573,0:8:15:1:6:1,0,0,0,,,0,0,0,0,0
574,0:8:15:2:9:2,0,0,0,,,0,0,0,0,0
575,0:8:15:3:15:3,1,,4,0,0,1,0,0,0,0
576,0:9:0:0:0:1,1,,4,0,0,1,0,0,0,0
577,0:9:0:1:6:1,1,,4,0,0,1,0,0,0,0
578,0:9:0:2:9:2,1,,4,0,0,1,0,0,0,0
579,0:9:0:3:15:3,1,,4,0,0,1,0,0,0,0
580,0:9:1:0:0:1,1,,4,0,0,1,0,0,0,0
581,0:9:1:1:6:1,1,,4,0,0,1,0,0,0,0
582,0:9:1:2:9:2,1,,4,0,0,1,0,0,0,0
583,0:9:1:3:15:3,1,,4,0,0,1,0,0,0,0
584,0:9:2:0:0:1,1,,4,0,0,1,0,0,0,0
585,0:9:2:1:6:1,1,,4,0,0,1,0,0,0,0
586,0:9:2:2:9:2,1,,4,0,0,1,0,0,0,0
587,0:9:2:3:15:3,1,,4,0,0,1,0,0,0,0
588,0:9:3:0:0:1,1,,4,0,0,1,0,0,0,0
589,0:9:3:1:6:1,1,,4,0,0,1,0,0,0,0
590,0:9:3:2:9:2,1,,4,0,0,1,0,0,0,0
591,0:9:3:3:15:3,1,,4,0,0,1,0,0,0,0
592,0:9:4:0:0:1,0,0,0,,,0,0,0,0,0
593,0:9:4:1:6:1,0,0,0,,,0,0,0,0,0
594,0:9:4:2:9:2,0,0,0,,,0,0,0,0,0
595,0:9:4:3:15:3,1,,4,0,0,1,0,0,0,0
596,0:9:5:0:0:1,0,0,0,,,0,0,0,0,0
597,0:9:5:1:6:1,0,0,0,,,0,0,0,0,0
598,0:9:5:2:9:2,0,0,0,,,0,0,0,0,0
599,0:9:5:3:15:3,1,,4,0,0,1,0,0,0,0
600,0:9:6:0:0:1,0,0,0,,,0,0,0,0,0
601,0:9:6:1:6:1,0,0,0,,,0,0,0,0,0
602,0:9:6:2:9:2,0,0,0,,,0,0,0,0,0
603,0:9:6:3:15:3,1,,4,0,0,1,0,0,0,0
604,0:9:7:0:0:1,0,0,0,,,0,0,0,0,0
605,0:9:7:1:6:1,0,0,0,,,0,0,0,0,0
606,0:9:7:2:9:2,0,0,0,,,0,0,0,0,0
607,0:9:7:3:15:3,1,,4,0,0,1,0,0,0,0
608,0:9:8:0:0:1,0,0,0,,,0,0,0,0,0
609,0:9:8:1:6:1,0,0,0,,,0,0,0,0,0
610,0:9:8:2:9:2,0,0,0,,,0,0,0,0,0
611,0:9:8:3:15:3,1,,4,0,0,1,0,0,0,0
612,0:9:9:0:0:1,1,2,2,2,2,2,0,0,0,0
613,0:9:9:1:6:1,1,2,2,2,2,2,0,0,0,0
614,0:9:9:2:9:2,1,2,2,2,2,2,0,0,0,0
615,0:9:9:3:15:3,1,,4,0,0,1,0,0,0,0
616,0:9:10:0:0:1,0,0,0,,,0,0,0,0,0
617,0:9:10:1:6:1,0,0,0,,,0,0,0,0,0
618,0:9:10:2:9:2,0,0,0,,,0,0,0,0,0
619,0:9:10:3:15:3,1,,4,0,0,1,0,0,0,0
620,0:9:11:0:0:1,0,0,0,,,0,0,0,0,0
621,0:9:11:1:6:1,0,0,0,,,0,0,0,0,0
622,0:9:11:2:9:2,0,0,0,,,0,0,0,0,0
623,0:9:11:3:15:3,1,,4,0,0,1,0,0,0,0
624,0:9:12:0:0:1,0,0,0,,,0,0,0,0,0
625,0:9:12:1:6:1,0,0,0,,,0,0,0,0,0
626,0:9:12:2:9:2,0,0,0,,,0,0,0,0,0
627,0:9:12:3:15:3,1,,4,0,0,1,0,0,0,0
628,0:9:13:0:0:1,0,0,0,,,0,0,0,0,0
629,0:9:13:1:6:1,0,0,0,,,0,0,0,0,0
630,0:9:13:2:9:2,0,0,0,,,0,0,0,0,0
631,0:9:13:3:15:3,1,,4,0,0,1,0,0,0,0
632,0:9:14:0:0:1,0,0,0,,,0,0,0,0,0
633,0:9:14:1:6:1,0,0,0,,,0,0,0,0,0
634,0:9:14:2:9:2,0,0,0,,,0,0,0,0,0
635,0:9:14:3:15:3,1,,4,0,0,1,0,0,0,0
636,0:9:15:0:0:1,0,0,0,,,0,0,0,0,0
637,0:9:15:1:6:1,0,0,0,,,0,0,0,0,0
638,0:9:15:2:9:2,0,0,0,,,0,0,0,0,0
639,0:9:15:3:15:3,1,,4,0,0,1,0,0,0,0
640,0:10:0:0:0:1,1,,4,0,0,1,0,0,0,0
641,0:10:0:1:6:1,1,,4,0,0,1,0,0,0,0
642,0:10:0:2:9:2,1,,4,0,0,1,0,0,0,0
643,0:10:0:3:15:3,1,,4,0,0,1,0,0,0,0
644,0:10:1:0:0:1,1,,4,0,0,1,0,0,0,0
645,0:10:1:1:6:1,1,,4,0,0,1,0,0,0,0
646,0:10:1:2:9:2,1,,4,0,0,1,0,0,0,0
647,0:10:1:3:15:3,1,,4,0,0,1,0,0,0,0
648,0:10:2:0:0:1,1,,4,0,0,1,0,0,0,0
649,0:10:2:1:6:1,1,,4,0,0,1,0,0,0,0
650,0:10:2:2:9:2,1,,4,0,0,1,0,0,0,0
651,0:10:2:3:15:3,1,,4,0,0,1,0,0,0,0
652,0:10:3:0:0:1,1,,4,0,0,1,0,0,0,0
653,0:10:3:1:6:1,1,,4,0,0,1,0,0,0,0
654,0:10:3:2:9:2,1,,4,0,0,1,0,0,0,0
655,0:10:3:3:15:3,1,,4,0,0,1,0,0,0,0
656,0:10:4:0:0:1,0,0,0,,,0,0,0,0,0
657,0:10:4:1:6:1,0,0,0,,,0,0,0,0,0
658,0:10:4:2:9:2,0,0,0,,,0,0,0,0,0
659,0:10:4:3:15:3,1,,4,0,0,1,0,0,0,0
660,0:10:5:0:0:1,0,0,0,,,0,0,0,0,0
661,0:10:5:1:6:1,0,0,0,,,0,0,0,0,0
662,0:10:5:2:9:2,0,0,0,,,0,0,0,0,0
663,0:10:5:3:15:3,1,,4,0,0,1,0,0,0,0
664,0:10:6:0:0:1,0,0,0,,,0,0,0,0,0
665,0:10:6:1:6:1,0,0,0,,,0,0,0,0,0
666,0:10:6:2:9:2,0,0,0,,,0,0,0,0,0
667,0:10:6:3:15:3,1,,4,0,0,1,0,0,0,0
668,0:10:7:0:0:1,0,0,0,,,0,0,0,0,0
669,0:10:7:1:6:1,0,0,0,,,0,0,0,0,0
670,0:10:7:2:9:2,0,0,0,,,0,0,0,0,0
671,0:10:7:3:15:3,1,,4,0,0,1,0,0,0,0
672,0:10:8:0:0:1,0,0,0,,,0,0,0,0,0
673,0:10:8:1:6:1,0,0,0,,,0,0,0,0,0
674,0:10:8:2:9:2,0,0,0,,,0,0,0,0,0
675,0:10:8:3:15:3,1,,4,0,0,1,0,0,0,0
676,0:10:9:0:0:1,0,0,0,,,0,0,0,0,0
677,0:10:9:1:6:1,0,0,0,,,0,0,0,0,0
678,0:10:9:2:9:2,0,0,0,,,0,0,0,0,0
679,0:10:9:3:15:3,1,,4,0,0,1,0,0,0,0
680,0:10:10:0:0:1,1,2,2,2,2,2,0,0,0,0
681,0:10:10:1:6:1,1,2,2,2,2,2,0,0,0,0
682,0:10:10:2:9:2,1,2,2,2,2,2,0,0,0,0
683,0:10:10:3:15:3,1,,4,0,0,1,0,0,0,0
684,0:10:11:0:0:1,0,0,0,,,0,0,0,0,0
685,0:10:11:1:6:1,0,0,0,,,0,0,0,0,0
686,0:10:11:2:9:2,0,0,0,,,0,0,0,0,0
687,0:10:11:3:15:3,1,,4,0,0,1,0,0,0,0
688,0:10:12:0:0:1,0,0,0,,,0,0,0,0,0
689,0:10:12:1:6:1,0,0,0,,,0,0,0,0,0
690,0:10:12:2:9:2,0,0,0,,,0,0,0,0,0
691,0:10:12:3:15:3,1,,4,0,0,1,0,0,0,0
692,0:10:13:0:0:1,0,0,0,,,0,0,0,0,0
693,0:10:13:1:6:1,0,0,0,,,0,0,0,0,0
694,0:10:13:2:9:2,0,0,0,,,0,0,0,0,0
695,0:10:13:3:15:3,1,,4,0,0,1,0,0,0,0
696,0:10:14:0:0:1,0,0,0,,,0,0,0,0,0
697,0:10:14:1:6:1,0,0,0,,,0,0,0,0,0
698,0:10:14:2:9:2,0,0,0,,,0,0,0,0,0
699,0:10:14:3:15:3,1,,4,0,0,1,0,0,0,0
700,0:10:15:0:0:1,0,0,0,,,0,0,0,0,0
701,0:10:15:1:6:1,0,0,0,,,0,0,0,0,0
702,0:10:15:2:9:2,0,0,0,,,0,0,0,0,0
703,0:10:15:3:15:3,1,,4,0,0,1,0,0,0,0
704,0:11:0:0:0:1,1,,4,0,0,1,0,0,0,0
705,0:11:0:1:6:1,1,,4,0,0,1,0,0,0,0
706,0:11:0:2:9:2,1,,4,0,0,1,0,0,0,0
707,0:11:0:3:15:3,1,,4,0,0,1,0,0,0,0
708,0:11:1:0:0:1,1,,4,0,0,1,0,0,0,0
709,0:11:1:1:6:1,1,,4,0,0,1,0,0,0,0
710,0:11:1:2:9:2,1,,4,0,0,1,0,0,0,0
711,0:11:1:3:15:3,1,,4,0,0,1,0,0,0,0
712,0:11:2:0:0:1,1,,4,0,0,1,0,0,0,0
713,0:11:2:1:6:1,1,,4,0,0,1,0,0,0,0
714,0:11:2:2:9:2,1,,4,0,0,1,0,0,0,0
715,0:11:2:3:15:3,1,,4,0,0,1,0,0,0,0
716,0:11:3:0:0:1,1,,4,0,0,1,0,0,0,0
717,0:11:3:1:6:1,1,,4,0,0,1,0,0,0,0
718,0:11:3:2:9:2,1,,4,0,0,1,0,0,0,0
719,0:11:3:3:15:3,1,,4,0,0,1,0,0,0,0
720,0:11:4:0:0:1,0,0,0,,,0,0,0,0,0
721,0:11:4:1:6:1,0,0,0,,,0,0,0,0,0
722,0:11:4:2:9:2,0,0,0,,,0,0,0,0,0
723,0:11:4:3:15:3,1,,4,0,0,1,0,0,0,0
724,0:11:5:0:0:1,0,0,0,,,0,0,0,0,0
725,0:11:5:1:6:1,0,0,0,,,0,0,0,0,0
726,0:11:5:2:9:2,0,0,0,,,0,0,0,0,0
727,0:11:5:3:15:3,1,,4,0,0,1,0,0,0,0
728,0:11:6:0:0:1,0,0,0,,,0,0,0,0,0
729,0:11:6:1:6:1,0,0,0,,,0,0,0,0,0
730,0:11:6:2:9:2,0,0,0,,,0,0,0,0,0
731,0:11:6:3:15:3,1,,4,0,0,1,0,0,0,0
732,0:11:7:0:0:1,0,0,0,,,0,0,0,0,0
733,0:11:7:1:6:1,0,0,0,,,0,0,0,0,0
734,0:11:7:2:9:2,0,0,0,,,0,0,0,0,0
735,0:11:7:3:15:3,1,,4,0,0,1,0,0,0,0
736,0:11:8:0:0:1,0,0,0,,,0,0,0,0,0
737,0:11:8:1:6:1,0,0,0,,,0,0,0,0,0
738,0:11:8:2:9:2,0,0,0,,,0,0,0,0,0
739,0:11:8:3:15:3,1,,4,0,0,1,0,0,0,0
740,0:11:9:0:0:1,0,0,0,,,0,0,0,0,0
741,0:11:9:1:6:1,0,0,0,,,0,0,0,0,0
742,0:11:9:2:9:2,0,0,0,,,0,0,0,0,0
743,0:11:9:3:15:3,1,,4,0,0,1,0,0,0,0
744,0:11:10:0:0:1,0,0,0,,,0,0,0,0,0
745,0:11:10:1:6:1,0,0,0,,,0,0,0,0,0
746,0:11:10:2:9:2,0,0,0,,,0,0,0,0,0
747,0:11:10:3:15:3,1,,4,0,0,1,0,0,0,0
748,0:11:11:0:0:1,1,2,2,2,2,2,0,0,0,0
749,0:11:11:1:6:1,1,2,2,2,2,2,0,0,0,0
750,0:11:11:2:9:2,1,2,2,2,2,2,0,0,0,0
751,0:11:11:3:15:3,1,,4,0,0,1,0,0,0,0
752,0:11:12:0:0:1,0,0,0,,,0,0,0,0,0
753,0:11:12:1:6:1,0,0,0,,,0,0,0,0,0
754,0:11:12:2:9:2,0,0,0,,,0,0,0,0,0
755,0:11:12:3:15:3,1,,4,0,0,1,0,0,0,0
756,0:11:13:0:0:1,0,0,0,,,0,0,0,0,0
757,0:11:13:1:6:1,0,0,0,,,0,0,0,0,0
758,0:11:13:2:9:2,0,0,0,,,0,0,0,0,0
759,0:11:13:3:15:3,1,,4,0,0,1,0,0,0,0
760,0:11:14:0:0:1,0,0,0,,,0,0,0,0,0
761,0:11:14:1:6:1,0,0,0,,,0,0,0,0,0
762,0:11:14:2:9:2,0,0,0,,,0,0,0,0,0
763,0:11:14:3:15:3,1,,4,0,0,1,0,0,0,0
764,0:11:15:0:0:1,0,0,0,,,0,0,0,0,0
765,0:11:15:1:6:1,0,0,0,,,0,0,0,0,0
766,0:11:15:2:9:2,0,0,0,,,0,0,0,0,0
767,0:11:15:3:15:3,1,,4,0,0,1,0,0,0,0
768,0:12:0:0:0:1,1,,4,0,0,1,0,0,0,0
769,0:12:0:1:6:1,1,,4,0,0,1,0,0,0,0
770,0:12:0:2:9:2,1,,4,0,0,1,0,0,0,0
771,0:12:0:3:15:3,1,,4,0,0,1,0,0,0,0
772,0:12:1:0:0:1,1,,4,0,0,1,0,0,0,0
773,0:12:1:1:6:1,1,,4,0,0,1,0,0,0,0
774,0:12:1:2:9:2,1,,4,0,0,1,0,0,0,0
775,0:12:1:3:15:3,1,,4,0,0,1,0,0,0,0
776,0:12:2:0:0:1,1,,4,0,0,1,0,0,0,0
777,0:12:2:1:6:1,1,,4,0,0,1,0,0,0,0
778,0:12:2:2:9:2,1,,4,0,0,1,0,0,0,0
779,0:12:2:3:15:3,1,,4,0,0,1,0,0,0,0
780,0:12:3:0:0:1,1,,4,0,0,1,0,0,0,0
781,0:12:3:1:6:1,1,,4,0,0,1,0,0,0,0
782,0:12:3:2:9:2,1,,4,0,0,1,0,0,0,0
783,0:12:3:3:15:3,1,,4,0,0,1,0,0,0,0
784,0:12:4:0:0:1,0,0,0,,,0,0,0,0,0
785,0:12:4:1:6:1,0,0,0,,,0,0,0,0,0
786,0:12:4:2:9:2,0,0,0,,,0,0,0,0,0
787,0:12:4:3:15:3,1,,4,0,0,1,0,0,0,0
788,0:12:5:0:0:1,0,0,0,,,0,0,0,0,0
789,0:12:5:1:6:1,0,0,0,,,0,0,0,0,0
790,0:12:5:2:9:2,0,0,0,,,0,0,0,0,0
791,0:12:5:3:15:3,1,,4,0,0,1,0,0,0,0
792,0:12:6:0:0:1,0,0,0,,,0,0,0,0,0
793,0:12:6:1:6:1,0,0,0,,,0,0,0,0,0
794,0:12:6:2:9:2,0,0,0,,,0,0,0,0,0
795,0:12:6:3:15:3,1,,4,0,0,1,0,0,0,0
796,0:12:7:0:0:1,0,0,0,,,0,0,0,0,0
797,0:12:7:1:6:1,0,0,0,,,0,0,0,0,0
798,0:12:7:2:9:2,0,0,0,,,0,0,0,0,0
799,0:12:7:3:15:3,1,,4,0,0,1,0,0,0,0
800,0:12:8:0:0:1,0,0,0,,,0,0,0,0,0
801,0:12:8:1:6:1,0,0,0,,,0,0,0,0,0
802,0:12:8:2:9:2,0,0,0,,,0,0,0,0,0
803,0:12:8:3:15:3,1,,4,0,0,1,0,0,0,0
804,0:12:9:0:0:1,0,0,0,,,0,0,0,0,0
805,0:12:9:1:6:1,0,0,0,,,0,0,0,0,0
806,0:12:9:2:9:2,0,0,0,,,0,0,0,0,0
807,0:12:9:3:15:3,1,,4,0,0,1,0,0,0,0
808,0:12:10:0:0:1,0,0,0,,,0,0,0,0,0
809,0:12:10:1:6:1,0,0,0,,,0,0,0,0,0
810,0:12:10:2:9:2,0,0,0,,,0,0,0,0,0
811,0:12:10:3:15:3,1,,4,0,0,1,0,0,0,0
812,0:12:11:0:0:1,0,0,0,,,0,0,0,0,0
813,0:12:11:1:6:1,0,0,0,,,0,0,0,0,0
814,0:12:11:2:9:2,0,0,0,,,0,0,0,0,0
815,0:12:11:3:15:3,1,,4,0,0,1,0,0,0,0
816,0:12:12:0:0:1,1,2,2,2,2,2,0,0,0,0
817,0:12:12:1:6:1,1,2,2,2,2,2,0,0,0,0
818,0:12:12:2:9:2,1,2,2,2,2,2,0,0,0,0
819,0:12:12:3:15:3,1,,4,0,0,1,0,0,0,0
820,0:12:13:0:0:1,0,0,0,,,0,0,0,0,0
821,0:12:13:1:6:1,0,0,0,,,0,0,0,0,0
822,0:12:13:2:9:2,0,0,0,,,0,0,0,0,0
823,0:12:13:3:15:3,1,,4,0,0,1,0,0,0,0
824,0:12:14:0:0:1,0,0,0,,,0,0,0,0,0
825,0:12:14:1:6:1,0,0,0,,,0,0,0,0,0
826,0:12:14:2:9:2,0,0,0,,,0,0,0,0,0
827,0:12:14:3:15:3,1,,4,0,0,1,0,0,0,0
828,0:12:15:0:0:1,0,0,0,,,0,0,0,0,0
829,0:12:15:1:6:1,0,0,0,,,0,0,0,0,0
830,0:12:15:2:9:2,0,0,0,,,0,0,0,0,0
831,0:12:15:3:15:3,1,,4,0,0,1,0,0,0,0
832,0:13:0:0:0:1,1,,4,0,0,1,0,0,0,0
833,0:13:0:1:6:1,1,,4,0,0,1,0,0,0,0
834,0:13:0:2:9:2,1,,4,0,0,1,0,0,0,0
835,0:13:0:3:15:3,1,,4,0,0,1,0,0,0,0
836,0:13:1:0:0:1,1,,4,0,0,1,0,0,0,0
837,0:13:1:1:6:1,1,,4,0,0,1,0,0,0,0
838,0:13:1:2:9:2,1,,4,0,0,1,0,0,0,0
839,0:13:1:3:15:3,1,,4,0,0,1,0,0,0,0
840,0:13:2:0:0:1,1,,4,0,0,1,0,0,0,0
841,0:13:2:1:6:1,1,,4,0,0,1,0,0,0,0
842,0:13:2:2:9:2,1,,4,0,0,1,0,0,0,0
843,0:13:2:3:15:3,1,,4,0,0,1,0,0,0,0
844,0:13:3:0:0:1,1,,4,0,0,1,0,0,0,0
845,0:13:3:1:6:1,1,,4,0,0,1,0,0,0,0
846,0:13:3:2:9:2,1,,4,0,0,1,0,0,0,0
847,0:13:3:3:15:3,1,,4,0,0,1,0,0,0,0
848,0:13:4:0:0:1,0,0,0,,,0,0,0,0,0
849,0:13:4:1:6:1,0,0,0,,,0,0,0,0,0
850,0:13:4:2:9:2,0,0,0,,,0,0,0,0,0
851,0:13:4:3:15:3,1,,4,0,0,1,0,0,0,0
852,0:13:5:0:0:1,0,0,0,,,0,0,0,0,0
853,0:13:5:1:6:1,0,0,0,,,0,0,0,0,0
854,0:13:5:2:9:2,0,0,0,,,0,0,0,0,0
855,0:13:5:3:15:3,1,,4,0,0,1,0,0,0,0
856,0:13:6:0:0:1,0,0,0,,,0,0,0,0,0
857,0:13:6:1:6:1,0,0,0,,,0,0,0,0,0
858,0:13:6:2:9:2,0,0,0,,,0,0,0,0,0
859,0:13:6:3:15:3,1,,4,0,0,1,0,0,0,0
860,0:13:7:0:0:1,0,0,0,,,0,0,0,0,0
861,0:13:7:1:6:1,0,0,0,,,0,0,0,0,0
862,0:13:7:2:9:2,0,0,0,,,0,0,0,0,0
863,0:13:7:3:15:3,1,,4,0,0,1,0,0,0,0
864,0:13:8:0:0:1,0,0,0,,,0,0,0,0,0
865,0:13:8:1:6:1,0,0,0,,,0,0,0,0,0
866,0:13:8:2:9:2,0,0,0,,,0,0,0,0,0
867,0:13:8:3:15:3,1,,4,0,0,1,0,0,0,0
868,0:13:9:0:0:1,0,0,0,,,0,0,0,0,0
869,0:13:9:1:6:1,0,0,0,,,0,0,0,0,0
870,0:13:9:2:9:2,0,0,0,,,0,0,0,0,0
871,0:13:9:3:15:3,1,,4,0,0,1,0,0,0,0
872,0:13:10:0:0:1,0,0,0,,,0,0,0,0,0
873,0:13:10:1:6:1,0,0,0,,,0,0,0,0,0
874,0:13:10:2:9:2,0,0,0,,,0,0,0,0,0
875,0:13:10:3:15:3,1,,4,0,0,1,0,0,0,0
876,0:13:11:0:0:1,0,0,0,,,0,0,0,0,0
877,0:13:11:1:6:1,0,0,0,,,0,0,0,0,0
878,0:13:11:2:9:2,0,0,0,,,0,0,0,0,0
879,0:13:11:3:15:3,1,,4,0,0,1,0,0,0,0
880,0:13:12:0:0:1,0,0,0,,,0,0,0,0,0
881,0:13:12:1:6:1,0,0,0,,,0,0,0,0,0
882,0:13:12:2:9:2,0,0,0,,,0,0,0,0,0
883,0:13:12:3:15:3,1,,4,0,0,1,0,0,0,0
884,0:13:13:0:0:1,1,2,2,2,2,2,0,0,0,0
885,0:13:13:1:6:1,1,2,2,2,2,2,0,0,0,0
886,0:13:13:2:9:2,1,2,2,2,2,2,0,0,0,0
887,0:13:13:3:15:3,1,,4,0,0,1,0,0,0,0
888,0:13:14:0:0:1,0,0,0,,,0,0,0,0,0
889,0:13:14:1:6:1,0,0,0,,,0,0,0,0,0
890,0:13:14:2:9:2,0,0,0,,,0,0,0,0,0
891,0:13:14:3:15:3,1,,4,0,0,1,0,0,0,0
892,0:13:15:0:0:1,0,0,0,,,0,0,0,0,0
893,0:13:15:1:6:1,0,0,0,,,0,0,0,0,0
894,0:13:15:2:9:2,0,0,0,,,0,0,0,0,0
895,0:13:15:3:15:3,1,,4,0,0,1,0,0,0,0
896,0:14:0:0:0:1,1,,4,0,0,1,0,0,0,0
897,0:14:0:1:6:1,1,,4,0,0,1,0,0,0,0
898,0:14:0:2:9:2,1,,4,0,0,1,0,0,0,0
899,0:14:0:3:15:3,1,,4,0,0,1,0,0,0,0
900,0:14:1:0:0:1,1,,4,0,0,1,0,0,0,0
901,0:14:1:1:6:1,1,,4,0,0,1,0,0,0,0
902,0:14:1:2:9:2,1,,4,0,0,1,0,0,0,0
903,0:14:1:3:15:3,1,,4,0,0,1,0,0,0,0
904,0:14:2:0:0:1,1,,4,0,0,1,0,0,0,0
905,0:14:2:1:6:1,1,,4,0,0,1,0,0,0,0
906,0:14:2:2:9:2,1,,4,0,0,1,0,0,0,0
907,0:14:2:3:15:3,1,,4,0,0,1,0,0,0,0
908,0:14:3:0:0:1,1,,4,0,0,1,0,0,0,0
909,0:14:3:1:6:1,1,,4,0,0,1,0,0,0,0
910,0:14:3:2:9:2,1,,4,0,0,1,0,0,0,0
911,0:14:3:3:15:3,1,,4,0,0,1,0,0,0,0
912,0:14:4:0:0:1,0,0,0,,,0,0,0,0,0
913,0:14:4:1:6:1,0,0,0,,,0,0,0,0,0
914,0:14:4:2:9:2,0,0,0,,,0,0,0,0,0
915,0:14:4:3:15:3,1,,4,0,0,1,0,0,0,0
916,0:14:5:0:0:1,0,0,0,,,0,0,0,0,0
917,0:14:5:1:6:1,0,0,0,,,0,0,0,0,0
918,0:14:5:2:9:2,0,0,0,,,0,0,0,0,0
919,0:14:5:3:15:3,1,,4,0,0,1,0,0,0,0
920,0:14:6:0:0:1,0,0,0,,,0,0,0,0,0
921,0:14:6:1:6:1,0,0,0,,,0,0,0,0,0
922,0:14:6:2:9:2,0,0,0,,,0,0,0,0,0
923,0:14:6:3:15:3,1,,4,0,0,1,0,0,0,0
924,0:14:7:0:0:1,0,0,0,,,0,0,0,0,0
925,0:14:7:1:6:1,0,0,0,,,0,0,0,0,0
926,0:14:7:2:9:2,0,0,0,,,0,0,0,0,0
927,0:14:7:3:15:3,1,,4,0,0,1,0,0,0,0
928,0:14:8:0:0:1,0,0,0,,,0,0,0,0,0
929,0:14:8:1:6:1,0,0,0,,,0,0,0,0,0
930,0:14:8:2:9:2,0,0,0,,,0,0,0,0,0
931,0:14:8:3:15:3,1,,4,0,0,1,0,0,0,0
932,0:14:9:0:0:1,0,0,0,,,0,0,0,0,0
933,0:14:9:1:6:1,0,0,0,,,0,0,0,0,0
934,0:14:9:2:9:2,0,0,0,,,0,0,0,0,0
935,0:14:9:3:15:3,1,,4,0,0,1,0,0,0,0
936,0:14:10:0:0:1,0,0,0,,,0,0,0,0,0
937,0:14:10:1:6:1,0,0,0,,,0,0,0,0,0
938,0:14:10:2:9:2,0,0,0,,,0,0,0,0,0
939,0:14:10:3:15:3,1,,4,0,0,1,0,0,0,0
940,0:14:11:0:0:1,0,0,0,,,0,0,0,0,0
941,0:14:11:1:6:1,0,0,0,,,0,0,0,0,0
942,0:14:11:2:9:2,0,0,0,,,0,0,0,0,0
943,0:14:11:3:15:3,1,,4,0,0,1,0,0,0,0
944,0:14:12:0:0:1,0,0,0,,,0,0,0,0,0
945,0:14:12:1:6:1,0,0,0,,,0,0,0,0,0
946,0:14:12:2:9:2,0,0,0,,,0,0,0,0,0
947,0:14:12:3:15:3,1,,4,0,0,1,0,0,0,0
948,0:14:13:0:0:1,0,0,0,,,0,0,0,0,0
949,0:14:13:1:6:1,0,0,0,,,0,0,0,0,0
950,0:14:13:2:9:2,0,0,0,,,0,0,0,0,0
951,0:14:13:3:15:3,1,,4,0,0,1,0,0,0,0
952,0:14:14:0:0:1,1,2,2,2,2,2,0,0,0,0
953,0:14:14:1:6:1,1,2,2,2,2,2,0,0,0,0
954,0:14:14:2:9:2,1,2,2,2,2,2,0,0,0,0
955,0:14:14:3:15:3,1,,4,0,0,1,0,0,0,0
956,0:14:15:0:0:1,0,0,0,,,0,0,0,0,0
957,0:14:15:1:6:1,0,0,0,,,0,0,0,0,0
958,0:14:15:2:9:2,0,0,0,,,0,0,0,0,0
959,0:14:15:3:15:3,1,,4,0,0,1,0,0,0,0
960,0:15:0:0:0:1,1,,4,0,0,1,0,0,0,0
961,0:15:0:1:6:1,1,,4,0,0,1,0,0,0,0
962,0:15:0:2:9:2,1,,4,0,0,1,0,0,0,0
963,0:15:0:3:15:3,1,,4,0,0,1,0,0,0,0
964,0:15:1:0:0:1,1,,4,0,0,1,0,0,0,0
965,0:15:1:1:6:1,1,,4,0,0,1,0,0,0,0
966,0:15:1:2:9:2,1,,4,0,0,1,0,0,0,0
967,0:15:1:3:15:3,1,,4,0,0,1,0,0,0,0
968,0:15:2:0:0:1,1,,4,0,0,1,0,0,0,0
969,0:15:2:1:6:1,1,,4,0,0,1,0,0,0,0
970,0:15:2:2:9:2,1,,4,0,0,1,0,0,0,0
971,0:15:2:3:15:3,1,,4,0,0,1,0,0,0,0
972,0:15:3:0:0:1,1,,4,0,0,1,0,0,0,0
973,0:15:3:1:6:1,1,,4,0,0,1,0,0,0,0
974,0:15:3:2:9:2,1,,4,0,0,1,0,0,0,0
975,0:15:3:3:15:3,1,,4,0,0,1,0,0,0,0
976,0:15:4:0:0:1,0,0,0,,,0,0,0,0,0
977,0:15:4:1:6:1,0,0,0,,,0,0,0,0,0
978,0:15:4:2:9:2,0,0,0,,,0,0,0,0,0
979,0:15:4:3:15:3,1,,4,0,0,1,0,0,0,0
980,0:15:5:0:0:1,0,0,0,,,0,0,0,0,0
981,0:15:5:1:6:1,0,0,0,,,0,0,0,0,0
982,0:15:5:2:9:2,0,0,0,,,0,0,0,0,0
983,0:15:5:3:15:3,1,,4,0,0,1,0,0,0,0
984,0:15:6:0:0:1,0,0,0,,,0,0,0,0,0
985,0:15:6:1:6:1,0,0,0,,,0,0,0,0,0
986,0:15:6:2:9:2,0,0,0,,,0,0,0,0,0
987,0:15:6:3:15:3,1,,4,0,0,1,0,0,0,0
988,0:15:7:0:0:1,0,0,0,,,0,0,0,0,0
989,0:15:7:1:6:1,0,0,0,,,0,0,0,0,0
990,0:15:7:2:9:2,0,0,0,,,0,0,0,0,0
991,0:15:7:3:15:3,1,,4,0,0,1,0,0,0,0
992,0:15:8:0:0:1,0,0,0,,,0,0,0,0,0
993,0:15:8:1:6:1,0,0,0,,,0,0,0,0,0
994,0:15:8:2:9:2,0,0,0,,,0,0,0,0,0
995,0:15:8:3:15:3,1,,4,0,0,1,0,0,0,0
996,0:15:9:0:0:1,0,0,0,,,0,0,0,0,0
997,0:15:9:1:6:1,0,0,0,,,0,0,0,0,0
998,0:15:9:2:9:2,0,0,0,,,0,0,0,0,0
999,0:15:9:3:15:3,1,,4,0,0,1,0,0,0,0
1000,0:15:10:0:0:1,0,0,0,,,0,0,0,0,0
1001,0:15:10:1:6:1,0,0,0,,,0,0,0,0,0
1002,0:15:10:2:9:2,0,0,0,,,0,0,0,0,0
1003,0:15:10:3:15:3,1,,4,0,0,1,0,0,0,0
1004,0:15:11:0:0:1,0,0,0,,,0,0,0,0,0
1005,0:15:11:1:6:1,0,0,0,,,0,0,0,0,0
1006,0:15:11:2:9:2,0,0,0,,,0,0,0,0,0
1007,0:15:11:3:15:3,1,,4,0,0,1,0,0,0,0
1008,0:15:12:0:0:1,0,0,0,,,0,0,0,0,0
1009,0:15:12:1:6:1,0,0,0,,,0,0,0,0,0
1010,0:15:12:2:9:2,0,0,0,,,0,0,0,0,0
1011,0:15:12:3:15:3,1,,4,0,0,1,0,0,0,0
1012,0:15:13:0:0:1,0,0,0,,,0,0,0,0,0
1013,0:15:13:1:6:1,0,0,0,,,0,0,0,0,0
1014,0:15:13:2:9:2,0,0,0,,,0,0,0,0,0
1015,0:15:13:3:15:3,1,,4,0,0,1,0,0,0,0
1016,0:15:14:0:0:1,0,0,0,,,0,0,0,0,0
1017,0:15:14:1:6:1,0,0,0,,,0,0,0,0,0
1018,0:15:14:2:9:2,0,0,0,,,0,0,0,0,0
1019,0:15:14:3:15:3,1,,4,0,0,1,0,0,0,0
1020,0:15:15:0:0:1,1,2,2,2,2,2,0,0,0,0
1021,0:15:15:1:6:1,1,2,2,2,2,2,0,0,0,0
1022,0:15:15:2:9:2,1,2,2,2,2,2,0,0,0,0
1023,0:15:15:3:15:3,1,,4,0,0,1,0,0,0,0
1024,1:0:0:0:0:1,1,,4,0,0,1,0,0,0,0
1025,1:0:0:1:6:1,1,,4,0,0,1,0,0,0,0
1026,1:0:0:2:9:2,1,,4,0,0,1,0,0,0,0
1027,1:0:0:3:15:3,1,,4,0,0,1,0,0,0,0
1028,1:0:1:0:0:1,1,,4,0,0,1,0,0,0,0
1029,1:0:1:1:6:1,1,,4,0,0,1,0,0,0,0
1030,1:0:1:2:9:2,1,,4,0,0,1,0,0,0,0
1031,1:0:1:3:15:3,1,,4,0,0,1,0,0,0,0
1032,1:0:2:0:0:1,1,,4,0,0,1,0,0,0,0
1033,1:0:2:1:6:1,1,,4,0,0,1,0,0,0,0
1034,1:0:2:2:9:2,1,,4,0,0,1,0,0,0,0
1035,1:0:2:3:15:3,1,,4,0,0,1,0,0,0,0
1036,1:0:3:0:0:1,1,,4,0,0,1,0,0,0,0
1037,1:0:3:1:6:1,1,,4,0,0,1,0,0,0,0
1038,1:0:3:2:9:2,1,,4,0,0,1,0,0,0,0
1039,1:0:3:3:15:3,1,,4,0,0,1,0,0,0,0
1040,1:0:4:0:0:1,0,0,0,,,0,0,0,0,0
1041,1:0:4:1:6:1,0,0,0,,,0,0,0,0,0
1042,1:0:4:2:9:2,0,0,0,,,0,0,0,0,0
1043,1:0:4:3:15:3,1,,4,0,0,1,0,0,0,0
1044,1:0:5:0:0:1,0,0,0,,,0,0,0,0,0
1045,1:0:5:1:6:1,0,0,0,,,0,0,0,0,0
1046,1:0:5:2:9:2,0,0,0,,,0,0,0,0,0
1047,1:0:5:3:15:3,1,,4,0,0,1,0,0,0,0
1048,1:0:6:0:0:1,0,0,0,,,0,0,0,0,0
1049,1:0:6:1:6:1,0,0,0,,,0,0,0,0,0
1050,1:0:6:2:9:2,0,0,0,,,0,0,0,0,0
1051,1:0:6:3:15:3,1,,4,0,0,1,0,0,0,0
1052,1:0:7:0:0:1,0,0,0,,,0,0,0,0,0
1053,1:0:7:1:6:1,0,0,0,,,0,0,0,0,0
1054,1:0:7:2:9:2,0,0,0,,,0,0,0,0,0
1055,1:0:7:3:15:3,1,,4,0,0,1,0,0,0,0
1056,1:0:8:0:0:1,0,0,0,,,0,0,0,0,0
1057,1:0:8:1:6:1,0,0,0,,,0,0,0,0,0
1058,1:0:8:2:9:2,0,0,0,,,0,0,0,0,0
1059,1:0:8:3:15:3,1,,4,0,0,1,0,0,0,0
1060,1:0:9:0:0:1,0,0,0,,,0,0,0,0,0
1061,1:0:9:1:6:1,0,0,0,,,0,0,0,0,0
1062,1:0:9:2:9:2,0,0,0,,,0,0,0,0,0
1063,1:0:9:3:15:3,1,,4,0,0,1,0,0,0,0
1064,1:0:10:0:0:1,0,0,0,,,0,0,0,0,0
1065,1:0:10:1:6:1,0,0,0,,,0,0,0,0,0
1066,1:0:10:2:9:2,0,0,0,,,0,0,0,0,0
1067,1:0:10:3:15:3,1,,4,0,0,1,0,0,0,0
1068,1:0:11:0:0:1,0,0,0,,,0,0,0,0,0
1069,1:0:11:1:6:1,0,0,0,,,0,0,0,0,0
1070,1:0:11:2:9:2,0,0,0,,,0,0,0,0,0
1071,1:0:11:3:15:3,1,,4,0,0,1,0,0,0,0
1072,1:0:12:0:0:1,0,0,0,,,0,0,0,0,0
1073,1:0:12:1:6:1,0,0,0,,,0,0,0,0,0
1074,1:0:12:2:9:2,0,0,0,,,0,0,0,0,0
1075,1:0:12:3:15:3,1,,4,0,0,1,0,0,0,0
1076,1:0:13:0:0:1,0,0,0,,,0,0,0,0,0
1077,1:0:13:1:6:1,0,0,0,,,0,0,0,0,0
1078,1:0:13:2:9:2,0,0,0,,,0,0,0,0,0
1079,1:0:13:3:15:3,1,,4,0,0,1,0,0,0,0
1080,1:0:14:0:0:1,0,0,0,,,0,0,0,0,0
1081,1:0:14:1:6:1,0,0,0,,,0,0,0,0,0
1082,1:0:14:2:9:2,0,0,0,,,0,0,0,0,0
1083,1:0:14:3:15:3,1,,4,0,0,1,0,0,0,0
1084,1:0:15:0:0:1,0,0,0,,,0,0,0,0,0
1085,1:0:15:1:6:1,0,0,0,,,0,0,0,0,0
1086,1:0:15:2:9:2,0,0,0,,,0,0,0,0,0
1087,1:0:15:3:15:3,1,,4,0,0,1,0,0,0,0
1088,1:1:0:0:0:1,1,,4,0,0,1,0,0,0,0
1089,1:1:0:1:6:1,1,,4,0,0,1,0,0,0,0
1090,1:1:0:2:9:2,1,,4,0,0,1,0,0,0,0
1091,1:1:0:3:15:3,1,,4,0,0,1,0,0,0,0
1092,1:1:1:0:0:1,1,,4,0,0,1,0,0,0,0
1093,1:1:1:1:6:1,1,,4,0,0,1,0,0,0,0
1094,1:1:1:2:9:2,1,,4,0,0,1,0,0,0,0
1095,1:1:1:3:15:3,1,,4,0,0,1,0,0,0,0
1096,1:1:2:0:0:1,1,,4,0,0,1,0,0,0,0
1097,1:1:2:1:6:1,1,,4,0,0,1,0,0,0,0
1098,1:1:2:2:9:2,1,,4,0,0,1,0,0,0,0
1099,1:1:2:3:15:3,1,,4,0,0,1,0,0,0,0
1100,1:1:3:0:0:1,1,,4,0,0,1,0,0,0,0
1101,1:1:3:1:6:1,1,,4,0,0,1,0,0,0,0
1102,1:1:3:2:9:2,1,,4,0,0,1,0,0,0,0
1103,1:1:3:3:15:3,1,,4,0,0,1,0,0,0,0
1104,1:1:4:0:0:1,0,0,0,,,0,0,0,0,0
1105,1:1:4:1:6:1,0,0,0,,,0,0,0,0,0
1106,1:1:4:2:9:2,0,0,0,,,0,0,0,0,0
1107,1:1:4:3:15:3,1,,4,0,0,1,0,0,0,0
1108,1:1:5:0:0:1,0,0,0,,,0,0,0,0,0
1109,1:1:5:1:6:1,0,0,0,,,0,0,0,0,0
1110,1:1:5:2:9:2,0,0,0,,,0,0,0,0,0
1111,1:1:5:3:15:3,1,,4,0,0,1,0,0,0,0
1112,1:1:6:0:0:1,0,0,0,,,0,0,0,0,0
1113,1:1:6:1:6:1,0,0,0,,,0,0,0,0,0
1114,1:1:6:2:9:2,0,0,0,,,0,0,0,0,0
1115,1:1:6:3:15:3,1,,4,0,0,1,0,0,0,0
1116,1:1:7:0:0:1,0,0,0,,,0,0,0,0,0
1117,1:1:7:1:6:1,0,0,0,,,0,0,0,0,0
1118,1:1:7:2:9:2,0,0,0,,,0,0,0,0,0
1119,1:1:7:3:15:3,1,,4,0,0,1,0,0,0,0
1120,1:1:8:0:0:1,0,0,0,,,0,0,0,0,0
1121,1:1:8:1:6:1,0,0,0,,,0,0,0,0,0
1122,1:1:8:2:9:2,0,0,0,,,0,0,0,0,0
1123,1:1:8:3:15:3,1,,4,0,0,1,0,0,0,0
1124,1:1:9:0:0:1,0,0,0,,,0,0,0,0,0
1125,1:1:9:1:6:1,0,0,0,,,0,0,0,0,0
1126,1:1:9:2:9:2,0,0,0,,,0,0,0,0,0
1127,1:1:9:3:15:3,1,,4,0,0,1,0,0,0,0
1128,1:1:10:0:0:1,0,0,0,,,0,0,0,0,0
1129,1:1:10:1:6:1,0,0,0,,,0,0,0,0,0
1130,1:1:10:2:9:2,0,0,0,,,0,0,0,0,0
1131,1:1:10:3:15:3,1,,4,0,0,1,0,0,0,0
1132,1:1:11:0:0:1,0,0,0,,,0,0,0,0,0
1133,1:1:11:1:6:1,0,0,0,,,0,0,0,0,0
1134,1:1:11:2:9:2,0,0,0,,,0,0,0,0,0
1135,1:1:11:3:15:3,1,,4,0,0,1,0,0,0,0
1136,1:1:12:0:0:1,0,0,0,,,0,0,0,0,0
1137,1:1:12:1:6:1,0,0,0,,,0,0,0,0,0
1138,1:1:12:2:9:2,0,0,0,,,0,0,0,0,0
1139,1:1:12:3:15:3,1,,4,0,0,1,0,0,0,0
1140,1:1:13:0:0:1,0,0,0,,,0,0,0,0,0
1141,1:1:13:1:6:1,0,0,0,,,0,0,0,0,0
1142,1:1:13:2:9:2,0,0,0,,,0,0,0,0,0
1143,1:1:13:3:15:3,1,,4,0,0,1,0,0,0,0
1144,1:1:14:0:0:1,0,0,0,,,0,0,0,0,0
1145,1:1:14:1:6:1,0,0,0,,,0,0,0,0,0
1146,1:1:14:2:9:2,0,0,0,,,0,0,0,0,0
1147,1:1:14:3:15:3,1,,4,0,0,1,0,0,0,0
1148,1:1:15:0:0:1,0,0,0,,,0,0,0,0,0
1149,1:1:15:1:6:1,0,0,0,,,0,0,0,0,0
1150,1:1:15:2:9:2,0,0,0,,,0,0,0,0,0
1151,1:1:15:3:15:3,1,,4,0,0,1,0,0,0,0
1152,1:2:0:0:0:1,1,,4,0,0,1,0,0,0,0
1153,1:2:0:1:6:1,1,,4,0,0,1,0,0,0,0
1154,1:2:0:2:9:2,1,,4,0,0,1,0,0,0,0
1155,1:2:0:3:15:3,1,,4,0,0,1,0,0,0,0
1156,1:2:1:0:0:1,1,,4,0,0,1,0,0,0,0
1157,1:2:1:1:6:1,1,,4,0,0,1,0,0,0,0
1158,1:2:1:2:9:2,1,,4,0,0,1,0,0,0,0
1159,1:2:1:3:15:3,1,,4,0,0,1,0,0,0,0
1160,1:2:2:0:0:1,1,,4,0,0,1,0,0,0,0
1161,1:2:2:1:6:1,1,,4,0,0,1,0,0,0,0
1162,1:2:2:2:9:2,1,,4,0,0,1,0,0,0,0
1163,1:2:2:3:15:3,1,,4,0,0,1,0,0,0,0
1164,1:2:3:0:0:1,1,,4,0,0,1,0,0,0,0
1165,1:2:3:1:6:1,1,,4,0,0,1,0,0,0,0
1166,1:2:3:2:9:2,1,,4,0,0,1,0,0,0,0
1167,1:2:3:3:15:3,1,,4,0,0,1,0,0,0,0
1168,1:2:4:0:0:1,0,0,0,,,0,0,0,0,0
1169,1:2:4:1:6:1,0,0,0,,,0,0,0,0,0
1170,1:2:4:2:9:2,0,0,0,,,0,0,0,0,0
1171,1:2:4:3:15:3,1,,4,0,0,1,0,0,0,0
1172,1:2:5:0:0:1,0,0,0,,,0,0,0,0,0
1173,1:2:5:1:6:1,0,0,0,,,0,0,0,0,0
1174,1:2:5:2:9:2,0,0,0,,,0,0,0,0,0
1175,1:2:5:3:15:3,1,,4,0,0,1,0,0,0,0
1176,1:2:6:0:0:1,0,0,0,,,0,0,0,0,0
1177,1:2:6:1:6:1,0,0,0,,,0,0,0,0,0
1178,1:2:6:2:9:2,0,0,0,,,0,0,0,0,0
1179,1:2:6:3:15:3,1,,4,0,0,1,0,0,0,0
1180,1:2:7:0:0:1,0,0,0,,,0,0,0,0,0
1181,1:2:7:1:6:1,0,0,0,,,0,0,0,0,0
1182,1:2:7:2:9:2,0,0,0,,,0,0,0,0,0
1183,1:2:7:3:15:3,1,,4,0,0,1,0,0,0,0
1184,1:2:8:0:0:1,0,0,0,,,0,0,0,0,0
1185,1:2:8:1:6:1,0,0,0,,,0,0,0,0,0
1186,1:2:8:2:9:2,0,0,0,,,0,0,0,0,0
1187,1:2:8:3:15:3,1,,4,0,0,1,0,0,0,0
1188,1:2:9:0:0:1,0,0,0,,,0,0,0,0,0
1189,1:2:9:1:6:1,0,0,0,,,0,0,0,0,0
1190,1:2:9:2:9:2,0,0,0,,,0,0,0,0,0
1191,1:2:9:3:15:3,1,,4,0,0,1,0,0,0,0
1192,1:2:10:0:0:1,0,0,0,,,0,0,0,0,0
1193,1:2:10:1:6:1,0,0,0,,,0,0,0,0,0
1194,1:2:10:2:9:2,0,0,0,,,0,0,0,0,0
1195,1:2:10:3:15:3,1,,4,0,0,1,0,0,0,0
1196,1:2:11:0:0:1,0,0,0,,,0,0,0,0,0
1197,1:2:11:1:6:1,0,0,0,,,0,0,0,0,0
1198,1:2:11:2:9:2,0,0,0,,,0,0,0,0,0
1199,1:2:11:3:15:3,1,,4,0,0,1,0,0,0,0
1200,1:2:12:0:0:1,0,0,0,,,0,0,0,0,0
1201,1:2:12:1:6:1,0,0,0,,,0,0,0,0,0
1202,1:2:12:2:9:2,0,0,0,,,0,0,0,0,0
1203,1:2:12:3:15:3,1,,4,0,0,1,0,0,0,0
1204,1:2:13:0:0:1,0,0,0,,,0,0,0,0,0
1205,1:2:13:1:6:1,0,0,0,,,0,0,0,0,0
1206,1:2:13:2:9:2,0,0,0,,,0,0,0,0,0
1207,1:2:13:3:15:3,1,,4,0,0,1,0,0,0,0
1208,1:2:14:0:0:1,0,0,0,,,0,0,0,0,0
1209,1:2:14:1:6:1,0,0,0,,,0,0,0,0,0
1210,1:2:14:2:9:2,0,0,0,,,0,0,0,0,0
1211,1:2:14:3:15:3,1,,4,0,0,1,0,0,0,0
1212,1:2:15:0:0:1,0,0,0,,,0,0,0,0,0
1213,1:2:15:1:6:1,0,0,0,,,0,0,0,0,0
1214,1:2:15:2:9:2,0,0,0,,,0,0,0,0,0
1215,1:2:15:3:15:3,1,,4,0,0,1,0,0,0,0
1216,1:3:0:0:0:1,1,,4,0,0,1,0,0,0,0
1217,1:3:0:1:6:1,1,,4,0,0,1,0,0,0,0
1218,1:3:0:2:9:2,1,,4,0,0,1,0,0,0,0
1219,1:3:0:3:15:3,1,,4,0,0,1,0,0,0,0
1220,1:3:1:0:0:1,1,,4,0,0,1,0,0,0,0
1221,1:3:1:1:6:1,1,,4,0,0,1,0,0,0,0
1222,1:3:1:2:9:2,1,,4,0,0,1,0,0,0,0
1223,1:3:1:3:15:3,1,,4,0,0,1,0,0,0,0
1224,1:3:2:0:0:1,1,,4,0,0,1,0,0,0,0
1225,1:3:2:1:6:1,1,,4,0,0,1,0,0,0,0
1226,1:3:2:2:9:2,1,,4,0,0,1,0,0,0,0
1227,1:3:2:3:15:3,1,,4,0,0,1,0,0,0,0
1228,1:3:3:0:0:1,1,,4,0,0,1,0,0,0,0
1229,1:3:3:1:6:1,1,,4,0,0,1,0,0,0,0
1230,1:3:3:2:9:2,1,,4,0,0,1,0,0,0,0
1231,1:3:3:3:15:3,1,,4,0,0,1,0,0,0,0
1232,1:3:4:0:0:1,0,0,0,,,0,0,0,0,0
1233,1:3:4:1:6:1,0,0,0,,,0,0,0,0,0
1234,1:3:4:2:9:2,0,0,0,,,0,0,0,0,0
1235,1:3:4:3:15:3,1,,4,0,0,1,0,0,0,0
1236,1:3:5:0:0:1,0,0,0,,,0,0,0,0,0
1237,1:3:5:1:6:1,0,0,0,,,0,0,0,0,0
1238,1:3:5:2:9:2,0,0,0,,,0,0,0,0,0
1239,1:3:5:3:15:3,1,,4,0,0,1,0,0,0,0
1240,1:3:6:0:0:1,0,0,0,,,0,0,0,0,0
1241,1:3:6:1:6:1,0,0,0,,,0,0,0,0,0
1242,1:3:6:2:9:2,0,0,0,,,0,0,0,0,0
1243,1:3:6:3:15:3,1,,4,0,0,1,0,0,0,0
1244,1:3:7:0:0:1,0,0,0,,,0,0,0,0,0
1245,1:3:7:1:6:1,0,0,0,,,0,0,0,0,0
1246,1:3:7:2:9:2,0,0,0,,,0,0,0,0,0
1247,1:3:7:3:15:3,1,,4,0,0,1,0,0,0,0
1248,1:3:8:0:0:1,0,0,0,,,0,0,0,0,0
1249,1:3:8:1:6:1,0,0,0,,,0,0,0,0,0
1250,1:3:8:2:9:2,0,0,0,,,0,0,0,0,0
1251,1:3:8:3:15:3,1,,4,0,0,1,0,0,0,0
1252,1:3:9:0:0:1,0,0,0,,,0,0,0,0,0
1253,1:3:9:1:6:1,0,0,0,,,0,0,0,0,0
1254,1:3:9:2:9:2,0,0,0,,,0,0,0,0,0
1255,1:3:9:3:15:3,1,,4,0,0,1,0,0,0,0
1256,1:3:10:0:0:1,0,0,0,,,0,0,0,0,0
1257,1:3:10:1:6:1,0,0,0,,,0,0,0,0,0
1258,1:3:10:2:9:2,0,0,0,,,0,0,0,0,0
1259,1:3:10:3:15:3,1,,4,0,0,1,0,0,0,0
1260,1:3:11:0:0:1,0,0,0,,,0,0,0,0,0
1261,1:3:11:1:6:1,0,0,0,,,0,0,0,0,0
1262,1:3:11:2:9:2,0,0,0,,,0,0,0,0,0
1263,1:3:11:3:15:3,1,,4,0,0,1,0,0,0,0
1264,1:3:12:0:0:1,0,0,0,,,0,0,0,0,0
1265,1:3:12:1:6:1,0,0,0,,,0,0,0,0,0
1266,1:3:12:2:9:2,0,0,0,,,0,0,0,0,0
1267,1:3:12:3:15:3,1,,4,0,0,1,0,0,0,0
1268,1:3:13:0:0:1,0,0,0,,,0,0,0,0,0
1269,1:3:13:1:6:1,0,0,0,,,0,0,0,0,0
1270,1:3:13:2:9:2,0,0,0,,,0,0,0,0,0
1271,1:3:13:3:15:3,1,,4,0,0,1,0,0,0,0
1272,1:3:14:0:0:1,0,0,0,,,0,0,0,0,0
1273,1:3:14:1:6:1,0,0,0,,,0,0,0,0,0
1274,1:3:14:2:9:2,0,0,0,,,0,0,0,0,0
1275,1:3:14:3:15:3,1,,4,0,0,1,0,0,0,0
1276,1:3:15:0:0:1,0,0,0,,,0,0,0,0,0
1277,1:3:15:1:6:1,0,0,0,,,0,0,0,0,0
1278,1:3:15:2:9:2,0,0,0,,,0,0,0,0,0
1279,1:3:15:3:15:3,1,,4,0,0,1,0,0,0,0
1280,1:4:0:0:0:1,1,,4,0,0,1,0,0,0,0
1281,1:4:0:1:6:1,1,,4,0,0,1,0,0,0,0
1282,1:4:0:2:9:2,1,,4,0,0,1,0,0,0,0
1283,1:4:0:3:15:3,1,,4,0,0,1,0,0,0,0
1284,1:4:1:0:0:1,1,,4,0,0,1,0,0,0,0
1285,1:4:1:1:6:1,1,,4,0,0,1,0,0,0,0
1286,1:4:1:2:9:2,1,,4,0,0,1,0,0,0,0
1287,1:4:1:3:15:3,1,,4,0,0,1,0,0,0,0
1288,1:4:2:0:0:1,1,,4,0,0,1,0,0,0,0
1289,1:4:2:1:6:1,1,,4,0,0,1,0,0,0,0
1290,1:4:2:2:9:2,1,,4,0,0,1,0,0,0,0
1291,1:4:2:3:15:3,1,,4,0,0,1,0,0,0,0
1292,1:4:3:0:0:1,1,,4,0,0,1,0,0,0,0
1293,1:4:3:1:6:1,1,,4,0,0,1,0,0,0,0
1294,1:4:3:2:9:2,1,,4,0,0,1,0,0,0,0
1295,1:4:3:3:15:3,1,,4,0,0,1,0,0,0,0
1296,1:4:4:0:0:1,1,2,2,2,2,2,0,0,0,0
1297,1:4:4:1:6:1,1,2,2,2,2,2,0,0,0,0
1298,1:4:4:2:9:2,1,2,2,2,2,2,0,0,0,0
1299,1:4:4:3:15:3,1,,4,0,0,1,0,0,0,0
1300,1:4:5:0:0:1,0,0,0,,,0,0,0,0,0
1301,1:4:5:1:6:1,0,0,0,,,0,0,0,0,0
1302,1:4:5:2:9:2,0,0,0,,,0,0,0,0,0
1303,1:4:5:3:15:3,1,,4,0,0,1,0,0,0,0
1304,1:4:6:0:0:1,0,0,0,,,0,0,0,0,0
1305,1:4:6:1:6:1,0,0,0,,,0,0,0,0,0
1306,1:4:6:2:9:2,0,0,0,,,0,0,0,0,0
1307,1:4:6:3:15:3,1,,4,0,0,1,0,0,0,0
1308,1:4:7:0:0:1,0,0,0,,,0,0,0,0,0
1309,1:4:7:1:6:1,0,0,0,,,0,0,0,0,0
1310,1:4:7:2:9:2,0,0,0,,,0,0,0,0,0
1311,1:4:7:3:15:3,1,,4,0,0,1,0,0,0,0
1312,1:4:8:0:0:1,0,0,0,,,0,0,0,0,0
1313,1:4:8:1:6:1,0,0,0,,,0,0,0,0,0
1314,1:4:8:2:9:2,0,0,0,,,0,0,0,0,0
1315,1:4:8:3:15:3,1,,4,0,0,1,0,0,0,0
1316,1:4:9:0:0:1,0,0,0,,,0,0,0,0,0
1317,1:4:9:1:6:1,0,0,0,,,0,0,0,0,0
1318,1:4:9:2:9:2,0,0,0,,,0,0,0,0,0
1319,1:4:9:3:15:3,1,,4,0,0,1,0,0,0,0
1320,1:4:10:0:0:1,0,0,0,,,0,0,0,0,0
1321,1:4:10:1:6:1,0,0,0,,,0,0,0,0,0
1322,1:4:10:2:9:2,0,0,0,,,0,0,0,0,0
1323,1:4:10:3:15:3,1,,4,0,0,1,0,0,0,0
1324,1:4:11:0:0:1,0,0,0,,,0,0,0,0,0
1325,1:4:11:1:6:1,0,0,0,,,0,0,0,0,0
1326,1:4:11:2:9:2,0,0,0,,,0,0,0,0,0
1327,1:4:11:3:15:3,1,,4,0,0,1,0,0,0,0
1328,1:4:12:0:0:1,0,0,0,,,0,0,0,0,0
1329,1:4:12:1:6:1,0,0,0,,,0,0,0,0,0
1330,1:4:12:2:9:2,0,0,0,,,0,0,0,0,0
1331,1:4:12:3:15:3,1,,4,0,0,1,0,0,0,0
1332,1:4:13:0:0:1,0,0,0,,,0,0,0,0,0
1333,1:4:13:1:6:1,0,0,0,,,0,0,0,0,0
1334,1:4:13:2:9:2,0,0,0,,,0,0,0,0,0
1335,1:4:13:3:15:3,1,,4,0,0,1,0,0,0,0
1336,1:4:14:0:0:1,0,0,0,,,0,0,0,0,0
1337,1:4:14:1:6:1,0,0,0,,,0,0,0,0,0
1338,1:4:14:2:9:2,0,0,0,,,0,0,0,0,0
1339,1:4:14:3:15:3,1,,4,0,0,1,0,0,0,0
1340,1:4:15:0:0:1,0,0,0,,,0,0,0,0,0
1341,1:4:15:1:6:1,0,0,0,,,0,0,0,0,0
1342,1:4:15:2:9:2,0,0,0,,,0,0,0,0,0
1343,1:4:15:3:15:3,1,,4,0,0,1,0,0,0,0
1344,1:5:0:0:0:1,1,,4,0,0,1,0,0,0,0
1345,1:5:0:1:6:1,1,,4,0,0,1,0,0,0,0
1346,1:5:0:2:9:2,1,,4,0,0,1,0,0,0,0
1347,1:5:0:3:15:3,1,,4,0,0,1,0,0,0,0
1348,1:5:1:0:0:1,1,,4,0,0,1,0,0,0,0
1349,1:5:1:1:6:1,1,,4,0,0,1,0,0,0,0
1350,1:5:1:2:9:2,1,,4,0,0,1,0,0,0,0
1351,1:5:1:3:15:3,1,,4,0,0,1,0,0,0,0
1352,1:5:2:0:0:1,1,,4,0,0,1,0,0,0,0
1353,1:5:2:1:6:1,1,,4,0,0,1,0,0,0,0
1354,1:5:2:2:9:2,1,,4,0,0,1,0,0,0,0
1355,1:5:2:3:15:3,1,,4,0,0,1,0,0,0,0
1356,1:5:3:0:0:1,1,,4,0,0,1,0,0,0,0
1357,1:5:3:1:6:1,1,,4,0,0,1,0,0,0,0
1358,1:5:3:2:9:2,1,,4,0,0,1,0,0,0,0
1359,1:5:3:3:15:3,1,,4,0,0,1,0,0,0,0
1360,1:5:4:0:0:1,0,0,0,,,0,0,0,0,0
1361,1:5:4:1:6:1,0,0,0,,,0,0,0,0,0
1362,1:5:4:2:9:2,0,0,0,,,0,0,0,0,0
1363,1:5:4:3:15:3,1,,4,0,0,1,0,0,0,0
1364,1:5:5:0:0:1,1,2,2,2,2,2,0,0,0,0
1365,1:5:5:1:6:1,1,2,2,2,2,2,0,0,0,0
1366,1:5:5:2:9:2,1,2,2,2,2,2,0,0,0,0
1367,1:5:5:3:15:3,1,,4,0,0,1,0,0,0,0
1368,1:5:6:0:0:1,0,0,0,,,0,0,0,0,0
1369,1:5:6:1:6:1,0,0,0,,,0,0,0,0,0
1370,1:5:6:2:9:2,0,0,0,,,0,0,0,0,0
1371,1:5:6:3:15:3,1,,4,0,0,1,0,0,0,0
1372,1:5:7:0:0:1,0,0,0,,,0,0,0,0,0
1373,1:5:7:1:6:1,0,0,0,,,0,0,0,0,0
1374,1:5:7:2:9:2,0,0,0,,,0,0,0,0,0
1375,1:5:7:3:15:3,1,,4,0,0,1,0,0,0,0
1376,1:5:8:0:0:1,0,0,0,,,0,0,0,0,0
1377,1:5:8:1:6:1,0,0,0,,,0,0,0,0,0
1378,1:5:8:2:9:2,0,0,0,,,0,0,0,0,0
1379,1:5:8:3:15:3,1,,4,0,0,1,0,0,0,0
1380,1:5:9:0:0:1,0,0,0,,,0,0,0,0,0
1381,1:5:9:1:6:1,0,0,0,,,0,0,0,0,0
1382,1:5:9:2:9:2,0,0,0,,,0,0,0,0,0
1383,1:5:9:3:15:3,1,,4,0,0,1,0,0,0,0
1384,1:5:10:0:0:1,0,0,0,,,0,0,0,0,0
1385,1:5:10:1:6:1,0,0,0,,,0,0,0,0,0
1386,1:5:10:2:9:2,0,0,0,,,0,0,0,0,0
1387,1:5:10:3:15:3,1,,4,0,0,1,0,0,0,0
1388,1:5:11:0:0:1,0,0,0,,,0,0,0,0,0
1389,1:5:11:1:6:1,0,0,0,,,0,0,0,0,0
1390,1:5:11:2:9:2,0,0,0,,,0,0,0,0,0
1391,1:5:11:3:15:3,1,,4,0,0,1,0,0,0,0
1392,1:5:12:0:0:1,0,0,0,,,0,0,0,0,0
1393,1:5:12:1:6:1,0,0,0,,,0,0,0,0,0
1394,1:5:12:2:9:2,0,0,0,,,0,0,0,0,0
1395,1:5:12:3:15:3,1,,4,0,0,1,0,0,0,0
1396,1:5:13:0:0:1,0,0,0,,,0,0,0,0,0
1397,1:5:13:1:6:1,0,0,0,,,0,0,0,0,0
1398,1:5:13:2:9:2,0,0,0,,,0,0,0,0,0
1399,1:5:13:3:15:3,1,,4,0,0,1,0,0,0,0
1400,1:5:14:0:0:1,0,0,0,,,0,0,0,0,0
1401,1:5:14:1:6:1,0,0,0,,,0,0,0,0,0
1402,1:5:14:2:9:2,0,0,0,,,0,0,0,0,0
1403,1:5:14:3:15:3,1,,4,0,0,1,0,0,0,0
1404,1:5:15:0:0:1,0,0,0,,,0,0,0,0,0
1405,1:5:15:1:6:1,0,0,0,,,0,0,0,0,0
1406,1:5:15:2:9:2,0,0,0,,,0,0,0,0,0
1407,1:5:15:3:15:3,1,,4,0,0,1,0,0,0,0
1408,1:6:0:0:0:1,1,,4,0,0,1,0,0,0,0
1409,1:6:0:1:6:1,1,,4,0,0,1,0,0,0,0
1410,1:6:0:2:9:2,1,,4,0,0,1,0,0,0,0
1411,1:6:0:3:15:3,1,,4,0,0,1,0,0,0,0
1412,1:6:1:0:0:1,1,,4,0,0,1,0,0,0,0
1413,1:6:1:1:6:1,1,,4,0,0,1,0,0,0,0
1414,1:6:1:2:9:2,1,,4,0,0,1,0,0,0,0
1415,1:6:1:3:15:3,1,,4,0,0,1,0,0,0,0
1416,1:6:2:0:0:1,1,,4,0,0,1,0,0,0,0
1417,1:6:2:1:6:1,1,,4,0,0,1,0,0,0,0
1418,1:6:2:2:9:2,1,,4,0,0,1,0,0,0,0
1419,1:6:2:3:15:3,1,,4,0,0,1,0,0,0,0
1420,1:6:3:0:0:1,1,,4,0,0,1,0,0,0,0
1421,1:6:3:1:6:1,1,,4,0,0,1,0,0,0,0
1422,1:6:3:2:9:2,1,,4,0,0,1,0,0,0,0
1423,1:6:3:3:15:3,1,,4,0,0,1,0,0,0,0
1424,1:6:4:0:0:1,0,0,0,,,0,0,0,0,0
1425,1:6:4:1:6:1,0,0,0,,,0,0,0,0,0
1426,1:6:4:2:9:2,0,0,0,,,0,0,0,0,0
1427,1:6:4:3:15:3,1,,4,0,0,1,0,0,0,0
1428,1:6:5:0:0:1,0,0,0,,,0,0,0,0,0
1429,1:6:5:1:6:1,0,0,0,,,0,0,0,0,0
1430,1:6:5:2:9:2,0,0,0,,,0,0,0,0,0
1431,1:6:5:3:15:3,1,,4,0,0,1,0,0,0,0
1432,1:6:6:0:0:1,1,2,2,2,2,2,0,0,0,0
1433,1:6:6:1:6:1,1,2,2,2,2,2,0,0,0,0
1434,1:6:6:2:9:2,1,2,2,2,2,2,0,0,0,0
1435,1:6:6:3:15:3,1,,4,0,0,1,0,0,0,0
1436,1:6:7:0:0:1,0,0,0,,,0,0,0,0,0
1437,1:6:7:1:6:1,0,0,0,,,0,0,0,0,0
1438,1:6:7:2:9:2,0,0,0,,,0,0,0,0,0
1439,1:6:7:3:15:3,1,,4,0,0,1,0,0,0,0
1440,1:6:8:0:0:1,0,0,0,,,0,0,0,0,0
1441,1:6:8:1:6:1,0,0,0,,,0,0,0,0,0
1442,1:6:8:2:9:2,0,0,0,,,0,0,0,0,0
1443,1:6:8:3:15:3,1,,4,0,0,1,0,0,0,0
1444,1:6:9:0:0:1,0,0,0,,,0,0,0,0,0
1445,1:6:9:1:6:1,0,0,0,,,0,0,0,0,0
1446,1:6:9:2:9:2,0,0,0,,,0,0,0,0,0
1447,1:6:9:3:15:3,1,,4,0,0,1,0,0,0,0
1448,1:6:10:0:0:1,0,0,0,,,0,0,0,0,0
1449,1:6:10:1:6:1,0,0,0,,,0,0,0,0,0
1450,1:6:10:2:9:2,0,0,0,,,0,0,0,0,0
1451,1:6:10:3:15:3,1,,4,0,0,1,0,0,0,0
1452,1:6:11:0:0:1,0,0,0,,,0,0,0,0,0
1453,1:6:11:1:6:1,0,0,0,,,0,0,0,0,0
1454,1:6:11:2:9:2,0,0,0,,,0,0,0,0,0
1455,1:6:11:3:15:3,1,,4,0,0,1,0,0,0,0
1456,1:6:12:0:0:1,0,0,0,,,0,0,0,0,0
1457,1:6:12:1:6:1,0,0,0,,,0,0,0,0,0
1458,1:6:12:2:9:2,0,0,0,,,0,0,0,0,0
1459,1:6:12:3:15:3,1,,4,0,0,1,0,0,0,0
1460,1:6:13:0:0:1,0,0,0,,,0,0,0,0,0
1461,1:6:13:1:6:1,0,0,0,,,0,0,0,0,0
1462,1:6:13:2:9:2,0,0,0,,,0,0,0,0,0
1463,1:6:13:3:15:3,1,,4,0,0,1,0,0,0,0
1464,1:6:14:0:0:1,0,0,0,,,0,0,0,0,0
1465,1:6:14:1:6:1,0,0,0,,,0,0,0,0,0
1466,1:6:14:2:9:2,0,0,0,,,0,0,0,0,0
1467,1:6:14:3:15:3,1,,4,0,0,1,0,0,0,0
1468,1:6:15:0:0:1,0,0,0,,,0,0,0,0,0
1469,1:6:15:1:6:1,0,0,0,,,0,0,0,0,0
1470,1:6:15:2:9:2,0,0,0,,,0,0,0,0,0
1471,1:6:15:3:15:3,1,,4,0,0,1,0,0,0,0
1472,1:7:0:0:0:1,1,,4,0,0,1,0,0,0,0
1473,1:7:0:1:6:1,1,,4,0,0,1,0,0,0,0
1474,1:7:0:2:9:2,1,,4,0,0,1,0,0,0,0
1475,1:7:0:3:15:3,1,,4,0,0,1,0,0,0,0
1476,1:7:1:0:0:1,1,,4,0,0,1,0,0,0,0
1477,1:7:1:1:6:1,1,,4,0,0,1,0,0,0,0
1478,1:7:1:2:9:2,1,,4,0,0,1,0,0,0,0
1479,1:7:1:3:15:3,1,,4,0,0,1,0,0,0,0
1480,1:7:2:0:0:1,1,,4,0,0,1,0,0,0,0
1481,1:7:2:1:6:1,1,,4,0,0,1,0,0,0,0
1482,1:7:2:2:9:2,1,,4,0,0,1,0,0,0,0
1483,1:7:2:3:15:3,1,,4,0,0,1,0,0,0,0
1484,1:7:3:0:0:1,1,,4,0,0,1,0,0,0,0
1485,1:7:3:1:6:1,1,,4,0,0,1,0,0,0,0
1486,1:7:3:2:9:2,1,,4,0,0,1,0,0,0,0
1487,1:7:3:3:15:3,1,,4,0,0,1,0,0,0,0
1488,1:7:4:0:0:1,0,0,0,,,0,0,0,0,0
1489,1:7:4:1:6:1,0,0,0,,,0,0,0,0,0
1490,1:7:4:2:9:2,0,0,0,,,0,0,0,0,0
1491,1:7:4:3:15:3,1,,4,0,0,1,0,0,0,0
1492,1:7:5:0:0:1,0,0,0,,,0,0,0,0,0
1493,1:7:5:1:6:1,0,0,0,,,0,0,0,0,0
1494,1:7:5:2:9:2,0,0,0,,,0,0,0,0,0
1495,1:7:5:3:15:3,1,,4,0,0,1,0,0,0,0
1496,1:7:6:0:0:1,0,0,0,,,0,0,0,0,0
1497,1:7:6:1:6:1,0,0,0,,,0,0,0,0,0
1498,1:7:6:2:9:2,0,0,0,,,0,0,0,0,0
1499,1:7:6:3:15:3,1,,4,0,0,1,0,0,0,0
1500,1:7:7:0:0:1,1,2,2,2,2,2,0,0,0,0
1501,1:7:7:1:6:1,1,2,2,2,2,2,0,0,0,0
1502,1:7:7:2:9:2,1,2,2,2,2,2,0,0,0,0
1503,1:7:7:3:15:3,1,,4,0,0,1,0,0,0,0
1504,1:7:8:0:0:1,0,0,0,,,0,0,0,0,0
1505,1:7:8:1:6:1,0,0,0,,,0,0,0,0,0
1506,1:7:8:2:9:2,0,0,0,,,0,0,0,0,0
1507,1:7:8:3:15:3,1,,4,0,0,1,0,0,0,0
1508,1:7:9:0:0:1,0,0,0,,,0,0,0,0,0
1509,1:7:9:1:6:1,0,0,0,,,0,0,0,0,0
1510,1:7:9:2:9:2,0,0,0,,,0,0,0,0,0
1511,1:7:9:3:15:3,1,,4,0,0,1,0,0,0,0
1512,1:7:10:0:0:1,0,0,0,,,0,0,0,0,0
1513,1:7:10:1:6:1,0,0,0,,,0,0,0,0,0
1514,1:7:10:2:9:2,0,0,0,,,0,0,0,0,0
1515,1:7:10:3:15:3,1,,4,0,0,1,0,0,0,0
1516,1:7:11:0:0:1,0,0,0,,,0,0,0,0,0
1517,1:7:11:1:6:1,0,0,0,,,0,0,0,0,0
1518,1:7:11:2:9:2,0,0,0,,,0,0,0,0,0
1519,1:7:11:3:15:3,1,,4,0,0,1,0,0,0,0
1520,1:7:12:0:0:1,0,0,0,,,0,0,0,0,0
1521,1:7:12:1:6:1,0,0,0,,,0,0,0,0,0
1522,1:7:12:2:9:2,0,0,0,,,0,0,0,0,0
1523,1:7:12:3:15:3,1,,4,0,0,1,0,0,0,0
1524,1:7:13:0:0:1,0,0,0,,,0,0,0,0,0
1525,1:7:13:1:6:1,0,0,0,,,0,0,0,0,0
1526,1:7:13:2:9:2,0,0,0,,,0,0,0,0,0
1527,1:7:13:3:15:3,1,,4,0,0,1,0,0,0,0
1528,1:7:14:0:0:1,0,0,0,,,0,0,0,0,0
1529,1:7:14:1:6:1,0,0,0,,,0,0,0,0,0
1530,1:7:14:2:9:2,0,0,0,,,0,0,0,0,0
1531,1:7:14:3:15:3,1,,4,0,0,1,0,0,0,0
1532,1:7:15:0:0:1,0,0,0,,,0,0,0,0,0
1533,1:7:15:1:6:1,0,0,0,,,0,0,0,0,0
1534,1:7:15:2:9:2,0,0,0,,,0,0,0,0,0
1535,1:7:15:3:15:3,1,,4,0,0,1,0,0,0,0
1536,1:8:0:0:0:1,1,,4,0,0,1,0,0,0,0
1537,1:8:0:1:6:1,1,,4,0,0,1,0,0,0,0
1538,1:8:0:2:9:2,1,,4,0,0,1,0,0,0,0
1539,1:8:0:3:15:3,1,,4,0,0,1,0,0,0,0
1540,1:8:1:0:0:1,1,,4,0,0,1,0,0,0,0
1541,1:8:1:1:6:1,1,,4,0,0,1,0,0,0,0
1542,1:8:1:2:9:2,1,,4,0,0,1,0,0,0,0
1543,1:8:1:3:15:3,1,,4,0,0,1,0,0,0,0
1544,1:8:2:0:0:1,1,,4,0,0,1,0,0,0,0
1545,1:8:2:1:6:1,1,,4,0,0,1,0,0,0,0
1546,1:8:2:2:9:2,1,,4,0,0,1,0,0,0,0
1547,1:8:2:3:15:3,1,,4,0,0,1,0,0,0,0
1548,1:8:3:0:0:1,1,,4,0,0,1,0,0,0,0
1549,1:8:3:1:6:1,1,,4,0,0,1,0,0,0,0
1550,1:8:3:2:9:2,1,,4,0,0,1,0,0,0,0
1551,1:8:3:3:15:3,1,,4,0,0,1,0,0,0,0
1552,1:8:4:0:0:1,0,0,0,,,0,0,0,0,0
1553,1:8:4:1:6:1,0,0,0,,,0,0,0,0,0
1554,1:8:4:2:9:2,0,0,0,,,0,0,0,0,0
1555,1:8:4:3:15:3,1,,4,0,0,1,0,0,0,0
1556,1:8:5:0:0:1,0,0,0,,,0,0,0,0,0
1557,1:8:5:1:6:1,0,0,0,,,0,0,0,0,0
1558,1:8:5:2:9:2,0,0,0,,,0,0,0,0,0
1559,1:8:5:3:15:3,1,,4,0,0,1,0,0,0,0
1560,1:8:6:0:0:1,0,0,0,,,0,0,0,0,0
1561,1:8:6:1:6:1,0,0,0,,,0,0,0,0,0
1562,1:8:6:2:9:2,0,0,0,,,0,0,0,0,0
1563,1:8:6:3:15:3,1,,4,0,0,1,0,0,0,0
1564,1:8:7:0:0:1,0,0,0,,,0,0,0,0,0
1565,1:8:7:1:6:1,0,0,0,,,0,0,0,0,0
1566,1:8:7:2:9:2,0,0,0,,,0,0,0,0,0
1567,1:8:7:3:15:3,1,,4,0,0,1,0,0,0,0
1568,1:8:8:0:0:1,1,2,2,2,2,2,0,0,0,0
1569,1:8:8:1:6:1,1,2,2,2,2,2,0,0,0,0
1570,1:8:8:2:9:2,1,2,2,2,2,2,0,0,0,0
1571,1:8:8:3:15:3,1,,4,0,0,1,0,0,0,0
1572,1:8:9:0:0:1,0,0,0,,,0,0,0,0,0
1573,1:8:9:1:6:1,0,0,0,,,0,0,0,0,0
1574,1:8:9:2:9:2,0,0,0,,,0,0,0,0,0
1575,1:8:9:3:15:3,1,,4,0,0,1,0,0,0,0
1576,1:8:10:0:0:1,0,0,0,,,0,0,0,0,0
1577,1:8:10:1:6:1,0,0,0,,,0,0,0,0,0
1578,1:8:10:2:9:2,0,0,0,,,0,0,0,0,0
1579,1:8:10:3:15:3,1,,4,0,0,1,0,0,0,0
1580,1:8:11:0:0:1,0,0,0,,,0,0,0,0,0
1581,1:8:11:1:6:1,0,0,0,,,0,0,0,0,0
1582,1:8:11:2:9:2,0,0,0,,,0,0,0,0,0
1583,1:8:11:3:15:3,1,,4,0,0,1,0,0,0,0
1584,1:8:12:0:0:1,0,0,0,,,0,0,0,0,0
1585,1:8:12:1:6:1,0,0,0,,,0,0,0,0,0
1586,1:8:12:2:9:2,0,0,0,,,0,0,0,0,0
1587,1:8:12:3:15:3,1,,4,0,0,1,0,0,0,0
1588,1:8:13:0:0:1,0,0,0,,,0,0,0,0,0
1589,1:8:13:1:6:1,0,0,0,,,0,0,0,0,0
1590,1:8:13:2:9:2,0,0,0,,,0,0,0,0,0
1591,1:8:13:3:15:3,1,,4,0,0,1,0,0,0,0
1592,1:8:14:0:0:1,0,0,0,,,0,0,0,0,0
1593,1:8:14:1:6:1,0,0,0,,,0,0,0,0,0
1594,1:8:14:2:9:2,0,0,0,,,0,0,0,0,0
1595,1:8:14:3:15:3,1,,4,0,0,1,0,0,0,0
1596,1:8:15:0:0:1,0,0,0,,,0,0,0,0,0
1597,1:8:15:1:6:1,0,0,0,,,0,0,0,0,0
1598,1:8:15:2:9:2,0,0,0,,,0,0,0,0,0
1599,1:8:15:3:15:3,1,,4,0,0,1,0,0,0,0
1600,1:9:0:0:0:1,1,,4,0,0,1,0,0,0,0
1601,1:9:0:1:6:1,1,,4,0,0,1,0,0,0,0
1602,1:9:0:2:9:2,1,,4,0,0,1,0,0,0,0
1603,1:9:0:3:15:3,1,,4,0,0,1,0,0,0,0
1604,1:9:1:0:0:1,1,,4,0,0,1,0,0,0,0
1605,1:9:1:1:6:1,1,,4,0,0,1,0,0,0,0
1606,1:9:1:2:9:2,1,,4,0,0,1,0,0,0,0
1607,1:9:1:3:15:3,1,,4,0,0,1,0,0,0,0
1608,1:9:2:0:0:1,1,,4,0,0,1,0,0,0,0
1609,1:9:2:1:6:1,1,,4,0,0,1,0,0,0,0
1610,1:9:2:2:9:2,1,,4,0,0,1,0,0,0,0
1611,1:9:2:3:15:3,1,,4,0,0,1,0,0,0,0
1612,1:9:3:0:0:1,1,,4,0,0,1,0,0,0,0
1613,1:9:3:1:6:1,1,,4,0,0,1,0,0,0,0
1614,1:9:3:2:9:2,1,,4,0,0,1,0,0,0,0
1615,1:9:3:3:15:3,1,,4,0,0,1,0,0,0,0
1616,1:9:4:0:0:1,0,0,0,,,0,0,0,0,0
1617,1:9:4:1:6:1,0,0,0,,,0,0,0,0,0
1618,1:9:4:2:9:2,0,0,0,,,0,0,0,0,0
1619,1:9:4:3:15:3,1,,4,0,0,1,0,0,0,0
1620,1:9:5:0:0:1,0,0,0,,,0,0,0,0,0
1621,1:9:5:1:6:1,0,0,0,,,0,0,0,0,0
1622,1:9:5:2:9:2,0,0,0,,,0,0,0,0,0
1623,1:9:5:3:15:3,1,,4,0,0,1,0,0,0,0
1624,1:9:6:0:0:1,0,0,0,,,0,0,0,0,0
1625,1:9:6:1:6:1,0,0,0,,,0,0,0,0,0
1626,1:9:6:2:9:2,0,0,0,,,0,0,0,0,0
1627,1:9:6:3:15:3,1,,4,0,0,1,0,0,0,0
1628,1:9:7:0:0:1,0,0,0,,,0,0,0,0,0
1629,1:9:7:1:6:1,0,0,0,,,0,0,0,0,0
1630,1:9:7:2:9:2,0,0,0,,,0,0,0,0,0
1631,1:9:7:3:15:3,1,,4,0,0,1,0,0,0,0
1632,1:9:8:0:0:1,0,0,0,,,0,0,0,0,0
1633,1:9:8:1:6:1,0,0,0,,,0,0,0,0,0
1634,1:9:8:2:9:2,0,0,0,,,0,0,0,0,0
1635,1:9:8:3:15:3,1,,4,0,0,1,0,0,0,0
1636,1:9:9:0:0:1,1,2,2,2,2,2,0,0,0,0
1637,1:9:9:1:6:1,1,2,2,2,2,2,0,0,0,0
1638,1:9:9:2:9:2,1,2,2,2,2,2,0,0,0,0
1639,1:9:9:3:15:3,1,,4,0,0,1,0,0,0,0
1640,1:9:10:0:0:1,0,0,0,,,0,0,0,0,0
1641,1:9:10:1:6:1,0,0,0,,,0,0,0,0,0
1642,1:9:10:2:9:2,0,0,0,,,0,0,0,0,0
1643,1:9:10:3:15:3,1,,4,0,0,1,0,0,0,0
1644,1:9:11:0:0:1,0,0,0,,,0,0,0,0,0
1645,1:9:11:1:6:1,0,0,0,,,0,0,0,0,0
1646,1:9:11:2:9:2,0,0,0,,,0,0,0,0,0
1647,1:9:11:3:15:3,1,,4,0,0,1,0,0,0,0
1648,1:9:12:0:0:1,0,0,0,,,0,0,0,0,0
1649,1:9:12:1:6:1,0,0,0,,,0,0,0,0,0
1650,1:9:12:2:9:2,0,0,0,,,0,0,0,0,0
1651,1:9:12:3:15:3,1,,4,0,0,1,0,0,0,0
1652,1:9:13:0:0:1,0,0,0,,,0,0,0,0,0
1653,1:9:13:1:6:1,0,0,0,,,0,0,0,0,0
1654,1:9:13:2:9:2,0,0,0,,,0,0,0,0,0
1655,1:9:13:3:15:3,1,,4,0,0,1,0,0,0,0
1656,1:9:14:0:0:1,0,0,0,,,0,0,0,0,0
1657,1:9:14:1:6:1,0,0,0,,,0,0,0,0,0
1658,1:9:14:2:9:2,0,0,0,,,0,0,0,0,0
1659,1:9:14:3:15:3,1,,4,0,0,1,0,0,0,0
1660,1:9:15:0:0:1,0,0,0,,,0,0,0,0,0
1661,1:9:15:1:6:1,0,0,0,,,0,0,0,0,0
1662,1:9:15:2:9:2,0,0,0,,,0,0,0,0,0
1663,1:9:15:3:15:3,1,,4,0,0,1,0,0,0,0
1664,1:10:0:0:0:1,1,,4,0,0,1,0,0,0,0
1665,1:10:0:1:6:1,1,,4,0,0,1,0,0,0,0
1666,1:10:0:2:9:2,1,,4,0,0,1,0,0,0,0
1667,1:10:0:3:15:3,1,,4,0,0,1,0,0,0,0
1668,1:10:1:0:0:1,1,,4,0,0,1,0,0,0,0
1669,1:10:1:1:6:1,1,,4,0,0,1,0,0,0,0
1670,1:10:1:2:9:2,1,,4,0,0,1,0,0,0,0
1671,1:10:1:3:15:3,1,,4,0,0,1,0,0,0,0
1672,1:10:2:0:0:1,1,,4,0,0,1,0,0,0,0
1673,1:10:2:1:6:1,1,,4,0,0,1,0,0,0,0
1674,1:10:2:2:9:2,1,,4,0,0,1,0,0,0,0
1675,1:10:2:3:15:3,1,,4,0,0,1,0,0,0,0
1676,1:10:3:0:0:1,1,,4,0,0,1,0,0,0,0
1677,1:10:3:1:6:1,1,,4,0,0,1,0,0,0,0
1678,1:10:3:2:9:2,1,,4,0,0,1,0,0,0,0
1679,1:10:3:3:15:3,1,,4,0,0,1,0,0,0,0
1680,1:10:4:0:0:1,0,0,0,,,0,0,0,0,0
1681,1:10:4:1:6:1,0,0,0,,,0,0,0,0,0
1682,1:10:4:2:9:2,0,0,0,,,0,0,0,0,0
1683,1:10:4:3:15:3,1,,4,0,0,1,0,0,0,0
1684,1:10:5:0:0:1,0,0,0,,,0,0,0,0,0
1685,1:10:5:1:6:1,0,0,0,,,0,0,0,0,0
1686,1:10:5:2:9:2,0,0,0,,,0,0,0,0,0
1687,1:10:5:3:15:3,1,,4,0,0,1,0,0,0,0
1688,1:10:6:0:0:1,0,0,0,,,0,0,0,0,0
1689,1:10:6:1:6:1,0,0,0,,,0,0,0,0,0
1690,1:10:6:2:9:2,0,0,0,,,0,0,0,0,0
1691,1:10:6:3:15:3,1,,4,0,0,1,0,0,0,0
1692,1:10:7:0:0:1,0,0,0,,,0,0,0,0,0
1693,1:10:7:1:6:1,0,0,0,,,0,0,0,0,0
1694,1:10:7:2:9:2,0,0,0,,,0,0,0,0,0
1695,1:10:7:3:15:3,1,,4,0,0,1,0,0,0,0
1696,1:10:8:0:0:1,0,0,0,,,0,0,0,0,0
1697,1:10:8:1:6:1,0,0,0,,,0,0,0,0,0
1698,1:10:8:2:9:2,0,0,0,,,0,0,0,0,0
1699,1:10:8:3:15:3,1,,4,0,0,1,0,0,0,0
1700,1:10:9:0:0:1,0,0,0,,,0,0,0,0,0
1701,1:10:9:1:6:1,0,0,0,,,0,0,0,0,0
1702,1:10:9:2:9:2,0,0,0,,,0,0,0,0,0
1703,1:10:9:3:15:3,1,,4,0,0,1,0,0,0,0
1704,1:10:10:0:0:1,1,2,2,2,2,2,0,0,0,0
1705,1:10:10:1:6:1,1,2,2,2,2,2,0,0,0,0
1706,1:10:10:2:9:2,1,2,2,2,2,2,0,0,0,0
1707,1:10:10:3:15:3,1,,4,0,0,1,0,0,0,0
1708,1:10:11:0:0:1,0,0,0,,,0,0,0,0,0
1709,1:10:11:1:6:1,0,0,0,,,0,0,0,0,0
1710,1:10:11:2:9:2,0,0,0,,,0,0,0,0,0
1711,1:10:11:3:15:3,1,,4,0,0,1,0,0,0,0
1712,1:10:12:0:0:1,0,0,0,,,0,0,0,0,0
1713,1:10:12:1:6:1,0,0,0,,,0,0,0,0,0
1714,1:10:12:2:9:2,0,0,0,,,0,0,0,0,0
1715,1:10:12:3:15:3,1,,4,0,0,1,0,0,0,0
1716,1:10:13:0:0:1,0,0,0,,,0,0,0,0,0
1717,1:10:13:1:6:1,0,0,0,,,0,0,0,0,0
1718,1:10:13:2:9:2,0,0,0,,,0,0,0,0,0
1719,1:10:13:3:15:3,1,,4,0,0,1,0,0,0,0
1720,1:10:14:0:0:1,0,0,0,,,0,0,0,0,0
1721,1:10:14:1:6:1,0,0,0,,,0,0,0,0,0
1722,1:10:14:2:9:2,0,0,0,,,0,0,0,0,0
1723,1:10:14:3:15:3,1,,4,0,0,1,0,0,0,0
1724,1:10:15:0:0:1,0,0,0,,,0,0,0,0,0
1725,1:10:15:1:6:1,0,0,0,,,0,0,0,0,0
1726,1:10:15:2:9:2,0,0,0,,,0,0,0,0,0
1727,1:10:15:3:15:3,1,,4,0,0,1,0,0,0,0
1728,1:11:0:0:0:1,1,,4,0,0,1,0,0,0,0
1729,1:11:0:1:6:1,1,,4,0,0,1,0,0,0,0
1730,1:11:0:2:9:2,1,,4,0,0,1,0,0,0,0
1731,1:11:0:3:15:3,1,,4,0,0,1,0,0,0,0
1732,1:11:1:0:0:1,1,,4,0,0,1,0,0,0,0
1733,1:11:1:1:6:1,1,,4,0,0,1,0,0,0,0
1734,1:11:1:2:9:2,1,,4,0,0,1,0,0,0,0
1735,1:11:1:3:15:3,1,,4,0,0,1,0,0,0,0
1736,1:11:2:0:0:1,1,,4,0,0,1,0,0,0,0
1737,1:11:2:1:6:1,1,,4,0,0,1,0,0,0,0
1738,1:11:2:2:9:2,1,,4,0,0,1,0,0,0,0
1739,1:11:2:3:15:3,1,,4,0,0,1,0,0,0,0
1740,1:11:3:0:0:1,1,,4,0,0,1,0,0,0,0
1741,1:11:3:1:6:1,1,,4,0,0,1,0,0,0,0
1742,1:11:3:2:9:2,1,,4,0,0,1,0,0,0,0
1743,1:11:3:3:15:3,1,,4,0,0,1,0,0,0,0
1744,1:11:4:0:0:1,0,0,0,,,0,0,0,0,0
1745,1:11:4:1:6:1,0,0,0,,,0,0,0,0,0
1746,1:11:4:2:9:2,0,0,0,,,0,0,0,0,0
1747,1:11:4:3:15:3,1,,4,0,0,1,0,0,0,0
1748,1:11:5:0:0:1,0,0,0,,,0,0,0,0,0
1749,1:11:5:1:6:1,0,0,0,,,0,0,0,0,0
1750,1:11:5:2:9:2,0,0,0,,,0,0,0,0,0
1751,1:11:5:3:15:3,1,,4,0,0,1,0,0,0,0
1752,1:11:6:0:0:1,0,0,0,,,0,0,0,0,0
1753,1:11:6:1:6:1,0,0,0,,,0,0,0,0,0
1754,1:11:6:2:9:2,0,0,0,,,0,0,0,0,0
1755,1:11:6:3:15:3,1,,4,0,0,1,0,0,0,0
1756,1:11:7:0:0:1,0,0,0,,,0,0,0,0,0
1757,1:11:7:1:6:1,0,0,0,,,0,0,0,0,0
1758,1:11:7:2:9:2,0,0,0,,,0,0,0,0,0
1759,1:11:7:3:15:3,1,,4,0,0,1,0,0,0,0
1760,1:11:8:0:0:1,0,0,0,,,0,0,0,0,0
1761,1:11:8:1:6:1,0,0,0,,,0,0,0,0,0
1762,1:11:8:2:9:2,0,0,0,,,0,0,0,0,0
1763,1:11:8:3:15:3,1,,4,0,0,1,0,0,0,0
1764,1:11:9:0:0:1,0,0,0,,,0,0,0,0,0
1765,1:11:9:1:6:1,0,0,0,,,0,0,0,0,0
1766,1:11:9:2:9:2,0,0,0,,,0,0,0,0,0
1767,1:11:9:3:15:3,1,,4,0,0,1,0,0,0,0
1768,1:11:10:0:0:1,0,0,0,,,0,0,0,0,0
1769,1:11:10:1:6:1,0,0,0,,,0,0,0,0,0
1770,1:11:10:2:9:2,0,0,0,,,0,0,0,0,0
1771,1:11:10:3:15:3,1,,4,0,0,1,0,0,0,0
1772,1:11:11:0:0:1,1,2,2,2,2,2,0,0,0,0
1773,1:11:11:1:6:1,1,2,2,2,2,2,0,0,0,0
1774,1:11:11:2:9:2,1,2,2,2,2,2,0,0,0,0
1775,1:11:11:3:15:3,1,,4,0,0,1,0,0,0,0
1776,1:11:12:0:0:1,0,0,0,,,0,0,0,0,0
1777,1:11:12:1:6:1,0,0,0,,,0,0,0,0,0
1778,1:11:12:2:9:2,0,0,0,,,0,0,0,0,0
1779,1:11:12:3:15:3,1,,4,0,0,1,0,0,0,0
1780,1:11:13:0:0:1,0,0,0,,,0,0,0,0,0
1781,1:11:13:1:6:1,0,0,0,,,0,0,0,0,0
1782,1:11:13:2:9:2,0,0,0,,,0,0,0,0,0
1783,1:11:13:3:15:3,1,,4,0,0,1,0,0,0,0
1784,1:11:14:0:0:1,0,0,0,,,0,0,0,0,0
1785,1:11:14:1:6:1,0,0,0,,,0,0,0,0,0
1786,1:11:14:2:9:2,0,0,0,,,0,0,0,0,0
1787,1:11:14:3:15:3,1,,4,0,0,1,0,0,0,0
1788,1:11:15:0:0:1,0,0,0,,,0,0,0,0,0
1789,1:11:15:1:6:1,0,0,0,,,0,0,0,0,0
1790,1:11:15:2:9:2,0,0,0,,,0,0,0,0,0
1791,1:11:15:3:15:3,1,,4,0,0,1,0,0,0,0
1792,1:12:0:0:0:1,1,,4,0,0,1,0,0,0,0
1793,1:12:0:1:6:1,1,,4,0,0,1,0,0,0,0
1794,1:12:0:2:9:2,1,,4,0,0,1,0,0,0,0
1795,1:12:0:3:15:3,1,,4,0,0,1,0,0,0,0
1796,1:12:1:0:0:1,1,,4,0,0,1,0,0,0,0
1797,1:12:1:1:6:1,1,,4,0,0,1,0,0,0,0
1798,1:12:1:2:9:2,1,,4,0,0,1,0,0,0,0
1799,1:12:1:3:15:3,1,,4,0,0,1,0,0,0,0
1800,1:12:2:0:0:1,1,,4,0,0,1,0,0,0,0
1801,1:12:2:1:6:1,1,,4,0,0,1,0,0,0,0
1802,1:12:2:2:9:2,1,,4,0,0,1,0,0,0,0
1803,1:12:2:3:15:3,1,,4,0,0,1,0,0,0,0
1804,1:12:3:0:0:1,1,,4,0,0,1,0,0,0,0
1805,1:12:3:1:6:1,1,,4,0,0,1,0,0,0,0
1806,1:12:3:2:9:2,1,,4,0,0,1,0,0,0,0
1807,1:12:3:3:15:3,1,,4,0,0,1,0,0,0,0
1808,1:12:4:0:0:1,0,0,0,,,0,0,0,0,0
1809,1:12:4:1:6:1,0,0,0,,,0,0,0,0,0
1810,1:12:4:2:9:2,0,0,0,,,0,0,0,0,0
1811,1:12:4:3:15:3,1,,4,0,0,1,0,0,0,0
1812,1:12:5:0:0:1,0,0,0,,,0,0,0,0,0
1813,1:12:5:1:6:1,0,0,0,,,0,0,0,0,0
1814,1:12:5:2:9:2,0,0,0,,,0,0,0,0,0
1815,1:12:5:3:15:3,1,,4,0,0,1,0,0,0,0
1816,1:12:6:0:0:1,0,0,0,,,0,0,0,0,0
1817,1:12:6:1:6:1,0,0,0,,,0,0,0,0,0
1818,1:12:6:2:9:2,0,0,0,,,0,0,0,0,0
1819,1:12:6:3:15:3,1,,4,0,0,1,0,0,0,0
1820,1:12:7:0:0:1,0,0,0,,,0,0,0,0,0
1821,1:12:7:1:6:1,0,0,0,,,0,0,0,0,0
1822,1:12:7:2:9:2,0,0,0,,,0,0,0,0,0
1823,1:12:7:3:15:3,1,,4,0,0,1,0,0,0,0
1824,1:12:8:0:0:1,0,0,0,,,0,0,0,0,0
1825,1:12:8:1:6:1,0,0,0,,,0,0,0,0,0
1826,1:12:8:2:9:2,0,0,0,,,0,0,0,0,0
1827,1:12:8:3:15:3,1,,4,0,0,1,0,0,0,0
1828,1:12:9:0:0:1,0,0,0,,,0,0,0,0,0
1829,1:12:9:1:6:1,0,0,0,,,0,0,0,0,0
1830,1:12:9:2:9:2,0,0,0,,,0,0,0,0,0
1831,1:12:9:3:15:3,1,,4,0,0,1,0,0,0,0
1832,1:12:10:0:0:1,0,0,0,,,0,0,0,0,0
1833,1:12:10:1:6:1,0,0,0,,,0,0,0,0,0
1834,1:12:10:2:9:2,0,0,0,,,0,0,0,0,0
1835,1:12:10:3:15:3,1,,4,0,0,1,0,0,0,0
1836,1:12:11:0:0:1,0,0,0,,,0,0,0,0,0
1837,1:12:11:1:6:1,0,0,0,,,0,0,0,0,0
1838,1:12:11:2:9:2,0,0,0,,,0,0,0,0,0
1839,1:12:11:3:15:3,1,,4,0,0,1,0,0,0,0
1840,1:12:12:0:0:1,1,2,2,2,2,2,0,0,0,0
1841,1:12:12:1:6:1,1,2,2,2,2,2,0,0,0,0
1842,1:12:12:2:9:2,1,2,2,2,2,2,0,0,0,0
1843,1:12:12:3:15:3,1,,4,0,0,1,0,0,0,0
1844,1:12:13:0:0:1,0,0,0,,,0,0,0,0,0
1845,1:12:13:1:6:1,0,0,0,,,0,0,0,0,0
1846,1:12:13:2:9:2,0,0,0,,,0,0,0,0,0
1847,1:12:13:3:15:3,1,,4,0,0,1,0,0,0,0
1848,1:12:14:0:0:1,0,0,0,,,0,0,0,0,0
1849,1:12:14:1:6:1,0,0,0,,,0,0,0,0,0
1850,1:12:14:2:9:2,0,0,0,,,0,0,0,0,0
1851,1:12:14:3:15:3,1,,4,0,0,1,0,0,0,0
1852,1:12:15:0:0:1,0,0,0,,,0,0,0,0,0
1853,1:12:15:1:6:1,0,0,0,,,0,0,0,0,0
1854,1:12:15:2:9:2,0,0,0,,,0,0,0,0,0
1855,1:12:15:3:15:3,1,,4,0,0,1,0,0,0,0
1856,1:13:0:0:0:1,1,,4,0,0,1,0,0,0,0
1857,1:13:0:1:6:1,1,,4,0,0,1,0,0,0,0
1858,1:13:0:2:9:2,1,,4,0,0,1,0,0,0,0
1859,1:13:0:3:15:3,1,,4,0,0,1,0,0,0,0
1860,1:13:1:0:0:1,1,,4,0,0,1,0,0,0,0
1861,1:13:1:1:6:1,1,,4,0,0,1,0,0,0,0
1862,1:13:1:2:9:2,1,,4,0,0,1,0,0,0,0
1863,1:13:1:3:15:3,1,,4,0,0,1,0,0,0,0
1864,1:13:2:0:0:1,1,,4,0,0,1,0,0,0,0
1865,1:13:2:1:6:1,1,,4,0,0,1,0,0,0,0
1866,1:13:2:2:9:2,1,,4,0,0,1,0,0,0,0
1867,1:13:2:3:15:3,1,,4,0,0,1,0,0,0,0
1868,1:13:3:0:0:1,1,,4,0,0,1,0,0,0,0
1869,1:13:3:1:6:1,1,,4,0,0,1,0,0,0,0
1870,1:13:3:2:9:2,1,,4,0,0,1,0,0,0,0
1871,1:13:3:3:15:3,1,,4,0,0,1,0,0,0,0
1872,1:13:4:0:0:1,0,0,0,,,0,0,0,0,0
1873,1:13:4:1:6:1,0,0,0,,,0,0,0,0,0
1874,1:13:4:2:9:2,0,0,0,,,0,0,0,0,0
1875,1:13:4:3:15:3,1,,4,0,0,1,0,0,0,0
1876,1:13:5:0:0:1,0,0,0,,,0,0,0,0,0
1877,1:13:5:1:6:1,0,0,0,,,0,0,0,0,0
1878,1:13:5:2:9:2,0,0,0,,,0,0,0,0,0
1879,1:13:5:3:15:3,1,,4,0,0,1,0,0,0,0
1880,1:13:6:0:0:1,0,0,0,,,0,0,0,0,0
1881,1:13:6:1:6:1,0,0,0,,,0,0,0,0,0
1882,1:13:6:2:9:2,0,0,0,,,0,0,0,0,0
1883,1:13:6:3:15:3,1,,4,0,0,1,0,0,0,0
1884,1:13:7:0:0:1,0,0,0,,,0,0,0,0,0
1885,1:13:7:1:6:1,0,0,0,,,0,0,0,0,0
1886,1:13:7:2:9:2,0,0,0,,,0,0,0,0,0
1887,1:13:7:3:15:3,1,,4,0,0,1,0,0,0,0
1888,1:13:8:0:0:1,0,0,0,,,0,0,0,0,0
1889,1:13:8:1:6:1,0,0,0,,,0,0,0,0,0
1890,1:13:8:2:9:2,0,0,0,,,0,0,0,0,0
1891,1:13:8:3:15:3,1,,4,0,0,1,0,0,0,0
1892,1:13:9:0:0:1,0,0,0,,,0,0,0,0,0
1893,1:13:9:1:6:1,0,0,0,,,0,0,0,0,0
1894,1:13:9:2:9:2,0,0,0,,,0,0,0,0,0
1895,1:13:9:3:15:3,1,,4,0,0,1,0,0,0,0
1896,1:13:10:0:0:1,0,0,0,,,0,0,0,0,0
1897,1:13:10:1:6:1,0,0,0,,,0,0,0,0,0
1898,1:13:10:2:9:2,0,0,0,,,0,0,0,0,0
1899,1:13:10:3:15:3,1,,4,0,0,1,0,0,0,0
1900,1:13:11:0:0:1,0,0,0,,,0,0,0,0,0
1901,1:13:11:1:6:1,0,0,0,,,0,0,0,0,0
1902,1:13:11:2:9:2,0,0,0,,,0,0,0,0,0
1903,1:13:11:3:15:3,1,,4,0,0,1,0,0,0,0
1904,1:13:12:0:0:1,0,0,0,,,0,0,0,0,0
1905,1:13:12:1:6:1,0,0,0,,,0,0,0,0,0
1906,1:13:12:2:9:2,0,0,0,,,0,0,0,0,0
1907,1:13:12:3:15:3,1,,4,0,0,1,0,0,0,0
1908,1:13:13:0:0:1,1,2,2,2,2,2,0,0,0,0
1909,1:13:13:1:6:1,1,2,2,2,2,2,0,0,0,0
1910,1:13:13:2:9:2,1,2,2,2,2,2,0,0,0,0
1911,1:13:13:3:15:3,1,,4,0,0,1,0,0,0,0
1912,1:13:14:0:0:1,0,0,0,,,0,0,0,0,0
1913,1:13:14:1:6:1,0,0,0,,,0,0,0,0,0
1914,1:13:14:2:9:2,0,0,0,,,0,0,0,0,0
1915,1:13:14:3:15:3,1,,4,0,0,1,0,0,0,0
1916,1:13:15:0:0:1,0,0,0,,,0,0,0,0,0
1917,1:13:15:1:6:1,0,0,0,,,0,0,0,0,0
1918,1:13:15:2:9:2,0,0,0,,,0,0,0,0,0
1919,1:13:15:3:15:3,1,,4,0,0,1,0,0,0,0
1920,1:14:0:0:0:1,1,,4,0,0,1,0,0,0,0
1921,1:14:0:1:6:1,1,,4,0,0,1,0,0,0,0
1922,1:14:0:2:9:2,1,,4,0,0,1,0,0,0,0
1923,1:14:0:3:15:3,1,,4,0,0,1,0,0,0,0
1924,1:14:1:0:0:1,1,,4,0,0,1,0,0,0,0
1925,1:14:1:1:6:1,1,,4,0,0,1,0,0,0,0
1926,1:14:1:2:9:2,1,,4,0,0,1,0,0,0,0
1927,1:14:1:3:15:3,1,,4,0,0,1,0,0,0,0
1928,1:14:2:0:0:1,1,,4,0,0,1,0,0,0,0
1929,1:14:2:1:6:1,1,,4,0,0,1,0,0,0,0
1930,1:14:2:2:9:2,1,,4,0,0,1,0,0,0,0
1931,1:14:2:3:15:3,1,,4,0,0,1,0,0,0,0
1932,1:14:3:0:0:1,1,,4,0,0,1,0,0,0,0
1933,1:14:3:1:6:1,1,,4,0,0,1,0,0,0,0
1934,1:14:3:2:9:2,1,,4,0,0,1,0,0,0,0
1935,1:14:3:3:15:3,1,,4,0,0,1,0,0,0,0
1936,1:14:4:0:0:1,0,0,0,,,0,0,0,0,0
1937,1:14:4:1:6:1,0,0,0,,,0,0,0,0,0
1938,1:14:4:2:9:2,0,0,0,,,0,0,0,0,0
1939,1:14:4:3:15:3,1,,4,0,0,1,0,0,0,0
1940,1:14:5:0:0:1,0,0,0,,,0,0,0,0,0
1941,1:14:5:1:6:1,0,0,0,,,0,0,0,0,0
1942,1:14:5:2:9:2,0,0,0,,,0,0,0,0,0
1943,1:14:5:3:15:3,1,,4,0,0,1,0,0,0,0
1944,1:14:6:0:0:1,0,0,0,,,0,0,0,0,0
1945,1:14:6:1:6:1,0,0,0,,,0,0,0,0,0
1946,1:14:6:2:9:2,0,0,0,,,0,0,0,0,0
1947,1:14:6:3:15:3,1,,4,0,0,1,0,0,0,0
1948,1:14:7:0:0:1,0,0,0,,,0,0,0,0,0
1949,1:14:7:1:6:1,0,0,0,,,0,0,0,0,0
1950,1:14:7:2:9:2,0,0,0,,,0,0,0,0,0
1951,1:14:7:3:15:3,1,,4,0,0,1,0,0,0,0
1952,1:14:8:0:0:1,0,0,0,,,0,0,0,0,0
1953,1:14:8:1:6:1,0,0,0,,,0,0,0,0,0
1954,1:14:8:2:9:2,0,0,0,,,0,0,0,0,0
1955,1:14:8:3:15:3,1,,4,0,0,1,0,0,0,0
1956,1:14:9:0:0:1,0,0,0,,,0,0,0,0,0
1957,1:14:9:1:6:1,0,0,0,,,0,0,0,0,0
1958,1:14:9:2:9:2,0,0,0,,,0,0,0,0,0
1959,1:14:9:3:15:3,1,,4,0,0,1,0,0,0,0
1960,1:14:10:0:0:1,0,0,0,,,0,0,0,0,0
1961,1:14:10:1:6:1,0,0,0,,,0,0,0,0,0
1962,1:14:10:2:9:2,0,0,0,,,0,0,0,0,0
1963,1:14:10:3:15:3,1,,4,0,0,1,0,0,0,0
1964,1:14:11:0:0:1,0,0,0,,,0,0,0,0,0
1965,1:14:11:1:6:1,0,0,0,,,0,0,0,0,0
1966,1:14:11:2:9:2,0,0,0,,,0,0,0,0,0
1967,1:14:11:3:15:3,1,,4,0,0,1,0,0,0,0
1968,1:14:12:0:0:1,0,0,0,,,0,0,0,0,0
1969,1:14:12:1:6:1,0,0,0,,,0,0,0,0,0
1970,1:14:12:2:9:2,0,0,0,,,0,0,0,0,0
1971,1:14:12:3:15:3,1,,4,0,0,1,0,0,0,0
1972,1:14:13:0:0:1,0,0,0,,,0,0,0,0,0
1973,1:14:13:1:6:1,0,0,0,,,0,0,0,0,0
1974,1:14:13:2:9:2,0,0,0,,,0,0,0,0,0
1975,1:14:13:3:15:3,1,,4,0,0,1,0,0,0,0
1976,1:14:14:0:0:1,1,2,2,2,2,2,0,0,0,0
1977,1:14:14:1:6:1,1,2,2,2,2,2,0,0,0,0
1978,1:14:14:2:9:2,1,2,2,2,2,2,0,0,0,0
1979,1:14:14:3:15:3,1,,4,0,0,1,0,0,0,0
1980,1:14:15:0:0:1,0,0,0,,,0,0,0,0,0
1981,1:14:15:1:6:1,0,0,0,,,0,0,0,0,0
1982,1:14:15:2:9:2,0,0,0,,,0,0,0,0,0
1983,1:14:15:3:15:3,1,,4,0,0,1,0,0,0,0
1984,1:15:0:0:0:1,1,,4,0,0,1,0,0,0,0
1985,1:15:0:1:6:1,1,,4,0,0,1,0,0,0,0
1986,1:15:0:2:9:2,1,,4,0,0,1,0,0,0,0
1987,1:15:0:3:15:3,1,,4,0,0,1,0,0,0,0
1988,1:15:1:0:0:1,1,,4,0,0,1,0,0,0,0
1989,1:15:1:1:6:1,1,,4,0,0,1,0,0,0,0
1990,1:15:1:2:9:2,1,,4,0,0,1,0,0,0,0
1991,1:15:1:3:15:3,1,,4,0,0,1,0,0,0,0
1992,1:15:2:0:0:1,1,,4,0,0,1,0,0,0,0
1993,1:15:2:1:6:1,1,,4,0,0,1,0,0,0,0
1994,1:15:2:2:9:2,1,,4,0,0,1,0,0,0,0
1995,1:15:2:3:15:3,1,,4,0,0,1,0,0,0,0
1996,1:15:3:0:0:1,1,,4,0,0,1,0,0,0,0
1997,1:15:3:1:6:1,1,,4,0,0,1,0,0,0,0
1998,1:15:3:2:9:2,1,,4,0,0,1,0,0,0,0
1999,1:15:3:3:15:3,1,,4,0,0,1,0,0,0,0
2000,1:15:4:0:0:1,0,0,0,,,0,0,0,0,0
2001,1:15:4:1:6:1,0,0,0,,,0,0,0,0,0
2002,1:15:4:2:9:2,0,0,0,,,0,0,0,0,0
2003,1:15:4:3:15:3,1,,4,0,0,1,0,0,0,0
2004,1:15:5:0:0:1,0,0,0,,,0,0,0,0,0
2005,1:15:5:1:6:1,0,0,0,,,0,0,0,0,0
2006,1:15:5:2:9:2,0,0,0,,,0,0,0,0,0
2007,1:15:5:3:15:3,1,,4,0,0,1,0,0,0,0
2008,1:15:6:0:0:1,0,0,0,,,0,0,0,0,0
2009,1:15:6:1:6:1,0,0,0,,,0,0,0,0,0
2010,1:15:6:2:9:2,0,0,0,,,0,0,0,0,0
2011,1:15:6:3:15:3,1,,4,0,0,1,0,0,0,0
2012,1:15:7:0:0:1,0,0,0,,,0,0,0,0,0
2013,1:15:7:1:6:1,0,0,0,,,0,0,0,0,0
2014,1:15:7:2:9:2,0,0,0,,,0,0,0,0,0
2015,1:15:7:3:15:3,1,,4,0,0,1,0,0,0,0
2016,1:15:8:0:0:1,0,0,0,,,0,0,0,0,0
2017,1:15:8:1:6:1,0,0,0,,,0,0,0,0,0
2018,1:15:8:2:9:2,0,0,0,,,0,0,0,0,0
2019,1:15:8:3:15:3,1,,4,0,0,1,0,0,0,0
2020,1:15:9:0:0:1,0,0,0,,,0,0,0,0,0
2021,1:15:9:1:6:1,0,0,0,,,0,0,0,0,0
2022,1:15:9:2:9:2,0,0,0,,,0,0,0,0,0
2023,1:15:9:3:15:3,1,,4,0,0,1,0,0,0,0
2024,1:15:10:0:0:1,0,0,0,,,0,0,0,0,0
2025,1:15:10:1:6:1,0,0,0,,,0,0,0,0,0
2026,1:15:10:2:9:2,0,0,0,,,0,0,0,0,0
2027,1:15:10:3:15:3,1,,4,0,0,1,0,0,0,0
2028,1:15:11:0:0:1,0,0,0,,,0,0,0,0,0
2029,1:15:11:1:6:1,0,0,0,,,0,0,0,0,0
2030,1:15:11:2:9:2,0,0,0,,,0,0,0,0,0
2031,1:15:11:3:15:3,1,,4,0,0,1,0,0,0,0
2032,1:15:12:0:0:1,0,0,0,,,0,0,0,0,0
2033,1:15:12:1:6:1,0,0,0,,,0,0,0,0,0
2034,1:15:12:2:9:2,0,0,0,,,0,0,0,0,0
2035,1:15:12:3:15:3,1,,4,0,0,1,0,0,0,0
2036,1:15:13:0:0:1,0,0,0,,,0,0,0,0,0
2037,1:15:13:1:6:1,0,0,0,,,0,0,0,0,0
2038,1:15:13:2:9:2,0,0,0,,,0,0,0,0,0
2039,1:15:13:3:15:3,1,,4,0,0,1,0,0,0,0
2040,1:15:14:0:0:1,0,0,0,,,0,0,0,0,0
2041,1:15:14:1:6:1,0,0,0,,,0,0,0,0,0
2042,1:15:14:2:9:2,0,0,0,,,0,0,0,0,0
2043,1:15:14:3:15:3,1,,4,0,0,1,0,0,0,0
2044,1:15:15:0:0:1,1,2,2,2,2,2,0,0,0,0
2045,1:15:15:1:6:1,1,2,2,2,2,2,0,0,0,0
2046,1:15:15:2:9:2,1,2,2,2,2,2,0,0,0,0
2047,1:15:15:3:15:3,1,,4,0,0,1,0,0,0,0
2048,2:0:0:0:0:1,1,,4,0,0,1,0,0,0,0
2049,2:0:0:1:6:1,1,,4,0,0,1,0,0,0,0
2050,2:0:0:2:9:2,1,,4,0,0,1,0,0,0,0
2051,2:0:0:3:15:3,1,,4,0,0,1,0,0,0,0
2052,2:0:1:0:0:1,1,,4,0,0,1,0,0,0,0
2053,2:0:1:1:6:1,1,,4,0,0,1,0,0,0,0
2054,2:0:1:2:9:2,1,,4,0,0,1,0,0,0,0
2055,2:0:1:3:15:3,1,,4,0,0,1,0,0,0,0
2056,2:0:2:0:0:1,1,,4,0,0,1,0,0,0,0
2057,2:0:2:1:6:1,1,,4,0,0,1,0,0,0,0
2058,2:0:2:2:9:2,1,,4,0,0,1,0,0,0,0
2059,2:0:2:3:15:3,1,,4,0,0,1,0,0,0,0
2060,2:0:3:0:0:1,1,,4,0,0,1,0,0,0,0
2061,2:0:3:1:6:1,1,,4,0,0,1,0,0,0,0
2062,2:0:3:2:9:2,1,,4,0,0,1,0,0,0,0
2063,2:0:3:3:15:3,1,,4,0,0,1,0,0,0,0
2064,2:0:4:0:0:1,0,0,0,,,0,0,0,0,0
2065,2:0:4:1:6:1,0,0,0,,,0,0,0,0,0
2066,2:0:4:2:9:2,0,0,0,,,0,0,0,0,0
2067,2:0:4:3:15:3,1,,4,0,0,1,0,0,0,0
2068,2:0:5:0:0:1,0,0,0,,,0,0,0,0,0
2069,2:0:5:1:6:1,0,0,0,,,0,0,0,0,0
2070,2:0:5:2:9:2,0,0,0,,,0,0,0,0,0
2071,2:0:5:3:15:3,1,,4,0,0,1,0,0,0,0
2072,2:0:6:0:0:1,0,0,0,,,0,0,0,0,0
2073,2:0:6:1:6:1,0,0,0,,,0,0,0,0,0
2074,2:0:6:2:9:2,0,0,0,,,0,0,0,0,0
2075,2:0:6:3:15:3,1,,4,0,0,1,0,0,0,0
2076,2:0:7:0:0:1,0,0,0,,,0,0,0,0,0
2077,2:0:7:1:6:1,0,0,0,,,0,0,0,0,0
2078,2:0:7:2:9:2,0,0,0,,,0,0,0,0,0
2079,2:0:7:3:15:3,1,,4,0,0,1,0,0,0,0
2080,2:0:8:0:0:1,0,0,0,,,0,0,0,0,0
2081,2:0:8:1:6:1,0,0,0,,,0,0,0,0,0
2082,2:0:8:2:9:2,0,0,0,,,0,0,0,0,0
2083,2:0:8:3:15:3,1,,4,0,0,1,0,0,0,0
2084,2:0:9:0:0:1,0,0,0,,,0,0,0,0,0
2085,2:0:9:1:6:1,0,0,0,,,0,0,0,0,0
2086,2:0:9:2:9:2,0,0,0,,,0,0,0,0,0
2087,2:0:9:3:15:3,1,,4,0,0,1,0,0,0,0
2088,2:0:10:0:0:1,0,0,0,,,0,0,0,0,0
2089,2:0:10:1:6:1,0,0,0,,,0,0,0,0,0
2090,2:0:10:2:9:2,0,0,0,,,0,0,0,0,0
2091,2:0:10:3:15:3,1,,4,0,0,1,0,0,0,0
2092,2:0:11:0:0:1,0,0,0,,,0,0,0,0,0
2093,2:0:11:1:6:1,0,0,0,,,0,0,0,0,0
2094,2:0:11:2:9:2,0,0,0,,,0,0,0,0,0
2095,2:0:11:3:15:3,1,,4,0,0,1,0,0,0,0
2096,2:0:12:0:0:1,0,0,0,,,0,0,0,0,0
2097,2:0:12:1:6:1,0,0,0,,,0,0,0,0,0
2098,2:0:12:2:9:2,0,0,0,,,0,0,0,0,0
2099,2:0:12:3:15:3,1,,4,0,0,1,0,0,0,0
2100,2:0:13:0:0:1,0,0,0,,,0,0,0,0,0
2101,2:0:13:1:6:1,0,0,0,,,0,0,0,0,0
2102,2:0:13:2:9:2,0,0,0,,,0,0,0,0,0
2103,2:0:13:3:15:3,1,,4,0,0,1,0,0,0,0
2104,2:0:14:0:0:1,0,0,0,,,0,0,0,0,0
2105,2:0:14:1:6:1,0,0,0,,,0,0,0,0,0
2106,2:0:14:2:9:2,0,0,0,,,0,0,0,0,0
2107,2:0:14:3:15:3,1,,4,0,0,1,0,0,0,0
2108,2:0:15:0:0:1,0,0,0,,,0,0,0,0,0
2109,2:0:15:1:6:1,0,0,0,,,0,0,0,0,0
2110,2:0:15:2:9:2,0,0,0,,,0,0,0,0,0
2111,2:0:15:3:15:3,1,,4,0,0,1,0,0,0,0
2112,2:1:0:0:0:1,1,,4,0,0,1,0,0,0,0
2113,2:1:0:1:6:1,1,,4,0,0,1,0,0,0,0
2114,2:1:0:2:9:2,1,,4,0,0,1,0,0,0,0
2115,2:1:0:3:15:3,1,,4,0,0,1,0,0,0,0
2116,2:1:1:0:0:1,1,,4,0,0,1,0,0,0,0
2117,2:1:1:1:6:1,1,,4,0,0,1,0,0,0,0
2118,2:1:1:2:9:2,1,,4,0,0,1,0,0,0,0
2119,2:1:1:3:15:3,1,,4,0,0,1,0,0,0,0
2120,2:1:2:0:0:1,1,,4,0,0,1,0,0,0,0
2121,2:1:2:1:6:1,1,,4,0,0,1,0,0,0,0
2122,2:1:2:2:9:2,1,,4,0,0,1,0,0,0,0
2123,2:1:2:3:15:3,1,,4,0,0,1,0,0,0,0
2124,2:1:3:0:0:1,1,,4,0,0,1,0,0,0,0
2125,2:1:3:1:6:1,1,,4,0,0,1,0,0,0,0
2126,2:1:3:2:9:2,1,,4,0,0,1,0,0,0,0
2127,2:1:3:3:15:3,1,,4,0,0,1,0,0,0,0
2128,2:1:4:0:0:1,0,0,0,,,0,0,0,0,0
2129,2:1:4:1:6:1,0,0,0,,,0,0,0,0,0
2130,2:1:4:2:9:2,0,0,0,,,0,0,0,0,0
2131,2:1:4:3:15:3,1,,4,0,0,1,0,0,0,0
2132,2:1:5:0:0:1,0,0,0,,,0,0,0,0,0
2133,2:1:5:1:6:1,0,0,0,,,0,0,0,0,0
2134,2:1:5:2:9:2,0,0,0,,,0,0,0,0,0
2135,2:1:5:3:15:3,1,,4,0,0,1,0,0,0,0
2136,2:1:6:0:0:1,0,0,0,,,0,0,0,0,0
2137,2:1:6:1:6:1,0,0,0,,,0,0,0,0,0
2138,2:1:6:2:9:2,0,0,0,,,0,0,0,0,0
2139,2:1:6:3:15:3,1,,4,0,0,1,0,0,0,0
2140,2:1:7:0:0:1,0,0,0,,,0,0,0,0,0
2141,2:1:7:1:6:1,0,0,0,,,0,0,0,0,0
2142,2:1:7:2:9:2,0,0,0,,,0,0,0,0,0
2143,2:1:7:3:15:3,1,,4,0,0,1,0,0,0,0
2144,2:1:8:0:0:1,0,0,0,,,0,0,0,0,0
2145,2:1:8:1:6:1,0,0,0,,,0,0,0,0,0
2146,2:1:8:2:9:2,0,0,0,,,0,0,0,0,0
2147,2:1:8:3:15:3,1,,4,0,0,1,0,0,0,0
2148,2:1:9:0:0:1,0,0,0,,,0,0,0,0,0
2149,2:1:9:1:6:1,0,0,0,,,0,0,0,0,0
2150,2:1:9:2:9:2,0,0,0,,,0,0,0,0,0
2151,2:1:9:3:15:3,1,,4,0,0,1,0,0,0,0
2152,2:1:10:0:0:1,0,0,0,,,0,0,0,0,0
2153,2:1:10:1:6:1,0,0,0,,,0,0,0,0,0
2154,2:1:10:2:9:2,0,0,0,,,0,0,0,0,0
2155,2:1:10:3:15:3,1,,4,0,0,1,0,0,0,0
2156,2:1:11:0:0:1,0,0,0,,,0,0,0,0,0
2157,2:1:11:1:6:1,0,0,0,,,0,0,0,0,0
2158,2:1:11:2:9:2,0,0,0,,,0,0,0,0,0
2159,2:1:11:3:15:3,1,,4,0,0,1,0,0,0,0
2160,2:1:12:0:0:1,0,0,0,,,0,0,0,0,0
2161,2:1:12:1:6:1,0,0,0,,,0,0,0,0,0
2162,2:1:12:2:9:2,0,0,0,,,0,0,0,0,0
2163,2:1:12:3:15:3,1,,4,0,0,1,0,0,0,0
2164,2:1:13:0:0:1,0,0,0,,,0,0,0,0,0
2165,2:1:13:1:6:1,0,0,0,,,0,0,0,0,0
2166,2:1:13:2:9:2,0,0,0,,,0,0,0,0,0
2167,2:1:13:3:15:3,1,,4,0,0,1,0,0,0,0
2168,2:1:14:0:0:1,0,0,0,,,0,0,0,0,0
2169,2:1:14:1:6:1,0,0,0,,,0,0,0,0,0
2170,2:1:14:2:9:2,0,0,0,,,0,0,0,0,0
2171,2:1:14:3:15:3,1,,4,0,0,1,0,0,0,0
2172,2:1:15:0:0:1,0,0,0,,,0,0,0,0,0
2173,2:1:15:1:6:1,0,0,0,,,0,0,0,0,0
2174,2:1:15:2:9:2,0,0,0,,,0,0,0,0,0
2175,2:1:15:3:15:3,1,,4,0,0,1,0,0,0,0
2176,2:2:0:0:0:1,1,,4,0,0,1,0,0,0,0
2177,2:2:0:1:6:1,1,,4,0,0,1,0,0,0,0
2178,2:2:0:2:9:2,1,,4,0,0,1,0,0,0,0
2179,2:2:0:3:15:3,1,,4,0,0,1,0,0,0,0
2180,2:2:1:0:0:1,1,,4,0,0,1,0,0,0,0
2181,2:2:1:1:6:1,1,,4,0,0,1,0,0,0,0
2182,2:2:1:2:9:2,1,,4,0,0,1,0,0,0,0
2183,2:2:1:3:15:3,1,,4,0,0,1,0,0,0,0
2184,2:2:2:0:0:1,1,,4,0,0,1,0,0,0,0
2185,2:2:2:1:6:1,1,,4,0,0,1,0,0,0,0
2186,2:2:2:2:9:2,1,,4,0,0,1,0,0,0,0
2187,2:2:2:3:15:3,1,,4,0,0,1,0,0,0,0
2188,2:2:3:0:0:1,1,,4,0,0,1,0,0,0,0
2189,2:2:3:1:6:1,1,,4,0,0,1,0,0,0,0
2190,2:2:3:2:9:2,1,,4,0,0,1,0,0,0,0
2191,2:2:3:3:15:3,1,,4,0,0,1,0,0,0,0
2192,2:2:4:0:0:1,0,0,0,,,0,0,0,0,0
2193,2:2:4:1:6:1,0,0,0,,,0,0,0,0,0
2194,2:2:4:2:9:2,0,0,0,,,0,0,0,0,0
2195,2:2:4:3:15:3,1,,4,0,0,1,0,0,0,0
2196,2:2:5:0:0:1,0,0,0,,,0,0,0,0,0
2197,2:2:5:1:6:1,0,0,0,,,0,0,0,0,0
2198,2:2:5:2:9:2,0,0,0,,,0,0,0,0,0
2199,2:2:5:3:15:3,1,,4,0,0,1,0,0,0,0
2200,2:2:6:0:0:1,0,0,0,,,0,0,0,0,0
2201,2:2:6:1:6:1,0,0,0,,,0,0,0,0,0
2202,2:2:6:2:9:2,0,0,0,,,0,0,0,0,0
2203,2:2:6:3:15:3,1,,4,0,0,1,0,0,0,0
2204,2:2:7:0:0:1,0,0,0,,,0,0,0,0,0
2205,2:2:7:1:6:1,0,0,0,,,0,0,0,0,0
2206,2:2:7:2:9:2,0,0,0,,,0,0,0,0,0
2207,2:2:7:3:15:3,1,,4,0,0,1,0,0,0,0
2208,2:2:8:0:0:1,0,0,0,,,0,0,0,0,0
2209,2:2:8:1:6:1,0,0,0,,,0,0,0,0,0
2210,2:2:8:2:9:2,0,0,0,,,0,0,0,0,0
2211,2:2:8:3:15:3,1,,4,0,0,1,0,0,0,0
2212,2:2:9:0:0:1,0,0,0,,,0,0,0,0,0
2213,2:2:9:1:6:1,0,0,0,,,0,0,0,0,0
2214,2:2:9:2:9:2,0,0,0,,,0,0,0,0,0
2215,2:2:9:3:15:3,1,,4,0,0,1,0,0,0,0
2216,2:2:10:0:0:1,0,0,0,,,0,0,0,0,0
2217,2:2:10:1:6:1,0,0,0,,,0,0,0,0,0
2218,2:2:10:2:9:2,0,0,0,,,0,0,0,0,0
2219,2:2:10:3:15:3,1,,4,0,0,1,0,0,0,0
2220,2:2:11:0:0:1,0,0,0,,,0,0,0,0,0
2221,2:2:11:1:6:1,0,0,0,,,0,0,0,0,0
2222,2:2:11:2:9:2,0,0,0,,,0,0,0,0,0
2223,2:2:11:3:15:3,1,,4,0,0,1,0,0,0,0
2224,2:2:12:0:0:1,0,0,0,,,0,0,0,0,0
2225,2:2:12:1:6:1,0,0,0,,,0,0,0,0,0
2226,2:2:12:2:9:2,0,0,0,,,0,0,0,0,0
2227,2:2:12:3:15:3,1,,4,0,0,1,0,0,0,0
2228,2:2:13:0:0:1,0,0,0,,,0,0,0,0,0
2229,2:2:13:1:6:1,0,0,0,,,0,0,0,0,0
2230,2:2:13:2:9:2,0,0,0,,,0,0,0,0,0
2231,2:2:13:3:15:3,1,,4,0,0,1,0,0,0,0
2232,2:2:14:0:0:1,0,0,0,,,0,0,0,0,0
2233,2:2:14:1:6:1,0,0,0,,,0,0,0,0,0
2234,2:2:14:2:9:2,0,0,0,,,0,0,0,0,0
2235,2:2:14:3:15:3,1,,4,0,0,1,0,0,0,0
2236,2:2:15:0:0:1,0,0,0,,,0,0,0,0,0
2237,2:2:15:1:6:1,0,0,0,,,0,0,0,0,0
2238,2:2:15:2:9:2,0,0,0,,,0,0,0,0,0
2239,2:2:15:3:15:3,1,,4,0,0,1,0,0,0,0
2240,2:3:0:0:0:1,1,,4,0,0,1,0,0,0,0
2241,2:3:0:1:6:1,1,,4,0,0,1,0,0,0,0
2242,2:3:0:2:9:2,1,,4,0,0,1,0,0,0,0
2243,2:3:0:3:15:3,1,,4,0,0,1,0,0,0,0
2244,2:3:1:0:0:1,1,,4,0,0,1,0,0,0,0
2245,2:3:1:1:6:1,1,,4,0,0,1,0,0,0,0
2246,2:3:1:2:9:2,1,,4,0,0,1,0,0,0,0
2247,2:3:1:3:15:3,1,,4,0,0,1,0,0,0,0
2248,2:3:2:0:0:1,1,,4,0,0,1,0,0,0,0
2249,2:3:2:1:6:1,1,,4,0,0,1,0,0,0,0
2250,2:3:2:2:9:2,1,,4,0,0,1,0,0,0,0
2251,2:3:2:3:15:3,1,,4,0,0,1,0,0,0,0
2252,2:3:3:0:0:1,1,,4,0,0,1,0,0,0,0
2253,2:3:3:1:6:1,1,,4,0,0,1,0,0,0,0
2254,2:3:3:2:9:2,1,,4,0,0,1,0,0,0,0
2255,2:3:3:3:15:3,1,,4,0,0,1,0,0,0,0
2256,2:3:4:0:0:1,0,0,0,,,0,0,0,0,0
2257,2:3:4:1:6:1,0,0,0,,,0,0,0,0,0
2258,2:3:4:2:9:2,0,0,0,,,0,0,0,0,0
2259,2:3:4:3:15:3,1,,4,0,0,1,0,0,0,0
2260,2:3:5:0:0:1,0,0,0,,,0,0,0,0,0
2261,2:3:5:1:6:1,0,0,0,,,0,0,0,0,0
2262,2:3:5:2:9:2,0,0,0,,,0,0,0,0,0
2263,2:3:5:3:15:3,1,,4,0,0,1,0,0,0,0
2264,2:3:6:0:0:1,0,0,0,,,0,0,0,0,0
2265,2:3:6:1:6:1,0,0,0,,,0,0,0,0,0
2266,2:3:6:2:9:2,0,0,0,,,0,0,0,0,0
2267,2:3:6:3:15:3,1,,4,0,0,1,0,0,0,0
2268,2:3:7:0:0:1,0,0,0,,,0,0,0,0,0
2269,2:3:7:1:6:1,0,0,0,,,0,0,0,0,0
2270,2:3:7:2:9:2,0,0,0,,,0,0,0,0,0
2271,2:3:7:3:15:3,1,,4,0,0,1,0,0,0,0
2272,2:3:8:0:0:1,0,0,0,,,0,0,0,0,0
2273,2:3:8:1:6:1,0,0,0,,,0,0,0,0,0
2274,2:3:8:2:9:2,0,0,0,,,0,0,0,0,0
2275,2:3:8:3:15:3,1,,4,0,0,1,0,0,0,0
2276,2:3:9:0:0:1,0,0,0,,,0,0,0,0,0
2277,2:3:9:1:6:1,0,0,0,,,0,0,0,0,0
2278,2:3:9:2:9:2,0,0,0,,,0,0,0,0,0
2279,2:3:9:3:15:3,1,,4,0,0,1,0,0,0,0
2280,2:3:10:0:0:1,0,0,0,,,0,0,0,0,0
2281,2:3:10:1:6:1,0,0,0,,,0,0,0,0,0
2282,2:3:10:2:9:2,0,0,0,,,0,0,0,0,0
2283,2:3:10:3:15:3,1,,4,0,0,1,0,0,0,0
2284,2:3:11:0:0:1,0,0,0,,,0,0,0,0,0
2285,2:3:11:1:6:1,0,0,0,,,0,0,0,0,0
2286,2:3:11:2:9:2,0,0,0,,,0,0,0,0,0
2287,2:3:11:3:15:3,1,,4,0,0,1,0,0,0,0
2288,2:3:12:0:0:1,0,0,0,,,0,0,0,0,0
2289,2:3:12:1:6:1,0,0,0,,,0,0,0,0,0
2290,2:3:12:2:9:2,0,0,0,,,0,0,0,0,0
2291,2:3:12:3:15:3,1,,4,0,0,1,0,0,0,0
2292,2:3:13:0:0:1,0,0,0,,,0,0,0,0,0
2293,2:3:13:1:6:1,0,0,0,,,0,0,0,0,0
2294,2:3:13:2:9:2,0,0,0,,,0,0,0,0,0
2295,2:3:13:3:15:3,1,,4,0,0,1,0,0,0,0
2296,2:3:14:0:0:1,0,0,0,,,0,0,0,0,0
2297,2:3:14:1:6:1,0,0,0,,,0,0,0,0,0
2298,2:3:14:2:9:2,0,0,0,,,0,0,0,0,0
2299,2:3:14:3:15:3,1,,4,0,0,1,0,0,0,0
2300,2:3:15:0:0:1,0,0,0,,,0,0,0,0,0
2301,2:3:15:1:6:1,0,0,0,,,0,0,0,0,0
2302,2:3:15:2:9:2,0,0,0,,,0,0,0,0,0
2303,2:3:15:3:15:3,1,,4,0,0,1,0,0,0,0
2304,2:4:0:0:0:1,1,,4,0,0,1,0,0,0,0
2305,2:4:0:1:6:1,1,,4,0,0,1,0,0,0,0
2306,2:4:0:2:9:2,1,,4,0,0,1,0,0,0,0
2307,2:4:0:3:15:3,1,,4,0,0,1,0,0,0,0
2308,2:4:1:0:0:1,1,,4,0,0,1,0,0,0,0
2309,2:4:1:1:6:1,1,,4,0,0,1,0,0,0,0
2310,2:4:1:2:9:2,1,,4,0,0,1,0,0,0,0
2311,2:4:1:3:15:3,1,,4,0,0,1,0,0,0,0
2312,2:4:2:0:0:1,1,,4,0,0,1,0,0,0,0
2313,2:4:2:1:6:1,1,,4,0,0,1,0,0,0,0
2314,2:4:2:2:9:2,1,,4,0,0,1,0,0,0,0
2315,2:4:2:3:15:3,1,,4,0,0,1,0,0,0,0
2316,2:4:3:0:0:1,1,,4,0,0,1,0,0,0,0
2317,2:4:3:1:6:1,1,,4,0,0,1,0,0,0,0
2318,2:4:3:2:9:2,1,,4,0,0,1,0,0,0,0
2319,2:4:3:3:15:3,1,,4,0,0,1,0,0,0,0
2320,2:4:4:0:0:1,1,2,2,2,2,2,0,0,0,0
2321,2:4:4:1:6:1,1,2,2,2,2,2,0,0,0,0
2322,2:4:4:2:9:2,1,2,2,2,2,2,0,0,0,0
2323,2:4:4:3:15:3,1,,4,0,0,1,0,0,0,0
2324,2:4:5:0:0:1,0,0,0,,,0,0,0,0,0
2325,2:4:5:1:6:1,0,0,0,,,0,0,0,0,0
2326,2:4:5:2:9:2,0,0,0,,,0,0,0,0,0
2327,2:4:5:3:15:3,1,,4,0,0,1,0,0,0,0
2328,2:4:6:0:0:1,0,0,0,,,0,0,0,0,0
2329,2:4:6:1:6:1,0,0,0,,,0,0,0,0,0
2330,2:4:6:2:9:2,0,0,0,,,0,0,0,0,0
2331,2:4:6:3:15:3,1,,4,0,0,1,0,0,0,0
2332,2:4:7:0:0:1,0,0,0,,,0,0,0,0,0
2333,2:4:7:1:6:1,0,0,0,,,0,0,0,0,0
2334,2:4:7:2:9:2,0,0,0,,,0,0,0,0,0
2335,2:4:7:3:15:3,1,,4,0,0,1,0,0,0,0
2336,2:4:8:0:0:1,0,0,0,,,0,0,0,0,0
2337,2:4:8:1:6:1,0,0,0,,,0,0,0,0,0
2338,2:4:8:2:9:2,0,0,0,,,0,0,0,0,0
2339,2:4:8:3:15:3,1,,4,0,0,1,0,0,0,0
2340,2:4:9:0:0:1,0,0,0,,,0,0,0,0,0
2341,2:4:9:1:6:1,0,0,0,,,0,0,0,0,0
2342,2:4:9:2:9:2,0,0,0,,,0,0,0,0,0
2343,2:4:9:3:15:3,1,,4,0,0,1,0,0,0,0
2344,2:4:10:0:0:1,0,0,0,,,0,0,0,0,0
2345,2:4:10:1:6:1,0,0,0,,,0,0,0,0,0
2346,2:4:10:2:9:2,0,0,0,,,0,0,0,0,0
2347,2:4:10:3:15:3,1,,4,0,0,1,0,0,0,0
2348,2:4:11:0:0:1,0,0,0,,,0,0,0,0,0
2349,2:4:11:1:6:1,0,0,0,,,0,0,0,0,0
2350,2:4:11:2:9:2,0,0,0,,,0,0,0,0,0
2351,2:4:11:3:15:3,1,,4,0,0,1,0,0,0,0
2352,2:4:12:0:0:1,0,0,0,,,0,0,0,0,0
2353,2:4:12:1:6:1,0,0,0,,,0,0,0,0,0
2354,2:4:12:2:9:2,0,0,0,,,0,0,0,0,0
2355,2:4:12:3:15:3,1,,4,0,0,1,0,0,0,0
2356,2:4:13:0:0:1,0,0,0,,,0,0,0,0,0
2357,2:4:13:1:6:1,0,0,0,,,0,0,0,0,0
2358,2:4:13:2:9:2,0,0,0,,,0,0,0,0,0
2359,2:4:13:3:15:3,1,,4,0,0,1,0,0,0,0
2360,2:4:14:0:0:1,0,0,0,,,0,0,0,0,0
2361,2:4:14:1:6:1,0,0,0,,,0,0,0,0,0
2362,2:4:14:2:9:2,0,0,0,,,0,0,0,0,0
2363,2:4:14:3:15:3,1,,4,0,0,1,0,0,0,0
2364,2:4:15:0:0:1,0,0,0,,,0,0,0,0,0
2365,2:4:15:1:6:1,0,0,0,,,0,0,0,0,0
2366,2:4:15:2:9:2,0,0,0,,,0,0,0,0,0
2367,2:4:15:3:15:3,1,,4,0,0,1,0,0,0,0
2368,2:5:0:0:0:1,1,,4,0,0,1,0,0,0,0
2369,2:5:0:1:6:1,1,,4,0,0,1,0,0,0,0
2370,2:5:0:2:9:2,1,,4,0,0,1,0,0,0,0
2371,2:5:0:3:15:3,1,,4,0,0,1,0,0,0,0
2372,2:5:1:0:0:1,1,,4,0,0,1,0,0,0,0
2373,2:5:1:1:6:1,1,,4,0,0,1,0,0,0,0
2374,2:5:1:2:9:2,1,,4,0,0,1,0,0,0,0
2375,2:5:1:3:15:3,1,,4,0,0,1,0,0,0,0
2376,2:5:2:0:0:1,1,,4,0,0,1,0,0,0,0
2377,2:5:2:1:6:1,1,,4,0,0,1,0,0,0,0
2378,2:5:2:2:9:2,1,,4,0,0,1,0,0,0,0
2379,2:5:2:3:15:3,1,,4,0,0,1,0,0,0,0
2380,2:5:3:0:0:1,1,,4,0,0,1,0,0,0,0
2381,2:5:3:1:6:1,1,,4,0,0,1,0,0,0,0
2382,2:5:3:2:9:2,1,,4,0,0,1,0,0,0,0
2383,2:5:3:3:15:3,1,,4,0,0,1,0,0,0,0
2384,2:5:4:0:0:1,0,0,0,,,0,0,0,0,0
2385,2:5:4:1:6:1,0,0,0,,,0,0,0,0,0
2386,2:5:4:2:9:2,0,0,0,,,0,0,0,0,0
2387,2:5:4:3:15:3,1,,4,0,0,1,0,0,0,0
2388,2:5:5:0:0:1,1,2,2,2,2,2,0,0,0,0
2389,2:5:5:1:6:1,1,2,2,2,2,2,0,0,0,0
2390,2:5:5:2:9:2,1,2,2,2,2,2,0,0,0,0
2391,2:5:5:3:15:3,1,,4,0,0,1,0,0,0,0
2392,2:5:6:0:0:1,0,0,0,,,0,0,0,0,0
2393,2:5:6:1:6:1,0,0,0,,,0,0,0,0,0
2394,2:5:6:2:9:2,0,0,0,,,0,0,0,0,0
2395,2:5:6:3:15:3,1,,4,0,0,1,0,0,0,0
2396,2:5:7:0:0:1,0,0,0,,,0,0,0,0,0
2397,2:5:7:1:6:1,0,0,0,,,0,0,0,0,0
2398,2:5:7:2:9:2,0,0,0,,,0,0,0,0,0
2399,2:5:7:3:15:3,1,,4,0,0,1,0,0,0,0
2400,2:5:8:0:0:1,0,0,0,,,0,0,0,0,0
2401,2:5:8:1:6:1,0,0,0,,,0,0,0,0,0
2402,2:5:8:2:9:2,0,0,0,,,0,0,0,0,0
2403,2:5:8:3:15:3,1,,4,0,0,1,0,0,0,0
2404,2:5:9:0:0:1,0,0,0,,,0,0,0,0,0
2405,2:5:9:1:6:1,0,0,0,,,0,0,0,0,0
2406,2:5:9:2:9:2,0,0,0,,,0,0,0,0,0
2407,2:5:9:3:15:3,1,,4,0,0,1,0,0,0,0
2408,2:5:10:0:0:1,0,0,0,,,0,0,0,0,0
2409,2:5:10:1:6:1,0,0,0,,,0,0,0,0,0
2410,2:5:10:2:9:2,0,0,0,,,0,0,0,0,0
2411,2:5:10:3:15:3,1,,4,0,0,1,0,0,0,0
2412,2:5:11:0:0:1,0,0,0,,,0,0,0,0,0
2413,2:5:11:1:6:1,0,0,0,,,0,0,0,0,0
2414,2:5:11:2:9:2,0,0,0,,,0,0,0,0,0
2415,2:5:11:3:15:3,1,,4,0,0,1,0,0,0,0
2416,2:5:12:0:0:1,0,0,0,,,0,0,0,0,0
2417,2:5:12:1:6:1,0,0,0,,,0,0,0,0,0
2418,2:5:12:2:9:2,0,0,0,,,0,0,0,0,0
2419,2:5:12:3:15:3,1,,4,0,0,1,0,0,0,0
2420,2:5:13:0:0:1,0,0,0,,,0,0,0,0,0
2421,2:5:13:1:6:1,0,0,0,,,0,0,0,0,0
2422,2:5:13:2:9:2,0,0,0,,,0,0,0,0,0
2423,2:5:13:3:15:3,1,,4,0,0,1,0,0,0,0
2424,2:5:14:0:0:1,0,0,0,,,0,0,0,0,0
2425,2:5:14:1:6:1,0,0,0,,,0,0,0,0,0
2426,2:5:14:2:9:2,0,0,0,,,0,0,0,0,0
2427,2:5:14:3:15:3,1,,4,0,0,1,0,0,0,0
2428,2:5:15:0:0:1,0,0,0,,,0,0,0,0,0
2429,2:5:15:1:6:1,0,0,0,,,0,0,0,0,0
2430,2:5:15:2:9:2,0,0,0,,,0,0,0,0,0
2431,2:5:15:3:15:3,1,,4,0,0,1,0,0,0,0
2432,2:6:0:0:0:1,1,,4,0,0,1,0,0,0,0
2433,2:6:0:1:6:1,1,,4,0,0,1,0,0,0,0
2434,2:6:0:2:9:2,1,,4,0,0,1,0,0,0,0
2435,2:6:0:3:15:3,1,,4,0,0,1,0,0,0,0
2436,2:6:1:0:0:1,1,,4,0,0,1,0,0,0,0
2437,2:6:1:1:6:1,1,,4,0,0,1,0,0,0,0
2438,2:6:1:2:9:2,1,,4,0,0,1,0,0,0,0
2439,2:6:1:3:15:3,1,,4,0,0,1,0,0,0,0
2440,2:6:2:0:0:1,1,,4,0,0,1,0,0,0,0
2441,2:6:2:1:6:1,1,,4,0,0,1,0,0,0,0
2442,2:6:2:2:9:2,1,,4,0,0,1,0,0,0,0
2443,2:6:2:3:15:3,1,,4,0,0,1,0,0,0,0
2444,2:6:3:0:0:1,1,,4,0,0,1,0,0,0,0
2445,2:6:3:1:6:1,1,,4,0,0,1,0,0,0,0
2446,2:6:3:2:9:2,1,,4,0,0,1,0,0,0,0
2447,2:6:3:3:15:3,1,,4,0,0,1,0,0,0,0
2448,2:6:4:0:0:1,0,0,0,,,0,0,0,0,0
2449,2:6:4:1:6:1,0,0,0,,,0,0,0,0,0
2450,2:6:4:2:9:2,0,0,0,,,0,0,0,0,0
2451,2:6:4:3:15:3,1,,4,0,0,1,0,0,0,0
2452,2:6:5:0:0:1,0,0,0,,,0,0,0,0,0
2453,2:6:5:1:6:1,0,0,0,,,0,0,0,0,0
2454,2:6:5:2:9:2,0,0,0,,,0,0,0,0,0
2455,2:6:5:3:15:3,1,,4,0,0,1,0,0,0,0
2456,2:6:6:0:0:1,1,2,2,2,2,2,0,0,0,0
2457,2:6:6:1:6:1,1,2,2,2,2,2,0,0,0,0
2458,2:6:6:2:9:2,1,2,2,2,2,2,0,0,0,0
2459,2:6:6:3:15:3,1,,4,0,0,1,0,0,0,0
2460,2:6:7:0:0:1,0,0,0,,,0,0,0,0,0
2461,2:6:7:1:6:1,0,0,0,,,0,0,0,0,0
2462,2:6:7:2:9:2,0,0,0,,,0,0,0,0,0
2463,2:6:7:3:15:3,1,,4,0,0,1,0,0,0,0
2464,2:6:8:0:0:1,0,0,0,,,0,0,0,0,0
2465,2:6:8:1:6:1,0,0,0,,,0,0,0,0,0
2466,2:6:8:2:9:2,0,0,0,,,0,0,0,0,0
2467,2:6:8:3:15:3,1,,4,0,0,1,0,0,0,0
2468,2:6:9:0:0:1,0,0,0,,,0,0,0,0,0
2469,2:6:9:1:6:1,0,0,0,,,0,0,0,0,0
2470,2:6:9:2:9:2,0,0,0,,,0,0,0,0,0
2471,2:6:9:3:15:3,1,,4,0,0,1,0,0,0,0
2472,2:6:10:0:0:1,0,0,0,,,0,0,0,0,0
2473,2:6:10:1:6:1,0,0,0,,,0,0,0,0,0
2474,2:6:10:2:9:2,0,0,0,,,0,0,0,0,0
2475,2:6:10:3:15:3,1,,4,0,0,1,0,0,0,0
2476,2:6:11:0:0:1,0,0,0,,,0,0,0,0,0
2477,2:6:11:1:6:1,0,0,0,,,0,0,0,0,0
2478,2:6:11:2:9:2,0,0,0,,,0,0,0,0,0
2479,2:6:11:3:15:3,1,,4,0,0,1,0,0,0,0
2480,2:6:12:0:0:1,0,0,0,,,0,0,0,0,0
2481,2:6:12:1:6:1,0,0,0,,,0,0,0,0,0
2482,2:6:12:2:9:2,0,0,0,,,0,0,0,0,0
2483,2:6:12:3:15:3,1,,4,0,0,1,0,0,0,0
2484,2:6:13:0:0:1,0,0,0,,,0,0,0,0,0
2485,2:6:13:1:6:1,0,0,0,,,0,0,0,0,0
2486,2:6:13:2:9:2,0,0,0,,,0,0,0,0,0
2487,2:6:13:3:15:3,1,,4,0,0,1,0,0,0,0
2488,2:6:14:0:0:1,0,0,0,,,0,0,0,0,0
2489,2:6:14:1:6:1,0,0,0,,,0,0,0,0,0
2490,2:6:14:2:9:2,0,0,0,,,0,0,0,0,0
2491,2:6:14:3:15:3,1,,4,0,0,1,0,0,0,0
2492,2:6:15:0:0:1,0,0,0,,,0,0,0,0,0
2493,2:6:15:1:6:1,0,0,0,,,0,0,0,0,0
2494,2:6:15:2:9:2,0,0,0,,,0,0,0,0,0
2495,2:6:15:3:15:3,1,,4,0,0,1,0,0,0,0
2496,2:7:0:0:0:1,1,,4,0,0,1,0,0,0,0
2497,2:7:0:1:6:1,1,,4,0,0,1,0,0,0,0
2498,2:7:0:2:9:2,1,,4,0,0,1,0,0,0,0
2499,2:7:0:3:15:3,1,,4,0,0,1,0,0,0,0
2500,2:7:1:0:0:1,1,,4,0,0,1,0,0,0,0
2501,2:7:1:1:6:1,1,,4,0,0,1,0,0,0,0
2502,2:7:1:2:9:2,1,,4,0,0,1,0,0,0,0
2503,2:7:1:3:15:3,1,,4,0,0,1,0,0,0,0
2504,2:7:2:0:0:1,1,,4,0,0,1,0,0,0,0
2505,2:7:2:1:6:1,1,,4,0,0,1,0,0,0,0
2506,2:7:2:2:9:2,1,,4,0,0,1,0,0,0,0
2507,2:7:2:3:15:3,1,,4,0,0,1,0,0,0,0
2508,2:7:3:0:0:1,1,,4,0,0,1,0,0,0,0
2509,2:7:3:1:6:1,1,,4,0,0,1,0,0,0,0
2510,2:7:3:2:9:2,1,,4,0,0,1,0,0,0,0
2511,2:7:3:3:15:3,1,,4,0,0,1,0,0,0,0
2512,2:7:4:0:0:1,0,0,0,,,0,0,0,0,0
2513,2:7:4:1:6:1,0,0,0,,,0,0,0,0,0
2514,2:7:4:2:9:2,0,0,0,,,0,0,0,0,0
2515,2:7:4:3:15:3,1,,4,0,0,1,0,0,0,0
2516,2:7:5:0:0:1,0,0,0,,,0,0,0,0,0
2517,2:7:5:1:6:1,0,0,0,,,0,0,0,0,0
2518,2:7:5:2:9:2,0,0,0,,,0,0,0,0,0
2519,2:7:5:3:15:3,1,,4,0,0,1,0,0,0,0
2520,2:7:6:0:0:1,0,0,0,,,0,0,0,0,0
2521,2:7:6:1:6:1,0,0,0,,,0,0,0,0,0
2522,2:7:6:2:9:2,0,0,0,,,0,0,0,0,0
2523,2:7:6:3:15:3,1,,4,0,0,1,0,0,0,0
2524,2:7:7:0:0:1,1,2,2,2,2,2,0,0,0,0
2525,2:7:7:1:6:1,1,2,2,2,2,2,0,0,0,0
2526,2:7:7:2:9:2,1,2,2,2,2,2,0,0,0,0
2527,2:7:7:3:15:3,1,,4,0,0,1,0,0,0,0
2528,2:7:8:0:0:1,0,0,0,,,0,0,0,0,0
2529,2:7:8:1:6:1,0,0,0,,,0,0,0,0,0
2530,2:7:8:2:9:2,0,0,0,,,0,0,0,0,0
2531,2:7:8:3:15:3,1,,4,0,0,1,0,0,0,0
2532,2:7:9:0:0:1,0,0,0,,,0,0,0,0,0
2533,2:7:9:1:6:1,0,0,0,,,0,0,0,0,0
2534,2:7:9:2:9:2,0,0,0,,,0,0,0,0,0
2535,2:7:9:3:15:3,1,,4,0,0,1,0,0,0,0
2536,2:7:10:0:0:1,0,0,0,,,0,0,0,0,0
2537,2:7:10:1:6:1,0,0,0,,,0,0,0,0,0
2538,2:7:10:2:9:2,0,0,0,,,0,0,0,0,0
2539,2:7:10:3:15:3,1,,4,0,0,1,0,0,0,0
2540,2:7:11:0:0:1,0,0,0,,,0,0,0,0,0
2541,2:7:11:1:6:1,0,0,0,,,0,0,0,0,0
2542,2:7:11:2:9:2,0,0,0,,,0,0,0,0,0
2543,2:7:11:3:15:3,1,,4,0,0,1,0,0,0,0
2544,2:7:12:0:0:1,0,0,0,,,0,0,0,0,0
2545,2:7:12:1:6:1,0,0,0,,,0,0,0,0,0
2546,2:7:12:2:9:2,0,0,0,,,0,0,0,0,0
2547,2:7:12:3:15:3,1,,4,0,0,1,0,0,0,0
2548,2:7:13:0:0:1,0,0,0,,,0,0,0,0,0
2549,2:7:13:1:6:1,0,0,0,,,0,0,0,0,0
2550,2:7:13:2:9:2,0,0,0,,,0,0,0,0,0
2551,2:7:13:3:15:3,1,,4,0,0,1,0,0,0,0
2552,2:7:14:0:0:1,0,0,0,,,0,0,0,0,0
2553,2:7:14:1:6:1,0,0,0,,,0,0,0,0,0
2554,2:7:14:2:9:2,0,0,0,,,0,0,0,0,0
2555,2:7:14:3:15:3,1,,4,0,0,1,0,0,0,0
2556,2:7:15:0:0:1,0,0,0,,,0,0,0,0,0
2557,2:7:15:1:6:1,0,0,0,,,0,0,0,0,0
2558,2:7:15:2:9:2,0,0,0,,,0,0,0,0,0
2559,2:7:15:3:15:3,1,,4,0,0,1,0,0,0,0
2560,2:8:0:0:0:1,1,,4,0,0,1,0,0,0,0
2561,2:8:0:1:6:1,1,,4,0,0,1,0,0,0,0
2562,2:8:0:2:9:2,1,,4,0,0,1,0,0,0,0
2563,2:8:0:3:15:3,1,,4,0,0,1,0,0,0,0
2564,2:8:1:0:0:1,1,,4,0,0,1,0,0,0,0
2565,2:8:1:1:6:1,1,,4,0,0,1,0,0,0,0
2566,2:8:1:2:9:2,1,,4,0,0,1,0,0,0,0
2567,2:8:1:3:15:3,1,,4,0,0,1,0,0,0,0
2568,2:8:2:0:0:1,1,,4,0,0,1,0,0,0,0
2569,2:8:2:1:6:1,1,,4,0,0,1,0,0,0,0
2570,2:8:2:2:9:2,1,,4,0,0,1,0,0,0,0
2571,2:8:2:3:15:3,1,,4,0,0,1,0,0,0,0
2572,2:8:3:0:0:1,1,,4,0,0,1,0,0,0,0
2573,2:8:3:1:6:1,1,,4,0,0,1,0,0,0,0
2574,2:8:3:2:9:2,1,,4,0,0,1,0,0,0,0
2575,2:8:3:3:15:3,1,,4,0,0,1,0,0,0,0
2576,2:8:4:0:0:1,0,0,0,,,0,0,0,0,0
2577,2:8:4:1:6:1,0,0,0,,,0,0,0,0,0
2578,2:8:4:2:9:2,0,0,0,,,0,0,0,0,0
2579,2:8:4:3:15:3,1,,4,0,0,1,0,0,0,0
2580,2:8:5:0:0:1,0,0,0,,,0,0,0,0,0
2581,2:8:5:1:6:1,0,0,0,,,0,0,0,0,0
2582,2:8:5:2:9:2,0,0,0,,,0,0,0,0,0
2583,2:8:5:3:15:3,1,,4,0,0,1,0,0,0,0
2584,2:8:6:0:0:1,0,0,0,,,0,0,0,0,0
2585,2:8:6:1:6:1,0,0,0,,,0,0,0,0,0
2586,2:8:6:2:9:2,0,0,0,,,0,0,0,0,0
2587,2:8:6:3:15:3,1,,4,0,0,1,0,0,0,0
2588,2:8:7:0:0:1,0,0,0,,,0,0,0,0,0
2589,2:8:7:1:6:1,0,0,0,,,0,0,0,0,0
2590,2:8:7:2:9:2,0,0,0,,,0,0,0,0,0
2591,2:8:7:3:15:3,1,,4,0,0,1,0,0,0,0
2592,2:8:8:0:0:1,1,2,2,2,2,2,0,0,0,0
2593,2:8:8:1:6:1,1,2,2,2,2,2,0,0,0,0
2594,2:8:8:2:9:2,1,2,2,2,2,2,0,0,0,0
2595,2:8:8:3:15:3,1,,4,0,0,1,0,0,0,0
2596,2:8:9:0:0:1,0,0,0,,,0,0,0,0,0
2597,2:8:9:1:6:1,0,0,0,,,0,0,0,0,0
2598,2:8:9:2:9:2,0,0,0,,,0,0,0,0,0
2599,2:8:9:3:15:3,1,,4,0,0,1,0,0,0,0
2600,2:8:10:0:0:1,0,0,0,,,0,0,0,0,0
2601,2:8:10:1:6:1,0,0,0,,,0,0,0,0,0
2602,2:8:10:2:9:2,0,0,0,,,0,0,0,0,0
2603,2:8:10:3:15:3,1,,4,0,0,1,0,0,0,0
2604,2:8:11:0:0:1,0,0,0,,,0,0,0,0,0
2605,2:8:11:1:6:1,0,0,0,,,0,0,0,0,0
2606,2:8:11:2:9:2,0,0,0,,,0,0,0,0,0
2607,2:8:11:3:15:3,1,,4,0,0,1,0,0,0,0
2608,2:8:12:0:0:1,0,0,0,,,0,0,0,0,0
2609,2:8:12:1:6:1,0,0,0,,,0,0,0,0,0
2610,2:8:12:2:9:2,0,0,0,,,0,0,0,0,0
2611,2:8:12:3:15:3,1,,4,0,0,1,0,0,0,0
2612,2:8:13:0:0:1,0,0,0,,,0,0,0,0,0
2613,2:8:13:1:6:1,0,0,0,,,0,0,0,0,0
2614,2:8:13:2:9:2,0,0,0,,,0,0,0,0,0
2615,2:8:13:3:15:3,1,,4,0,0,1,0,0,0,0
2616,2:8:14:0:0:1,0,0,0,,,0,0,0,0,0
2617,2:8:14:1:6:1,0,0,0,,,0,0,0,0,0
2618,2:8:14:2:9:2,0,0,0,,,0,0,0,0,0
2619,2:8:14:3:15:3,1,,4,0,0,1,0,0,0,0
2620,2:8:15:0:0:1,0,0,0,,,0,0,0,0,0
2621,2:8:15:1:6:1,0,0,0,,,0,0,0,0,0
2622,2:8:15:2:9:2,0,0,0,,,0,0,0,0,0
2623,2:8:15:3:15:3,1,,4,0,0,1,0,0,0,0
2624,2:9:0:0:0:1,1,,4,0,0,1,0,0,0,0
2625,2:9:0:1:6:1,1,,4,0,0,1,0,0,0,0
2626,2:9:0:2:9:2,1,,4,0,0,1,0,0,0,0
2627,2:9:0:3:15:3,1,,4,0,0,1,0,0,0,0
2628,2:9:1:0:0:1,1,,4,0,0,1,0,0,0,0
2629,2:9:1:1:6:1,1,,4,0,0,1,0,0,0,0
2630,2:9:1:2:9:2,1,,4,0,0,1,0,0,0,0
2631,2:9:1:3:15:3,1,,4,0,0,1,0,0,0,0
2632,2:9:2:0:0:1,1,,4,0,0,1,0,0,0,0
2633,2:9:2:1:6:1,1,,4,0,0,1,0,0,0,0
2634,2:9:2:2:9:2,1,,4,0,0,1,0,0,0,0
2635,2:9:2:3:15:3,1,,4,0,0,1,0,0,0,0
2636,2:9:3:0:0:1,1,,4,0,0,1,0,0,0,0
2637,2:9:3:1:6:1,1,,4,0,0,1,0,0,0,0
2638,2:9:3:2:9:2,1,,4,0,0,1,0,0,0,0
2639,2:9:3:3:15:3,1,,4,0,0,1,0,0,0,0
2640,2:9:4:0:0:1,0,0,0,,,0,0,0,0,0
2641,2:9:4:1:6:1,0,0,0,,,0,0,0,0,0
2642,2:9:4:2:9:2,0,0,0,,,0,0,0,0,0
2643,2:9:4:3:15:3,1,,4,0,0,1,0,0,0,0
2644,2:9:5:0:0:1,0,0,0,,,0,0,0,0,0
2645,2:9:5:1:6:1,0,0,0,,,0,0,0,0,0
2646,2:9:5:2:9:2,0,0,0,,,0,0,0,0,0
2647,2:9:5:3:15:3,1,,4,0,0,1,0,0,0,0
2648,2:9:6:0:0:1,0,0,0,,,0,0,0,0,0
2649,2:9:6:1:6:1,0,0,0,,,0,0,0,0,0
2650,2:9:6:2:9:2,0,0,0,,,0,0,0,0,0
2651,2:9:6:3:15:3,1,,4,0,0,1,0,0,0,0
2652,2:9:7:0:0:1,0,0,0,,,0,0,0,0,0
2653,2:9:7:1:6:1,0,0,0,,,0,0,0,0,0
2654,2:9:7:2:9:2,0,0,0,,,0,0,0,0,0
2655,2:9:7:3:15:3,1,,4,0,0,1,0,0,0,0
2656,2:9:8:0:0:1,0,0,0,,,0,0,0,0,0
2657,2:9:8:1:6:1,0,0,0,,,0,0,0,0,0
2658,2:9:8:2:9:2,0,0,0,,,0,0,0,0,0
2659,2:9:8:3:15:3,1,,4,0,0,1,0,0,0,0
2660,2:9:9:0:0:1,1,2,2,2,2,2,0,0,0,0
2661,2:9:9:1:6:1,1,2,2,2,2,2,0,0,0,0
2662,2:9:9:2:9:2,1,2,2,2,2,2,0,0,0,0
2663,2:9:9:3:15:3,1,,4,0,0,1,0,0,0,0
2664,2:9:10:0:0:1,0,0,0,,,0,0,0,0,0
2665,2:9:10:1:6:1,0,0,0,,,0,0,0,0,0
2666,2:9:10:2:9:2,0,0,0,,,0,0,0,0,0
2667,2:9:10:3:15:3,1,,4,0,0,1,0,0,0,0
2668,2:9:11:0:0:1,0,0,0,,,0,0,0,0,0
2669,2:9:11:1:6:1,0,0,0,,,0,0,0,0,0
2670,2:9:11:2:9:2,0,0,0,,,0,0,0,0,0
2671,2:9:11:3:15:3,1,,4,0,0,1,0,0,0,0
2672,2:9:12:0:0:1,0,0,0,,,0,0,0,0,0
2673,2:9:12:1:6:1,0,0,0,,,0,0,0,0,0
2674,2:9:12:2:9:2,0,0,0,,,0,0,0,0,0
2675,2:9:12:3:15:3,1,,4,0,0,1,0,0,0,0
2676,2:9:13:0:0:1,0,0,0,,,0,0,0,0,0
2677,2:9:13:1:6:1,0,0,0,,,0,0,0,0,0
2678,2:9:13:2:9:2,0,0,0,,,0,0,0,0,0
2679,2:9:13:3:15:3,1,,4,0,0,1,0,0,0,0
2680,2:9:14:0:0:1,0,0,0,,,0,0,0,0,0
2681,2:9:14:1:6:1,0,0,0,,,0,0,0,0,0
2682,2:9:14:2:9:2,0,0,0,,,0,0,0,0,0
2683,2:9:14:3:15:3,1,,4,0,0,1,0,0,0,0
2684,2:9:15:0:0:1,0,0,0,,,0,0,0,0,0
2685,2:9:15:1:6:1,0,0,0,,,0,0,0,0,0
2686,2:9:15:2:9:2,0,0,0,,,0,0,0,0,0
2687,2:9:15:3:15:3,1,,4,0,0,1,0,0,0,0
2688,2:10:0:0:0:1,1,,4,0,0,1,0,0,0,0
2689,2:10:0:1:6:1,1,,4,0,0,1,0,0,0,0
2690,2:10:0:2:9:2,1,,4,0,0,1,0,0,0,0
2691,2:10:0:3:15:3,1,,4,0,0,1,0,0,0,0
2692,2:10:1:0:0:1,1,,4,0,0,1,0,0,0,0
2693,2:10:1:1:6:1,1,,4,0,0,1,0,0,0,0
2694,2:10:1:2:9:2,1,,4,0,0,1,0,0,0,0
2695,2:10:1:3:15:3,1,,4,0,0,1,0,0,0,0
2696,2:10:2:0:0:1,1,,4,0,0,1,0,0,0,0
2697,2:10:2:1:6:1,1,,4,0,0,1,0,0,0,0
2698,2:10:2:2:9:2,1,,4,0,0,1,0,0,0,0
2699,2:10:2:3:15:3,1,,4,0,0,1,0,0,0,0
2700,2:10:3:0:0:1,1,,4,0,0,1,0,0,0,0
2701,2:10:3:1:6:1,1,,4,0,0,1,0,0,0,0
2702,2:10:3:2:9:2,1,,4,0,0,1,0,0,0,0
2703,2:10:3:3:15:3,1,,4,0,0,1,0,0,0,0
2704,2:10:4:0:0:1,0,0,0,,,0,0,0,0,0
2705,2:10:4:1:6:1,0,0,0,,,0,0,0,0,0
2706,2:10:4:2:9:2,0,0,0,,,0,0,0,0,0
2707,2:10:4:3:15:3,1,,4,0,0,1,0,0,0,0
2708,2:10:5:0:0:1,0,0,0,,,0,0,0,0,0
2709,2:10:5:1:6:1,0,0,0,,,0,0,0,0,0
2710,2:10:5:2:9:2,0,0,0,,,0,0,0,0,0
2711,2:10:5:3:15:3,1,,4,0,0,1,0,0,0,0
2712,2:10:6:0:0:1,0,0,0,,,0,0,0,0,0
2713,2:10:6:1:6:1,0,0,0,,,0,0,0,0,0
2714,2:10:6:2:9:2,0,0,0,,,0,0,0,0,0
2715,2:10:6:3:15:3,1,,4,0,0,1,0,0,0,0
2716,2:10:7:0:0:1,0,0,0,,,0,0,0,0,0
2717,2:10:7:1:6:1,0,0,0,,,0,0,0,0,0
2718,2:10:7:2:9:2,0,0,0,,,0,0,0,0,0
2719,2:10:7:3:15:3,1,,4,0,0,1,0,0,0,0
2720,2:10:8:0:0:1,0,0,0,,,0,0,0,0,0
2721,2:10:8:1:6:1,0,0,0,,,0,0,0,0,0
2722,2:10:8:2:9:2,0,0,0,,,0,0,0,0,0
2723,2:10:8:3:15:3,1,,4,0,0,1,0,0,0,0
2724,2:10:9:0:0:1,0,0,0,,,0,0,0,0,0
2725,2:10:9:1:6:1,0,0,0,,,0,0,0,0,0
2726,2:10:9:2:9:2,0,0,0,,,0,0,0,0,0
2727,2:10:9:3:15:3,1,,4,0,0,1,0,0,0,0
2728,2:10:10:0:0:1,1,2,2,2,2,2,0,0,0,0
2729,2:10:10:1:6:1,1,2,2,2,2,2,0,0,0,0
2730,2:10:10:2:9:2,1,2,2,2,2,2,0,0,0,0
2731,2:10:10:3:15:3,1,,4,0,0,1,0,0,0,0
2732,2:10:11:0:0:1,0,0,0,,,0,0,0,0,0
2733,2:10:11:1:6:1,0,0,0,,,0,0,0,0,0
2734,2:10:11:2:9:2,0,0,0,,,0,0,0,0,0
2735,2:10:11:3:15:3,1,,4,0,0,1,0,0,0,0
2736,2:10:12:0:0:1,0,0,0,,,0,0,0,0,0
2737,2:10:12:1:6:1,0,0,0,,,0,0,0,0,0
2738,2:10:12:2:9:2,0,0,0,,,0,0,0,0,0
2739,2:10:12:3:15:3,1,,4,0,0,1,0,0,0,0
2740,2:10:13:0:0:1,0,0,0,,,0,0,0,0,0
2741,2:10:13:1:6:1,0,0,0,,,0,0,0,0,0
2742,2:10:13:2:9:2,0,0,0,,,0,0,0,0,0
2743,2:10:13:3:15:3,1,,4,0,0,1,0,0,0,0
2744,2:10:14:0:0:1,0,0,0,,,0,0,0,0,0
2745,2:10:14:1:6:1,0,0,0,,,0,0,0,0,0
2746,2:10:14:2:9:2,0,0,0,,,0,0,0,0,0
2747,2:10:14:3:15:3,1,,4,0,0,1,0,0,0,0
2748,2:10:15:0:0:1,0,0,0,,,0,0,0,0,0
2749,2:10:15:1:6:1,0,0,0,,,0,0,0,0,0
2750,2:10:15:2:9:2,0,0,0,,,0,0,0,0,0
2751,2:10:15:3:15:3,1,,4,0,0,1,0,0,0,0
2752,2:11:0:0:0:1,1,,4,0,0,1,0,0,0,0
2753,2:11:0:1:6:1,1,,4,0,0,1,0,0,0,0
2754,2:11:0:2:9:2,1,,4,0,0,1,0,0,0,0
2755,2:11:0:3:15:3,1,,4,0,0,1,0,0,0,0
2756,2:11:1:0:0:1,1,,4,0,0,1,0,0,0,0
2757,2:11:1:1:6:1,1,,4,0,0,1,0,0,0,0
2758,2:11:1:2:9:2,1,,4,0,0,1,0,0,0,0
2759,2:11:1:3:15:3,1,,4,0,0,1,0,0,0,0
2760,2:11:2:0:0:1,1,,4,0,0,1,0,0,0,0
2761,2:11:2:1:6:1,1,,4,0,0,1,0,0,0,0
2762,2:11:2:2:9:2,1,,4,0,0,1,0,0,0,0
2763,2:11:2:3:15:3,1,,4,0,0,1,0,0,0,0
2764,2:11:3:0:0:1,1,,4,0,0,1,0,0,0,0
2765,2:11:3:1:6:1,1,,4,0,0,1,0,0,0,0
2766,2:11:3:2:9:2,1,,4,0,0,1,0,0,0,0
2767,2:11:3:3:15:3,1,,4,0,0,1,0,0,0,0
2768,2:11:4:0:0:1,0,0,0,,,0,0,0,0,0
2769,2:11:4:1:6:1,0,0,0,,,0,0,0,0,0
2770,2:11:4:2:9:2,0,0,0,,,0,0,0,0,0
2771,2:11:4:3:15:3,1,,4,0,0,1,0,0,0,0
2772,2:11:5:0:0:1,0,0,0,,,0,0,0,0,0
2773,2:11:5:1:6:1,0,0,0,,,0,0,0,0,0
2774,2:11:5:2:9:2,0,0,0,,,0,0,0,0,0
2775,2:11:5:3:15:3,1,,4,0,0,1,0,0,0,0
2776,2:11:6:0:0:1,0,0,0,,,0,0,0,0,0
2777,2:11:6:1:6:1,0,0,0,,,0,0,0,0,0
2778,2:11:6:2:9:2,0,0,0,,,0,0,0,0,0
2779,2:11:6:3:15:3,1,,4,0,0,1,0,0,0,0
2780,2:11:7:0:0:1,0,0,0,,,0,0,0,0,0
2781,2:11:7:1:6:1,0,0,0,,,0,0,0,0,0
2782,2:11:7:2:9:2,0,0,0,,,0,0,0,0,0
2783,2:11:7:3:15:3,1,,4,0,0,1,0,0,0,0
2784,2:11:8:0:0:1,0,0,0,,,0,0,0,0,0
2785,2:11:8:1:6:1,0,0,0,,,0,0,0,0,0
2786,2:11:8:2:9:2,0,0,0,,,0,0,0,0,0
2787,2:11:8:3:15:3,1,,4,0,0,1,0,0,0,0
2788,2:11:9:0:0:1,0,0,0,,,0,0,0,0,0
2789,2:11:9:1:6:1,0,0,0,,,0,0,0,0,0
2790,2:11:9:2:9:2,0,0,0,,,0,0,0,0,0
2791,2:11:9:3:15:3,1,,4,0,0,1,0,0,0,0
2792,2:11:10:0:0:1,0,0,0,,,0,0,0,0,0
2793,2:11:10:1:6:1,0,0,0,,,0,0,0,0,0
2794,2:11:10:2:9:2,0,0,0,,,0,0,0,0,0
2795,2:11:10:3:15:3,1,,4,0,0,1,0,0,0,0
2796,2:11:11:0:0:1,1,2,2,2,2,2,0,0,0,0
2797,2:11:11:1:6:1,1,2,2,2,2,2,0,0,0,0
2798,2:11:11:2:9:2,1,2,2,2,2,2,0,0,0,0
2799,2:11:11:3:15:3,1,,4,0,0,1,0,0,0,0
2800,2:11:12:0:0:1,0,0,0,,,0,0,0,0,0
2801,2:11:12:1:6:1,0,0,0,,,0,0,0,0,0
2802,2:11:12:2:9:2,0,0,0,,,0,0,0,0,0
2803,2:11:12:3:15:3,1,,4,0,0,1,0,0,0,0
2804,2:11:13:0:0:1,0,0,0,,,0,0,0,0,0
2805,2:11:13:1:6:1,0,0,0,,,0,0,0,0,0
2806,2:11:13:2:9:2,0,0,0,,,0,0,0,0,0
2807,2:11:13:3:15:3,1,,4,0,0,1,0,0,0,0
2808,2:11:14:0:0:1,0,0,0,,,0,0,0,0,0
2809,2:11:14:1:6:1,0,0,0,,,0,0,0,0,0
2810,2:11:14:2:9:2,0,0,0,,,0,0,0,0,0
2811,2:11:14:3:15:3,1,,4,0,0,1,0,0,0,0
2812,2:11:15:0:0:1,0,0,0,,,0,0,0,0,0
2813,2:11:15:1:6:1,0,0,0,,,0,0,0,0,0
2814,2:11:15:2:9:2,0,0,0,,,0,0,0,0,0
2815,2:11:15:3:15:3,1,,4,0,0,1,0,0,0,0
2816,2:12:0:0:0:1,1,,4,0,0,1,0,0,0,0
2817,2:12:0:1:6:1,1,,4,0,0,1,0,0,0,0
2818,2:12:0:2:9:2,1,,4,0,0,1,0,0,0,0
2819,2:12:0:3:15:3,1,,4,0,0,1,0,0,0,0
2820,2:12:1:0:0:1,1,,4,0,0,1,0,0,0,0
2821,2:12:1:1:6:1,1,,4,0,0,1,0,0,0,0
2822,2:12:1:2:9:2,1,,4,0,0,1,0,0,0,0
2823,2:12:1:3:15:3,1,,4,0,0,1,0,0,0,0
2824,2:12:2:0:0:1,1,,4,0,0,1,0,0,0,0
2825,2:12:2:1:6:1,1,,4,0,0,1,0,0,0,0
2826,2:12:2:2:9:2,1,,4,0,0,1,0,0,0,0
2827,2:12:2:3:15:3,1,,4,0,0,1,0,0,0,0
2828,2:12:3:0:0:1,1,,4,0,0,1,0,0,0,0
2829,2:12:3:1:6:1,1,,4,0,0,1,0,0,0,0
2830,2:12:3:2:9:2,1,,4,0,0,1,0,0,0,0
2831,2:12:3:3:15:3,1,,4,0,0,1,0,0,0,0
2832,2:12:4:0:0:1,0,0,0,,,0,0,0,0,0
2833,2:12:4:1:6:1,0,0,0,,,0,0,0,0,0
2834,2:12:4:2:9:2,0,0,0,,,0,0,0,0,0
2835,2:12:4:3:15:3,1,,4,0,0,1,0,0,0,0
2836,2:12:5:0:0:1,0,0,0,,,0,0,0,0,0
2837,2:12:5:1:6:1,0,0,0,,,0,0,0,0,0
2838,2:12:5:2:9:2,0,0,0,,,0,0,0,0,0
2839,2:12:5:3:15:3,1,,4,0,0,1,0,0,0,0
2840,2:12:6:0:0:1,0,0,0,,,0,0,0,0,0
2841,2:12:6:1:6:1,0,0,0,,,0,0,0,0,0
2842,2:12:6:2:9:2,0,0,0,,,0,0,0,0,0
2843,2:12:6:3:15:3,1,,4,0,0,1,0,0,0,0
2844,2:12:7:0:0:1,0,0,0,,,0,0,0,0,0
2845,2:12:7:1:6:1,0,0,0,,,0,0,0,0,0
2846,2:12:7:2:9:2,0,0,0,,,0,0,0,0,0
2847,2:12:7:3:15:3,1,,4,0,0,1,0,0,0,0
2848,2:12:8:0:0:1,0,0,0,,,0,0,0,0,0
2849,2:12:8:1:6:1,0,0,0,,,0,0,0,0,0
2850,2:12:8:2:9:2,0,0,0,,,0,0,0,0,0
2851,2:12:8:3:15:3,1,,4,0,0,1,0,0,0,0
2852,2:12:9:0:0:1,0,0,0,,,0,0,0,0,0
2853,2:12:9:1:6:1,0,0,0,,,0,0,0,0,0
2854,2:12:9:2:9:2,0,0,0,,,0,0,0,0,0
2855,2:12:9:3:15:3,1,,4,0,0,1,0,0,0,0
2856,2:12:10:0:0:1,0,0,0,,,0,0,0,0,0
2857,2:12:10:1:6:1,0,0,0,,,0,0,0,0,0
2858,2:12:10:2:9:2,0,0,0,,,0,0,0,0,0
2859,2:12:10:3:15:3,1,,4,0,0,1,0,0,0,0
2860,2:12:11:0:0:1,0,0,0,,,0,0,0,0,0
2861,2:12:11:1:6:1,0,0,0,,,0,0,0,0,0
2862,2:12:11:2:9:2,0,0,0,,,0,0,0,0,0
2863,2:12:11:3:15:3,1,,4,0,0,1,0,0,0,0
2864,2:12:12:0:0:1,1,2,2,2,2,2,0,0,0,0
2865,2:12:12:1:6:1,1,2,2,2,2,2,0,0,0,0
2866,2:12:12:2:9:2,1,2,2,2,2,2,0,0,0,0
2867,2:12:12:3:15:3,1,,4,0,0,1,0,0,0,0
2868,2:12:13:0:0:1,0,0,0,,,0,0,0,0,0
2869,2:12:13:1:6:1,0,0,0,,,0,0,0,0,0
2870,2:12:13:2:9:2,0,0,0,,,0,0,0,0,0
2871,2:12:13:3:15:3,1,,4,0,0,1,0,0,0,0
2872,2:12:14:0:0:1,0,0,0,,,0,0,0,0,0
2873,2:12:14:1:6:1,0,0,0,,,0,0,0,0,0
2874,2:12:14:2:9:2,0,0,0,,,0,0,0,0,0
2875,2:12:14:3:15:3,1,,4,0,0,1,0,0,0,0
2876,2:12:15:0:0:1,0,0,0,,,0,0,0,0,0
2877,2:12:15:1:6:1,0,0,0,,,0,0,0,0,0
2878,2:12:15:2:9:2,0,0,0,,,0,0,0,0,0
2879,2:12:15:3:15:3,1,,4,0,0,1,0,0,0,0
2880,2:13:0:0:0:1,1,,4,0,0,1,0,0,0,0
2881,2:13:0:1:6:1,1,,4,0,0,1,0,0,0,0
2882,2:13:0:2:9:2,1,,4,0,0,1,0,0,0,0
2883,2:13:0:3:15:3,1,,4,0,0,1,0,0,0,0
2884,2:13:1:0:0:1,1,,4,0,0,1,0,0,0,0
2885,2:13:1:1:6:1,1,,4,0,0,1,0,0,0,0
2886,2:13:1:2:9:2,1,,4,0,0,1,0,0,0,0
2887,2:13:1:3:15:3,1,,4,0,0,1,0,0,0,0
2888,2:13:2:0:0:1,1,,4,0,0,1,0,0,0,0
2889,2:13:2:1:6:1,1,,4,0,0,1,0,0,0,0
2890,2:13:2:2:9:2,1,,4,0,0,1,0,0,0,0
2891,2:13:2:3:15:3,1,,4,0,0,1,0,0,0,0
2892,2:13:3:0:0:1,1,,4,0,0,1,0,0,0,0
2893,2:13:3:1:6:1,1,,4,0,0,1,0,0,0,0
2894,2:13:3:2:9:2,1,,4,0,0,1,0,0,0,0
2895,2:13:3:3:15:3,1,,4,0,0,1,0,0,0,0
2896,2:13:4:0:0:1,0,0,0,,,0,0,0,0,0
2897,2:13:4:1:6:1,0,0,0,,,0,0,0,0,0
2898,2:13:4:2:9:2,0,0,0,,,0,0,0,0,0
2899,2:13:4:3:15:3,1,,4,0,0,1,0,0,0,0
2900,2:13:5:0:0:1,0,0,0,,,0,0,0,0,0
2901,2:13:5:1:6:1,0,0,0,,,0,0,0,0,0
2902,2:13:5:2:9:2,0,0,0,,,0,0,0,0,0
2903,2:13:5:3:15:3,1,,4,0,0,1,0,0,0,0
2904,2:13:6:0:0:1,0,0,0,,,0,0,0,0,0
2905,2:13:6:1:6:1,0,0,0,,,0,0,0,0,0
2906,2:13:6:2:9:2,0,0,0,,,0,0,0,0,0
2907,2:13:6:3:15:3,1,,4,0,0,1,0,0,0,0
2908,2:13:7:0:0:1,0,0,0,,,0,0,0,0,0
2909,2:13:7:1:6:1,0,0,0,,,0,0,0,0,0
2910,2:13:7:2:9:2,0,0,0,,,0,0,0,0,0
2911,2:13:7:3:15:3,1,,4,0,0,1,0,0,0,0
2912,2:13:8:0:0:1,0,0,0,,,0,0,0,0,0
2913,2:13:8:1:6:1,0,0,0,,,0,0,0,0,0
2914,2:13:8:2:9:2,0,0,0,,,0,0,0,0,0
2915,2:13:8:3:15:3,1,,4,0,0,1,0,0,0,0
2916,2:13:9:0:0:1,0,0,0,,,0,0,0,0,0
2917,2:13:9:1:6:1,0,0,0,,,0,0,0,0,0
2918,2:13:9:2:9:2,0,0,0,,,0,0,0,0,0
2919,2:13:9:3:15:3,1,,4,0,0,1,0,0,0,0
2920,2:13:10:0:0:1,0,0,0,,,0,0,0,0,0
2921,2:13:10:1:6:1,0,0,0,,,0,0,0,0,0
2922,2:13:10:2:9:2,0,0,0,,,0,0,0,0,0
2923,2:13:10:3:15:3,1,,4,0,0,1,0,0,0,0
2924,2:13:11:0:0:1,0,0,0,,,0,0,0,0,0
2925,2:13:11:1:6:1,0,0,0,,,0,0,0,0,0
2926,2:13:11:2:9:2,0,0,0,,,0,0,0,0,0
2927,2:13:11:3:15:3,1,,4,0,0,1,0,0,0,0
2928,2:13:12:0:0:1,0,0,0,,,0,0,0,0,0
2929,2:13:12:1:6:1,0,0,0,,,0,0,0,0,0
2930,2:13:12:2:9:2,0,0,0,,,0,0,0,0,0
2931,2:13:12:3:15:3,1,,4,0,0,1,0,0,0,0
2932,2:13:13:0:0:1,1,2,2,2,2,2,0,0,0,0
2933,2:13:13:1:6:1,1,2,2,2,2,2,0,0,0,0
2934,2:13:13:2:9:2,1,2,2,2,2,2,0,0,0,0
2935,2:13:13:3:15:3,1,,4,0,0,1,0,0,0,0
2936,2:13:14:0:0:1,0,0,0,,,0,0,0,0,0
2937,2:13:14:1:6:1,0,0,0,,,0,0,0,0,0
2938,2:13:14:2:9:2,0,0,0,,,0,0,0,0,0
2939,2:13:14:3:15:3,1,,4,0,0,1,0,0,0,0
2940,2:13:15:0:0:1,0,0,0,,,0,0,0,0,0
2941,2:13:15:1:6:1,0,0,0,,,0,0,0,0,0
2942,2:13:15:2:9:2,0,0,0,,,0,0,0,0,0
2943,2:13:15:3:15:3,1,,4,0,0,1,0,0,0,0
2944,2:14:0:0:0:1,1,,4,0,0,1,0,0,0,0
2945,2:14:0:1:6:1,1,,4,0,0,1,0,0,0,0
2946,2:14:0:2:9:2,1,,4,0,0,1,0,0,0,0
2947,2:14:0:3:15:3,1,,4,0,0,1,0,0,0,0
2948,2:14:1:0:0:1,1,,4,0,0,1,0,0,0,0
2949,2:14:1:1:6:1,1,,4,0,0,1,0,0,0,0
2950,2:14:1:2:9:2,1,,4,0,0,1,0,0,0,0
2951,2:14:1:3:15:3,1,,4,0,0,1,0,0,0,0
2952,2:14:2:0:0:1,1,,4,0,0,1,0,0,0,0
2953,2:14:2:1:6:1,1,,4,0,0,1,0,0,0,0
2954,2:14:2:2:9:2,1,,4,0,0,1,0,0,0,0
2955,2:14:2:3:15:3,1,,4,0,0,1,0,0,0,0
2956,2:14:3:0:0:1,1,,4,0,0,1,0,0,0,0
2957,2:14:3:1:6:1,1,,4,0,0,1,0,0,0,0
2958,2:14:3:2:9:2,1,,4,0,0,1,0,0,0,0
2959,2:14:3:3:15:3,1,,4,0,0,1,0,0,0,0
2960,2:14:4:0:0:1,0,0,0,,,0,0,0,0,0
2961,2:14:4:1:6:1,0,0,0,,,0,0,0,0,0
2962,2:14:4:2:9:2,0,0,0,,,0,0,0,0,0
2963,2:14:4:3:15:3,1,,4,0,0,1,0,0,0,0
2964,2:14:5:0:0:1,0,0,0,,,0,0,0,0,0
2965,2:14:5:1:6:1,0,0,0,,,0,0,0,0,0
2966,2:14:5:2:9:2,0,0,0,,,0,0,0,0,0
2967,2:14:5:3:15:3,1,,4,0,0,1,0,0,0,0
2968,2:14:6:0:0:1,0,0,0,,,0,0,0,0,0
2969,2:14:6:1:6:1,0,0,0,,,0,0,0,0,0
2970,2:14:6:2:9:2,0,0,0,,,0,0,0,0,0
2971,2:14:6:3:15:3,1,,4,0,0,1,0,0,0,0
2972,2:14:7:0:0:1,0,0,0,,,0,0,0,0,0
2973,2:14:7:1:6:1,0,0,0,,,0,0,0,0,0
2974,2:14:7:2:9:2,0,0,0,,,0,0,0,0,0
2975,2:14:7:3:15:3,1,,4,0,0,1,0,0,0,0
2976,2:14:8:0:0:1,0,0,0,,,0,0,0,0,0
2977,2:14:8:1:6:1,0,0,0,,,0,0,0,0,0
2978,2:14:8:2:9:2,0,0,0,,,0,0,0,0,0
2979,2:14:8:3:15:3,1,,4,0,0,1,0,0,0,0
2980,2:14:9:0:0:1,0,0,0,,,0,0,0,0,0
2981,2:14:9:1:6:1,0,0,0,,,0,0,0,0,0
2982,2:14:9:2:9:2,0,0,0,,,0,0,0,0,0
2983,2:14:9:3:15:3,1,,4,0,0,1,0,0,0,0
2984,2:14:10:0:0:1,0,0,0,,,0,0,0,0,0
2985,2:14:10:1:6:1,0,0,0,,,0,0,0,0,0
2986,2:14:10:2:9:2,0,0,0,,,0,0,0,0,0
2987,2:14:10:3:15:3,1,,4,0,0,1,0,0,0,0
2988,2:14:11:0:0:1,0,0,0,,,0,0,0,0,0
2989,2:14:11:1:6:1,0,0,0,,,0,0,0,0,0
2990,2:14:11:2:9:2,0,0,0,,,0,0,0,0,0
2991,2:14:11:3:15:3,1,,4,0,0,1,0,0,0,0
2992,2:14:12:0:0:1,0,0,0,,,0,0,0,0,0
2993,2:14:12:1:6:1,0,0,0,,,0,0,0,0,0
2994,2:14:12:2:9:2,0,0,0,,,0,0,0,0,0
2995,2:14:12:3:15:3,1,,4,0,0,1,0,0,0,0
2996,2:14:13:0:0:1,0,0,0,,,0,0,0,0,0
2997,2:14:13:1:6:1,0,0,0,,,0,0,0,0,0
2998,2:14:13:2:9:2,0,0,0,,,0,0,0,0,0
2999,2:14:13:3:15:3,1,,4,0,0,1,0,0,0,0
3000,2:14:14:0:0:1,1,2,2,2,2,2,0,0,0,0
3001,2:14:14:1:6:1,1,2,2,2,2,2,0,0,0,0
3002,2:14:14:2:9:2,1,2,2,2,2,2,0,0,0,0
3003,2:14:14:3:15:3,1,,4,0,0,1,0,0,0,0
3004,2:14:15:0:0:1,0,0,0,,,0,0,0,0,0
3005,2:14:15:1:6:1,0,0,0,,,0,0,0,0,0
3006,2:14:15:2:9:2,0,0,0,,,0,0,0,0,0
3007,2:14:15:3:15:3,1,,4,0,0,1,0,0,0,0
3008,2:15:0:0:0:1,1,,4,0,0,1,0,0,0,0
3009,2:15:0:1:6:1,1,,4,0,0,1,0,0,0,0
3010,2:15:0:2:9:2,1,,4,0,0,1,0,0,0,0
3011,2:15:0:3:15:3,1,,4,0,0,1,0,0,0,0
3012,2:15:1:0:0:1,1,,4,0,0,1,0,0,0,0
3013,2:15:1:1:6:1,1,,4,0,0,1,0,0,0,0
3014,2:15:1:2:9:2,1,,4,0,0,1,0,0,0,0
3015,2:15:1:3:15:3,1,,4,0,0,1,0,0,0,0
3016,2:15:2:0:0:1,1,,4,0,0,1,0,0,0,0
3017,2:15:2:1:6:1,1,,4,0,0,1,0,0,0,0
3018,2:15:2:2:9:2,1,,4,0,0,1,0,0,0,0
3019,2:15:2:3:15:3,1,,4,0,0,1,0,0,0,0
3020,2:15:3:0:0:1,1,,4,0,0,1,0,0,0,0
3021,2:15:3:1:6:1,1,,4,0,0,1,0,0,0,0
3022,2:15:3:2:9:2,1,,4,0,0,1,0,0,0,0
3023,2:15:3:3:15:3,1,,4,0,0,1,0,0,0,0
3024,2:15:4:0:0:1,0,0,0,,,0,0,0,0,0
3025,2:15:4:1:6:1,0,0,0,,,0,0,0,0,0
3026,2:15:4:2:9:2,0,0,0,,,0,0,0,0,0
3027,2:15:4:3:15:3,1,,4,0,0,1,0,0,0,0
3028,2:15:5:0:0:1,0,0,0,,,0,0,0,0,0
3029,2:15:5:1:6:1,0,0,0,,,0,0,0,0,0
3030,2:15:5:2:9:2,0,0,0,,,0,0,0,0,0
3031,2:15:5:3:15:3,1,,4,0,0,1,0,0,0,0
3032,2:15:6:0:0:1,0,0,0,,,0,0,0,0,0
3033,2:15:6:1:6:1,0,0,0,,,0,0,0,0,0
3034,2:15:6:2:9:2,0,0,0,,,0,0,0,0,0
3035,2:15:6:3:15:3,1,,4,0,0,1,0,0,0,0
3036,2:15:7:0:0:1,0,0,0,,,0,0,0,0,0
3037,2:15:7:1:6:1,0,0,0,,,0,0,0,0,0
3038,2:15:7:2:9:2,0,0,0,,,0,0,0,0,0
3039,2:15:7:3:15:3,1,,4,0,0,1,0,0,0,0
3040,2:15:8:0:0:1,0,0,0,,,0,0,0,0,0
3041,2:15:8:1:6:1,0,0,0,,,0,0,0,0,0
3042,2:15:8:2:9:2,0,0,0,,,0,0,0,0,0
3043,2:15:8:3:15:3,1,,4,0,0,1,0,0,0,0
3044,2:15:9:0:0:1,0,0,0,,,0,0,0,0,0
3045,2:15:9:1:6:1,0,0,0,,,0,0,0,0,0
3046,2:15:9:2:9:2,0,0,0,,,0,0,0,0,0
3047,2:15:9:3:15:3,1,,4,0,0,1,0,0,0,0
3048,2:15:10:0:0:1,0,0,0,,,0,0,0,0,0
3049,2:15:10:1:6:1,0,0,0,,,0,0,0,0,0
3050,2:15:10:2:9:2,0,0,0,,,0,0,0,0,0
3051,2:15:10:3:15:3,1,,4,0,0,1,0,0,0,0
3052,2:15:11:0:0:1,0,0,0,,,0,0,0,0,0
3053,2:15:11:1:6:1,0,0,0,,,0,0,0,0,0
3054,2:15:11:2:9:2,0,0,0,,,0,0,0,0,0
3055,2:15:11:3:15:3,1,,4,0,0,1,0,0,0,0
3056,2:15:12:0:0:1,0,0,0,,,0,0,0,0,0
3057,2:15:12:1:6:1,0,0,0,,,0,0,0,0,0
3058,2:15:12:2:9:2,0,0,0,,,0,0,0,0,0
3059,2:15:12:3:15:3,1,,4,0,0,1,0,0,0,0
3060,2:15:13:0:0:1,0,0,0,,,0,0,0,0,0
3061,2:15:13:1:6:1,0,0,0,,,0,0,0,0,0
3062,2:15:13:2:9:2,0,0,0,,,0,0,0,0,0
3063,2:15:13:3:15:3,1,,4,0,0,1,0,0,0,0
3064,2:15:14:0:0:1,0,0,0,,,0,0,0,0,0
3065,2:15:14:1:6:1,0,0,0,,,0,0,0,0,0
3066,2:15:14:2:9:2,0,0,0,,,0,0,0,0,0
3067,2:15:14:3:15:3,1,,4,0,0,1,0,0,0,0
3068,2:15:15:0:0:1,1,2,2,2,2,2,0,0,0,0
3069,2:15:15:1:6:1,1,2,2,2,2,2,0,0,0,0
3070,2:15:15:2:9:2,1,2,2,2,2,2,0,0,0,0
3071,2:15:15:3:15:3,1,,4,0,0,1,0,0,0,0
3072,3:0:0:0:0:1,1,,4,0,0,1,0,0,0,0
3073,3:0:0:1:6:1,1,,4,0,0,1,0,0,0,0
3074,3:0:0:2:9:2,1,,4,0,0,1,0,0,0,0
3075,3:0:0:3:15:3,1,,4,0,0,1,0,0,0,0
3076,3:0:1:0:0:1,1,,4,0,0,1,0,0,0,0
3077,3:0:1:1:6:1,1,,4,0,0,1,0,0,0,0
3078,3:0:1:2:9:2,1,,4,0,0,1,0,0,0,0
3079,3:0:1:3:15:3,1,,4,0,0,1,0,0,0,0
3080,3:0:2:0:0:1,1,,4,0,0,1,0,0,0,0
3081,3:0:2:1:6:1,1,,4,0,0,1,0,0,0,0
3082,3:0:2:2:9:2,1,,4,0,0,1,0,0,0,0
3083,3:0:2:3:15:3,1,,4,0,0,1,0,0,0,0
3084,3:0:3:0:0:1,1,,4,0,0,1,0,0,0,0
3085,3:0:3:1:6:1,1,,4,0,0,1,0,0,0,0
3086,3:0:3:2:9:2,1,,4,0,0,1,0,0,0,0
3087,3:0:3:3:15:3,1,,4,0,0,1,0,0,0,0
3088,3:0:4:0:0:1,0,0,0,,,0,0,0,0,0
3089,3:0:4:1:6:1,0,0,0,,,0,0,0,0,0
3090,3:0:4:2:9:2,0,0,0,,,0,0,0,0,0
3091,3:0:4:3:15:3,1,,4,0,0,1,0,0,0,0
3092,3:0:5:0:0:1,0,0,0,,,0,0,0,0,0
3093,3:0:5:1:6:1,0,0,0,,,0,0,0,0,0
3094,3:0:5:2:9:2,0,0,0,,,0,0,0,0,0
3095,3:0:5:3:15:3,1,,4,0,0,1,0,0,0,0
3096,3:0:6:0:0:1,0,0,0,,,0,0,0,0,0
3097,3:0:6:1:6:1,0,0,0,,,0,0,0,0,0
3098,3:0:6:2:9:2,0,0,0,,,0,0,0,0,0
3099,3:0:6:3:15:3,1,,4,0,0,1,0,0,0,0
3100,3:0:7:0:0:1,0,0,0,,,0,0,0,0,0
3101,3:0:7:1:6:1,0,0,0,,,0,0,0,0,0
3102,3:0:7:2:9:2,0,0,0,,,0,0,0,0,0
3103,3:0:7:3:15:3,1,,4,0,0,1,0,0,0,0
3104,3:0:8:0:0:1,0,0,0,,,0,0,0,0,0
3105,3:0:8:1:6:1,0,0,0,,,0,0,0,0,0
3106,3:0:8:2:9:2,0,0,0,,,0,0,0,0,0
3107,3:0:8:3:15:3,1,,4,0,0,1,0,0,0,0
3108,3:0:9:0:0:1,0,0,0,,,0,0,0,0,0
3109,3:0:9:1:6:1,0,0,0,,,0,0,0,0,0
3110,3:0:9:2:9:2,0,0,0,,,0,0,0,0,0
3111,3:0:9:3:15:3,1,,4,0,0,1,0,0,0,0
3112,3:0:10:0:0:1,0,0,0,,,0,0,0,0,0
3113,3:0:10:1:6:1,0,0,0,,,0,0,0,0,0
3114,3:0:10:2:9:2,0,0,0,,,0,0,0,0,0
3115,3:0:10:3:15:3,1,,4,0,0,1,0,0,0,0
3116,3:0:11:0:0:1,0,0,0,,,0,0,0,0,0
3117,3:0:11:1:6:1,0,0,0,,,0,0,0,0,0
3118,3:0:11:2:9:2,0,0,0,,,0,0,0,0,0
3119,3:0:11:3:15:3,1,,4,0,0,1,0,0,0,0
3120,3:0:12:0:0:1,0,0,0,,,0,0,0,0,0
3121,3:0:12:1:6:1,0,0,0,,,0,0,0,0,0
3122,3:0:12:2:9:2,0,0,0,,,0,0,0,0,0
3123,3:0:12:3:15:3,1,,4,0,0,1,0,0,0,0
3124,3:0:13:0:0:1,0,0,0,,,0,0,0,0,0
3125,3:0:13:1:6:1,0,0,0,,,0,0,0,0,0
3126,3:0:13:2:9:2,0,0,0,,,0,0,0,0,0
3127,3:0:13:3:15:3,1,,4,0,0,1,0,0,0,0
3128,3:0:14:0:0:1,0,0,0,,,0,0,0,0,0
3129,3:0:14:1:6:1,0,0,0,,,0,0,0,0,0
3130,3:0:14:2:9:2,0,0,0,,,0,0,0,0,0
3131,3:0:14:3:15:3,1,,4,0,0,1,0,0,0,0
3132,3:0:15:0:0:1,0,0,0,,,0,0,0,0,0
3133,3:0:15:1:6:1,0,0,0,,,0,0,0,0,0
3134,3:0:15:2:9:2,0,0,0,,,0,0,0,0,0
3135,3:0:15:3:15:3,1,,4,0,0,1,0,0,0,0
3136,3:1:0:0:0:1,1,,4,0,0,1,0,0,0,0
3137,3:1:0:1:6:1,1,,4,0,0,1,0,0,0,0
3138,3:1:0:2:9:2,1,,4,0,0,1,0,0,0,0
3139,3:1:0:3:15:3,1,,4,0,0,1,0,0,0,0
3140,3:1:1:0:0:1,1,,4,0,0,1,0,0,0,0
3141,3:1:1:1:6:1,1,,4,0,0,1,0,0,0,0
3142,3:1:1:2:9:2,1,,4,0,0,1,0,0,0,0
3143,3:1:1:3:15:3,1,,4,0,0,1,0,0,0,0
3144,3:1:2:0:0:1,1,,4,0,0,1,0,0,0,0
3145,3:1:2:1:6:1,1,,4,0,0,1,0,0,0,0
3146,3:1:2:2:9:2,1,,4,0,0,1,0,0,0,0
3147,3:1:2:3:15:3,1,,4,0,0,1,0,0,0,0
3148,3:1:3:0:0:1,1,,4,0,0,1,0,0,0,0
3149,3:1:3:1:6:1,1,,4,0,0,1,0,0,0,0
3150,3:1:3:2:9:2,1,,4,0,0,1,0,0,0,0
3151,3:1:3:3:15:3,1,,4,0,0,1,0,0,0,0
3152,3:1:4:0:0:1,0,0,0,,,0,0,0,0,0
3153,3:1:4:1:6:1,0,0,0,,,0,0,0,0,0
3154,3:1:4:2:9:2,0,0,0,,,0,0,0,0,0
3155,3:1:4:3:15:3,1,,4,0,0,1,0,0,0,0
3156,3:1:5:0:0:1,0,0,0,,,0,0,0,0,0
3157,3:1:5:1:6:1,0,0,0,,,0,0,0,0,0
3158,3:1:5:2:9:2,0,0,0,,,0,0,0,0,0
3159,3:1:5:3:15:3,1,,4,0,0,1,0,0,0,0
3160,3:1:6:0:0:1,0,0,0,,,0,0,0,0,0
3161,3:1:6:1:6:1,0,0,0,,,0,0,0,0,0
3162,3:1:6:2:9:2,0,0,0,,,0,0,0,0,0
3163,3:1:6:3:15:3,1,,4,0,0,1,0,0,0,0
3164,3:1:7:0:0:1,0,0,0,,,0,0,0,0,0
3165,3:1:7:1:6:1,0,0,0,,,0,0,0,0,0
3166,3:1:7:2:9:2,0,0,0,,,0,0,0,0,0
3167,3:1:7:3:15:3,1,,4,0,0,1,0,0,0,0
3168,3:1:8:0:0:1,0,0,0,,,0,0,0,0,0
3169,3:1:8:1:6:1,0,0,0,,,0,0,0,0,0
3170,3:1:8:2:9:2,0,0,0,,,0,0,0,0,0
3171,3:1:8:3:15:3,1,,4,0,0,1,0,0,0,0
3172,3:1:9:0:0:1,0,0,0,,,0,0,0,0,0
3173,3:1:9:1:6:1,0,0,0,,,0,0,0,0,0
3174,3:1:9:2:9:2,0,0,0,,,0,0,0,0,0
3175,3:1:9:3:15:3,1,,4,0,0,1,0,0,0,0
3176,3:1:10:0:0:1,0,0,0,,,0,0,0,0,0
3177,3:1:10:1:6:1,0,0,0,,,0,0,0,0,0
3178,3:1:10:2:9:2,0,0,0,,,0,0,0,0,0
3179,3:1:10:3:15:3,1,,4,0,0,1,0,0,0,0
3180,3:1:11:0:0:1,0,0,0,,,0,0,0,0,0
3181,3:1:11:1:6:1,0,0,0,,,0,0,0,0,0
3182,3:1:11:2:9:2,0,0,0,,,0,0,0,0,0
3183,3:1:11:3:15:3,1,,4,0,0,1,0,0,0,0
3184,3:1:12:0:0:1,0,0,0,,,0,0,0,0,0
3185,3:1:12:1:6:1,0,0,0,,,0,0,0,0,0
3186,3:1:12:2:9:2,0,0,0,,,0,0,0,0,0
3187,3:1:12:3:15:3,1,,4,0,0,1,0,0,0,0
3188,3:1:13:0:0:1,0,0,0,,,0,0,0,0,0
3189,3:1:13:1:6:1,0,0,0,,,0,0,0,0,0
3190,3:1:13:2:9:2,0,0,0,,,0,0,0,0,0
3191,3:1:13:3:15:3,1,,4,0,0,1,0,0,0,0
3192,3:1:14:0:0:1,0,0,0,,,0,0,0,0,0
3193,3:1:14:1:6:1,0,0,0,,,0,0,0,0,0
3194,3:1:14:2:9:2,0,0,0,,,0,0,0,0,0
3195,3:1:14:3:15:3,1,,4,0,0,1,0,0,0,0
3196,3:1:15:0:0:1,0,0,0,,,0,0,0,0,0
3197,3:1:15:1:6:1,0,0,0,,,0,0,0,0,0
3198,3:1:15:2:9:2,0,0,0,,,0,0,0,0,0
3199,3:1:15:3:15:3,1,,4,0,0,1,0,0,0,0
3200,3:2:0:0:0:1,1,,4,0,0,1,0,0,0,0
3201,3:2:0:1:6:1,1,,4,0,0,1,0,0,0,0
3202,3:2:0:2:9:2,1,,4,0,0,1,0,0,0,0
3203,3:2:0:3:15:3,1,,4,0,0,1,0,0,0,0
3204,3:2:1:0:0:1,1,,4,0,0,1,0,0,0,0
3205,3:2:1:1:6:1,1,,4,0,0,1,0,0,0,0
3206,3:2:1:2:9:2,1,,4,0,0,1,0,0,0,0
3207,3:2:1:3:15:3,1,,4,0,0,1,0,0,0,0
3208,3:2:2:0:0:1,1,,4,0,0,1,0,0,0,0
3209,3:2:2:1:6:1,1,,4,0,0,1,0,0,0,0
3210,3:2:2:2:9:2,1,,4,0,0,1,0,0,0,0
3211,3:2:2:3:15:3,1,,4,0,0,1,0,0,0,0
3212,3:2:3:0:0:1,1,,4,0,0,1,0,0,0,0
3213,3:2:3:1:6:1,1,,4,0,0,1,0,0,0,0
3214,3:2:3:2:9:2,1,,4,0,0,1,0,0,0,0
3215,3:2:3:3:15:3,1,,4,0,0,1,0,0,0,0
3216,3:2:4:0:0:1,0,0,0,,,0,0,0,0,0
3217,3:2:4:1:6:1,0,0,0,,,0,0,0,0,0
3218,3:2:4:2:9:2,0,0,0,,,0,0,0,0,0
3219,3:2:4:3:15:3,1,,4,0,0,1,0,0,0,0
3220,3:2:5:0:0:1,0,0,0,,,0,0,0,0,0
3221,3:2:5:1:6:1,0,0,0,,,0,0,0,0,0
3222,3:2:5:2:9:2,0,0,0,,,0,0,0,0,0
3223,3:2:5:3:15:3,1,,4,0,0,1,0,0,0,0
3224,3:2:6:0:0:1,0,0,0,,,0,0,0,0,0
3225,3:2:6:1:6:1,0,0,0,,,0,0,0,0,0
3226,3:2:6:2:9:2,0,0,0,,,0,0,0,0,0
3227,3:2:6:3:15:3,1,,4,0,0,1,0,0,0,0
3228,3:2:7:0:0:1,0,0,0,,,0,0,0,0,0
3229,3:2:7:1:6:1,0,0,0,,,0,0,0,0,0
3230,3:2:7:2:9:2,0,0,0,,,0,0,0,0,0
3231,3:2:7:3:15:3,1,,4,0,0,1,0,0,0,0
3232,3:2:8:0:0:1,0,0,0,,,0,0,0,0,0
3233,3:2:8:1:6:1,0,0,0,,,0,0,0,0,0
3234,3:2:8:2:9:2,0,0,0,,,0,0,0,0,0
3235,3:2:8:3:15:3,1,,4,0,0,1,0,0,0,0
3236,3:2:9:0:0:1,0,0,0,,,0,0,0,0,0
3237,3:2:9:1:6:1,0,0,0,,,0,0,0,0,0
3238,3:2:9:2:9:2,0,0,0,,,0,0,0,0,0
3239,3:2:9:3:15:3,1,,4,0,0,1,0,0,0,0
3240,3:2:10:0:0:1,0,0,0,,,0,0,0,0,0
3241,3:2:10:1:6:1,0,0,0,,,0,0,0,0,0
3242,3:2:10:2:9:2,0,0,0,,,0,0,0,0,0
3243,3:2:10:3:15:3,1,,4,0,0,1,0,0,0,0
3244,3:2:11:0:0:1,0,0,0,,,0,0,0,0,0
3245,3:2:11:1:6:1,0,0,0,,,0,0,0,0,0
3246,3:2:11:2:9:2,0,0,0,,,0,0,0,0,0
3247,3:2:11:3:15:3,1,,4,0,0,1,0,0,0,0
3248,3:2:12:0:0:1,0,0,0,,,0,0,0,0,0
3249,3:2:12:1:6:1,0,0,0,,,0,0,0,0,0
3250,3:2:12:2:9:2,0,0,0,,,0,0,0,0,0
3251,3:2:12:3:15:3,1,,4,0,0,1,0,0,0,0
3252,3:2:13:0:0:1,0,0,0,,,0,0,0,0,0
3253,3:2:13:1:6:1,0,0,0,,,0,0,0,0,0
3254,3:2:13:2:9:2,0,0,0,,,0,0,0,0,0
3255,3:2:13:3:15:3,1,,4,0,0,1,0,0,0,0
3256,3:2:14:0:0:1,0,0,0,,,0,0,0,0,0
3257,3:2:14:1:6:1,0,0,0,,,0,0,0,0,0
3258,3:2:14:2:9:2,0,0,0,,,0,0,0,0,0
3259,3:2:14:3:15:3,1,,4,0,0,1,0,0,0,0
3260,3:2:15:0:0:1,0,0,0,,,0,0,0,0,0
3261,3:2:15:1:6:1,0,0,0,,,0,0,0,0,0
3262,3:2:15:2:9:2,0,0,0,,,0,0,0,0,0
3263,3:2:15:3:15:3,1,,4,0,0,1,0,0,0,0
3264,3:3:0:0:0:1,1,,4,0,0,1,0,0,0,0
3265,3:3:0:1:6:1,1,,4,0,0,1,0,0,0,0
3266,3:3:0:2:9:2,1,,4,0,0,1,0,0,0,0
3267,3:3:0:3:15:3,1,,4,0,0,1,0,0,0,0
3268,3:3:1:0:0:1,1,,4,0,0,1,0,0,0,0
3269,3:3:1:1:6:1,1,,4,0,0,1,0,0,0,0
3270,3:3:1:2:9:2,1,,4,0,0,1,0,0,0,0
3271,3:3:1:3:15:3,1,,4,0,0,1,0,0,0,0
3272,3:3:2:0:0:1,1,,4,0,0,1,0,0,0,0
3273,3:3:2:1:6:1,1,,4,0,0,1,0,0,0,0
3274,3:3:2:2:9:2,1,,4,0,0,1,0,0,0,0
3275,3:3:2:3:15:3,1,,4,0,0,1,0,0,0,0
3276,3:3:3:0:0:1,1,,4,0,0,1,0,0,0,0
3277,3:3:3:1:6:1,1,,4,0,0,1,0,0,0,0
3278,3:3:3:2:9:2,1,,4,0,0,1,0,0,0,0
3279,3:3:3:3:15:3,1,,4,0,0,1,0,0,0,0
3280,3:3:4:0:0:1,0,0,0,,,0,0,0,0,0
3281,3:3:4:1:6:1,0,0,0,,,0,0,0,0,0
3282,3:3:4:2:9:2,0,0,0,,,0,0,0,0,0
3283,3:3:4:3:15:3,1,,4,0,0,1,0,0,0,0
3284,3:3:5:0:0:1,0,0,0,,,0,0,0,0,0
3285,3:3:5:1:6:1,0,0,0,,,0,0,0,0,0
3286,3:3:5:2:9:2,0,0,0,,,0,0,0,0,0
3287,3:3:5:3:15:3,1,,4,0,0,1,0,0,0,0
3288,3:3:6:0:0:1,0,0,0,,,0,0,0,0,0
3289,3:3:6:1:6:1,0,0,0,,,0,0,0,0,0
3290,3:3:6:2:9:2,0,0,0,,,0,0,0,0,0
3291,3:3:6:3:15:3,1,,4,0,0,1,0,0,0,0
3292,3:3:7:0:0:1,0,0,0,,,0,0,0,0,0
3293,3:3:7:1:6:1,0,0,0,,,0,0,0,0,0
3294,3:3:7:2:9:2,0,0,0,,,0,0,0,0,0
3295,3:3:7:3:15:3,1,,4,0,0,1,0,0,0,0
3296,3:3:8:0:0:1,0,0,0,,,0,0,0,0,0
3297,3:3:8:1:6:1,0,0,0,,,0,0,0,0,0
3298,3:3:8:2:9:2,0,0,0,,,0,0,0,0,0
3299,3:3:8:3:15:3,1,,4,0,0,1,0,0,0,0
3300,3:3:9:0:0:1,0,0,0,,,0,0,0,0,0
3301,3:3:9:1:6:1,0,0,0,,,0,0,0,0,0
3302,3:3:9:2:9:2,0,0,0,,,0,0,0,0,0
3303,3:3:9:3:15:3,1,,4,0,0,1,0,0,0,0
3304,3:3:10:0:0:1,0,0,0,,,0,0,0,0,0
3305,3:3:10:1:6:1,0,0,0,,,0,0,0,0,0
3306,3:3:10:2:9:2,0,0,0,,,0,0,0,0,0
3307,3:3:10:3:15:3,1,,4,0,0,1,0,0,0,0
3308,3:3:11:0:0:1,0,0,0,,,0,0,0,0,0
3309,3:3:11:1:6:1,0,0,0,,,0,0,0,0,0
3310,3:3:11:2:9:2,0,0,0,,,0,0,0,0,0
3311,3:3:11:3:15:3,1,,4,0,0,1,0,0,0,0
3312,3:3:12:0:0:1,0,0,0,,,0,0,0,0,0
3313,3:3:12:1:6:1,0,0,0,,,0,0,0,0,0
3314,3:3:12:2:9:2,0,0,0,,,0,0,0,0,0
3315,3:3:12:3:15:3,1,,4,0,0,1,0,0,0,0
3316,3:3:13:0:0:1,0,0,0,,,0,0,0,0,0
3317,3:3:13:1:6:1,0,0,0,,,0,0,0,0,0
3318,3:3:13:2:9:2,0,0,0,,,0,0,0,0,0
3319,3:3:13:3:15:3,1,,4,0,0,1,0,0,0,0
3320,3:3:14:0:0:1,0,0,0,,,0,0,0,0,0
3321,3:3:14:1:6:1,0,0,0,,,0,0,0,0,0
3322,3:3:14:2:9:2,0,0,0,,,0,0,0,0,0
3323,3:3:14:3:15:3,1,,4,0,0,1,0,0,0,0
3324,3:3:15:0:0:1,0,0,0,,,0,0,0,0,0
3325,3:3:15:1:6:1,0,0,0,,,0,0,0,0,0
3326,3:3:15:2:9:2,0,0,0,,,0,0,0,0,0
3327,3:3:15:3:15:3,1,,4,0,0,1,0,0,0,0
3328,3:4:0:0:0:1,1,,4,0,0,1,0,0,0,0
3329,3:4:0:1:6:1,1,,4,0,0,1,0,0,0,0
3330,3:4:0:2:9:2,1,,4,0,0,1,0,0,0,0
3331,3:4:0:3:15:3,1,,4,0,0,1,0,0,0,0
3332,3:4:1:0:0:1,1,,4,0,0,1,0,0,0,0
3333,3:4:1:1:6:1,1,,4,0,0,1,0,0,0,0
3334,3:4:1:2:9:2,1,,4,0,0,1,0,0,0,0
3335,3:4:1:3:15:3,1,,4,0,0,1,0,0,0,0
3336,3:4:2:0:0:1,1,,4,0,0,1,0,0,0,0
3337,3:4:2:1:6:1,1,,4,0,0,1,0,0,0,0
3338,3:4:2:2:9:2,1,,4,0,0,1,0,0,0,0
3339,3:4:2:3:15:3,1,,4,0,0,1,0,0,0,0
3340,3:4:3:0:0:1,1,,4,0,0,1,0,0,0,0
3341,3:4:3:1:6:1,1,,4,0,0,1,0,0,0,0
3342,3:4:3:2:9:2,1,,4,0,0,1,0,0,0,0
3343,3:4:3:3:15:3,1,,4,0,0,1,0,0,0,0
3344,3:4:4:0:0:1,1,2,2,2,2,2,0,0,0,0
3345,3:4:4:1:6:1,1,2,2,2,2,2,0,0,0,0
3346,3:4:4:2:9:2,1,2,2,2,2,2,0,0,0,0
3347,3:4:4:3:15:3,1,,4,0,0,1,0,0,0,0
3348,3:4:5:0:0:1,0,0,0,,,0,0,0,0,0
3349,3:4:5:1:6:1,0,0,0,,,0,0,0,0,0
3350,3:4:5:2:9:2,0,0,0,,,0,0,0,0,0
3351,3:4:5:3:15:3,1,,4,0,0,1,0,0,0,0
3352,3:4:6:0:0:1,0,0,0,,,0,0,0,0,0
3353,3:4:6:1:6:1,0,0,0,,,0,0,0,0,0
3354,3:4:6:2:9:2,0,0,0,,,0,0,0,0,0
3355,3:4:6:3:15:3,1,,4,0,0,1,0,0,0,0
3356,3:4:7:0:0:1,0,0,0,,,0,0,0,0,0
3357,3:4:7:1:6:1,0,0,0,,,0,0,0,0,0
3358,3:4:7:2:9:2,0,0,0,,,0,0,0,0,0
3359,3:4:7:3:15:3,1,,4,0,0,1,0,0,0,0
3360,3:4:8:0:0:1,0,0,0,,,0,0,0,0,0
3361,3:4:8:1:6:1,0,0,0,,,0,0,0,0,0
3362,3:4:8:2:9:2,0,0,0,,,0,0,0,0,0
3363,3:4:8:3:15:3,1,,4,0,0,1,0,0,0,0
3364,3:4:9:0:0:1,0,0,0,,,0,0,0,0,0
3365,3:4:9:1:6:1,0,0,0,,,0,0,0,0,0
3366,3:4:9:2:9:2,0,0,0,,,0,0,0,0,0
3367,3:4:9:3:15:3,1,,4,0,0,1,0,0,0,0
3368,3:4:10:0:0:1,0,0,0,,,0,0,0,0,0
3369,3:4:10:1:6:1,0,0,0,,,0,0,0,0,0
3370,3:4:10:2:9:2,0,0,0,,,0,0,0,0,0
3371,3:4:10:3:15:3,1,,4,0,0,1,0,0,0,0
3372,3:4:11:0:0:1,0,0,0,,,0,0,0,0,0
3373,3:4:11:1:6:1,0,0,0,,,0,0,0,0,0
3374,3:4:11:2:9:2,0,0,0,,,0,0,0,0,0
3375,3:4:11:3:15:3,1,,4,0,0,1,0,0,0,0
3376,3:4:12:0:0:1,0,0,0,,,0,0,0,0,0
3377,3:4:12:1:6:1,0,0,0,,,0,0,0,0,0
3378,3:4:12:2:9:2,0,0,0,,,0,0,0,0,0
3379,3:4:12:3:15:3,1,,4,0,0,1,0,0,0,0
3380,3:4:13:0:0:1,0,0,0,,,0,0,0,0,0
3381,3:4:13:1:6:1,0,0,0,,,0,0,0,0,0
3382,3:4:13:2:9:2,0,0,0,,,0,0,0,0,0
3383,3:4:13:3:15:3,1,,4,0,0,1,0,0,0,0
3384,3:4:14:0:0:1,0,0,0,,,0,0,0,0,0
3385,3:4:14:1:6:1,0,0,0,,,0,0,0,0,0
3386,3:4:14:2:9:2,0,0,0,,,0,0,0,0,0
3387,3:4:14:3:15:3,1,,4,0,0,1,0,0,0,0
3388,3:4:15:0:0:1,0,0,0,,,0,0,0,0,0
3389,3:4:15:1:6:1,0,0,0,,,0,0,0,0,0
3390,3:4:15:2:9:2,0,0,0,,,0,0,0,0,0
3391,3:4:15:3:15:3,1,,4,0,0,1,0,0,0,0
3392,3:5:0:0:0:1,1,,4,0,0,1,0,0,0,0
3393,3:5:0:1:6:1,1,,4,0,0,1,0,0,0,0
3394,3:5:0:2:9:2,1,,4,0,0,1,0,0,0,0
3395,3:5:0:3:15:3,1,,4,0,0,1,0,0,0,0
3396,3:5:1:0:0:1,1,,4,0,0,1,0,0,0,0
3397,3:5:1:1:6:1,1,,4,0,0,1,0,0,0,0
3398,3:5:1:2:9:2,1,,4,0,0,1,0,0,0,0
3399,3:5:1:3:15:3,1,,4,0,0,1,0,0,0,0
3400,3:5:2:0:0:1,1,,4,0,0,1,0,0,0,0
3401,3:5:2:1:6:1,1,,4,0,0,1,0,0,0,0
3402,3:5:2:2:9:2,1,,4,0,0,1,0,0,0,0
3403,3:5:2:3:15:3,1,,4,0,0,1,0,0,0,0
3404,3:5:3:0:0:1,1,,4,0,0,1,0,0,0,0
3405,3:5:3:1:6:1,1,,4,0,0,1,0,0,0,0
3406,3:5:3:2:9:2,1,,4,0,0,1,0,0,0,0
3407,3:5:3:3:15:3,1,,4,0,0,1,0,0,0,0
3408,3:5:4:0:0:1,0,0,0,,,0,0,0,0,0
3409,3:5:4:1:6:1,0,0,0,,,0,0,0,0,0
3410,3:5:4:2:9:2,0,0,0,,,0,0,0,0,0
3411,3:5:4:3:15:3,1,,4,0,0,1,0,0,0,0
3412,3:5:5:0:0:1,1,2,2,2,2,2,0,0,0,0
3413,3:5:5:1:6:1,1,2,2,2,2,2,0,0,0,0
3414,3:5:5:2:9:2,1,2,2,2,2,2,0,0,0,0
3415,3:5:5:3:15:3,1,,4,0,0,1,0,0,0,0
3416,3:5:6:0:0:1,0,0,0,,,0,0,0,0,0
3417,3:5:6:1:6:1,0,0,0,,,0,0,0,0,0
3418,3:5:6:2:9:2,0,0,0,,,0,0,0,0,0
3419,3:5:6:3:15:3,1,,4,0,0,1,0,0,0,0
3420,3:5:7:0:0:1,0,0,0,,,0,0,0,0,0
3421,3:5:7:1:6:1,0,0,0,,,0,0,0,0,0
3422,3:5:7:2:9:2,0,0,0,,,0,0,0,0,0
3423,3:5:7:3:15:3,1,,4,0,0,1,0,0,0,0
3424,3:5:8:0:0:1,0,0,0,,,0,0,0,0,0
3425,3:5:8:1:6:1,0,0,0,,,0,0,0,0,0
3426,3:5:8:2:9:2,0,0,0,,,0,0,0,0,0
3427,3:5:8:3:15:3,1,,4,0,0,1,0,0,0,0
3428,3:5:9:0:0:1,0,0,0,,,0,0,0,0,0
3429,3:5:9:1:6:1,0,0,0,,,0,0,0,0,0
3430,3:5:9:2:9:2,0,0,0,,,0,0,0,0,0
3431,3:5:9:3:15:3,1,,4,0,0,1,0,0,0,0
3432,3:5:10:0:0:1,0,0,0,,,0,0,0,0,0
3433,3:5:10:1:6:1,0,0,0,,,0,0,0,0,0
3434,3:5:10:2:9:2,0,0,0,,,0,0,0,0,0
3435,3:5:10:3:15:3,1,,4,0,0,1,0,0,0,0
3436,3:5:11:0:0:1,0,0,0,,,0,0,0,0,0
3437,3:5:11:1:6:1,0,0,0,,,0,0,0,0,0
3438,3:5:11:2:9:2,0,0,0,,,0,0,0,0,0
3439,3:5:11:3:15:3,1,,4,0,0,1,0,0,0,0
3440,3:5:12:0:0:1,0,0,0,,,0,0,0,0,0
3441,3:5:12:1:6:1,0,0,0,,,0,0,0,0,0
3442,3:5:12:2:9:2,0,0,0,,,0,0,0,0,0
3443,3:5:12:3:15:3,1,,4,0,0,1,0,0,0,0
3444,3:5:13:0:0:1,0,0,0,,,0,0,0,0,0
3445,3:5:13:1:6:1,0,0,0,,,0,0,0,0,0
3446,3:5:13:2:9:2,0,0,0,,,0,0,0,0,0
3447,3:5:13:3:15:3,1,,4,0,0,1,0,0,0,0
3448,3:5:14:0:0:1,0,0,0,,,0,0,0,0,0
3449,3:5:14:1:6:1,0,0,0,,,0,0,0,0,0
3450,3:5:14:2:9:2,0,0,0,,,0,0,0,0,0
3451,3:5:14:3:15:3,1,,4,0,0,1,0,0,0,0
3452,3:5:15:0:0:1,0,0,0,,,0,0,0,0,0
3453,3:5:15:1:6:1,0,0,0,,,0,0,0,0,0
3454,3:5:15:2:9:2,0,0,0,,,0,0,0,0,0
3455,3:5:15:3:15:3,1,,4,0,0,1,0,0,0,0
3456,3:6:0:0:0:1,1,,4,0,0,1,0,0,0,0
3457,3:6:0:1:6:1,1,,4,0,0,1,0,0,0,0
3458,3:6:0:2:9:2,1,,4,0,0,1,0,0,0,0
3459,3:6:0:3:15:3,1,,4,0,0,1,0,0,0,0
3460,3:6:1:0:0:1,1,,4,0,0,1,0,0,0,0
3461,3:6:1:1:6:1,1,,4,0,0,1,0,0,0,0
3462,3:6:1:2:9:2,1,,4,0,0,1,0,0,0,0
3463,3:6:1:3:15:3,1,,4,0,0,1,0,0,0,0
3464,3:6:2:0:0:1,1,,4,0,0,1,0,0,0,0
3465,3:6:2:1:6:1,1,,4,0,0,1,0,0,0,0
3466,3:6:2:2:9:2,1,,4,0,0,1,0,0,0,0
3467,3:6:2:3:15:3,1,,4,0,0,1,0,0,0,0
3468,3:6:3:0:0:1,1,,4,0,0,1,0,0,0,0
3469,3:6:3:1:6:1,1,,4,0,0,1,0,0,0,0
3470,3:6:3:2:9:2,1,,4,0,0,1,0,0,0,0
3471,3:6:3:3:15:3,1,,4,0,0,1,0,0,0,0
3472,3:6:4:0:0:1,0,0,0,,,0,0,0,0,0
3473,3:6:4:1:6:1,0,0,0,,,0,0,0,0,0
3474,3:6:4:2:9:2,0,0,0,,,0,0,0,0,0
3475,3:6:4:3:15:3,1,,4,0,0,1,0,0,0,0
3476,3:6:5:0:0:1,0,0,0,,,0,0,0,0,0
3477,3:6:5:1:6:1,0,0,0,,,0,0,0,0,0
3478,3:6:5:2:9:2,0,0,0,,,0,0,0,0,0
3479,3:6:5:3:15:3,1,,4,0,0,1,0,0,0,0
3480,3:6:6:0:0:1,1,2,2,2,2,2,0,0,0,0
3481,3:6:6:1:6:1,1,2,2,2,2,2,0,0,0,0
3482,3:6:6:2:9:2,1,2,2,2,2,2,0,0,0,0
3483,3:6:6:3:15:3,1,,4,0,0,1,0,0,0,0
3484,3:6:7:0:0:1,0,0,0,,,0,0,0,0,0
3485,3:6:7:1:6:1,0,0,0,,,0,0,0,0,0
3486,3:6:7:2:9:2,0,0,0,,,0,0,0,0,0
3487,3:6:7:3:15:3,1,,4,0,0,1,0,0,0,0
3488,3:6:8:0:0:1,0,0,0,,,0,0,0,0,0
3489,3:6:8:1:6:1,0,0,0,,,0,0,0,0,0
3490,3:6:8:2:9:2,0,0,0,,,0,0,0,0,0
3491,3:6:8:3:15:3,1,,4,0,0,1,0,0,0,0
3492,3:6:9:0:0:1,0,0,0,,,0,0,0,0,0
3493,3:6:9:1:6:1,0,0,0,,,0,0,0,0,0
3494,3:6:9:2:9:2,0,0,0,,,0,0,0,0,0
3495,3:6:9:3:15:3,1,,4,0,0,1,0,0,0,0
3496,3:6:10:0:0:1,0,0,0,,,0,0,0,0,0
3497,3:6:10:1:6:1,0,0,0,,,0,0,0,0,0
3498,3:6:10:2:9:2,0,0,0,,,0,0,0,0,0
3499,3:6:10:3:15:3,1,,4,0,0,1,0,0,0,0
3500,3:6:11:0:0:1,0,0,0,,,0,0,0,0,0
3501,3:6:11:1:6:1,0,0,0,,,0,0,0,0,0
3502,3:6:11:2:9:2,0,0,0,,,0,0,0,0,0
3503,3:6:11:3:15:3,1,,4,0,0,1,0,0,0,0
3504,3:6:12:0:0:1,0,0,0,,,0,0,0,0,0
3505,3:6:12:1:6:1,0,0,0,,,0,0,0,0,0
3506,3:6:12:2:9:2,0,0,0,,,0,0,0,0,0
3507,3:6:12:3:15:3,1,,4,0,0,1,0,0,0,0
3508,3:6:13:0:0:1,0,0,0,,,0,0,0,0,0
3509,3:6:13:1:6:1,0,0,0,,,0,0,0,0,0
3510,3:6:13:2:9:2,0,0,0,,,0,0,0,0,0
3511,3:6:13:3:15:3,1,,4,0,0,1,0,0,0,0
3512,3:6:14:0:0:1,0,0,0,,,0,0,0,0,0
3513,3:6:14:1:6:1,0,0,0,,,0,0,0,0,0
3514,3:6:14:2:9:2,0,0,0,,,0,0,0,0,0
3515,3:6:14:3:15:3,1,,4,0,0,1,0,0,0,0
3516,3:6:15:0:0:1,0,0,0,,,0,0,0,0,0
3517,3:6:15:1:6:1,0,0,0,,,0,0,0,0,0
3518,3:6:15:2:9:2,0,0,0,,,0,0,0,0,0
3519,3:6:15:3:15:3,1,,4,0,0,1,0,0,0,0
3520,3:7:0:0:0:1,1,,4,0,0,1,0,0,0,0
3521,3:7:0:1:6:1,1,,4,0,0,1,0,0,0,0
3522,3:7:0:2:9:2,1,,4,0,0,1,0,0,0,0
3523,3:7:0:3:15:3,1,,4,0,0,1,0,0,0,0
3524,3:7:1:0:0:1,1,,4,0,0,1,0,0,0,0
3525,3:7:1:1:6:1,1,,4,0,0,1,0,0,0,0
3526,3:7:1:2:9:2,1,,4,0,0,1,0,0,0,0
3527,3:7:1:3:15:3,1,,4,0,0,1,0,0,0,0
3528,3:7:2:0:0:1,1,,4,0,0,1,0,0,0,0
3529,3:7:2:1:6:1,1,,4,0,0,1,0,0,0,0
3530,3:7:2:2:9:2,1,,4,0,0,1,0,0,0,0
3531,3:7:2:3:15:3,1,,4,0,0,1,0,0,0,0
3532,3:7:3:0:0:1,1,,4,0,0,1,0,0,0,0
3533,3:7:3:1:6:1,1,,4,0,0,1,0,0,0,0
3534,3:7:3:2:9:2,1,,4,0,0,1,0,0,0,0
3535,3:7:3:3:15:3,1,,4,0,0,1,0,0,0,0
3536,3:7:4:0:0:1,0,0,0,,,0,0,0,0,0
3537,3:7:4:1:6:1,0,0,0,,,0,0,0,0,0
3538,3:7:4:2:9:2,0,0,0,,,0,0,0,0,0
3539,3:7:4:3:15:3,1,,4,0,0,1,0,0,0,0
3540,3:7:5:0:0:1,0,0,0,,,0,0,0,0,0
3541,3:7:5:1:6:1,0,0,0,,,0,0,0,0,0
3542,3:7:5:2:9:2,0,0,0,,,0,0,0,0,0
3543,3:7:5:3:15:3,1,,4,0,0,1,0,0,0,0
3544,3:7:6:0:0:1,0,0,0,,,0,0,0,0,0
3545,3:7:6:1:6:1,0,0,0,,,0,0,0,0,0
3546,3:7:6:2:9:2,0,0,0,,,0,0,0,0,0
3547,3:7:6:3:15:3,1,,4,0,0,1,0,0,0,0
3548,3:7:7:0:0:1,1,2,2,2,2,2,0,0,0,0
3549,3:7:7:1:6:1,1,2,2,2,2,2,0,0,0,0
3550,3:7:7:2:9:2,1,2,2,2,2,2,0,0,0,0
3551,3:7:7:3:15:3,1,,4,0,0,1,0,0,0,0
3552,3:7:8:0:0:1,0,0,0,,,0,0,0,0,0
3553,3:7:8:1:6:1,0,0,0,,,0,0,0,0,0
3554,3:7:8:2:9:2,0,0,0,,,0,0,0,0,0
3555,3:7:8:3:15:3,1,,4,0,0,1,0,0,0,0
3556,3:7:9:0:0:1,0,0,0,,,0,0,0,0,0
3557,3:7:9:1:6:1,0,0,0,,,0,0,0,0,0
3558,3:7:9:2:9:2,0,0,0,,,0,0,0,0,0
3559,3:7:9:3:15:3,1,,4,0,0,1,0,0,0,0
3560,3:7:10:0:0:1,0,0,0,,,0,0,0,0,0
3561,3:7:10:1:6:1,0,0,0,,,0,0,0,0,0
3562,3:7:10:2:9:2,0,0,0,,,0,0,0,0,0
3563,3:7:10:3:15:3,1,,4,0,0,1,0,0,0,0
3564,3:7:11:0:0:1,0,0,0,,,0,0,0,0,0
3565,3:7:11:1:6:1,0,0,0,,,0,0,0,0,0
3566,3:7:11:2:9:2,0,0,0,,,0,0,0,0,0
3567,3:7:11:3:15:3,1,,4,0,0,1,0,0,0,0
3568,3:7:12:0:0:1,0,0,0,,,0,0,0,0,0
3569,3:7:12:1:6:1,0,0,0,,,0,0,0,0,0
3570,3:7:12:2:9:2,0,0,0,,,0,0,0,0,0
3571,3:7:12:3:15:3,1,,4,0,0,1,0,0,0,0
3572,3:7:13:0:0:1,0,0,0,,,0,0,0,0,0
3573,3:7:13:1:6:1,0,0,0,,,0,0,0,0,0
3574,3:7:13:2:9:2,0,0,0,,,0,0,0,0,0
3575,3:7:13:3:15:3,1,,4,0,0,1,0,0,0,0
3576,3:7:14:0:0:1,0,0,0,,,0,0,0,0,0
3577,3:7:14:1:6:1,0,0,0,,,0,0,0,0,0
3578,3:7:14:2:9:2,0,0,0,,,0,0,0,0,0
3579,3:7:14:3:15:3,1,,4,0,0,1,0,0,0,0
3580,3:7:15:0:0:1,0,0,0,,,0,0,0,0,0
3581,3:7:15:1:6:1,0,0,0,,,0,0,0,0,0
3582,3:7:15:2:9:2,0,0,0,,,0,0,0,0,0
3583,3:7:15:3:15:3,1,,4,0,0,1,0,0,0,0
3584,3:8:0:0:0:1,1,,4,0,0,1,0,0,0,0
3585,3:8:0:1:6:1,1,,4,0,0,1,0,0,0,0
3586,3:8:0:2:9:2,1,,4,0,0,1,0,0,0,0
3587,3:8:0:3:15:3,1,,4,0,0,1,0,0,0,0
3588,3:8:1:0:0:1,1,,4,0,0,1,0,0,0,0
3589,3:8:1:1:6:1,1,,4,0,0,1,0,0,0,0
3590,3:8:1:2:9:2,1,,4,0,0,1,0,0,0,0
3591,3:8:1:3:15:3,1,,4,0,0,1,0,0,0,0
3592,3:8:2:0:0:1,1,,4,0,0,1,0,0,0,0
3593,3:8:2:1:6:1,1,,4,0,0,1,0,0,0,0
3594,3:8:2:2:9:2,1,,4,0,0,1,0,0,0,0
3595,3:8:2:3:15:3,1,,4,0,0,1,0,0,0,0
3596,3:8:3:0:0:1,1,,4,0,0,1,0,0,0,0
3597,3:8:3:1:6:1,1,,4,0,0,1,0,0,0,0
3598,3:8:3:2:9:2,1,,4,0,0,1,0,0,0,0
3599,3:8:3:3:15:3,1,,4,0,0,1,0,0,0,0
3600,3:8:4:0:0:1,0,0,0,,,0,0,0,0,0
3601,3:8:4:1:6:1,0,0,0,,,0,0,0,0,0
3602,3:8:4:2:9:2,0,0,0,,,0,0,0,0,0
3603,3:8:4:3:15:3,1,,4,0,0,1,0,0,0,0
3604,3:8:5:0:0:1,0,0,0,,,0,0,0,0,0
3605,3:8:5:1:6:1,0,0,0,,,0,0,0,0,0
3606,3:8:5:2:9:2,0,0,0,,,0,0,0,0,0
3607,3:8:5:3:15:3,1,,4,0,0,1,0,0,0,0
3608,3:8:6:0:0:1,0,0,0,,,0,0,0,0,0
3609,3:8:6:1:6:1,0,0,0,,,0,0,0,0,0
3610,3:8:6:2:9:2,0,0,0,,,0,0,0,0,0
3611,3:8:6:3:15:3,1,,4,0,0,1,0,0,0,0
3612,3:8:7:0:0:1,0,0,0,,,0,0,0,0,0
3613,3:8:7:1:6:1,0,0,0,,,0,0,0,0,0
3614,3:8:7:2:9:2,0,0,0,,,0,0,0,0,0
3615,3:8:7:3:15:3,1,,4,0,0,1,0,0,0,0
3616,3:8:8:0:0:1,1,2,2,2,2,2,0,0,0,0
3617,3:8:8:1:6:1,1,2,2,2,2,2,0,0,0,0
3618,3:8:8:2:9:2,1,2,2,2,2,2,0,0,0,0
3619,3:8:8:3:15:3,1,,4,0,0,1,0,0,0,0
3620,3:8:9:0:0:1,0,0,0,,,0,0,0,0,0
3621,3:8:9:1:6:1,0,0,0,,,0,0,0,0,0
3622,3:8:9:2:9:2,0,0,0,,,0,0,0,0,0
3623,3:8:9:3:15:3,1,,4,0,0,1,0,0,0,0
3624,3:8:10:0:0:1,0,0,0,,,0,0,0,0,0
3625,3:8:10:1:6:1,0,0,0,,,0,0,0,0,0
3626,3:8:10:2:9:2,0,0,0,,,0,0,0,0,0
3627,3:8:10:3:15:3,1,,4,0,0,1,0,0,0,0
3628,3:8:11:0:0:1,0,0,0,,,0,0,0,0,0
3629,3:8:11:1:6:1,0,0,0,,,0,0,0,0,0
3630,3:8:11:2:9:2,0,0,0,,,0,0,0,0,0
3631,3:8:11:3:15:3,1,,4,0,0,1,0,0,0,0
3632,3:8:12:0:0:1,0,0,0,,,0,0,0,0,0
3633,3:8:12:1:6:1,0,0,0,,,0,0,0,0,0
3634,3:8:12:2:9:2,0,0,0,,,0,0,0,0,0
3635,3:8:12:3:15:3,1,,4,0,0,1,0,0,0,0
3636,3:8:13:0:0:1,0,0,0,,,0,0,0,0,0
3637,3:8:13:1:6:1,0,0,0,,,0,0,0,0,0
3638,3:8:13:2:9:2,0,0,0,,,0,0,0,0,0
3639,3:8:13:3:15:3,1,,4,0,0,1,0,0,0,0
3640,3:8:14:0:0:1,0,0,0,,,0,0,0,0,0
3641,3:8:14:1:6:1,0,0,0,,,0,0,0,0,0
3642,3:8:14:2:9:2,0,0,0,,,0,0,0,0,0
3643,3:8:14:3:15:3,1,,4,0,0,1,0,0,0,0
3644,3:8:15:0:0:1,0,0,0,,,0,0,0,0,0
3645,3:8:15:1:6:1,0,0,0,,,0,0,0,0,0
3646,3:8:15:2:9:2,0,0,0,,,0,0,0,0,0
3647,3:8:15:3:15:3,1,,4,0,0,1,0,0,0,0
3648,3:9:0:0:0:1,1,,4,0,0,1,0,0,0,0
3649,3:9:0:1:6:1,1,,4,0,0,1,0,0,0,0
3650,3:9:0:2:9:2,1,,4,0,0,1,0,0,0,0
3651,3:9:0:3:15:3,1,,4,0,0,1,0,0,0,0
3652,3:9:1:0:0:1,1,,4,0,0,1,0,0,0,0
3653,3:9:1:1:6:1,1,,4,0,0,1,0,0,0,0
3654,3:9:1:2:9:2,1,,4,0,0,1,0,0,0,0
3655,3:9:1:3:15:3,1,,4,0,0,1,0,0,0,0
3656,3:9:2:0:0:1,1,,4,0,0,1,0,0,0,0
3657,3:9:2:1:6:1,1,,4,0,0,1,0,0,0,0
3658,3:9:2:2:9:2,1,,4,0,0,1,0,0,0,0
3659,3:9:2:3:15:3,1,,4,0,0,1,0,0,0,0
3660,3:9:3:0:0:1,1,,4,0,0,1,0,0,0,0
3661,3:9:3:1:6:1,1,,4,0,0,1,0,0,0,0
3662,3:9:3:2:9:2,1,,4,0,0,1,0,0,0,0
3663,3:9:3:3:15:3,1,,4,0,0,1,0,0,0,0
3664,3:9:4:0:0:1,0,0,0,,,0,0,0,0,0
3665,3:9:4:1:6:1,0,0,0,,,0,0,0,0,0
3666,3:9:4:2:9:2,0,0,0,,,0,0,0,0,0
3667,3:9:4:3:15:3,1,,4,0,0,1,0,0,0,0
3668,3:9:5:0:0:1,0,0,0,,,0,0,0,0,0
3669,3:9:5:1:6:1,0,0,0,,,0,0,0,0,0
3670,3:9:5:2:9:2,0,0,0,,,0,0,0,0,0
3671,3:9:5:3:15:3,1,,4,0,0,1,0,0,0,0
3672,3:9:6:0:0:1,0,0,0,,,0,0,0,0,0
3673,3:9:6:1:6:1,0,0,0,,,0,0,0,0,0
3674,3:9:6:2:9:2,0,0,0,,,0,0,0,0,0
3675,3:9:6:3:15:3,1,,4,0,0,1,0,0,0,0
3676,3:9:7:0:0:1,0,0,0,,,0,0,0,0,0
3677,3:9:7:1:6:1,0,0,0,,,0,0,0,0,0
3678,3:9:7:2:9:2,0,0,0,,,0,0,0,0,0
3679,3:9:7:3:15:3,1,,4,0,0,1,0,0,0,0
3680,3:9:8:0:0:1,0,0,0,,,0,0,0,0,0
3681,3:9:8:1:6:1,0,0,0,,,0,0,0,0,0
3682,3:9:8:2:9:2,0,0,0,,,0,0,0,0,0
3683,3:9:8:3:15:3,1,,4,0,0,1,0,0,0,0
3684,3:9:9:0:0:1,1,2,2,2,2,2,0,0,0,0
3685,3:9:9:1:6:1,1,2,2,2,2,2,0,0,0,0
3686,3:9:9:2:9:2,1,2,2,2,2,2,0,0,0,0
3687,3:9:9:3:15:3,1,,4,0,0,1,0,0,0,0
3688,3:9:10:0:0:1,0,0,0,,,0,0,0,0,0
3689,3:9:10:1:6:1,0,0,0,,,0,0,0,0,0
3690,3:9:10:2:9:2,0,0,0,,,0,0,0,0,0
3691,3:9:10:3:15:3,1,,4,0,0,1,0,0,0,0
3692,3:9:11:0:0:1,0,0,0,,,0,0,0,0,0
3693,3:9:11:1:6:1,0,0,0,,,0,0,0,0,0
3694,3:9:11:2:9:2,0,0,0,,,0,0,0,0,0
3695,3:9:11:3:15:3,1,,4,0,0,1,0,0,0,0
3696,3:9:12:0:0:1,0,0,0,,,0,0,0,0,0
3697,3:9:12:1:6:1,0,0,0,,,0,0,0,0,0
3698,3:9:12:2:9:2,0,0,0,,,0,0,0,0,0
3699,3:9:12:3:15:3,1,,4,0,0,1,0,0,0,0
3700,3:9:13:0:0:1,0,0,0,,,0,0,0,0,0
3701,3:9:13:1:6:1,0,0,0,,,0,0,0,0,0
3702,3:9:13:2:9:2,0,0,0,,,0,0,0,0,0
3703,3:9:13:3:15:3,1,,4,0,0,1,0,0,0,0
3704,3:9:14:0:0:1,0,0,0,,,0,0,0,0,0
3705,3:9:14:1:6:1,0,0,0,,,0,0,0,0,0
3706,3:9:14:2:9:2,0,0,0,,,0,0,0,0,0
3707,3:9:14:3:15:3,1,,4,0,0,1,0,0,0,0
3708,3:9:15:0:0:1,0,0,0,,,0,0,0,0,0
3709,3:9:15:1:6:1,0,0,0,,,0,0,0,0,0
3710,3:9:15:2:9:2,0,0,0,,,0,0,0,0,0
3711,3:9:15:3:15:3,1,,4,0,0,1,0,0,0,0
3712,3:10:0:0:0:1,1,,4,0,0,1,0,0,0,0
3713,3:10:0:1:6:1,1,,4,0,0,1,0,0,0,0
3714,3:10:0:2:9:2,1,,4,0,0,1,0,0,0,0
3715,3:10:0:3:15:3,1,,4,0,0,1,0,0,0,0
3716,3:10:1:0:0:1,1,,4,0,0,1,0,0,0,0
3717,3:10:1:1:6:1,1,,4,0,0,1,0,0,0,0
3718,3:10:1:2:9:2,1,,4,0,0,1,0,0,0,0
3719,3:10:1:3:15:3,1,,4,0,0,1,0,0,0,0
3720,3:10:2:0:0:1,1,,4,0,0,1,0,0,0,0
3721,3:10:2:1:6:1,1,,4,0,0,1,0,0,0,0
3722,3:10:2:2:9:2,1,,4,0,0,1,0,0,0,0
3723,3:10:2:3:15:3,1,,4,0,0,1,0,0,0,0
3724,3:10:3:0:0:1,1,,4,0,0,1,0,0,0,0
3725,3:10:3:1:6:1,1,,4,0,0,1,0,0,0,0
3726,3:10:3:2:9:2,1,,4,0,0,1,0,0,0,0
3727,3:10:3:3:15:3,1,,4,0,0,1,0,0,0,0
3728,3:10:4:0:0:1,0,0,0,,,0,0,0,0,0
3729,3:10:4:1:6:1,0,0,0,,,0,0,0,0,0
3730,3:10:4:2:9:2,0,0,0,,,0,0,0,0,0
3731,3:10:4:3:15:3,1,,4,0,0,1,0,0,0,0
3732,3:10:5:0:0:1,0,0,0,,,0,0,0,0,0
3733,3:10:5:1:6:1,0,0,0,,,0,0,0,0,0
3734,3:10:5:2:9:2,0,0,0,,,0,0,0,0,0
3735,3:10:5:3:15:3,1,,4,0,0,1,0,0,0,0
3736,3:10:6:0:0:1,0,0,0,,,0,0,0,0,0
3737,3:10:6:1:6:1,0,0,0,,,0,0,0,0,0
3738,3:10:6:2:9:2,0,0,0,,,0,0,0,0,0
3739,3:10:6:3:15:3,1,,4,0,0,1,0,0,0,0
3740,3:10:7:0:0:1,0,0,0,,,0,0,0,0,0
3741,3:10:7:1:6:1,0,0,0,,,0,0,0,0,0
3742,3:10:7:2:9:2,0,0,0,,,0,0,0,0,0
3743,3:10:7:3:15:3,1,,4,0,0,1,0,0,0,0
3744,3:10:8:0:0:1,0,0,0,,,0,0,0,0,0
3745,3:10:8:1:6:1,0,0,0,,,0,0,0,0,0
3746,3:10:8:2:9:2,0,0,0,,,0,0,0,0,0
3747,3:10:8:3:15:3,1,,4,0,0,1,0,0,0,0
3748,3:10:9:0:0:1,0,0,0,,,0,0,0,0,0
3749,3:10:9:1:6:1,0,0,0,,,0,0,0,0,0
3750,3:10:9:2:9:2,0,0,0,,,0,0,0,0,0
3751,3:10:9:3:15:3,1,,4,0,0,1,0,0,0,0
3752,3:10:10:0:0:1,1,2,2,2,2,2,0,0,0,0
3753,3:10:10:1:6:1,1,2,2,2,2,2,0,0,0,0
3754,3:10:10:2:9:2,1,2,2,2,2,2,0,0,0,0
3755,3:10:10:3:15:3,1,,4,0,0,1,0,0,0,0
3756,3:10:11:0:0:1,0,0,0,,,0,0,0,0,0
3757,3:10:11:1:6:1,0,0,0,,,0,0,0,0,0
3758,3:10:11:2:9:2,0,0,0,,,0,0,0,0,0
3759,3:10:11:3:15:3,1,,4,0,0,1,0,0,0,0
3760,3:10:12:0:0:1,0,0,0,,,0,0,0,0,0
3761,3:10:12:1:6:1,0,0,0,,,0,0,0,0,0
3762,3:10:12:2:9:2,0,0,0,,,0,0,0,0,0
3763,3:10:12:3:15:3,1,,4,0,0,1,0,0,0,0
3764,3:10:13:0:0:1,0,0,0,,,0,0,0,0,0
3765,3:10:13:1:6:1,0,0,0,,,0,0,0,0,0
3766,3:10:13:2:9:2,0,0,0,,,0,0,0,0,0
3767,3:10:13:3:15:3,1,,4,0,0,1,0,0,0,0
3768,3:10:14:0:0:1,0,0,0,,,0,0,0,0,0
3769,3:10:14:1:6:1,0,0,0,,,0,0,0,0,0
3770,3:10:14:2:9:2,0,0,0,,,0,0,0,0,0
3771,3:10:14:3:15:3,1,,4,0,0,1,0,0,0,0
3772,3:10:15:0:0:1,0,0,0,,,0,0,0,0,0
3773,3:10:15:1:6:1,0,0,0,,,0,0,0,0,0
3774,3:10:15:2:9:2,0,0,0,,,0,0,0,0,0
3775,3:10:15:3:15:3,1,,4,0,0,1,0,0,0,0
3776,3:11:0:0:0:1,1,,4,0,0,1,0,0,0,0
3777,3:11:0:1:6:1,1,,4,0,0,1,0,0,0,0
3778,3:11:0:2:9:2,1,,4,0,0,1,0,0,0,0
3779,3:11:0:3:15:3,1,,4,0,0,1,0,0,0,0
3780,3:11:1:0:0:1,1,,4,0,0,1,0,0,0,0
3781,3:11:1:1:6:1,1,,4,0,0,1,0,0,0,0
3782,3:11:1:2:9:2,1,,4,0,0,1,0,0,0,0
3783,3:11:1:3:15:3,1,,4,0,0,1,0,0,0,0
3784,3:11:2:0:0:1,1,,4,0,0,1,0,0,0,0
3785,3:11:2:1:6:1,1,,4,0,0,1,0,0,0,0
3786,3:11:2:2:9:2,1,,4,0,0,1,0,0,0,0
3787,3:11:2:3:15:3,1,,4,0,0,1,0,0,0,0
3788,3:11:3:0:0:1,1,,4,0,0,1,0,0,0,0
3789,3:11:3:1:6:1,1,,4,0,0,1,0,0,0,0
3790,3:11:3:2:9:2,1,,4,0,0,1,0,0,0,0
3791,3:11:3:3:15:3,1,,4,0,0,1,0,0,0,0
3792,3:11:4:0:0:1,0,0,0,,,0,0,0,0,0
3793,3:11:4:1:6:1,0,0,0,,,0,0,0,0,0
3794,3:11:4:2:9:2,0,0,0,,,0,0,0,0,0
3795,3:11:4:3:15:3,1,,4,0,0,1,0,0,0,0
3796,3:11:5:0:0:1,0,0,0,,,0,0,0,0,0
3797,3:11:5:1:6:1,0,0,0,,,0,0,0,0,0
3798,3:11:5:2:9:2,0,0,0,,,0,0,0,0,0
3799,3:11:5:3:15:3,1,,4,0,0,1,0,0,0,0
3800,3:11:6:0:0:1,0,0,0,,,0,0,0,0,0
3801,3:11:6:1:6:1,0,0,0,,,0,0,0,0,0
3802,3:11:6:2:9:2,0,0,0,,,0,0,0,0,0
3803,3:11:6:3:15:3,1,,4,0,0,1,0,0,0,0
3804,3:11:7:0:0:1,0,0,0,,,0,0,0,0,0
3805,3:11:7:1:6:1,0,0,0,,,0,0,0,0,0
3806,3:11:7:2:9:2,0,0,0,,,0,0,0,0,0
3807,3:11:7:3:15:3,1,,4,0,0,1,0,0,0,0
3808,3:11:8:0:0:1,0,0,0,,,0,0,0,0,0
3809,3:11:8:1:6:1,0,0,0,,,0,0,0,0,0
3810,3:11:8:2:9:2,0,0,0,,,0,0,0,0,0
3811,3:11:8:3:15:3,1,,4,0,0,1,0,0,0,0
3812,3:11:9:0:0:1,0,0,0,,,0,0,0,0,0
3813,3:11:9:1:6:1,0,0,0,,,0,0,0,0,0
3814,3:11:9:2:9:2,0,0,0,,,0,0,0,0,0
3815,3:11:9:3:15:3,1,,4,0,0,1,0,0,0,0
3816,3:11:10:0:0:1,0,0,0,,,0,0,0,0,0
3817,3:11:10:1:6:1,0,0,0,,,0,0,0,0,0
3818,3:11:10:2:9:2,0,0,0,,,0,0,0,0,0
3819,3:11:10:3:15:3,1,,4,0,0,1,0,0,0,0
3820,3:11:11:0:0:1,1,2,2,2,2,2,0,0,0,0
3821,3:11:11:1:6:1,1,2,2,2,2,2,0,0,0,0
3822,3:11:11:2:9:2,1,2,2,2,2,2,0,0,0,0
3823,3:11:11:3:15:3,1,,4,0,0,1,0,0,0,0
3824,3:11:12:0:0:1,0,0,0,,,0,0,0,0,0
3825,3:11:12:1:6:1,0,0,0,,,0,0,0,0,0
3826,3:11:12:2:9:2,0,0,0,,,0,0,0,0,0
3827,3:11:12:3:15:3,1,,4,0,0,1,0,0,0,0
3828,3:11:13:0:0:1,0,0,0,,,0,0,0,0,0
3829,3:11:13:1:6:1,0,0,0,,,0,0,0,0,0
3830,3:11:13:2:9:2,0,0,0,,,0,0,0,0,0
3831,3:11:13:3:15:3,1,,4,0,0,1,0,0,0,0
3832,3:11:14:0:0:1,0,0,0,,,0,0,0,0,0
3833,3:11:14:1:6:1,0,0,0,,,0,0,0,0,0
3834,3:11:14:2:9:2,0,0,0,,,0,0,0,0,0
3835,3:11:14:3:15:3,1,,4,0,0,1,0,0,0,0
3836,3:11:15:0:0:1,0,0,0,,,0,0,0,0,0
3837,3:11:15:1:6:1,0,0,0,,,0,0,0,0,0
3838,3:11:15:2:9:2,0,0,0,,,0,0,0,0,0
3839,3:11:15:3:15:3,1,,4,0,0,1,0,0,0,0
3840,3:12:0:0:0:1,1,,4,0,0,1,0,0,0,0
3841,3:12:0:1:6:1,1,,4,0,0,1,0,0,0,0
3842,3:12:0:2:9:2,1,,4,0,0,1,0,0,0,0
3843,3:12:0:3:15:3,1,,4,0,0,1,0,0,0,0
3844,3:12:1:0:0:1,1,,4,0,0,1,0,0,0,0
3845,3:12:1:1:6:1,1,,4,0,0,1,0,0,0,0
3846,3:12:1:2:9:2,1,,4,0,0,1,0,0,0,0
3847,3:12:1:3:15:3,1,,4,0,0,1,0,0,0,0
3848,3:12:2:0:0:1,1,,4,0,0,1,0,0,0,0
3849,3:12:2:1:6:1,1,,4,0,0,1,0,0,0,0
3850,3:12:2:2:9:2,1,,4,0,0,1,0,0,0,0
3851,3:12:2:3:15:3,1,,4,0,0,1,0,0,0,0
3852,3:12:3:0:0:1,1,,4,0,0,1,0,0,0,0
3853,3:12:3:1:6:1,1,,4,0,0,1,0,0,0,0
3854,3:12:3:2:9:2,1,,4,0,0,1,0,0,0,0
3855,3:12:3:3:15:3,1,,4,0,0,1,0,0,0,0
3856,3:12:4:0:0:1,0,0,0,,,0,0,0,0,0
3857,3:12:4:1:6:1,0,0,0,,,0,0,0,0,0
3858,3:12:4:2:9:2,0,0,0,,,0,0,0,0,0
3859,3:12:4:3:15:3,1,,4,0,0,1,0,0,0,0
3860,3:12:5:0:0:1,0,0,0,,,0,0,0,0,0
3861,3:12:5:1:6:1,0,0,0,,,0,0,0,0,0
3862,3:12:5:2:9:2,0,0,0,,,0,0,0,0,0
3863,3:12:5:3:15:3,1,,4,0,0,1,0,0,0,0
3864,3:12:6:0:0:1,0,0,0,,,0,0,0,0,0
3865,3:12:6:1:6:1,0,0,0,,,0,0,0,0,0
3866,3:12:6:2:9:2,0,0,0,,,0,0,0,0,0
3867,3:12:6:3:15:3,1,,4,0,0,1,0,0,0,0
3868,3:12:7:0:0:1,0,0,0,,,0,0,0,0,0
3869,3:12:7:1:6:1,0,0,0,,,0,0,0,0,0
3870,3:12:7:2:9:2,0,0,0,,,0,0,0,0,0
3871,3:12:7:3:15:3,1,,4,0,0,1,0,0,0,0
3872,3:12:8:0:0:1,0,0,0,,,0,0,0,0,0
3873,3:12:8:1:6:1,0,0,0,,,0,0,0,0,0
3874,3:12:8:2:9:2,0,0,0,,,0,0,0,0,0
3875,3:12:8:3:15:3,1,,4,0,0,1,0,0,0,0
3876,3:12:9:0:0:1,0,0,0,,,0,0,0,0,0
3877,3:12:9:1:6:1,0,0,0,,,0,0,0,0,0
3878,3:12:9:2:9:2,0,0,0,,,0,0,0,0,0
3879,3:12:9:3:15:3,1,,4,0,0,1,0,0,0,0
3880,3:12:10:0:0:1,0,0,0,,,0,0,0,0,0
3881,3:12:10:1:6:1,0,0,0,,,0,0,0,0,0
3882,3:12:10:2:9:2,0,0,0,,,0,0,0,0,0
3883,3:12:10:3:15:3,1,,4,0,0,1,0,0,0,0
3884,3:12:11:0:0:1,0,0,0,,,0,0,0,0,0
3885,3:12:11:1:6:1,0,0,0,,,0,0,0,0,0
3886,3:12:11:2:9:2,0,0,0,,,0,0,0,0,0
3887,3:12:11:3:15:3,1,,4,0,0,1,0,0,0,0
3888,3:12:12:0:0:1,1,2,2,2,2,2,0,0,0,0
3889,3:12:12:1:6:1,1,2,2,2,2,2,0,0,0,0
3890,3:12:12:2:9:2,1,2,2,2,2,2,0,0,0,0
3891,3:12:12:3:15:3,1,,4,0,0,1,0,0,0,0
3892,3:12:13:0:0:1,0,0,0,,,0,0,0,0,0
3893,3:12:13:1:6:1,0,0,0,,,0,0,0,0,0
3894,3:12:13:2:9:2,0,0,0,,,0,0,0,0,0
3895,3:12:13:3:15:3,1,,4,0,0,1,0,0,0,0
3896,3:12:14:0:0:1,0,0,0,,,0,0,0,0,0
3897,3:12:14:1:6:1,0,0,0,,,0,0,0,0,0
3898,3:12:14:2:9:2,0,0,0,,,0,0,0,0,0
3899,3:12:14:3:15:3,1,,4,0,0,1,0,0,0,0
3900,3:12:15:0:0:1,0,0,0,,,0,0,0,0,0
3901,3:12:15:1:6:1,0,0,0,,,0,0,0,0,0
3902,3:12:15:2:9:2,0,0,0,,,0,0,0,0,0
3903,3:12:15:3:15:3,1,,4,0,0,1,0,0,0,0
3904,3:13:0:0:0:1,1,,4,0,0,1,0,0,0,0
3905,3:13:0:1:6:1,1,,4,0,0,1,0,0,0,0
3906,3:13:0:2:9:2,1,,4,0,0,1,0,0,0,0
3907,3:13:0:3:15:3,1,,4,0,0,1,0,0,0,0
3908,3:13:1:0:0:1,1,,4,0,0,1,0,0,0,0
3909,3:13:1:1:6:1,1,,4,0,0,1,0,0,0,0
3910,3:13:1:2:9:2,1,,4,0,0,1,0,0,0,0
3911,3:13:1:3:15:3,1,,4,0,0,1,0,0,0,0
3912,3:13:2:0:0:1,1,,4,0,0,1,0,0,0,0
3913,3:13:2:1:6:1,1,,4,0,0,1,0,0,0,0
3914,3:13:2:2:9:2,1,,4,0,0,1,0,0,0,0
3915,3:13:2:3:15:3,1,,4,0,0,1,0,0,0,0
3916,3:13:3:0:0:1,1,,4,0,0,1,0,0,0,0
3917,3:13:3:1:6:1,1,,4,0,0,1,0,0,0,0
3918,3:13:3:2:9:2,1,,4,0,0,1,0,0,0,0
3919,3:13:3:3:15:3,1,,4,0,0,1,0,0,0,0
3920,3:13:4:0:0:1,0,0,0,,,0,0,0,0,0
3921,3:13:4:1:6:1,0,0,0,,,0,0,0,0,0
3922,3:13:4:2:9:2,0,0,0,,,0,0,0,0,0
3923,3:13:4:3:15:3,1,,4,0,0,1,0,0,0,0
3924,3:13:5:0:0:1,0,0,0,,,0,0,0,0,0
3925,3:13:5:1:6:1,0,0,0,,,0,0,0,0,0
3926,3:13:5:2:9:2,0,0,0,,,0,0,0,0,0
3927,3:13:5:3:15:3,1,,4,0,0,1,0,0,0,0
3928,3:13:6:0:0:1,0,0,0,,,0,0,0,0,0
3929,3:13:6:1:6:1,0,0,0,,,0,0,0,0,0
3930,3:13:6:2:9:2,0,0,0,,,0,0,0,0,0
3931,3:13:6:3:15:3,1,,4,0,0,1,0,0,0,0
3932,3:13:7:0:0:1,0,0,0,,,0,0,0,0,0
3933,3:13:7:1:6:1,0,0,0,,,0,0,0,0,0
3934,3:13:7:2:9:2,0,0,0,,,0,0,0,0,0
3935,3:13:7:3:15:3,1,,4,0,0,1,0,0,0,0
3936,3:13:8:0:0:1,0,0,0,,,0,0,0,0,0
3937,3:13:8:1:6:1,0,0,0,,,0,0,0,0,0
3938,3:13:8:2:9:2,0,0,0,,,0,0,0,0,0
3939,3:13:8:3:15:3,1,,4,0,0,1,0,0,0,0
3940,3:13:9:0:0:1,0,0,0,,,0,0,0,0,0
3941,3:13:9:1:6:1,0,0,0,,,0,0,0,0,0
3942,3:13:9:2:9:2,0,0,0,,,0,0,0,0,0
3943,3:13:9:3:15:3,1,,4,0,0,1,0,0,0,0
3944,3:13:10:0:0:1,0,0,0,,,0,0,0,0,0
3945,3:13:10:1:6:1,0,0,0,,,0,0,0,0,0
3946,3:13:10:2:9:2,0,0,0,,,0,0,0,0,0
3947,3:13:10:3:15:3,1,,4,0,0,1,0,0,0,0
3948,3:13:11:0:0:1,0,0,0,,,0,0,0,0,0
3949,3:13:11:1:6:1,0,0,0,,,0,0,0,0,0
3950,3:13:11:2:9:2,0,0,0,,,0,0,0,0,0
3951,3:13:11:3:15:3,1,,4,0,0,1,0,0,0,0
3952,3:13:12:0:0:1,0,0,0,,,0,0,0,0,0
3953,3:13:12:1:6:1,0,0,0,,,0,0,0,0,0
3954,3:13:12:2:9:2,0,0,0,,,0,0,0,0,0
3955,3:13:12:3:15:3,1,,4,0,0,1,0,0,0,0
3956,3:13:13:0:0:1,1,2,2,2,2,2,0,0,0,0
3957,3:13:13:1:6:1,1,2,2,2,2,2,0,0,0,0
3958,3:13:13:2:9:2,1,2,2,2,2,2,0,0,0,0
3959,3:13:13:3:15:3,1,,4,0,0,1,0,0,0,0
3960,3:13:14:0:0:1,0,0,0,,,0,0,0,0,0
3961,3:13:14:1:6:1,0,0,0,,,0,0,0,0,0
3962,3:13:14:2:9:2,0,0,0,,,0,0,0,0,0
3963,3:13:14:3:15:3,1,,4,0,0,1,0,0,0,0
3964,3:13:15:0:0:1,0,0,0,,,0,0,0,0,0
3965,3:13:15:1:6:1,0,0,0,,,0,0,0,0,0
3966,3:13:15:2:9:2,0,0,0,,,0,0,0,0,0
3967,3:13:15:3:15:3,1,,4,0,0,1,0,0,0,0
3968,3:14:0:0:0:1,1,,4,0,0,1,0,0,0,0
3969,3:14:0:1:6:1,1,,4,0,0,1,0,0,0,0
3970,3:14:0:2:9:2,1,,4,0,0,1,0,0,0,0
3971,3:14:0:3:15:3,1,,4,0,0,1,0,0,0,0
3972,3:14:1:0:0:1,1,,4,0,0,1,0,0,0,0
3973,3:14:1:1:6:1,1,,4,0,0,1,0,0,0,0
3974,3:14:1:2:9:2,1,,4,0,0,1,0,0,0,0
3975,3:14:1:3:15:3,1,,4,0,0,1,0,0,0,0
3976,3:14:2:0:0:1,1,,4,0,0,1,0,0,0,0
3977,3:14:2:1:6:1,1,,4,0,0,1,0,0,0,0
3978,3:14:2:2:9:2,1,,4,0,0,1,0,0,0,0
3979,3:14:2:3:15:3,1,,4,0,0,1,0,0,0,0
3980,3:14:3:0:0:1,1,,4,0,0,1,0,0,0,0
3981,3:14:3:1:6:1,1,,4,0,0,1,0,0,0,0
3982,3:14:3:2:9:2,1,,4,0,0,1,0,0,0,0
3983,3:14:3:3:15:3,1,,4,0,0,1,0,0,0,0
3984,3:14:4:0:0:1,0,0,0,,,0,0,0,0,0
3985,3:14:4:1:6:1,0,0,0,,,0,0,0,0,0
3986,3:14:4:2:9:2,0,0,0,,,0,0,0,0,0
3987,3:14:4:3:15:3,1,,4,0,0,1,0,0,0,0
3988,3:14:5:0:0:1,0,0,0,,,0,0,0,0,0
3989,3:14:5:1:6:1,0,0,0,,,0,0,0,0,0
3990,3:14:5:2:9:2,0,0,0,,,0,0,0,0,0
3991,3:14:5:3:15:3,1,,4,0,0,1,0,0,0,0
3992,3:14:6:0:0:1,0,0,0,,,0,0,0,0,0
3993,3:14:6:1:6:1,0,0,0,,,0,0,0,0,0
3994,3:14:6:2:9:2,0,0,0,,,0,0,0,0,0
3995,3:14:6:3:15:3,1,,4,0,0,1,0,0,0,0
3996,3:14:7:0:0:1,0,0,0,,,0,0,0,0,0
3997,3:14:7:1:6:1,0,0,0,,,0,0,0,0,0
3998,3:14:7:2:9:2,0,0,0,,,0,0,0,0,0
3999,3:14:7:3:15:3,1,,4,0,0,1,0,0,0,0
4000,3:14:8:0:0:1,0,0,0,,,0,0,0,0,0
4001,3:14:8:1:6:1,0,0,0,,,0,0,0,0,0
4002,3:14:8:2:9:2,0,0,0,,,0,0,0,0,0
4003,3:14:8:3:15:3,1,,4,0,0,1,0,0,0,0
4004,3:14:9:0:0:1,0,0,0,,,0,0,0,0,0
4005,3:14:9:1:6:1,0,0,0,,,0,0,0,0,0
4006,3:14:9:2:9:2,0,0,0,,,0,0,0,0,0
4007,3:14:9:3:15:3,1,,4,0,0,1,0,0,0,0
4008,3:14:10:0:0:1,0,0,0,,,0,0,0,0,0
4009,3:14:10:1:6:1,0,0,0,,,0,0,0,0,0
4010,3:14:10:2:9:2,0,0,0,,,0,0,0,0,0
4011,3:14:10:3:15:3,1,,4,0,0,1,0,0,0,0
4012,3:14:11:0:0:1,0,0,0,,,0,0,0,0,0
4013,3:14:11:1:6:1,0,0,0,,,0,0,0,0,0
4014,3:14:11:2:9:2,0,0,0,,,0,0,0,0,0
4015,3:14:11:3:15:3,1,,4,0,0,1,0,0,0,0
4016,3:14:12:0:0:1,0,0,0,,,0,0,0,0,0
4017,3:14:12:1:6:1,0,0,0,,,0,0,0,0,0
4018,3:14:12:2:9:2,0,0,0,,,0,0,0,0,0
4019,3:14:12:3:15:3,1,,4,0,0,1,0,0,0,0
4020,3:14:13:0:0:1,0,0,0,,,0,0,0,0,0
4021,3:14:13:1:6:1,0,0,0,,,0,0,0,0,0
4022,3:14:13:2:9:2,0,0,0,,,0,0,0,0,0
4023,3:14:13:3:15:3,1,,4,0,0,1,0,0,0,0
4024,3:14:14:0:0:1,1,2,2,2,2,2,0,0,0,0
4025,3:14:14:1:6:1,1,2,2,2,2,2,0,0,0,0
4026,3:14:14:2:9:2,1,2,2,2,2,2,0,0,0,0
4027,3:14:14:3:15:3,1,,4,0,0,1,0,0,0,0
4028,3:14:15:0:0:1,0,0,0,,,0,0,0,0,0
4029,3:14:15:1:6:1,0,0,0,,,0,0,0,0,0
4030,3:14:15:2:9:2,0,0,0,,,0,0,0,0,0
4031,3:14:15:3:15:3,1,,4,0,0,1,0,0,0,0
4032,3:15:0:0:0:1,1,,4,0,0,1,0,0,0,0
4033,3:15:0:1:6:1,1,,4,0,0,1,0,0,0,0
4034,3:15:0:2:9:2,1,,4,0,0,1,0,0,0,0
4035,3:15:0:3:15:3,1,,4,0,0,1,0,0,0,0
4036,3:15:1:0:0:1,1,,4,0,0,1,0,0,0,0
4037,3:15:1:1:6:1,1,,4,0,0,1,0,0,0,0
4038,3:15:1:2:9:2,1,,4,0,0,1,0,0,0,0
4039,3:15:1:3:15:3,1,,4,0,0,1,0,0,0,0
4040,3:15:2:0:0:1,1,,4,0,0,1,0,0,0,0
4041,3:15:2:1:6:1,1,,4,0,0,1,0,0,0,0
4042,3:15:2:2:9:2,1,,4,0,0,1,0,0,0,0
4043,3:15:2:3:15:3,1,,4,0,0,1,0,0,0,0
4044,3:15:3:0:0:1,1,,4,0,0,1,0,0,0,0
4045,3:15:3:1:6:1,1,,4,0,0,1,0,0,0,0
4046,3:15:3:2:9:2,1,,4,0,0,1,0,0,0,0
4047,3:15:3:3:15:3,1,,4,0,0,1,0,0,0,0
4048,3:15:4:0:0:1,0,0,0,,,0,0,0,0,0
4049,3:15:4:1:6:1,0,0,0,,,0,0,0,0,0
4050,3:15:4:2:9:2,0,0,0,,,0,0,0,0,0
4051,3:15:4:3:15:3,1,,4,0,0,1,0,0,0,0
4052,3:15:5:0:0:1,0,0,0,,,0,0,0,0,0
4053,3:15:5:1:6:1,0,0,0,,,0,0,0,0,0
4054,3:15:5:2:9:2,0,0,0,,,0,0,0,0,0
4055,3:15:5:3:15:3,1,,4,0,0,1,0,0,0,0
4056,3:15:6:0:0:1,0,0,0,,,0,0,0,0,0
4057,3:15:6:1:6:1,0,0,0,,,0,0,0,0,0
4058,3:15:6:2:9:2,0,0,0,,,0,0,0,0,0
4059,3:15:6:3:15:3,1,,4,0,0,1,0,0,0,0
4060,3:15:7:0:0:1,0,0,0,,,0,0,0,0,0
4061,3:15:7:1:6:1,0,0,0,,,0,0,0,0,0
4062,3:15:7:2:9:2,0,0,0,,,0,0,0,0,0
4063,3:15:7:3:15:3,1,,4,0,0,1,0,0,0,0
4064,3:15:8:0:0:1,0,0,0,,,0,0,0,0,0
4065,3:15:8:1:6:1,0,0,0,,,0,0,0,0,0
4066,3:15:8:2:9:2,0,0,0,,,0,0,0,0,0
4067,3:15:8:3:15:3,1,,4,0,0,1,0,0,0,0
4068,3:15:9:0:0:1,0,0,0,,,0,0,0,0,0
4069,3:15:9:1:6:1,0,0,0,,,0,0,0,0,0
4070,3:15:9:2:9:2,0,0,0,,,0,0,0,0,0
4071,3:15:9:3:15:3,1,,4,0,0,1,0,0,0,0
4072,3:15:10:0:0:1,0,0,0,,,0,0,0,0,0
4073,3:15:10:1:6:1,0,0,0,,,0,0,0,0,0
4074,3:15:10:2:9:2,0,0,0,,,0,0,0,0,0
4075,3:15:10:3:15:3,1,,4,0,0,1,0,0,0,0
4076,3:15:11:0:0:1,0,0,0,,,0,0,0,0,0
4077,3:15:11:1:6:1,0,0,0,,,0,0,0,0,0
4078,3:15:11:2:9:2,0,0,0,,,0,0,0,0,0
4079,3:15:11:3:15:3,1,,4,0,0,1,0,0,0,0
4080,3:15:12:0:0:1,0,0,0,,,0,0,0,0,0
4081,3:15:12:1:6:1,0,0,0,,,0,0,0,0,0
4082,3:15:12:2:9:2,0,0,0,,,0,0,0,0,0
4083,3:15:12:3:15:3,1,,4,0,0,1,0,0,0,0
4084,3:15:13:0:0:1,0,0,0,,,0,0,0,0,0
4085,3:15:13:1:6:1,0,0,0,,,0,0,0,0,0
4086,3:15:13:2:9:2,0,0,0,,,0,0,0,0,0
4087,3:15:13:3:15:3,1,,4,0,0,1,0,0,0,0
4088,3:15:14:0:0:1,0,0,0,,,0,0,0,0,0
4089,3:15:14:1:6:1,0,0,0,,,0,0,0,0,0
4090,3:15:14:2:9:2,0,0,0,,,0,0,0,0,0
4091,3:15:14:3:15:3,1,,4,0,0,1,0,0,0,0
4092,3:15:15:0:0:1,1,2,2,2,2,2,0,0,0,0
4093,3:15:15:1:6:1,1,2,2,2,2,2,0,0,0,0
4094,3:15:15:2:9:2,1,2,2,2,2,2,0,0,0,0
4095,3:15:15:3:15:3,1,,4,0,0,1,0,0,0,0
4096,4:0:0:0:0:1,1,,4,0,0,1,0,0,0,0
4097,4:0:0:1:6:1,1,,4,0,0,1,0,0,0,0
4098,4:0:0:2:9:2,1,,4,0,0,1,0,0,0,0
4099,4:0:0:3:15:3,1,,4,0,0,1,0,0,0,0
4100,4:0:1:0:0:1,1,,4,0,0,1,0,0,0,0
4101,4:0:1:1:6:1,1,,4,0,0,1,0,0,0,0
4102,4:0:1:2:9:2,1,,4,0,0,1,0,0,0,0
4103,4:0:1:3:15:3,1,,4,0,0,1,0,0,0,0
4104,4:0:2:0:0:1,1,,4,0,0,1,0,0,0,0
4105,4:0:2:1:6:1,1,,4,0,0,1,0,0,0,0
4106,4:0:2:2:9:2,1,,4,0,0,1,0,0,0,0
4107,4:0:2:3:15:3,1,,4,0,0,1,0,0,0,0
4108,4:0:3:0:0:1,1,,4,0,0,1,0,0,0,0
4109,4:0:3:1:6:1,1,,4,0,0,1,0,0,0,0
4110,4:0:3:2:9:2,1,,4,0,0,1,0,0,0,0
4111,4:0:3:3:15:3,1,,4,0,0,1,0,0,0,0
4112,4:0:4:0:0:1,1,1,2,1,1,2,0,0,0,0
4113,4:0:4:1:6:1,1,1,2,1,1,2,0,0,0,0
4114,4:0:4:2:9:2,1,1,2,1,1,2,0,0,0,0
4115,4:0:4:3:15:3,1,,4,0,0,1,0,0,0,0
4116,4:0:5:0:0:1,0,0,0,,,0,0,0,0,0
4117,4:0:5:1:6:1,0,0,0,,,0,0,0,0,0
4118,4:0:5:2:9:2,0,0,0,,,0,0,0,0,0
4119,4:0:5:3:15:3,1,,4,0,0,1,0,0,0,0
4120,4:0:6:0:0:1,0,0,0,,,0,0,0,0,0
4121,4:0:6:1:6:1,0,0,0,,,0,0,0,0,0
4122,4:0:6:2:9:2,0,0,0,,,0,0,0,0,0
4123,4:0:6:3:15:3,1,,4,0,0,1,0,0,0,0
4124,4:0:7:0:0:1,0,0,0,,,0,0,0,0,0
4125,4:0:7:1:6:1,0,0,0,,,0,0,0,0,0
4126,4:0:7:2:9:2,0,0,0,,,0,0,0,0,0
4127,4:0:7:3:15:3,1,,4,0,0,1,0,0,0,0
4128,4:0:8:0:0:1,0,0,0,,,0,0,0,0,0
4129,4:0:8:1:6:1,0,0,0,,,0,0,0,0,0
4130,4:0:8:2:9:2,0,0,0,,,0,0,0,0,0
4131,4:0:8:3:15:3,1,,4,0,0,1,0,0,0,0
4132,4:0:9:0:0:1,0,0,0,,,0,0,0,0,0
4133,4:0:9:1:6:1,0,0,0,,,0,0,0,0,0
4134,4:0:9:2:9:2,0,0,0,,,0,0,0,0,0
4135,4:0:9:3:15:3,1,,4,0,0,1,0,0,0,0
4136,4:0:10:0:0:1,0,0,0,,,0,0,0,0,0
4137,4:0:10:1:6:1,0,0,0,,,0,0,0,0,0
4138,4:0:10:2:9:2,0,0,0,,,0,0,0,0,0
4139,4:0:10:3:15:3,1,,4,0,0,1,0,0,0,0
4140,4:0:11:0:0:1,0,0,0,,,0,0,0,0,0
4141,4:0:11:1:6:1,0,0,0,,,0,0,0,0,0
4142,4:0:11:2:9:2,0,0,0,,,0,0,0,0,0
4143,4:0:11:3:15:3,1,,4,0,0,1,0,0,0,0
4144,4:0:12:0:0:1,0,0,0,,,0,0,0,0,0
4145,4:0:12:1:6:1,0,0,0,,,0,0,0,0,0
4146,4:0:12:2:9:2,0,0,0,,,0,0,0,0,0
4147,4:0:12:3:15:3,1,,4,0,0,1,0,0,0,0
4148,4:0:13:0:0:1,0,0,0,,,0,0,0,0,0
4149,4:0:13:1:6:1,0,0,0,,,0,0,0,0,0
4150,4:0:13:2:9:2,0,0,0,,,0,0,0,0,0
4151,4:0:13:3:15:3,1,,4,0,0,1,0,0,0,0
4152,4:0:14:0:0:1,0,0,0,,,0,0,0,0,0
4153,4:0:14:1:6:1,0,0,0,,,0,0,0,0,0
4154,4:0:14:2:9:2,0,0,0,,,0,0,0,0,0
4155,4:0:14:3:15:3,1,,4,0,0,1,0,0,0,0
4156,4:0:15:0:0:1,0,0,0,,,0,0,0,0,0
4157,4:0:15:1:6:1,0,0,0,,,0,0,0,0,0
4158,4:0:15:2:9:2,0,0,0,,,0,0,0,0,0
4159,4:0:15:3:15:3,1,,4,0,0,1,0,0,0,0
4160,4:1:0:0:0:1,1,,4,0,0,1,0,0,0,0
4161,4:1:0:1:6:1,1,,4,0,0,1,0,0,0,0
4162,4:1:0:2:9:2,1,,4,0,0,1,0,0,0,0
4163,4:1:0:3:15:3,1,,4,0,0,1,0,0,0,0
4164,4:1:1:0:0:1,1,,4,0,0,1,0,0,0,0
4165,4:1:1:1:6:1,1,,4,0,0,1,0,0,0,0
4166,4:1:1:2:9:2,1,,4,0,0,1,0,0,0,0
4167,4:1:1:3:15:3,1,,4,0,0,1,0,0,0,0
4168,4:1:2:0:0:1,1,,4,0,0,1,0,0,0,0
4169,4:1:2:1:6:1,1,,4,0,0,1,0,0,0,0
4170,4:1:2:2:9:2,1,,4,0,0,1,0,0,0,0
4171,4:1:2:3:15:3,1,,4,0,0,1,0,0,0,0
4172,4:1:3:0:0:1,1,,4,0,0,1,0,0,0,0
4173,4:1:3:1:6:1,1,,4,0,0,1,0,0,0,0
4174,4:1:3:2:9:2,1,,4,0,0,1,0,0,0,0
4175,4:1:3:3:15:3,1,,4,0,0,1,0,0,0,0
4176,4:1:4:0:0:1,1,1,2,1,1,2,0,0,0,0
4177,4:1:4:1:6:1,1,1,2,1,1,2,0,0,0,0
4178,4:1:4:2:9:2,1,1,2,1,1,2,0,0,0,0
4179,4:1:4:3:15:3,1,,4,0,0,1,0,0,0,0
4180,4:1:5:0:0:1,0,0,0,,,0,0,0,0,0
4181,4:1:5:1:6:1,0,0,0,,,0,0,0,0,0
4182,4:1:5:2:9:2,0,0,0,,,0,0,0,0,0
4183,4:1:5:3:15:3,1,,4,0,0,1,0,0,0,0
4184,4:1:6:0:0:1,0,0,0,,,0,0,0,0,0
4185,4:1:6:1:6:1,0,0,0,,,0,0,0,0,0
4186,4:1:6:2:9:2,0,0,0,,,0,0,0,0,0
4187,4:1:6:3:15:3,1,,4,0,0,1,0,0,0,0
4188,4:1:7:0:0:1,0,0,0,,,0,0,0,0,0
4189,4:1:7:1:6:1,0,0,0,,,0,0,0,0,0
4190,4:1:7:2:9:2,0,0,0,,,0,0,0,0,0
4191,4:1:7:3:15:3,1,,4,0,0,1,0,0,0,0
4192,4:1:8:0:0:1,0,0,0,,,0,0,0,0,0
4193,4:1:8:1:6:1,0,0,0,,,0,0,0,0,0
4194,4:1:8:2:9:2,0,0,0,,,0,0,0,0,0
4195,4:1:8:3:15:3,1,,4,0,0,1,0,0,0,0
4196,4:1:9:0:0:1,0,0,0,,,0,0,0,0,0
4197,4:1:9:1:6:1,0,0,0,,,0,0,0,0,0
4198,4:1:9:2:9:2,0,0,0,,,0,0,0,0,0
4199,4:1:9:3:15:3,1,,4,0,0,1,0,0,0,0
4200,4:1:10:0:0:1,0,0,0,,,0,0,0,0,0
4201,4:1:10:1:6:1,0,0,0,,,0,0,0,0,0
4202,4:1:10:2:9:2,0,0,0,,,0,0,0,0,0
4203,4:1:10:3:15:3,1,,4,0,0,1,0,0,0,0
4204,4:1:11:0:0:1,0,0,0,,,0,0,0,0,0
4205,4:1:11:1:6:1,0,0,0,,,0,0,0,0,0
4206,4:1:11:2:9:2,0,0,0,,,0,0,0,0,0
4207,4:1:11:3:15:3,1,,4,0,0,1,0,0,0,0
4208,4:1:12:0:0:1,0,0,0,,,0,0,0,0,0
4209,4:1:12:1:6:1,0,0,0,,,0,0,0,0,0
4210,4:1:12:2:9:2,0,0,0,,,0,0,0,0,0
4211,4:1:12:3:15:3,1,,4,0,0,1,0,0,0,0
4212,4:1:13:0:0:1,0,0,0,,,0,0,0,0,0
4213,4:1:13:1:6:1,0,0,0,,,0,0,0,0,0
4214,4:1:13:2:9:2,0,0,0,,,0,0,0,0,0
4215,4:1:13:3:15:3,1,,4,0,0,1,0,0,0,0
4216,4:1:14:0:0:1,0,0,0,,,0,0,0,0,0
4217,4:1:14:1:6:1,0,0,0,,,0,0,0,0,0
4218,4:1:14:2:9:2,0,0,0,,,0,0,0,0,0
4219,4:1:14:3:15:3,1,,4,0,0,1,0,0,0,0
4220,4:1:15:0:0:1,0,0,0,,,0,0,0,0,0
4221,4:1:15:1:6:1,0,0,0,,,0,0,0,0,0
4222,4:1:15:2:9:2,0,0,0,,,0,0,0,0,0
4223,4:1:15:3:15:3,1,,4,0,0,1,0,0,0,0
4224,4:2:0:0:0:1,1,,4,0,0,1,0,0,0,0
4225,4:2:0:1:6:1,1,,4,0,0,1,0,0,0,0
4226,4:2:0:2:9:2,1,,4,0,0,1,0,0,0,0
4227,4:2:0:3:15:3,1,,4,0,0,1,0,0,0,0
4228,4:2:1:0:0:1,1,,4,0,0,1,0,0,0,0
4229,4:2:1:1:6:1,1,,4,0,0,1,0,0,0,0
4230,4:2:1:2:9:2,1,,4,0,0,1,0,0,0,0
4231,4:2:1:3:15:3,1,,4,0,0,1,0,0,0,0
4232,4:2:2:0:0:1,1,,4,0,0,1,0,0,0,0
4233,4:2:2:1:6:1,1,,4,0,0,1,0,0,0,0
4234,4:2:2:2:9:2,1,,4,0,0,1,0,0,0,0
4235,4:2:2:3:15:3,1,,4,0,0,1,0,0,0,0
4236,4:2:3:0:0:1,1,,4,0,0,1,0,0,0,0
4237,4:2:3:1:6:1,1,,4,0,0,1,0,0,0,0
4238,4:2:3:2:9:2,1,,4,0,0,1,0,0,0,0
4239,4:2:3:3:15:3,1,,4,0,0,1,0,0,0,0
4240,4:2:4:0:0:1,1,1,2,1,1,2,0,0,0,0
4241,4:2:4:1:6:1,1,1,2,1,1,2,0,0,0,0
4242,4:2:4:2:9:2,1,1,2,1,1,2,0,0,0,0
4243,4:2:4:3:15:3,1,,4,0,0,1,0,0,0,0
4244,4:2:5:0:0:1,0,0,0,,,0,0,0,0,0
4245,4:2:5:1:6:1,0,0,0,,,0,0,0,0,0
4246,4:2:5:2:9:2,0,0,0,,,0,0,0,0,0
4247,4:2:5:3:15:3,1,,4,0,0,1,0,0,0,0
4248,4:2:6:0:0:1,0,0,0,,,0,0,0,0,0
4249,4:2:6:1:6:1,0,0,0,,,0,0,0,0,0
4250,4:2:6:2:9:2,0,0,0,,,0,0,0,0,0
4251,4:2:6:3:15:3,1,,4,0,0,1,0,0,0,0
4252,4:2:7:0:0:1,0,0,0,,,0,0,0,0,0
4253,4:2:7:1:6:1,0,0,0,,,0,0,0,0,0
4254,4:2:7:2:9:2,0,0,0,,,0,0,0,0,0
4255,4:2:7:3:15:3,1,,4,0,0,1,0,0,0,0
4256,4:2:8:0:0:1,0,0,0,,,0,0,0,0,0
4257,4:2:8:1:6:1,0,0,0,,,0,0,0,0,0
4258,4:2:8:2:9:2,0,0,0,,,0,0,0,0,0
4259,4:2:8:3:15:3,1,,4,0,0,1,0,0,0,0
4260,4:2:9:0:0:1,0,0,0,,,0,0,0,0,0
4261,4:2:9:1:6:1,0,0,0,,,0,0,0,0,0
4262,4:2:9:2:9:2,0,0,0,,,0,0,0,0,0
4263,4:2:9:3:15:3,1,,4,0,0,1,0,0,0,0
4264,4:2:10:0:0:1,0,0,0,,,0,0,0,0,0
4265,4:2:10:1:6:1,0,0,0,,,0,0,0,0,0
4266,4:2:10:2:9:2,0,0,0,,,0,0,0,0,0
4267,4:2:10:3:15:3,1,,4,0,0,1,0,0,0,0
4268,4:2:11:0:0:1,0,0,0,,,0,0,0,0,0
4269,4:2:11:1:6:1,0,0,0,,,0,0,0,0,0
4270,4:2:11:2:9:2,0,0,0,,,0,0,0,0,0
4271,4:2:11:3:15:3,1,,4,0,0,1,0,0,0,0
4272,4:2:12:0:0:1,0,0,0,,,0,0,0,0,0
4273,4:2:12:1:6:1,0,0,0,,,0,0,0,0,0
4274,4:2:12:2:9:2,0,0,0,,,0,0,0,0,0
4275,4:2:12:3:15:3,1,,4,0,0,1,0,0,0,0
4276,4:2:13:0:0:1,0,0,0,,,0,0,0,0,0
4277,4:2:13:1:6:1,0,0,0,,,0,0,0,0,0
4278,4:2:13:2:9:2,0,0,0,,,0,0,0,0,0
4279,4:2:13:3:15:3,1,,4,0,0,1,0,0,0,0
4280,4:2:14:0:0:1,0,0,0,,,0,0,0,0,0
4281,4:2:14:1:6:1,0,0,0,,,0,0,0,0,0
4282,4:2:14:2:9:2,0,0,0,,,0,0,0,0,0
4283,4:2:14:3:15:3,1,,4,0,0,1,0,0,0,0
4284,4:2:15:0:0:1,0,0,0,,,0,0,0,0,0
4285,4:2:15:1:6:1,0,0,0,,,0,0,0,0,0
4286,4:2:15:2:9:2,0,0,0,,,0,0,0,0,0
4287,4:2:15:3:15:3,1,,4,0,0,1,0,0,0,0
4288,4:3:0:0:0:1,1,,4,0,0,1,0,0,0,0
4289,4:3:0:1:6:1,1,,4,0,0,1,0,0,0,0
4290,4:3:0:2:9:2,1,,4,0,0,1,0,0,0,0
4291,4:3:0:3:15:3,1,,4,0,0,1,0,0,0,0
4292,4:3:1:0:0:1,1,,4,0,0,1,0,0,0,0
4293,4:3:1:1:6:1,1,,4,0,0,1,0,0,0,0
4294,4:3:1:2:9:2,1,,4,0,0,1,0,0,0,0
4295,4:3:1:3:15:3,1,,4,0,0,1,0,0,0,0
4296,4:3:2:0:0:1,1,,4,0,0,1,0,0,0,0
4297,4:3:2:1:6:1,1,,4,0,0,1,0,0,0,0
4298,4:3:2:2:9:2,1,,4,0,0,1,0,0,0,0
4299,4:3:2:3:15:3,1,,4,0,0,1,0,0,0,0
4300,4:3:3:0:0:1,1,,4,0,0,1,0,0,0,0
4301,4:3:3:1:6:1,1,,4,0,0,1,0,0,0,0
4302,4:3:3:2:9:2,1,,4,0,0,1,0,0,0,0
4303,4:3:3:3:15:3,1,,4,0,0,1,0,0,0,0
4304,4:3:4:0:0:1,1,1,2,1,1,2,0,0,0,0
4305,4:3:4:1:6:1,1,1,2,1,1,2,0,0,0,0
4306,4:3:4:2:9:2,1,1,2,1,1,2,0,0,0,0
4307,4:3:4:3:15:3,1,,4,0,0,1,0,0,0,0
4308,4:3:5:0:0:1,0,0,0,,,0,0,0,0,0
4309,4:3:5:1:6:1,0,0,0,,,0,0,0,0,0
4310,4:3:5:2:9:2,0,0,0,,,0,0,0,0,0
4311,4:3:5:3:15:3,1,,4,0,0,1,0,0,0,0
4312,4:3:6:0:0:1,0,0,0,,,0,0,0,0,0
4313,4:3:6:1:6:1,0,0,0,,,0,0,0,0,0
4314,4:3:6:2:9:2,0,0,0,,,0,0,0,0,0
4315,4:3:6:3:15:3,1,,4,0,0,1,0,0,0,0
4316,4:3:7:0:0:1,0,0,0,,,0,0,0,0,0
4317,4:3:7:1:6:1,0,0,0,,,0,0,0,0,0
4318,4:3:7:2:9:2,0,0,0,,,0,0,0,0,0
4319,4:3:7:3:15:3,1,,4,0,0,1,0,0,0,0
4320,4:3:8:0:0:1,0,0,0,,,0,0,0,0,0
4321,4:3:8:1:6:1,0,0,0,,,0,0,0,0,0
4322,4:3:8:2:9:2,0,0,0,,,0,0,0,0,0
4323,4:3:8:3:15:3,1,,4,0,0,1,0,0,0,0
4324,4:3:9:0:0:1,0,0,0,,,0,0,0,0,0
4325,4:3:9:1:6:1,0,0,0,,,0,0,0,0,0
4326,4:3:9:2:9:2,0,0,0,,,0,0,0,0,0
4327,4:3:9:3:15:3,1,,4,0,0,1,0,0,0,0
4328,4:3:10:0:0:1,0,0,0,,,0,0,0,0,0
4329,4:3:10:1:6:1,0,0,0,,,0,0,0,0,0
4330,4:3:10:2:9:2,0,0,0,,,0,0,0,0,0
4331,4:3:10:3:15:3,1,,4,0,0,1,0,0,0,0
4332,4:3:11:0:0:1,0,0,0,,,0,0,0,0,0
4333,4:3:11:1:6:1,0,0,0,,,0,0,0,0,0
4334,4:3:11:2:9:2,0,0,0,,,0,0,0,0,0
4335,4:3:11:3:15:3,1,,4,0,0,1,0,0,0,0
4336,4:3:12:0:0:1,0,0,0,,,0,0,0,0,0
4337,4:3:12:1:6:1,0,0,0,,,0,0,0,0,0
4338,4:3:12:2:9:2,0,0,0,,,0,0,0,0,0
4339,4:3:12:3:15:3,1,,4,0,0,1,0,0,0,0
4340,4:3:13:0:0:1,0,0,0,,,0,0,0,0,0
4341,4:3:13:1:6:1,0,0,0,,,0,0,0,0,0
4342,4:3:13:2:9:2,0,0,0,,,0,0,0,0,0
4343,4:3:13:3:15:3,1,,4,0,0,1,0,0,0,0
4344,4:3:14:0:0:1,0,0,0,,,0,0,0,0,0
4345,4:3:14:1:6:1,0,0,0,,,0,0,0,0,0
4346,4:3:14:2:9:2,0,0,0,,,0,0,0,0,0
4347,4:3:14:3:15:3,1,,4,0,0,1,0,0,0,0
4348,4:3:15:0:0:1,0,0,0,,,0,0,0,0,0
4349,4:3:15:1:6:1,0,0,0,,,0,0,0,0,0
4350,4:3:15:2:9:2,0,0,0,,,0,0,0,0,0
4351,4:3:15:3:15:3,1,,4,0,0,1,0,0,0,0
4352,4:4:0:0:0:1,1,,4,0,0,1,0,0,0,0
4353,4:4:0:1:6:1,1,,4,0,0,1,0,0,0,0
4354,4:4:0:2:9:2,1,,4,0,0,1,0,0,0,0
4355,4:4:0:3:15:3,1,,4,0,0,1,0,0,0,0
4356,4:4:1:0:0:1,1,,4,0,0,1,0,0,0,0
4357,4:4:1:1:6:1,1,,4,0,0,1,0,0,0,0
4358,4:4:1:2:9:2,1,,4,0,0,1,0,0,0,0
4359,4:4:1:3:15:3,1,,4,0,0,1,0,0,0,0
4360,4:4:2:0:0:1,1,,4,0,0,1,0,0,0,0
4361,4:4:2:1:6:1,1,,4,0,0,1,0,0,0,0
4362,4:4:2:2:9:2,1,,4,0,0,1,0,0,0,0
4363,4:4:2:3:15:3,1,,4,0,0,1,0,0,0,0
4364,4:4:3:0:0:1,1,,4,0,0,1,0,0,0,0
4365,4:4:3:1:6:1,1,,4,0,0,1,0,0,0,0
4366,4:4:3:2:9:2,1,,4,0,0,1,0,0,0,0
4367,4:4:3:3:15:3,1,,4,0,0,1,0,0,0,0
4368,4:4:4:0:0:1,1,3,3,1,1,3,0,0,0,0
4369,4:4:4:1:6:1,1,3,3,1,1,3,0,0,0,0
4370,4:4:4:2:9:2,1,3,3,1,1,3,0,0,0,0
4371,4:4:4:3:15:3,1,,4,0,0,1,0,0,0,0
4372,4:4:5:0:0:1,0,0,0,,,0,0,0,0,0
4373,4:4:5:1:6:1,0,0,0,,,0,0,0,0,0
4374,4:4:5:2:9:2,0,0,0,,,0,0,0,0,0
4375,4:4:5:3:15:3,1,,4,0,0,1,0,0,0,0
4376,4:4:6:0:0:1,0,0,0,,,0,0,0,0,0
4377,4:4:6:1:6:1,0,0,0,,,0,0,0,0,0
4378,4:4:6:2:9:2,0,0,0,,,0,0,0,0,0
4379,4:4:6:3:15:3,1,,4,0,0,1,0,0,0,0
4380,4:4:7:0:0:1,0,0,0,,,0,0,0,0,0
4381,4:4:7:1:6:1,0,0,0,,,0,0,0,0,0
4382,4:4:7:2:9:2,0,0,0,,,0,0,0,0,0
4383,4:4:7:3:15:3,1,,4,0,0,1,0,0,0,0
4384,4:4:8:0:0:1,0,0,0,,,0,0,0,0,0
4385,4:4:8:1:6:1,0,0,0,,,0,0,0,0,0
4386,4:4:8:2:9:2,0,0,0,,,0,0,0,0,0
4387,4:4:8:3:15:3,1,,4,0,0,1,0,0,0,0
4388,4:4:9:0:0:1,0,0,0,,,0,0,0,0,0
4389,4:4:9:1:6:1,0,0,0,,,0,0,0,0,0
4390,4:4:9:2:9:2,0,0,0,,,0,0,0,0,0
4391,4:4:9:3:15:3,1,,4,0,0,1,0,0,0,0
4392,4:4:10:0:0:1,0,0,0,,,0,0,0,0,0
4393,4:4:10:1:6:1,0,0,0,,,0,0,0,0,0
4394,4:4:10:2:9:2,0,0,0,,,0,0,0,0,0
4395,4:4:10:3:15:3,1,,4,0,0,1,0,0,0,0
4396,4:4:11:0:0:1,0,0,0,,,0,0,0,0,0
4397,4:4:11:1:6:1,0,0,0,,,0,0,0,0,0
4398,4:4:11:2:9:2,0,0,0,,,0,0,0,0,0
4399,4:4:11:3:15:3,1,,4,0,0,1,0,0,0,0
4400,4:4:12:0:0:1,0,0,0,,,0,0,0,0,0
4401,4:4:12:1:6:1,0,0,0,,,0,0,0,0,0
4402,4:4:12:2:9:2,0,0,0,,,0,0,0,0,0
4403,4:4:12:3:15:3,1,,4,0,0,1,0,0,0,0
4404,4:4:13:0:0:1,0,0,0,,,0,0,0,0,0
4405,4:4:13:1:6:1,0,0,0,,,0,0,0,0,0
4406,4:4:13:2:9:2,0,0,0,,,0,0,0,0,0
4407,4:4:13:3:15:3,1,,4,0,0,1,0,0,0,0
4408,4:4:14:0:0:1,0,0,0,,,0,0,0,0,0
4409,4:4:14:1:6:1,0,0,0,,,0,0,0,0,0
4410,4:4:14:2:9:2,0,0,0,,,0,0,0,0,0
4411,4:4:14:3:15:3,1,,4,0,0,1,0,0,0,0
4412,4:4:15:0:0:1,0,0,0,,,0,0,0,0,0
4413,4:4:15:1:6:1,0,0,0,,,0,0,0,0,0
4414,4:4:15:2:9:2,0,0,0,,,0,0,0,0,0
4415,4:4:15:3:15:3,1,,4,0,0,1,0,0,0,0
4416,4:5:0:0:0:1,1,,4,0,0,1,0,0,0,0
4417,4:5:0:1:6:1,1,,4,0,0,1,0,0,0,0
4418,4:5:0:2:9:2,1,,4,0,0,1,0,0,0,0
4419,4:5:0:3:15:3,1,,4,0,0,1,0,0,0,0
4420,4:5:1:0:0:1,1,,4,0,0,1,0,0,0,0
4421,4:5:1:1:6:1,1,,4,0,0,1,0,0,0,0
4422,4:5:1:2:9:2,1,,4,0,0,1,0,0,0,0
4423,4:5:1:3:15:3,1,,4,0,0,1,0,0,0,0
4424,4:5:2:0:0:1,1,,4,0,0,1,0,0,0,0
4425,4:5:2:1:6:1,1,,4,0,0,1,0,0,0,0
4426,4:5:2:2:9:2,1,,4,0,0,1,0,0,0,0
4427,4:5:2:3:15:3,1,,4,0,0,1,0,0,0,0
4428,4:5:3:0:0:1,1,,4,0,0,1,0,0,0,0
4429,4:5:3:1:6:1,1,,4,0,0,1,0,0,0,0
4430,4:5:3:2:9:2,1,,4,0,0,1,0,0,0,0
4431,4:5:3:3:15:3,1,,4,0,0,1,0,0,0,0
4432,4:5:4:0:0:1,1,1,2,1,1,2,0,0,0,0
4433,4:5:4:1:6:1,1,1,2,1,1,2,0,0,0,0
4434,4:5:4:2:9:2,1,1,2,1,1,2,0,0,0,0
4435,4:5:4:3:15:3,1,,4,0,0,1,0,0,0,0
4436,4:5:5:0:0:1,1,2,2,2,2,2,0,0,0,0
4437,4:5:5:1:6:1,1,2,2,2,2,2,0,0,0,0
4438,4:5:5:2:9:2,1,2,2,2,2,2,0,0,0,0
4439,4:5:5:3:15:3,1,,4,0,0,1,0,0,0,0
4440,4:5:6:0:0:1,0,0,0,,,0,0,0,0,0
4441,4:5:6:1:6:1,0,0,0,,,0,0,0,0,0
4442,4:5:6:2:9:2,0,0,0,,,0,0,0,0,0
4443,4:5:6:3:15:3,1,,4,0,0,1,0,0,0,0
4444,4:5:7:0:0:1,0,0,0,,,0,0,0,0,0
4445,4:5:7:1:6:1,0,0,0,,,0,0,0,0,0
4446,4:5:7:2:9:2,0,0,0,,,0,0,0,0,0
4447,4:5:7:3:15:3,1,,4,0,0,1,0,0,0,0
4448,4:5:8:0:0:1,0,0,0,,,0,0,0,0,0
4449,4:5:8:1:6:1,0,0,0,,,0,0,0,0,0
4450,4:5:8:2:9:2,0,0,0,,,0,0,0,0,0
4451,4:5:8:3:15:3,1,,4,0,0,1,0,0,0,0
4452,4:5:9:0:0:1,0,0,0,,,0,0,0,0,0
4453,4:5:9:1:6:1,0,0,0,,,0,0,0,0,0
4454,4:5:9:2:9:2,0,0,0,,,0,0,0,0,0
4455,4:5:9:3:15:3,1,,4,0,0,1,0,0,0,0
4456,4:5:10:0:0:1,0,0,0,,,0,0,0,0,0
4457,4:5:10:1:6:1,0,0,0,,,0,0,0,0,0
4458,4:5:10:2:9:2,0,0,0,,,0,0,0,0,0
4459,4:5:10:3:15:3,1,,4,0,0,1,0,0,0,0
4460,4:5:11:0:0:1,0,0,0,,,0,0,0,0,0
4461,4:5:11:1:6:1,0,0,0,,,0,0,0,0,0
4462,4:5:11:2:9:2,0,0,0,,,0,0,0,0,0
4463,4:5:11:3:15:3,1,,4,0,0,1,0,0,0,0
4464,4:5:12:0:0:1,0,0,0,,,0,0,0,0,0
4465,4:5:12:1:6:1,0,0,0,,,0,0,0,0,0
4466,4:5:12:2:9:2,0,0,0,,,0,0,0,0,0
4467,4:5:12:3:15:3,1,,4,0,0,1,0,0,0,0
4468,4:5:13:0:0:1,0,0,0,,,0,0,0,0,0
4469,4:5:13:1:6:1,0,0,0,,,0,0,0,0,0
4470,4:5:13:2:9:2,0,0,0,,,0,0,0,0,0
4471,4:5:13:3:15:3,1,,4,0,0,1,0,0,0,0
4472,4:5:14:0:0:1,0,0,0,,,0,0,0,0,0
4473,4:5:14:1:6:1,0,0,0,,,0,0,0,0,0
4474,4:5:14:2:9:2,0,0,0,,,0,0,0,0,0
4475,4:5:14:3:15:3,1,,4,0,0,1,0,0,0,0
4476,4:5:15:0:0:1,0,0,0,,,0,0,0,0,0
4477,4:5:15:1:6:1,0,0,0,,,0,0,0,0,0
4478,4:5:15:2:9:2,0,0,0,,,0,0,0,0,0
4479,4:5:15:3:15:3,1,,4,0,0,1,0,0,0,0
4480,4:6:0:0:0:1,1,,4,0,0,1,0,0,0,0
4481,4:6:0:1:6:1,1,,4,0,0,1,0,0,0,0
4482,4:6:0:2:9:2,1,,4,0,0,1,0,0,0,0
4483,4:6:0:3:15:3,1,,4,0,0,1,0,0,0,0
4484,4:6:1:0:0:1,1,,4,0,0,1,0,0,0,0
4485,4:6:1:1:6:1,1,,4,0,0,1,0,0,0,0
4486,4:6:1:2:9:2,1,,4,0,0,1,0,0,0,0
4487,4:6:1:3:15:3,1,,4,0,0,1,0,0,0,0
4488,4:6:2:0:0:1,1,,4,0,0,1,0,0,0,0
4489,4:6:2:1:6:1,1,,4,0,0,1,0,0,0,0
4490,4:6:2:2:9:2,1,,4,0,0,1,0,0,0,0
4491,4:6:2:3:15:3,1,,4,0,0,1,0,0,0,0
4492,4:6:3:0:0:1,1,,4,0,0,1,0,0,0,0
4493,4:6:3:1:6:1,1,,4,0,0,1,0,0,0,0
4494,4:6:3:2:9:2,1,,4,0,0,1,0,0,0,0
4495,4:6:3:3:15:3,1,,4,0,0,1,0,0,0,0
4496,4:6:4:0:0:1,1,1,2,1,1,2,0,0,0,0
4497,4:6:4:1:6:1,1,1,2,1,1,2,0,0,0,0
4498,4:6:4:2:9:2,1,1,2,1,1,2,0,0,0,0
4499,4:6:4:3:15:3,1,,4,0,0,1,0,0,0,0
4500,4:6:5:0:0:1,0,0,0,,,0,0,0,0,0
4501,4:6:5:1:6:1,0,0,0,,,0,0,0,0,0
4502,4:6:5:2:9:2,0,0,0,,,0,0,0,0,0
4503,4:6:5:3:15:3,1,,4,0,0,1,0,0,0,0
4504,4:6:6:0:0:1,1,2,2,2,2,2,0,0,0,0
4505,4:6:6:1:6:1,1,2,2,2,2,2,0,0,0,0
4506,4:6:6:2:9:2,1,2,2,2,2,2,0,0,0,0
4507,4:6:6:3:15:3,1,,4,0,0,1,0,0,0,0
4508,4:6:7:0:0:1,0,0,0,,,0,0,0,0,0
4509,4:6:7:1:6:1,0,0,0,,,0,0,0,0,0
4510,4:6:7:2:9:2,0,0,0,,,0,0,0,0,0
4511,4:6:7:3:15:3,1,,4,0,0,1,0,0,0,0
4512,4:6:8:0:0:1,0,0,0,,,0,0,0,0,0
4513,4:6:8:1:6:1,0,0,0,,,0,0,0,0,0
4514,4:6:8:2:9:2,0,0,0,,,0,0,0,0,0
4515,4:6:8:3:15:3,1,,4,0,0,1,0,0,0,0
4516,4:6:9:0:0:1,0,0,0,,,0,0,0,0,0
4517,4:6:9:1:6:1,0,0,0,,,0,0,0,0,0
4518,4:6:9:2:9:2,0,0,0,,,0,0,0,0,0
4519,4:6:9:3:15:3,1,,4,0,0,1,0,0,0,0
4520,4:6:10:0:0:1,0,0,0,,,0,0,0,0,0
4521,4:6:10:1:6:1,0,0,0,,,0,0,0,0,0
4522,4:6:10:2:9:2,0,0,0,,,0,0,0,0,0
4523,4:6:10:3:15:3,1,,4,0,0,1,0,0,0,0
4524,4:6:11:0:0:1,0,0,0,,,0,0,0,0,0
4525,4:6:11:1:6:1,0,0,0,,,0,0,0,0,0
4526,4:6:11:2:9:2,0,0,0,,,0,0,0,0,0
4527,4:6:11:3:15:3,1,,4,0,0,1,0,0,0,0
4528,4:6:12:0:0:1,0,0,0,,,0,0,0,0,0
4529,4:6:12:1:6:1,0,0,0,,,0,0,0,0,0
4530,4:6:12:2:9:2,0,0,0,,,0,0,0,0,0
4531,4:6:12:3:15:3,1,,4,0,0,1,0,0,0,0
4532,4:6:13:0:0:1,0,0,0,,,0,0,0,0,0
4533,4:6:13:1:6:1,0,0,0,,,0,0,0,0,0
4534,4:6:13:2:9:2,0,0,0,,,0,0,0,0,0
4535,4:6:13:3:15:3,1,,4,0,0,1,0,0,0,0
4536,4:6:14:0:0:1,0,0,0,,,0,0,0,0,0
4537,4:6:14:1:6:1,0,0,0,,,0,0,0,0,0
4538,4:6:14:2:9:2,0,0,0,,,0,0,0,0,0
4539,4:6:14:3:15:3,1,,4,0,0,1,0,0,0,0
4540,4:6:15:0:0:1,0,0,0,,,0,0,0,0,0
4541,4:6:15:1:6:1,0,0,0,,,0,0,0,0,0
4542,4:6:15:2:9:2,0,0,0,,,0,0,0,0,0
4543,4:6:15:3:15:3,1,,4,0,0,1,0,0,0,0
4544,4:7:0:0:0:1,1,,4,0,0,1,0,0,0,0
4545,4:7:0:1:6:1,1,,4,0,0,1,0,0,0,0
4546,4:7:0:2:9:2,1,,4,0,0,1,0,0,0,0
4547,4:7:0:3:15:3,1,,4,0,0,1,0,0,0,0
4548,4:7:1:0:0:1,1,,4,0,0,1,0,0,0,0
4549,4:7:1:1:6:1,1,,4,0,0,1,0,0,0,0
4550,4:7:1:2:9:2,1,,4,0,0,1,0,0,0,0
4551,4:7:1:3:15:3,1,,4,0,0,1,0,0,0,0
4552,4:7:2:0:0:1,1,,4,0,0,1,0,0,0,0
4553,4:7:2:1:6:1,1,,4,0,0,1,0,0,0,0
4554,4:7:2:2:9:2,1,,4,0,0,1,0,0,0,0
4555,4:7:2:3:15:3,1,,4,0,0,1,0,0,0,0
4556,4:7:3:0:0:1,1,,4,0,0,1,0,0,0,0
4557,4:7:3:1:6:1,1,,4,0,0,1,0,0,0,0
4558,4:7:3:2:9:2,1,,4,0,0,1,0,0,0,0
4559,4:7:3:3:15:3,1,,4,0,0,1,0,0,0,0
4560,4:7:4:0:0:1,1,1,2,1,1,2,0,0,0,0
4561,4:7:4:1:6:1,1,1,2,1,1,2,0,0,0,0
4562,4:7:4:2:9:2,1,1,2,1,1,2,0,0,0,0
4563,4:7:4:3:15:3,1,,4,0,0,1,0,0,0,0
4564,4:7:5:0:0:1,0,0,0,,,0,0,0,0,0
4565,4:7:5:1:6:1,0,0,0,,,0,0,0,0,0
4566,4:7:5:2:9:2,0,0,0,,,0,0,0,0,0
4567,4:7:5:3:15:3,1,,4,0,0,1,0,0,0,0
4568,4:7:6:0:0:1,0,0,0,,,0,0,0,0,0
4569,4:7:6:1:6:1,0,0,0,,,0,0,0,0,0
4570,4:7:6:2:9:2,0,0,0,,,0,0,0,0,0
4571,4:7:6:3:15:3,1,,4,0,0,1,0,0,0,0
4572,4:7:7:0:0:1,1,2,2,2,2,2,0,0,0,0
4573,4:7:7:1:6:1,1,2,2,2,2,2,0,0,0,0
4574,4:7:7:2:9:2,1,2,2,2,2,2,0,0,0,0
4575,4:7:7:3:15:3,1,,4,0,0,1,0,0,0,0
4576,4:7:8:0:0:1,0,0,0,,,0,0,0,0,0
4577,4:7:8:1:6:1,0,0,0,,,0,0,0,0,0
4578,4:7:8:2:9:2,0,0,0,,,0,0,0,0,0
4579,4:7:8:3:15:3,1,,4,0,0,1,0,0,0,0
4580,4:7:9:0:0:1,0,0,0,,,0,0,0,0,0
4581,4:7:9:1:6:1,0,0,0,,,0,0,0,0,0
4582,4:7:9:2:9:2,0,0,0,,,0,0,0,0,0
4583,4:7:9:3:15:3,1,,4,0,0,1,0,0,0,0
4584,4:7:10:0:0:1,0,0,0,,,0,0,0,0,0
4585,4:7:10:1:6:1,0,0,0,,,0,0,0,0,0
4586,4:7:10:2:9:2,0,0,0,,,0,0,0,0,0
4587,4:7:10:3:15:3,1,,4,0,0,1,0,0,0,0
4588,4:7:11:0:0:1,0,0,0,,,0,0,0,0,0
4589,4:7:11:1:6:1,0,0,0,,,0,0,0,0,0
4590,4:7:11:2:9:2,0,0,0,,,0,0,0,0,0
4591,4:7:11:3:15:3,1,,4,0,0,1,0,0,0,0
4592,4:7:12:0:0:1,0,0,0,,,0,0,0,0,0
4593,4:7:12:1:6:1,0,0,0,,,0,0,0,0,0
4594,4:7:12:2:9:2,0,0,0,,,0,0,0,0,0
4595,4:7:12:3:15:3,1,,4,0,0,1,0,0,0,0
4596,4:7:13:0:0:1,0,0,0,,,0,0,0,0,0
4597,4:7:13:1:6:1,0,0,0,,,0,0,0,0,0
4598,4:7:13:2:9:2,0,0,0,,,0,0,0,0,0
4599,4:7:13:3:15:3,1,,4,0,0,1,0,0,0,0
4600,4:7:14:0:0:1,0,0,0,,,0,0,0,0,0
4601,4:7:14:1:6:1,0,0,0,,,0,0,0,0,0
4602,4:7:14:2:9:2,0,0,0,,,0,0,0,0,0
4603,4:7:14:3:15:3,1,,4,0,0,1,0,0,0,0
4604,4:7:15:0:0:1,0,0,0,,,0,0,0,0,0
4605,4:7:15:1:6:1,0,0,0,,,0,0,0,0,0
4606,4:7:15:2:9:2,0,0,0,,,0,0,0,0,0
4607,4:7:15:3:15:3,1,,4,0,0,1,0,0,0,0
4608,4:8:0:0:0:1,1,,4,0,0,1,0,0,0,0
4609,4:8:0:1:6:1,1,,4,0,0,1,0,0,0,0
4610,4:8:0:2:9:2,1,,4,0,0,1,0,0,0,0
4611,4:8:0:3:15:3,1,,4,0,0,1,0,0,0,0
4612,4:8:1:0:0:1,1,,4,0,0,1,0,0,0,0
4613,4:8:1:1:6:1,1,,4,0,0,1,0,0,0,0
4614,4:8:1:2:9:2,1,,4,0,0,1,0,0,0,0
4615,4:8:1:3:15:3,1,,4,0,0,1,0,0,0,0
4616,4:8:2:0:0:1,1,,4,0,0,1,0,0,0,0
4617,4:8:2:1:6:1,1,,4,0,0,1,0,0,0,0
4618,4:8:2:2:9:2,1,,4,0,0,1,0,0,0,0
4619,4:8:2:3:15:3,1,,4,0,0,1,0,0,0,0
4620,4:8:3:0:0:1,1,,4,0,0,1,0,0,0,0
4621,4:8:3:1:6:1,1,,4,0,0,1,0,0,0,0
4622,4:8:3:2:9:2,1,,4,0,0,1,0,0,0,0
4623,4:8:3:3:15:3,1,,4,0,0,1,0,0,0,0
4624,4:8:4:0:0:1,1,1,2,1,1,2,0,0,0,0
4625,4:8:4:1:6:1,1,1,2,1,1,2,0,0,0,0
4626,4:8:4:2:9:2,1,1,2,1,1,2,0,0,0,0
4627,4:8:4:3:15:3,1,,4,0,0,1,0,0,0,0
4628,4:8:5:0:0:1,0,0,0,,,0,0,0,0,0
4629,4:8:5:1:6:1,0,0,0,,,0,0,0,0,0
4630,4:8:5:2:9:2,0,0,0,,,0,0,0,0,0
4631,4:8:5:3:15:3,1,,4,0,0,1,0,0,0,0
4632,4:8:6:0:0:1,0,0,0,,,0,0,0,0,0
4633,4:8:6:1:6:1,0,0,0,,,0,0,0,0,0
4634,4:8:6:2:9:2,0,0,0,,,0,0,0,0,0
4635,4:8:6:3:15:3,1,,4,0,0,1,0,0,0,0
4636,4:8:7:0:0:1,0,0,0,,,0,0,0,0,0
4637,4:8:7:1:6:1,0,0,0,,,0,0,0,0,0
4638,4:8:7:2:9:2,0,0,0,,,0,0,0,0,0
4639,4:8:7:3:15:3,1,,4,0,0,1,0,0,0,0
4640,4:8:8:0:0:1,1,2,2,2,2,2,0,0,0,0
4641,4:8:8:1:6:1,1,2,2,2,2,2,0,0,0,0
4642,4:8:8:2:9:2,1,2,2,2,2,2,0,0,0,0
4643,4:8:8:3:15:3,1,,4,0,0,1,0,0,0,0
4644,4:8:9:0:0:1,0,0,0,,,0,0,0,0,0
4645,4:8:9:1:6:1,0,0,0,,,0,0,0,0,0
4646,4:8:9:2:9:2,0,0,0,,,0,0,0,0,0
4647,4:8:9:3:15:3,1,,4,0,0,1,0,0,0,0
4648,4:8:10:0:0:1,0,0,0,,,0,0,0,0,0
4649,4:8:10:1:6:1,0,0,0,,,0,0,0,0,0
4650,4:8:10:2:9:2,0,0,0,,,0,0,0,0,0
4651,4:8:10:3:15:3,1,,4,0,0,1,0,0,0,0
4652,4:8:11:0:0:1,0,0,0,,,0,0,0,0,0
4653,4:8:11:1:6:1,0,0,0,,,0,0,0,0,0
4654,4:8:11:2:9:2,0,0,0,,,0,0,0,0,0
4655,4:8:11:3:15:3,1,,4,0,0,1,0,0,0,0
4656,4:8:12:0:0:1,0,0,0,,,0,0,0,0,0
4657,4:8:12:1:6:1,0,0,0,,,0,0,0,0,0
4658,4:8:12:2:9:2,0,0,0,,,0,0,0,0,0
4659,4:8:12:3:15:3,1,,4,0,0,1,0,0,0,0
4660,4:8:13:0:0:1,0,0,0,,,0,0,0,0,0
4661,4:8:13:1:6:1,0,0,0,,,0,0,0,0,0
4662,4:8:13:2:9:2,0,0,0,,,0,0,0,0,0
4663,4:8:13:3:15:3,1,,4,0,0,1,0,0,0,0
4664,4:8:14:0:0:1,0,0,0,,,0,0,0,0,0
4665,4:8:14:1:6:1,0,0,0,,,0,0,0,0,0
4666,4:8:14:2:9:2,0,0,0,,,0,0,0,0,0
4667,4:8:14:3:15:3,1,,4,0,0,1,0,0,0,0
4668,4:8:15:0:0:1,0,0,0,,,0,0,0,0,0
4669,4:8:15:1:6:1,0,0,0,,,0,0,0,0,0
4670,4:8:15:2:9:2,0,0,0,,,0,0,0,0,0
4671,4:8:15:3:15:3,1,,4,0,0,1,0,0,0,0
4672,4:9:0:0:0:1,1,,4,0,0,1,0,0,0,0
4673,4:9:0:1:6:1,1,,4,0,0,1,0,0,0,0
4674,4:9:0:2:9:2,1,,4,0,0,1,0,0,0,0
4675,4:9:0:3:15:3,1,,4,0,0,1,0,0,0,0
4676,4:9:1:0:0:1,1,,4,0,0,1,0,0,0,0
4677,4:9:1:1:6:1,1,,4,0,0,1,0,0,0,0
4678,4:9:1:2:9:2,1,,4,0,0,1,0,0,0,0
4679,4:9:1:3:15:3,1,,4,0,0,1,0,0,0,0
4680,4:9:2:0:0:1,1,,4,0,0,1,0,0,0,0
4681,4:9:2:1:6:1,1,,4,0,0,1,0,0,0,0
4682,4:9:2:2:9:2,1,,4,0,0,1,0,0,0,0
4683,4:9:2:3:15:3,1,,4,0,0,1,0,0,0,0
4684,4:9:3:0:0:1,1,,4,0,0,1,0,0,0,0
4685,4:9:3:1:6:1,1,,4,0,0,1,0,0,0,0
4686,4:9:3:2:9:2,1,,4,0,0,1,0,0,0,0
4687,4:9:3:3:15:3,1,,4,0,0,1,0,0,0,0
4688,4:9:4:0:0:1,1,1,2,1,1,2,0,0,0,0
4689,4:9:4:1:6:1,1,1,2,1,1,2,0,0,0,0
4690,4:9:4:2:9:2,1,1,2,1,1,2,0,0,0,0
4691,4:9:4:3:15:3,1,,4,0,0,1,0,0,0,0
4692,4:9:5:0:0:1,0,0,0,,,0,0,0,0,0
4693,4:9:5:1:6:1,0,0,0,,,0,0,0,0,0
4694,4:9:5:2:9:2,0,0,0,,,0,0,0,0,0
4695,4:9:5:3:15:3,1,,4,0,0,1,0,0,0,0
4696,4:9:6:0:0:1,0,0,0,,,0,0,0,0,0
4697,4:9:6:1:6:1,0,0,0,,,0,0,0,0,0
4698,4:9:6:2:9:2,0,0,0,,,0,0,0,0,0
4699,4:9:6:3:15:3,1,,4,0,0,1,0,0,0,0
4700,4:9:7:0:0:1,0,0,0,,,0,0,0,0,0
4701,4:9:7:1:6:1,0,0,0,,,0,0,0,0,0
4702,4:9:7:2:9:2,0,0,0,,,0,0,0,0,0
4703,4:9:7:3:15:3,1,,4,0,0,1,0,0,0,0
4704,4:9:8:0:0:1,0,0,0,,,0,0,0,0,0
4705,4:9:8:1:6:1,0,0,0,,,0,0,0,0,0
4706,4:9:8:2:9:2,0,0,0,,,0,0,0,0,0
4707,4:9:8:3:15:3,1,,4,0,0,1,0,0,0,0
4708,4:9:9:0:0:1,1,2,2,2,2,2,0,0,0,0
4709,4:9:9:1:6:1,1,2,2,2,2,2,0,0,0,0
4710,4:9:9:2:9:2,1,2,2,2,2,2,0,0,0,0
4711,4:9:9:3:15:3,1,,4,0,0,1,0,0,0,0
4712,4:9:10:0:0:1,0,0,0,,,0,0,0,0,0
4713,4:9:10:1:6:1,0,0,0,,,0,0,0,0,0
4714,4:9:10:2:9:2,0,0,0,,,0,0,0,0,0
4715,4:9:10:3:15:3,1,,4,0,0,1,0,0,0,0
4716,4:9:11:0:0:1,0,0,0,,,0,0,0,0,0
4717,4:9:11:1:6:1,0,0,0,,,0,0,0,0,0
4718,4:9:11:2:9:2,0,0,0,,,0,0,0,0,0
4719,4:9:11:3:15:3,1,,4,0,0,1,0,0,0,0
4720,4:9:12:0:0:1,0,0,0,,,0,0,0,0,0
4721,4:9:12:1:6:1,0,0,0,,,0,0,0,0,0
4722,4:9:12:2:9:2,0,0,0,,,0,0,0,0,0
4723,4:9:12:3:15:3,1,,4,0,0,1,0,0,0,0
4724,4:9:13:0:0:1,0,0,0,,,0,0,0,0,0
4725,4:9:13:1:6:1,0,0,0,,,0,0,0,0,0
4726,4:9:13:2:9:2,0,0,0,,,0,0,0,0,0
4727,4:9:13:3:15:3,1,,4,0,0,1,0,0,0,0
4728,4:9:14:0:0:1,0,0,0,,,0,0,0,0,0
4729,4:9:14:1:6:1,0,0,0,,,0,0,0,0,0
4730,4:9:14:2:9:2,0,0,0,,,0,0,0,0,0
4731,4:9:14:3:15:3,1,,4,0,0,1,0,0,0,0
4732,4:9:15:0:0:1,0,0,0,,,0,0,0,0,0
4733,4:9:15:1:6:1,0,0,0,,,0,0,0,0,0
4734,4:9:15:2:9:2,0,0,0,,,0,0,0,0,0
4735,4:9:15:3:15:3,1,,4,0,0,1,0,0,0,0
4736,4:10:0:0:0:1,1,,4,0,0,1,0,0,0,0
4737,4:10:0:1:6:1,1,,4,0,0,1,0,0,0,0
4738,4:10:0:2:9:2,1,,4,0,0,1,0,0,0,0
4739,4:10:0:3:15:3,1,,4,0,0,1,0,0,0,0
4740,4:10:1:0:0:1,1,,4,0,0,1,0,0,0,0
4741,4:10:1:1:6:1,1,,4,0,0,1,0,0,0,0
4742,4:10:1:2:9:2,1,,4,0,0,1,0,0,0,0
4743,4:10:1:3:15:3,1,,4,0,0,1,0,0,0,0
4744,4:10:2:0:0:1,1,,4,0,0,1,0,0,0,0
4745,4:10:2:1:6:1,1,,4,0,0,1,0,0,0,0
4746,4:10:2:2:9:2,1,,4,0,0,1,0,0,0,0
4747,4:10:2:3:15:3,1,,4,0,0,1,0,0,0,0
4748,4:10:3:0:0:1,1,,4,0,0,1,0,0,0,0
4749,4:10:3:1:6:1,1,,4,0,0,1,0,0,0,0
4750,4:10:3:2:9:2,1,,4,0,0,1,0,0,0,0
4751,4:10:3:3:15:3,1,,4,0,0,1,0,0,0,0
4752,4:10:4:0:0:1,1,1,2,1,1,2,0,0,0,0
4753,4:10:4:1:6:1,1,1,2,1,1,2,0,0,0,0
4754,4:10:4:2:9:2,1,1,2,1,1,2,0,0,0,0
4755,4:10:4:3:15:3,1,,4,0,0,1,0,0,0,0
4756,4:10:5:0:0:1,0,0,0,,,0,0,0,0,0
4757,4:10:5:1:6:1,0,0,0,,,0,0,0,0,0
4758,4:10:5:2:9:2,0,0,0,,,0,0,0,0,0
4759,4:10:5:3:15:3,1,,4,0,0,1,0,0,0,0
4760,4:10:6:0:0:1,0,0,0,,,0,0,0,0,0
4761,4:10:6:1:6:1,0,0,0,,,0,0,0,0,0
4762,4:10:6:2:9:2,0,0,0,,,0,0,0,0,0
4763,4:10:6:3:15:3,1,,4,0,0,1,0,0,0,0
4764,4:10:7:0:0:1,0,0,0,,,0,0,0,0,0
4765,4:10:7:1:6:1,0,0,0,,,0,0,0,0,0
4766,4:10:7:2:9:2,0,0,0,,,0,0,0,0,0
4767,4:10:7:3:15:3,1,,4,0,0,1,0,0,0,0
4768,4:10:8:0:0:1,0,0,0,,,0,0,0,0,0
4769,4:10:8:1:6:1,0,0,0,,,0,0,0,0,0
4770,4:10:8:2:9:2,0,0,0,,,0,0,0,0,0
4771,4:10:8:3:15:3,1,,4,0,0,1,0,0,0,0
4772,4:10:9:0:0:1,0,0,0,,,0,0,0,0,0
4773,4:10:9:1:6:1,0,0,0,,,0,0,0,0,0
4774,4:10:9:2:9:2,0,0,0,,,0,0,0,0,0
4775,4:10:9:3:15:3,1,,4,0,0,1,0,0,0,0
4776,4:10:10:0:0:1,1,2,2,2,2,2,0,0,0,0
4777,4:10:10:1:6:1,1,2,2,2,2,2,0,0,0,0
4778,4:10:10:2:9:2,1,2,2,2,2,2,0,0,0,0
4779,4:10:10:3:15:3,1,,4,0,0,1,0,0,0,0
4780,4:10:11:0:0:1,0,0,0,,,0,0,0,0,0
4781,4:10:11:1:6:1,0,0,0,,,0,0,0,0,0
4782,4:10:11:2:9:2,0,0,0,,,0,0,0,0,0
4783,4:10:11:3:15:3,1,,4,0,0,1,0,0,0,0
4784,4:10:12:0:0:1,0,0,0,,,0,0,0,0,0
4785,4:10:12:1:6:1,0,0,0,,,0,0,0,0,0
4786,4:10:12:2:9:2,0,0,0,,,0,0,0,0,0
4787,4:10:12:3:15:3,1,,4,0,0,1,0,0,0,0
4788,4:10:13:0:0:1,0,0,0,,,0,0,0,0,0
4789,4:10:13:1:6:1,0,0,0,,,0,0,0,0,0
4790,4:10:13:2:9:2,0,0,0,,,0,0,0,0,0
4791,4:10:13:3:15:3,1,,4,0,0,1,0,0,0,0
4792,4:10:14:0:0:1,0,0,0,,,0,0,0,0,0
4793,4:10:14:1:6:1,0,0,0,,,0,0,0,0,0
4794,4:10:14:2:9:2,0,0,0,,,0,0,0,0,0
4795,4:10:14:3:15:3,1,,4,0,0,1,0,0,0,0
4796,4:10:15:0:0:1,0,0,0,,,0,0,0,0,0
4797,4:10:15:1:6:1,0,0,0,,,0,0,0,0,0
4798,4:10:15:2:9:2,0,0,0,,,0,0,0,0,0
4799,4:10:15:3:15:3,1,,4,0,0,1,0,0,0,0
4800,4:11:0:0:0:1,1,,4,0,0,1,0,0,0,0
4801,4:11:0:1:6:1,1,,4,0,0,1,0,0,0,0
4802,4:11:0:2:9:2,1,,4,0,0,1,0,0,0,0
4803,4:11:0:3:15:3,1,,4,0,0,1,0,0,0,0
4804,4:11:1:0:0:1,1,,4,0,0,1,0,0,0,0
4805,4:11:1:1:6:1,1,,4,0,0,1,0,0,0,0
4806,4:11:1:2:9:2,1,,4,0,0,1,0,0,0,0
4807,4:11:1:3:15:3,1,,4,0,0,1,0,0,0,0
4808,4:11:2:0:0:1,1,,4,0,0,1,0,0,0,0
4809,4:11:2:1:6:1,1,,4,0,0,1,0,0,0,0
4810,4:11:2:2:9:2,1,,4,0,0,1,0,0,0,0
4811,4:11:2:3:15:3,1,,4,0,0,1,0,0,0,0
4812,4:11:3:0:0:1,1,,4,0,0,1,0,0,0,0
4813,4:11:3:1:6:1,1,,4,0,0,1,0,0,0,0
4814,4:11:3:2:9:2,1,,4,0,0,1,0,0,0,0
4815,4:11:3:3:15:3,1,,4,0,0,1,0,0,0,0
4816,4:11:4:0:0:1,1,1,2,1,1,2,0,0,0,0
4817,4:11:4:1:6:1,1,1,2,1,1,2,0,0,0,0
4818,4:11:4:2:9:2,1,1,2,1,1,2,0,0,0,0
4819,4:11:4:3:15:3,1,,4,0,0,1,0,0,0,0
4820,4:11:5:0:0:1,0,0,0,,,0,0,0,0,0
4821,4:11:5:1:6:1,0,0,0,,,0,0,0,0,0
4822,4:11:5:2:9:2,0,0,0,,,0,0,0,0,0
4823,4:11:5:3:15:3,1,,4,0,0,1,0,0,0,0
4824,4:11:6:0:0:1,0,0,0,,,0,0,0,0,0
4825,4:11:6:1:6:1,0,0,0,,,0,0,0,0,0
4826,4:11:6:2:9:2,0,0,0,,,0,0,0,0,0
4827,4:11:6:3:15:3,1,,4,0,0,1,0,0,0,0
4828,4:11:7:0:0:1,0,0,0,,,0,0,0,0,0
4829,4:11:7:1:6:1,0,0,0,,,0,0,0,0,0
4830,4:11:7:2:9:2,0,0,0,,,0,0,0,0,0
4831,4:11:7:3:15:3,1,,4,0,0,1,0,0,0,0
4832,4:11:8:0:0:1,0,0,0,,,0,0,0,0,0
4833,4:11:8:1:6:1,0,0,0,,,0,0,0,0,0
4834,4:11:8:2:9:2,0,0,0,,,0,0,0,0,0
4835,4:11:8:3:15:3,1,,4,0,0,1,0,0,0,0
4836,4:11:9:0:0:1,0,0,0,,,0,0,0,0,0
4837,4:11:9:1:6:1,0,0,0,,,0,0,0,0,0
4838,4:11:9:2:9:2,0,0,0,,,0,0,0,0,0
4839,4:11:9:3:15:3,1,,4,0,0,1,0,0,0,0
4840,4:11:10:0:0:1,0,0,0,,,0,0,0,0,0
4841,4:11:10:1:6:1,0,0,0,,,0,0,0,0,0
4842,4:11:10:2:9:2,0,0,0,,,0,0,0,0,0
4843,4:11:10:3:15:3,1,,4,0,0,1,0,0,0,0
4844,4:11:11:0:0:1,1,2,2,2,2,2,0,0,0,0
4845,4:11:11:1:6:1,1,2,2,2,2,2,0,0,0,0
4846,4:11:11:2:9:2,1,2,2,2,2,2,0,0,0,0
4847,4:11:11:3:15:3,1,,4,0,0,1,0,0,0,0
4848,4:11:12:0:0:1,0,0,0,,,0,0,0,0,0
4849,4:11:12:1:6:1,0,0,0,,,0,0,0,0,0
4850,4:11:12:2:9:2,0,0,0,,,0,0,0,0,0
4851,4:11:12:3:15:3,1,,4,0,0,1,0,0,0,0
4852,4:11:13:0:0:1,0,0,0,,,0,0,0,0,0
4853,4:11:13:1:6:1,0,0,0,,,0,0,0,0,0
4854,4:11:13:2:9:2,0,0,0,,,0,0,0,0,0
4855,4:11:13:3:15:3,1,,4,0,0,1,0,0,0,0
4856,4:11:14:0:0:1,1,1;2,1,3,3,3,0,0,0,0
4857,4:11:14:1:6:1,1,1;2,1,3,3,3,0,0,0,0
4858,4:11:14:2:9:2,1,1;2,1,3,3,3,0,0,0,0
4859,4:11:14:3:15:3,1,,4,0,0,1,0,0,0,0
4860,4:11:15:0:0:1,0,0,0,,,0,0,0,0,0
4861,4:11:15:1:6:1,0,0,0,,,0,0,0,0,0
4862,4:11:15:2:9:2,0,0,0,,,0,0,0,0,0
4863,4:11:15:3:15:3,1,,4,0,0,1,0,0,0,0
4864,4:12:0:0:0:1,1,,4,0,0,1,0,0,0,0
4865,4:12:0:1:6:1,1,,4,0,0,1,0,0,0,0
4866,4:12:0:2:9:2,1,,4,0,0,1,0,0,0,0
4867,4:12:0:3:15:3,1,,4,0,0,1,0,0,0,0
4868,4:12:1:0:0:1,1,,4,0,0,1,0,0,0,0
4869,4:12:1:1:6:1,1,,4,0,0,1,0,0,0,0
4870,4:12:1:2:9:2,1,,4,0,0,1,0,0,0,0
4871,4:12:1:3:15:3,1,,4,0,0,1,0,0,0,0
4872,4:12:2:0:0:1,1,,4,0,0,1,0,0,0,0
4873,4:12:2:1:6:1,1,,4,0,0,1,0,0,0,0
4874,4:12:2:2:9:2,1,,4,0,0,1,0,0,0,0
4875,4:12:2:3:15:3,1,,4,0,0,1,0,0,0,0
4876,4:12:3:0:0:1,1,,4,0,0,1,0,0,0,0
4877,4:12:3:1:6:1,1,,4,0,0,1,0,0,0,0
4878,4:12:3:2:9:2,1,,4,0,0,1,0,0,0,0
4879,4:12:3:3:15:3,1,,4,0,0,1,0,0,0,0
4880,4:12:4:0:0:1,1,1,2,1,1,2,0,0,0,0
4881,4:12:4:1:6:1,1,1,2,1,1,2,0,0,0,0
4882,4:12:4:2:9:2,1,1,2,1,1,2,0,0,0,0
4883,4:12:4:3:15:3,1,,4,0,0,1,0,0,0,0
4884,4:12:5:0:0:1,0,0,0,,,0,0,0,0,0
4885,4:12:5:1:6:1,0,0,0,,,0,0,0,0,0
4886,4:12:5:2:9:2,0,0,0,,,0,0,0,0,0
4887,4:12:5:3:15:3,1,,4,0,0,1,0,0,0,0
4888,4:12:6:0:0:1,0,0,0,,,0,0,0,0,0
4889,4:12:6:1:6:1,0,0,0,,,0,0,0,0,0
4890,4:12:6:2:9:2,0,0,0,,,0,0,0,0,0
4891,4:12:6:3:15:3,1,,4,0,0,1,0,0,0,0
4892,4:12:7:0:0:1,0,0,0,,,0,0,0,0,0
4893,4:12:7:1:6:1,0,0,0,,,0,0,0,0,0
4894,4:12:7:2:9:2,0,0,0,,,0,0,0,0,0
4895,4:12:7:3:15:3,1,,4,0,0,1,0,0,0,0
4896,4:12:8:0:0:1,0,0,0,,,0,0,0,0,0
4897,4:12:8:1:6:1,0,0,0,,,0,0,0,0,0
4898,4:12:8:2:9:2,0,0,0,,,0,0,0,0,0
4899,4:12:8:3:15:3,1,,4,0,0,1,0,0,0,0
4900,4:12:9:0:0:1,0,0,0,,,0,0,0,0,0
4901,4:12:9:1:6:1,0,0,0,,,0,0,0,0,0
4902,4:12:9:2:9:2,0,0,0,,,0,0,0,0,0
4903,4:12:9:3:15:3,1,,4,0,0,1,0,0,0,0
4904,4:12:10:0:0:1,0,0,0,,,0,0,0,0,0
4905,4:12:10:1:6:1,0,0,0,,,0,0,0,0,0
4906,4:12:10:2:9:2,0,0,0,,,0,0,0,0,0
4907,4:12:10:3:15:3,1,,4,0,0,1,0,0,0,0
4908,4:12:11:0:0:1,0,0,0,,,0,0,0,0,0
4909,4:12:11:1:6:1,0,0,0,,,0,0,0,0,0
4910,4:12:11:2:9:2,0,0,0,,,0,0,0,0,0
4911,4:12:11:3:15:3,1,,4,0,0,1,0,0,0,0
4912,4:12:12:0:0:1,1,2,2,2,2,2,0,0,0,0
4913,4:12:12:1:6:1,1,2,2,2,2,2,0,0,0,0
4914,4:12:12:2:9:2,1,2,2,2,2,2,0,0,0,0
4915,4:12:12:3:15:3,1,,4,0,0,1,0,0,0,0
4916,4:12:13:0:0:1,0,0,0,,,0,0,0,0,0
4917,4:12:13:1:6:1,0,0,0,,,0,0,0,0,0
4918,4:12:13:2:9:2,0,0,0,,,0,0,0,0,0
4919,4:12:13:3:15:3,1,,4,0,0,1,0,0,0,0
4920,4:12:14:0:0:1,0,0,0,,,0,0,0,0,0
4921,4:12:14:1:6:1,0,0,0,,,0,0,0,0,0
4922,4:12:14:2:9:2,0,0,0,,,0,0,0,0,0
4923,4:12:14:3:15:3,1,,4,0,0,1,0,0,0,0
4924,4:12:15:0:0:1,0,0,0,,,0,0,0,0,0
4925,4:12:15:1:6:1,0,0,0,,,0,0,0,0,0
4926,4:12:15:2:9:2,0,0,0,,,0,0,0,0,0
4927,4:12:15:3:15:3,1,,4,0,0,1,0,0,0,0
4928,4:13:0:0:0:1,1,,4,0,0,1,0,0,0,0
4929,4:13:0:1:6:1,1,,4,0,0,1,0,0,0,0
4930,4:13:0:2:9:2,1,,4,0,0,1,0,0,0,0
4931,4:13:0:3:15:3,1,,4,0,0,1,0,0,0,0
4932,4:13:1:0:0:1,1,,4,0,0,1,0,0,0,0
4933,4:13:1:1:6:1,1,,4,0,0,1,0,0,0,0
4934,4:13:1:2:9:2,1,,4,0,0,1,0,0,0,0
4935,4:13:1:3:15:3,1,,4,0,0,1,0,0,0,0
4936,4:13:2:0:0:1,1,,4,0,0,1,0,0,0,0
4937,4:13:2:1:6:1,1,,4,0,0,1,0,0,0,0
4938,4:13:2:2:9:2,1,,4,0,0,1,0,0,0,0
4939,4:13:2:3:15:3,1,,4,0,0,1,0,0,0,0
4940,4:13:3:0:0:1,1,,4,0,0,1,0,0,0,0
4941,4:13:3:1:6:1,1,,4,0,0,1,0,0,0,0
4942,4:13:3:2:9:2,1,,4,0,0,1,0,0,0,0
4943,4:13:3:3:15:3,1,,4,0,0,1,0,0,0,0
4944,4:13:4:0:0:1,1,1,2,1,1,2,0,0,0,0
4945,4:13:4:1:6:1,1,1,2,1,1,2,0,0,0,0
4946,4:13:4:2:9:2,1,1,2,1,1,2,0,0,0,0
4947,4:13:4:3:15:3,1,,4,0,0,1,0,0,0,0
4948,4:13:5:0:0:1,0,0,0,,,0,0,0,0,0
4949,4:13:5:1:6:1,0,0,0,,,0,0,0,0,0
4950,4:13:5:2:9:2,0,0,0,,,0,0,0,0,0
4951,4:13:5:3:15:3,1,,4,0,0,1,0,0,0,0
4952,4:13:6:0:0:1,0,0,0,,,0,0,0,0,0
4953,4:13:6:1:6:1,0,0,0,,,0,0,0,0,0
4954,4:13:6:2:9:2,0,0,0,,,0,0,0,0,0
4955,4:13:6:3:15:3,1,,4,0,0,1,0,0,0,0
4956,4:13:7:0:0:1,0,0,0,,,0,0,0,0,0
4957,4:13:7:1:6:1,0,0,0,,,0,0,0,0,0
4958,4:13:7:2:9:2,0,0,0,,,0,0,0,0,0
4959,4:13:7:3:15:3,1,,4,0,0,1,0,0,0,0
4960,4:13:8:0:0:1,0,0,0,,,0,0,0,0,0
4961,4:13:8:1:6:1,0,0,0,,,0,0,0,0,0
4962,4:13:8:2:9:2,0,0,0,,,0,0,0,0,0
4963,4:13:8:3:15:3,1,,4,0,0,1,0,0,0,0
4964,4:13:9:0:0:1,0,0,0,,,0,0,0,0,0
4965,4:13:9:1:6:1,0,0,0,,,0,0,0,0,0
4966,4:13:9:2:9:2,0,0,0,,,0,0,0,0,0
4967,4:13:9:3:15:3,1,,4,0,0,1,0,0,0,0
4968,4:13:10:0:0:1,0,0,0,,,0,0,0,0,0
4969,4:13:10:1:6:1,0,0,0,,,0,0,0,0,0
4970,4:13:10:2:9:2,0,0,0,,,0,0,0,0,0
4971,4:13:10:3:15:3,1,,4,0,0,1,0,0,0,0
4972,4:13:11:0:0:1,0,0,0,,,0,0,0,0,0
4973,4:13:11:1:6:1,0,0,0,,,0,0,0,0,0
4974,4:13:11:2:9:2,0,0,0,,,0,0,0,0,0
4975,4:13:11:3:15:3,1,,4,0,0,1,0,0,0,0
4976,4:13:12:0:0:1,0,0,0,,,0,0,0,0,0
4977,4:13:12:1:6:1,0,0,0,,,0,0,0,0,0
4978,4:13:12:2:9:2,0,0,0,,,0,0,0,0,0
4979,4:13:12:3:15:3,1,,4,0,0,1,0,0,0,0
4980,4:13:13:0:0:1,1,2,2,2,2,2,0,0,0,0
4981,4:13:13:1:6:1,1,2,2,2,2,2,0,0,0,0
4982,4:13:13:2:9:2,1,2,2,2,2,2,0,0,0,0
4983,4:13:13:3:15:3,1,,4,0,0,1,0,0,0,0
4984,4:13:14:0:0:1,0,0,0,,,0,0,0,0,0
4985,4:13:14:1:6:1,0,0,0,,,0,0,0,0,0
4986,4:13:14:2:9:2,0,0,0,,,0,0,0,0,0
4987,4:13:14:3:15:3,1,,4,0,0,1,0,0,0,0
4988,4:13:15:0:0:1,0,0,0,,,0,0,0,0,0
4989,4:13:15:1:6:1,0,0,0,,,0,0,0,0,0
4990,4:13:15:2:9:2,0,0,0,,,0,0,0,0,0
4991,4:13:15:3:15:3,1,,4,0,0,1,0,0,0,0
4992,4:14:0:0:0:1,1,,4,0,0,1,0,0,0,0
4993,4:14:0:1:6:1,1,,4,0,0,1,0,0,0,0
4994,4:14:0:2:9:2,1,,4,0,0,1,0,0,0,0
4995,4:14:0:3:15:3,1,,4,0,0,1,0,0,0,0
4996,4:14:1:0:0:1,1,,4,0,0,1,0,0,0,0
4997,4:14:1:1:6:1,1,,4,0,0,1,0,0,0,0
4998,4:14:1:2:9:2,1,,4,0,0,1,0,0,0,0
4999,4:14:1:3:15:3,1,,4,0,0,1,0,0,0,0
5000,4:14:2:0:0:1,1,,4,0,0,1,0,0,0,0
5001,4:14:2:1:6:1,1,,4,0,0,1,0,0,0,0
5002,4:14:2:2:9:2,1,,4,0,0,1,0,0,0,0
5003,4:14:2:3:15:3,1,,4,0,0,1,0,0,0,0
5004,4:14:3:0:0:1,1,,4,0,0,1,0,0,0,0
5005,4:14:3:1:6:1,1,,4,0,0,1,0,0,0,0
5006,4:14:3:2:9:2,1,,4,0,0,1,0,0,0,0
5007,4:14:3:3:15:3,1,,4,0,0,1,0,0,0,0
5008,4:14:4:0:0:1,1,1,2,1,1,2,0,0,0,0
5009,4:14:4:1:6:1,1,1,2,1,1,2,0,0,0,0
5010,4:14:4:2:9:2,1,1,2,1,1,2,0,0,0,0
5011,4:14:4:3:15:3,1,,4,0,0,1,0,0,0,0
5012,4:14:5:0:0:1,0,0,0,,,0,0,0,0,0
5013,4:14:5:1:6:1,0,0,0,,,0,0,0,0,0
5014,4:14:5:2:9:2,0,0,0,,,0,0,0,0,0
5015,4:14:5:3:15:3,1,,4,0,0,1,0,0,0,0
5016,4:14:6:0:0:1,0,0,0,,,0,0,0,0,0
5017,4:14:6:1:6:1,0,0,0,,,0,0,0,0,0
5018,4:14:6:2:9:2,0,0,0,,,0,0,0,0,0
5019,4:14:6:3:15:3,1,,4,0,0,1,0,0,0,0
5020,4:14:7:0:0:1,0,0,0,,,0,0,0,0,0
5021,4:14:7:1:6:1,0,0,0,,,0,0,0,0,0
5022,4:14:7:2:9:2,0,0,0,,,0,0,0,0,0
5023,4:14:7:3:15:3,1,,4,0,0,1,0,0,0,0
5024,4:14:8:0:0:1,0,0,0,,,0,0,0,0,0
5025,4:14:8:1:6:1,0,0,0,,,0,0,0,0,0
5026,4:14:8:2:9:2,0,0,0,,,0,0,0,0,0
5027,4:14:8:3:15:3,1,,4,0,0,1,0,0,0,0
5028,4:14:9:0:0:1,0,0,0,,,0,0,0,0,0
5029,4:14:9:1:6:1,0,0,0,,,0,0,0,0,0
5030,4:14:9:2:9:2,0,0,0,,,0,0,0,0,0
5031,4:14:9:3:15:3,1,,4,0,0,1,0,0,0,0
5032,4:14:10:0:0:1,0,0,0,,,0,0,0,0,0
5033,4:14:10:1:6:1,0,0,0,,,0,0,0,0,0
5034,4:14:10:2:9:2,0,0,0,,,0,0,0,0,0
5035,4:14:10:3:15:3,1,,4,0,0,1,0,0,0,0
5036,4:14:11:0:0:1,1,1;2,1,3,3,3,0,0,0,0
5037,4:14:11:1:6:1,1,1;2,1,3,3,3,0,0,0,0
5038,4:14:11:2:9:2,1,1;2,1,3,3,3,0,0,0,0
5039,4:14:11:3:15:3,1,,4,0,0,1,0,0,0,0
5040,4:14:12:0:0:1,0,0,0,,,0,0,0,0,0
5041,4:14:12:1:6:1,0,0,0,,,0,0,0,0,0
5042,4:14:12:2:9:2,0,0,0,,,0,0,0,0,0
5043,4:14:12:3:15:3,1,,4,0,0,1,0,0,0,0
5044,4:14:13:0:0:1,0,0,0,,,0,0,0,0,0
5045,4:14:13:1:6:1,0,0,0,,,0,0,0,0,0
5046,4:14:13:2:9:2,0,0,0,,,0,0,0,0,0
5047,4:14:13:3:15:3,1,,4,0,0,1,0,0,0,0
5048,4:14:14:0:0:1,1,2,2,2,2,2,0,0,0,0
5049,4:14:14:1:6:1,1,2,2,2,2,2,0,0,0,0
5050,4:14:14:2:9:2,1,2,2,2,2,2,0,0,0,0
5051,4:14:14:3:15:3,1,,4,0,0,1,0,0,0,0
5052,4:14:15:0:0:1,0,0,0,,,0,0,0,0,0
5053,4:14:15:1:6:1,0,0,0,,,0,0,0,0,0
5054,4:14:15:2:9:2,0,0,0,,,0,0,0,0,0
5055,4:14:15:3:15:3,1,,4,0,0,1,0,0,0,0
5056,4:15:0:0:0:1,1,,4,0,0,1,0,0,0,0
5057,4:15:0:1:6:1,1,,4,0,0,1,0,0,0,0
5058,4:15:0:2:9:2,1,,4,0,0,1,0,0,0,0
5059,4:15:0:3:15:3,1,,4,0,0,1,0,0,0,0
5060,4:15:1:0:0:1,1,,4,0,0,1,0,0,0,0
5061,4:15:1:1:6:1,1,,4,0,0,1,0,0,0,0
5062,4:15:1:2:9:2,1,,4,0,0,1,0,0,0,0
5063,4:15:1:3:15:3,1,,4,0,0,1,0,0,0,0
5064,4:15:2:0:0:1,1,,4,0,0,1,0,0,0,0
5065,4:15:2:1:6:1,1,,4,0,0,1,0,0,0,0
5066,4:15:2:2:9:2,1,,4,0,0,1,0,0,0,0
5067,4:15:2:3:15:3,1,,4,0,0,1,0,0,0,0
5068,4:15:3:0:0:1,1,,4,0,0,1,0,0,0,0
5069,4:15:3:1:6:1,1,,4,0,0,1,0,0,0,0
5070,4:15:3:2:9:2,1,,4,0,0,1,0,0,0,0
5071,4:15:3:3:15:3,1,,4,0,0,1,0,0,0,0
5072,4:15:4:0:0:1,1,1,2,1,1,2,0,0,0,0
5073,4:15:4:1:6:1,1,1,2,1,1,2,0,0,0,0
5074,4:15:4:2:9:2,1,1,2,1,1,2,0,0,0,0
5075,4:15:4:3:15:3,1,,4,0,0,1,0,0,0,0
5076,4:15:5:0:0:1,0,0,0,,,0,0,0,0,0
5077,4:15:5:1:6:1,0,0,0,,,0,0,0,0,0
5078,4:15:5:2:9:2,0,0,0,,,0,0,0,0,0
5079,4:15:5:3:15:3,1,,4,0,0,1,0,0,0,0
5080,4:15:6:0:0:1,0,0,0,,,0,0,0,0,0
5081,4:15:6:1:6:1,0,0,0,,,0,0,0,0,0
5082,4:15:6:2:9:2,0,0,0,,,0,0,0,0,0
5083,4:15:6:3:15:3,1,,4,0,0,1,0,0,0,0
5084,4:15:7:0:0:1,0,0,0,,,0,0,0,0,0
5085,4:15:7:1:6:1,0,0,0,,,0,0,0,0,0
5086,4:15:7:2:9:2,0,0,0,,,0,0,0,0,0
5087,4:15:7:3:15:3,1,,4,0,0,1,0,0,0,0
5088,4:15:8:0:0:1,0,0,0,,,0,0,0,0,0
5089,4:15:8:1:6:1,0,0,0,,,0,0,0,0,0
5090,4:15:8:2:9:2,0,0,0,,,0,0,0,0,0
5091,4:15:8:3:15:3,1,,4,0,0,1,0,0,0,0
5092,4:15:9:0:0:1,0,0,0,,,0,0,0,0,0
5093,4:15:9:1:6:1,0,0,0,,,0,0,0,0,0
5094,4:15:9:2:9:2,0,0,0,,,0,0,0,0,0
5095,4:15:9:3:15:3,1,,4,0,0,1,0,0,0,0
5096,4:15:10:0:0:1,0,0,0,,,0,0,0,0,0
5097,4:15:10:1:6:1,0,0,0,,,0,0,0,0,0
5098,4:15:10:2:9:2,0,0,0,,,0,0,0,0,0
5099,4:15:10:3:15:3,1,,4,0,0,1,0,0,0,0
5100,4:15:11:0:0:1,0,0,0,,,0,0,0,0,0
5101,4:15:11:1:6:1,0,0,0,,,0,0,0,0,0
5102,4:15:11:2:9:2,0,0,0,,,0,0,0,0,0
5103,4:15:11:3:15:3,1,,4,0,0,1,0,0,0,0
5104,4:15:12:0:0:1,0,0,0,,,0,0,0,0,0
5105,4:15:12:1:6:1,0,0,0,,,0,0,0,0,0
5106,4:15:12:2:9:2,0,0,0,,,0,0,0,0,0
5107,4:15:12:3:15:3,1,,4,0,0,1,0,0,0,0
5108,4:15:13:0:0:1,0,0,0,,,0,0,0,0,0
5109,4:15:13:1:6:1,0,0,0,,,0,0,0,0,0
5110,4:15:13:2:9:2,0,0,0,,,0,0,0,0,0
5111,4:15:13:3:15:3,1,,4,0,0,1,0,0,0,0
5112,4:15:14:0:0:1,0,0,0,,,0,0,0,0,0
5113,4:15:14:1:6:1,0,0,0,,,0,0,0,0,0
5114,4:15:14:2:9:2,0,0,0,,,0,0,0,0,0
5115,4:15:14:3:15:3,1,,4,0,0,1,0,0,0,0
5116,4:15:15:0:0:1,1,2,2,2,2,2,0,0,0,0
5117,4:15:15:1:6:1,1,2,2,2,2,2,0,0,0,0
5118,4:15:15:2:9:2,1,2,2,2,2,2,0,0,0,0
5119,4:15:15:3:15:3,1,,4,0,0,1,0,0,0,0
5120,5:0:0:0:0:1,1,,4,0,0,1,0,0,0,0
5121,5:0:0:1:6:1,1,,4,0,0,1,0,0,0,0
5122,5:0:0:2:9:2,1,,4,0,0,1,0,0,0,0
5123,5:0:0:3:15:3,1,,4,0,0,1,0,0,0,0
5124,5:0:1:0:0:1,1,,4,0,0,1,0,0,0,0
5125,5:0:1:1:6:1,1,,4,0,0,1,0,0,0,0
5126,5:0:1:2:9:2,1,,4,0,0,1,0,0,0,0
5127,5:0:1:3:15:3,1,,4,0,0,1,0,0,0,0
5128,5:0:2:0:0:1,1,,4,0,0,1,0,0,0,0
5129,5:0:2:1:6:1,1,,4,0,0,1,0,0,0,0
5130,5:0:2:2:9:2,1,,4,0,0,1,0,0,0,0
5131,5:0:2:3:15:3,1,,4,0,0,1,0,0,0,0
5132,5:0:3:0:0:1,1,,4,0,0,1,0,0,0,0
5133,5:0:3:1:6:1,1,,4,0,0,1,0,0,0,0
5134,5:0:3:2:9:2,1,,4,0,0,1,0,0,0,0
5135,5:0:3:3:15:3,1,,4,0,0,1,0,0,0,0
5136,5:0:4:0:0:1,0,0,0,,,0,0,0,0,0
5137,5:0:4:1:6:1,0,0,0,,,0,0,0,0,0
5138,5:0:4:2:9:2,0,0,0,,,0,0,0,0,0
5139,5:0:4:3:15:3,1,,4,0,0,1,0,0,0,0
5140,5:0:5:0:0:1,1,1,2,1,1,2,0,0,0,0
5141,5:0:5:1:6:1,1,1,2,1,1,2,0,0,0,0
5142,5:0:5:2:9:2,1,1,2,1,1,2,0,0,0,0
5143,5:0:5:3:15:3,1,,4,0,0,1,0,0,0,0
5144,5:0:6:0:0:1,0,0,0,,,0,0,0,0,0
5145,5:0:6:1:6:1,0,0,0,,,0,0,0,0,0
5146,5:0:6:2:9:2,0,0,0,,,0,0,0,0,0
5147,5:0:6:3:15:3,1,,4,0,0,1,0,0,0,0
5148,5:0:7:0:0:1,0,0,0,,,0,0,0,0,0
5149,5:0:7:1:6:1,0,0,0,,,0,0,0,0,0
5150,5:0:7:2:9:2,0,0,0,,,0,0,0,0,0
5151,5:0:7:3:15:3,1,,4,0,0,1,0,0,0,0
5152,5:0:8:0:0:1,0,0,0,,,0,0,0,0,0
5153,5:0:8:1:6:1,0,0,0,,,0,0,0,0,0
5154,5:0:8:2:9:2,0,0,0,,,0,0,0,0,0
5155,5:0:8:3:15:3,1,,4,0,0,1,0,0,0,0
5156,5:0:9:0:0:1,0,0,0,,,0,0,0,0,0
5157,5:0:9:1:6:1,0,0,0,,,0,0,0,0,0
5158,5:0:9:2:9:2,0,0,0,,,0,0,0,0,0
5159,5:0:9:3:15:3,1,,4,0,0,1,0,0,0,0
5160,5:0:10:0:0:1,0,0,0,,,0,0,0,0,0
5161,5:0:10:1:6:1,0,0,0,,,0,0,0,0,0
5162,5:0:10:2:9:2,0,0,0,,,0,0,0,0,0
5163,5:0:10:3:15:3,1,,4,0,0,1,0,0,0,0
5164,5:0:11:0:0:1,0,0,0,,,0,0,0,0,0
5165,5:0:11:1:6:1,0,0,0,,,0,0,0,0,0
5166,5:0:11:2:9:2,0,0,0,,,0,0,0,0,0
5167,5:0:11:3:15:3,1,,4,0,0,1,0,0,0,0
5168,5:0:12:0:0:1,0,0,0,,,0,0,0,0,0
5169,5:0:12:1:6:1,0,0,0,,,0,0,0,0,0
5170,5:0:12:2:9:2,0,0,0,,,0,0,0,0,0
5171,5:0:12:3:15:3,1,,4,0,0,1,0,0,0,0
5172,5:0:13:0:0:1,0,0,0,,,0,0,0,0,0
5173,5:0:13:1:6:1,0,0,0,,,0,0,0,0,0
5174,5:0:13:2:9:2,0,0,0,,,0,0,0,0,0
5175,5:0:13:3:15:3,1,,4,0,0,1,0,0,0,0
5176,5:0:14:0:0:1,0,0,0,,,0,0,0,0,0
5177,5:0:14:1:6:1,0,0,0,,,0,0,0,0,0
5178,5:0:14:2:9:2,0,0,0,,,0,0,0,0,0
5179,5:0:14:3:15:3,1,,4,0,0,1,0,0,0,0
5180,5:0:15:0:0:1,0,0,0,,,0,0,0,0,0
5181,5:0:15:1:6:1,0,0,0,,,0,0,0,0,0
5182,5:0:15:2:9:2,0,0,0,,,0,0,0,0,0
5183,5:0:15:3:15:3,1,,4,0,0,1,0,0,0,0
5184,5:1:0:0:0:1,1,,4,0,0,1,0,0,0,0
5185,5:1:0:1:6:1,1,,4,0,0,1,0,0,0,0
5186,5:1:0:2:9:2,1,,4,0,0,1,0,0,0,0
5187,5:1:0:3:15:3,1,,4,0,0,1,0,0,0,0
5188,5:1:1:0:0:1,1,,4,0,0,1,0,0,0,0
5189,5:1:1:1:6:1,1,,4,0,0,1,0,0,0,0
5190,5:1:1:2:9:2,1,,4,0,0,1,0,0,0,0
5191,5:1:1:3:15:3,1,,4,0,0,1,0,0,0,0
5192,5:1:2:0:0:1,1,,4,0,0,1,0,0,0,0
5193,5:1:2:1:6:1,1,,4,0,0,1,0,0,0,0
5194,5:1:2:2:9:2,1,,4,0,0,1,0,0,0,0
5195,5:1:2:3:15:3,1,,4,0,0,1,0,0,0,0
5196,5:1:3:0:0:1,1,,4,0,0,1,0,0,0,0
5197,5:1:3:1:6:1,1,,4,0,0,1,0,0,0,0
5198,5:1:3:2:9:2,1,,4,0,0,1,0,0,0,0
5199,5:1:3:3:15:3,1,,4,0,0,1,0,0,0,0
5200,5:1:4:0:0:1,0,0,0,,,0,0,0,0,0
5201,5:1:4:1:6:1,0,0,0,,,0,0,0,0,0
5202,5:1:4:2:9:2,0,0,0,,,0,0,0,0,0
5203,5:1:4:3:15:3,1,,4,0,0,1,0,0,0,0
5204,5:1:5:0:0:1,1,1,2,1,1,2,0,0,0,0
5205,5:1:5:1:6:1,1,1,2,1,1,2,0,0,0,0
5206,5:1:5:2:9:2,1,1,2,1,1,2,0,0,0,0
5207,5:1:5:3:15:3,1,,4,0,0,1,0,0,0,0
5208,5:1:6:0:0:1,0,0,0,,,0,0,0,0,0
5209,5:1:6:1:6:1,0,0,0,,,0,0,0,0,0
5210,5:1:6:2:9:2,0,0,0,,,0,0,0,0,0
5211,5:1:6:3:15:3,1,,4,0,0,1,0,0,0,0
5212,5:1:7:0:0:1,0,0,0,,,0,0,0,0,0
5213,5:1:7:1:6:1,0,0,0,,,0,0,0,0,0
5214,5:1:7:2:9:2,0,0,0,,,0,0,0,0,0
5215,5:1:7:3:15:3,1,,4,0,0,1,0,0,0,0
5216,5:1:8:0:0:1,0,0,0,,,0,0,0,0,0
5217,5:1:8:1:6:1,0,0,0,,,0,0,0,0,0
5218,5:1:8:2:9:2,0,0,0,,,0,0,0,0,0
5219,5:1:8:3:15:3,1,,4,0,0,1,0,0,0,0
5220,5:1:9:0:0:1,0,0,0,,,0,0,0,0,0
5221,5:1:9:1:6:1,0,0,0,,,0,0,0,0,0
5222,5:1:9:2:9:2,0,0,0,,,0,0,0,0,0
5223,5:1:9:3:15:3,1,,4,0,0,1,0,0,0,0
5224,5:1:10:0:0:1,0,0,0,,,0,0,0,0,0
5225,5:1:10:1:6:1,0,0,0,,,0,0,0,0,0
5226,5:1:10:2:9:2,0,0,0,,,0,0,0,0,0
5227,5:1:10:3:15:3,1,,4,0,0,1,0,0,0,0
5228,5:1:11:0:0:1,0,0,0,,,0,0,0,0,0
5229,5:1:11:1:6:1,0,0,0,,,0,0,0,0,0
5230,5:1:11:2:9:2,0,0,0,,,0,0,0,0,0
5231,5:1:11:3:15:3,1,,4,0,0,1,0,0,0,0
5232,5:1:12:0:0:1,0,0,0,,,0,0,0,0,0
5233,5:1:12:1:6:1,0,0,0,,,0,0,0,0,0
5234,5:1:12:2:9:2,0,0,0,,,0,0,0,0,0
5235,5:1:12:3:15:3,1,,4,0,0,1,0,0,0,0
5236,5:1:13:0:0:1,0,0,0,,,0,0,0,0,0
5237,5:1:13:1:6:1,0,0,0,,,0,0,0,0,0
5238,5:1:13:2:9:2,0,0,0,,,0,0,0,0,0
5239,5:1:13:3:15:3,1,,4,0,0,1,0,0,0,0
5240,5:1:14:0:0:1,0,0,0,,,0,0,0,0,0
5241,5:1:14:1:6:1,0,0,0,,,0,0,0,0,0
5242,5:1:14:2:9:2,0,0,0,,,0,0,0,0,0
5243,5:1:14:3:15:3,1,,4,0,0,1,0,0,0,0
5244,5:1:15:0:0:1,0,0,0,,,0,0,0,0,0
5245,5:1:15:1:6:1,0,0,0,,,0,0,0,0,0
5246,5:1:15:2:9:2,0,0,0,,,0,0,0,0,0
5247,5:1:15:3:15:3,1,,4,0,0,1,0,0,0,0
5248,5:2:0:0:0:1,1,,4,0,0,1,0,0,0,0
5249,5:2:0:1:6:1,1,,4,0,0,1,0,0,0,0
5250,5:2:0:2:9:2,1,,4,0,0,1,0,0,0,0
5251,5:2:0:3:15:3,1,,4,0,0,1,0,0,0,0
5252,5:2:1:0:0:1,1,,4,0,0,1,0,0,0,0
5253,5:2:1:1:6:1,1,,4,0,0,1,0,0,0,0
5254,5:2:1:2:9:2,1,,4,0,0,1,0,0,0,0
5255,5:2:1:3:15:3,1,,4,0,0,1,0,0,0,0
5256,5:2:2:0:0:1,1,,4,0,0,1,0,0,0,0
5257,5:2:2:1:6:1,1,,4,0,0,1,0,0,0,0
5258,5:2:2:2:9:2,1,,4,0,0,1,0,0,0,0
5259,5:2:2:3:15:3,1,,4,0,0,1,0,0,0,0
5260,5:2:3:0:0:1,1,,4,0,0,1,0,0,0,0
5261,5:2:3:1:6:1,1,,4,0,0,1,0,0,0,0
5262,5:2:3:2:9:2,1,,4,0,0,1,0,0,0,0
5263,5:2:3:3:15:3,1,,4,0,0,1,0,0,0,0
5264,5:2:4:0:0:1,0,0,0,,,0,0,0,0,0
5265,5:2:4:1:6:1,0,0,0,,,0,0,0,0,0
5266,5:2:4:2:9:2,0,0,0,,,0,0,0,0,0
5267,5:2:4:3:15:3,1,,4,0,0,1,0,0,0,0
5268,5:2:5:0:0:1,1,1,2,1,1,2,0,0,0,0
5269,5:2:5:1:6:1,1,1,2,1,1,2,0,0,0,0
5270,5:2:5:2:9:2,1,1,2,1,1,2,0,0,0,0
5271,5:2:5:3:15:3,1,,4,0,0,1,0,0,0,0
5272,5:2:6:0:0:1,0,0,0,,,0,0,0,0,0
5273,5:2:6:1:6:1,0,0,0,,,0,0,0,0,0
5274,5:2:6:2:9:2,0,0,0,,,0,0,0,0,0
5275,5:2:6:3:15:3,1,,4,0,0,1,0,0,0,0
5276,5:2:7:0:0:1,0,0,0,,,0,0,0,0,0
5277,5:2:7:1:6:1,0,0,0,,,0,0,0,0,0
5278,5:2:7:2:9:2,0,0,0,,,0,0,0,0,0
5279,5:2:7:3:15:3,1,,4,0,0,1,0,0,0,0
5280,5:2:8:0:0:1,0,0,0,,,0,0,0,0,0
5281,5:2:8:1:6:1,0,0,0,,,0,0,0,0,0
5282,5:2:8:2:9:2,0,0,0,,,0,0,0,0,0
5283,5:2:8:3:15:3,1,,4,0,0,1,0,0,0,0
5284,5:2:9:0:0:1,0,0,0,,,0,0,0,0,0
5285,5:2:9:1:6:1,0,0,0,,,0,0,0,0,0
5286,5:2:9:2:9:2,0,0,0,,,0,0,0,0,0
5287,5:2:9:3:15:3,1,,4,0,0,1,0,0,0,0
5288,5:2:10:0:0:1,0,0,0,,,0,0,0,0,0
5289,5:2:10:1:6:1,0,0,0,,,0,0,0,0,0
5290,5:2:10:2:9:2,0,0,0,,,0,0,0,0,0
5291,5:2:10:3:15:3,1,,4,0,0,1,0,0,0,0
5292,5:2:11:0:0:1,0,0,0,,,0,0,0,0,0
5293,5:2:11:1:6:1,0,0,0,,,0,0,0,0,0
5294,5:2:11:2:9:2,0,0,0,,,0,0,0,0,0
5295,5:2:11:3:15:3,1,,4,0,0,1,0,0,0,0
5296,5:2:12:0:0:1,0,0,0,,,0,0,0,0,0
5297,5:2:12:1:6:1,0,0,0,,,0,0,0,0,0
5298,5:2:12:2:9:2,0,0,0,,,0,0,0,0,0
5299,5:2:12:3:15:3,1,,4,0,0,1,0,0,0,0
5300,5:2:13:0:0:1,0,0,0,,,0,0,0,0,0
5301,5:2:13:1:6:1,0,0,0,,,0,0,0,0,0
5302,5:2:13:2:9:2,0,0,0,,,0,0,0,0,0
5303,5:2:13:3:15:3,1,,4,0,0,1,0,0,0,0
5304,5:2:14:0:0:1,0,0,0,,,0,0,0,0,0
5305,5:2:14:1:6:1,0,0,0,,,0,0,0,0,0
5306,5:2:14:2:9:2,0,0,0,,,0,0,0,0,0
5307,5:2:14:3:15:3,1,,4,0,0,1,0,0,0,0
5308,5:2:15:0:0:1,0,0,0,,,0,0,0,0,0
5309,5:2:15:1:6:1,0,0,0,,,0,0,0,0,0
5310,5:2:15:2:9:2,0,0,0,,,0,0,0,0,0
5311,5:2:15:3:15:3,1,,4,0,0,1,0,0,0,0
5312,5:3:0:0:0:1,1,,4,0,0,1,0,0,0,0
5313,5:3:0:1:6:1,1,,4,0,0,1,0,0,0,0
5314,5:3:0:2:9:2,1,,4,0,0,1,0,0,0,0
5315,5:3:0:3:15:3,1,,4,0,0,1,0,0,0,0
5316,5:3:1:0:0:1,1,,4,0,0,1,0,0,0,0
5317,5:3:1:1:6:1,1,,4,0,0,1,0,0,0,0
5318,5:3:1:2:9:2,1,,4,0,0,1,0,0,0,0
5319,5:3:1:3:15:3,1,,4,0,0,1,0,0,0,0
5320,5:3:2:0:0:1,1,,4,0,0,1,0,0,0,0
5321,5:3:2:1:6:1,1,,4,0,0,1,0,0,0,0
5322,5:3:2:2:9:2,1,,4,0,0,1,0,0,0,0
5323,5:3:2:3:15:3,1,,4,0,0,1,0,0,0,0
5324,5:3:3:0:0:1,1,,4,0,0,1,0,0,0,0
5325,5:3:3:1:6:1,1,,4,0,0,1,0,0,0,0
5326,5:3:3:2:9:2,1,,4,0,0,1,0,0,0,0
5327,5:3:3:3:15:3,1,,4,0,0,1,0,0,0,0
5328,5:3:4:0:0:1,0,0,0,,,0,0,0,0,0
5329,5:3:4:1:6:1,0,0,0,,,0,0,0,0,0
5330,5:3:4:2:9:2,0,0,0,,,0,0,0,0,0
5331,5:3:4:3:15:3,1,,4,0,0,1,0,0,0,0
5332,5:3:5:0:0:1,1,1,2,1,1,2,0,0,0,0
5333,5:3:5:1:6:1,1,1,2,1,1,2,0,0,0,0
5334,5:3:5:2:9:2,1,1,2,1,1,2,0,0,0,0
5335,5:3:5:3:15:3,1,,4,0,0,1,0,0,0,0
5336,5:3:6:0:0:1,0,0,0,,,0,0,0,0,0
5337,5:3:6:1:6:1,0,0,0,,,0,0,0,0,0
5338,5:3:6:2:9:2,0,0,0,,,0,0,0,0,0
5339,5:3:6:3:15:3,1,,4,0,0,1,0,0,0,0
5340,5:3:7:0:0:1,0,0,0,,,0,0,0,0,0
5341,5:3:7:1:6:1,0,0,0,,,0,0,0,0,0
5342,5:3:7:2:9:2,0,0,0,,,0,0,0,0,0
5343,5:3:7:3:15:3,1,,4,0,0,1,0,0,0,0
5344,5:3:8:0:0:1,0,0,0,,,0,0,0,0,0
5345,5:3:8:1:6:1,0,0,0,,,0,0,0,0,0
5346,5:3:8:2:9:2,0,0,0,,,0,0,0,0,0
5347,5:3:8:3:15:3,1,,4,0,0,1,0,0,0,0
5348,5:3:9:0:0:1,0,0,0,,,0,0,0,0,0
5349,5:3:9:1:6:1,0,0,0,,,0,0,0,0,0
5350,5:3:9:2:9:2,0,0,0,,,0,0,0,0,0
5351,5:3:9:3:15:3,1,,4,0,0,1,0,0,0,0
5352,5:3:10:0:0:1,0,0,0,,,0,0,0,0,0
5353,5:3:10:1:6:1,0,0,0,,,0,0,0,0,0
5354,5:3:10:2:9:2,0,0,0,,,0,0,0,0,0
5355,5:3:10:3:15:3,1,,4,0,0,1,0,0,0,0
5356,5:3:11:0:0:1,0,0,0,,,0,0,0,0,0
5357,5:3:11:1:6:1,0,0,0,,,0,0,0,0,0
5358,5:3:11:2:9:2,0,0,0,,,0,0,0,0,0
5359,5:3:11:3:15:3,1,,4,0,0,1,0,0,0,0
5360,5:3:12:0:0:1,0,0,0,,,0,0,0,0,0
5361,5:3:12:1:6:1,0,0,0,,,0,0,0,0,0
5362,5:3:12:2:9:2,0,0,0,,,0,0,0,0,0
5363,5:3:12:3:15:3,1,,4,0,0,1,0,0,0,0
5364,5:3:13:0:0:1,0,0,0,,,0,0,0,0,0
5365,5:3:13:1:6:1,0,0,0,,,0,0,0,0,0
5366,5:3:13:2:9:2,0,0,0,,,0,0,0,0,0
5367,5:3:13:3:15:3,1,,4,0,0,1,0,0,0,0
5368,5:3:14:0:0:1,0,0,0,,,0,0,0,0,0
5369,5:3:14:1:6:1,0,0,0,,,0,0,0,0,0
5370,5:3:14:2:9:2,0,0,0,,,0,0,0,0,0
5371,5:3:14:3:15:3,1,,4,0,0,1,0,0,0,0
5372,5:3:15:0:0:1,0,0,0,,,0,0,0,0,0
5373,5:3:15:1:6:1,0,0,0,,,0,0,0,0,0
5374,5:3:15:2:9:2,0,0,0,,,0,0,0,0,0
5375,5:3:15:3:15:3,1,,4,0,0,1,0,0,0,0
5376,5:4:0:0:0:1,1,,4,0,0,1,0,0,0,0
5377,5:4:0:1:6:1,1,,4,0,0,1,0,0,0,0
5378,5:4:0:2:9:2,1,,4,0,0,1,0,0,0,0
5379,5:4:0:3:15:3,1,,4,0,0,1,0,0,0,0
5380,5:4:1:0:0:1,1,,4,0,0,1,0,0,0,0
5381,5:4:1:1:6:1,1,,4,0,0,1,0,0,0,0
5382,5:4:1:2:9:2,1,,4,0,0,1,0,0,0,0
5383,5:4:1:3:15:3,1,,4,0,0,1,0,0,0,0
5384,5:4:2:0:0:1,1,,4,0,0,1,0,0,0,0
5385,5:4:2:1:6:1,1,,4,0,0,1,0,0,0,0
5386,5:4:2:2:9:2,1,,4,0,0,1,0,0,0,0
5387,5:4:2:3:15:3,1,,4,0,0,1,0,0,0,0
5388,5:4:3:0:0:1,1,,4,0,0,1,0,0,0,0
5389,5:4:3:1:6:1,1,,4,0,0,1,0,0,0,0
5390,5:4:3:2:9:2,1,,4,0,0,1,0,0,0,0
5391,5:4:3:3:15:3,1,,4,0,0,1,0,0,0,0
5392,5:4:4:0:0:1,1,2,2,2,2,2,0,0,0,0
5393,5:4:4:1:6:1,1,2,2,2,2,2,0,0,0,0
5394,5:4:4:2:9:2,1,2,2,2,2,2,0,0,0,0
5395,5:4:4:3:15:3,1,,4,0,0,1,0,0,0,0
5396,5:4:5:0:0:1,1,1,2,1,1,2,0,0,0,0
5397,5:4:5:1:6:1,1,1,2,1,1,2,0,0,0,0
5398,5:4:5:2:9:2,1,1,2,1,1,2,0,0,0,0
5399,5:4:5:3:15:3,1,,4,0,0,1,0,0,0,0
5400,5:4:6:0:0:1,0,0,0,,,0,0,0,0,0
5401,5:4:6:1:6:1,0,0,0,,,0,0,0,0,0
5402,5:4:6:2:9:2,0,0,0,,,0,0,0,0,0
5403,5:4:6:3:15:3,1,,4,0,0,1,0,0,0,0
5404,5:4:7:0:0:1,0,0,0,,,0,0,0,0,0
5405,5:4:7:1:6:1,0,0,0,,,0,0,0,0,0
5406,5:4:7:2:9:2,0,0,0,,,0,0,0,0,0
5407,5:4:7:3:15:3,1,,4,0,0,1,0,0,0,0
5408,5:4:8:0:0:1,0,0,0,,,0,0,0,0,0
5409,5:4:8:1:6:1,0,0,0,,,0,0,0,0,0
5410,5:4:8:2:9:2,0,0,0,,,0,0,0,0,0
5411,5:4:8:3:15:3,1,,4,0,0,1,0,0,0,0
5412,5:4:9:0:0:1,0,0,0,,,0,0,0,0,0
5413,5:4:9:1:6:1,0,0,0,,,0,0,0,0,0
5414,5:4:9:2:9:2,0,0,0,,,0,0,0,0,0
5415,5:4:9:3:15:3,1,,4,0,0,1,0,0,0,0
5416,5:4:10:0:0:1,0,0,0,,,0,0,0,0,0
5417,5:4:10:1:6:1,0,0,0,,,0,0,0,0,0
5418,5:4:10:2:9:2,0,0,0,,,0,0,0,0,0
5419,5:4:10:3:15:3,1,,4,0,0,1,0,0,0,0
5420,5:4:11:0:0:1,0,0,0,,,0,0,0,0,0
5421,5:4:11:1:6:1,0,0,0,,,0,0,0,0,0
5422,5:4:11:2:9:2,0,0,0,,,0,0,0,0,0
5423,5:4:11:3:15:3,1,,4,0,0,1,0,0,0,0
5424,5:4:12:0:0:1,0,0,0,,,0,0,0,0,0
5425,5:4:12:1:6:1,0,0,0,,,0,0,0,0,0
5426,5:4:12:2:9:2,0,0,0,,,0,0,0,0,0
5427,5:4:12:3:15:3,1,,4,0,0,1,0,0,0,0
5428,5:4:13:0:0:1,0,0,0,,,0,0,0,0,0
5429,5:4:13:1:6:1,0,0,0,,,0,0,0,0,0
5430,5:4:13:2:9:2,0,0,0,,,0,0,0,0,0
5431,5:4:13:3:15:3,1,,4,0,0,1,0,0,0,0
5432,5:4:14:0:0:1,0,0,0,,,0,0,0,0,0
5433,5:4:14:1:6:1,0,0,0,,,0,0,0,0,0
5434,5:4:14:2:9:2,0,0,0,,,0,0,0,0,0
5435,5:4:14:3:15:3,1,,4,0,0,1,0,0,0,0
5436,5:4:15:0:0:1,0,0,0,,,0,0,0,0,0
5437,5:4:15:1:6:1,0,0,0,,,0,0,0,0,0
5438,5:4:15:2:9:2,0,0,0,,,0,0,0,0,0
5439,5:4:15:3:15:3,1,,4,0,0,1,0,0,0,0
5440,5:5:0:0:0:1,1,,4,0,0,1,0,0,0,0
5441,5:5:0:1:6:1,1,,4,0,0,1,0,0,0,0
5442,5:5:0:2:9:2,1,,4,0,0,1,0,0,0,0
5443,5:5:0:3:15:3,1,,4,0,0,1,0,0,0,0
5444,5:5:1:0:0:1,1,,4,0,0,1,0,0,0,0
5445,5:5:1:1:6:1,1,,4,0,0,1,0,0,0,0
5446,5:5:1:2:9:2,1,,4,0,0,1,0,0,0,0
5447,5:5:1:3:15:3,1,,4,0,0,1,0,0,0,0
5448,5:5:2:0:0:1,1,,4,0,0,1,0,0,0,0
5449,5:5:2:1:6:1,1,,4,0,0,1,0,0,0,0
5450,5:5:2:2:9:2,1,,4,0,0,1,0,0,0,0
5451,5:5:2:3:15:3,1,,4,0,0,1,0,0,0,0
5452,5:5:3:0:0:1,1,,4,0,0,1,0,0,0,0
5453,5:5:3:1:6:1,1,,4,0,0,1,0,0,0,0
5454,5:5:3:2:9:2,1,,4,0,0,1,0,0,0,0
5455,5:5:3:3:15:3,1,,4,0,0,1,0,0,0,0
5456,5:5:4:0:0:1,0,0,0,,,0,0,0,0,0
5457,5:5:4:1:6:1,0,0,0,,,0,0,0,0,0
5458,5:5:4:2:9:2,0,0,0,,,0,0,0,0,0
5459,5:5:4:3:15:3,1,,4,0,0,1,0,0,0,0
5460,5:5:5:0:0:1,1,3,3,1,1,3,0,0,0,0
5461,5:5:5:1:6:1,1,3,3,1,1,3,0,0,0,0
5462,5:5:5:2:9:2,1,3,3,1,1,3,0,0,0,0
5463,5:5:5:3:15:3,1,,4,0,0,1,0,0,0,0
5464,5:5:6:0:0:1,0,0,0,,,0,0,0,0,0
5465,5:5:6:1:6:1,0,0,0,,,0,0,0,0,0
5466,5:5:6:2:9:2,0,0,0,,,0,0,0,0,0
5467,5:5:6:3:15:3,1,,4,0,0,1,0,0,0,0
5468,5:5:7:0:0:1,0,0,0,,,0,0,0,0,0
5469,5:5:7:1:6:1,0,0,0,,,0,0,0,0,0
5470,5:5:7:2:9:2,0,0,0,,,0,0,0,0,0
5471,5:5:7:3:15:3,1,,4,0,0,1,0,0,0,0
5472,5:5:8:0:0:1,0,0,0,,,0,0,0,0,0
5473,5:5:8:1:6:1,0,0,0,,,0,0,0,0,0
5474,5:5:8:2:9:2,0,0,0,,,0,0,0,0,0
5475,5:5:8:3:15:3,1,,4,0,0,1,0,0,0,0
5476,5:5:9:0:0:1,0,0,0,,,0,0,0,0,0
5477,5:5:9:1:6:1,0,0,0,,,0,0,0,0,0
5478,5:5:9:2:9:2,0,0,0,,,0,0,0,0,0
5479,5:5:9:3:15:3,1,,4,0,0,1,0,0,0,0
5480,5:5:10:0:0:1,0,0,0,,,0,0,0,0,0
5481,5:5:10:1:6:1,0,0,0,,,0,0,0,0,0
5482,5:5:10:2:9:2,0,0,0,,,0,0,0,0,0
5483,5:5:10:3:15:3,1,,4,0,0,1,0,0,0,0
5484,5:5:11:0:0:1,0,0,0,,,0,0,0,0,0
5485,5:5:11:1:6:1,0,0,0,,,0,0,0,0,0
5486,5:5:11:2:9:2,0,0,0,,,0,0,0,0,0
5487,5:5:11:3:15:3,1,,4,0,0,1,0,0,0,0
5488,5:5:12:0:0:1,0,0,0,,,0,0,0,0,0
5489,5:5:12:1:6:1,0,0,0,,,0,0,0,0,0
5490,5:5:12:2:9:2,0,0,0,,,0,0,0,0,0
5491,5:5:12:3:15:3,1,,4,0,0,1,0,0,0,0
5492,5:5:13:0:0:1,0,0,0,,,0,0,0,0,0
5493,5:5:13:1:6:1,0,0,0,,,0,0,0,0,0
5494,5:5:13:2:9:2,0,0,0,,,0,0,0,0,0
5495,5:5:13:3:15:3,1,,4,0,0,1,0,0,0,0
5496,5:5:14:0:0:1,0,0,0,,,0,0,0,0,0
5497,5:5:14:1:6:1,0,0,0,,,0,0,0,0,0
5498,5:5:14:2:9:2,0,0,0,,,0,0,0,0,0
5499,5:5:14:3:15:3,1,,4,0,0,1,0,0,0,0
5500,5:5:15:0:0:1,0,0,0,,,0,0,0,0,0
5501,5:5:15:1:6:1,0,0,0,,,0,0,0,0,0
5502,5:5:15:2:9:2,0,0,0,,,0,0,0,0,0
5503,5:5:15:3:15:3,1,,4,0,0,1,0,0,0,0
5504,5:6:0:0:0:1,1,,4,0,0,1,0,0,0,0
5505,5:6:0:1:6:1,1,,4,0,0,1,0,0,0,0
5506,5:6:0:2:9:2,1,,4,0,0,1,0,0,0,0
5507,5:6:0:3:15:3,1,,4,0,0,1,0,0,0,0
5508,5:6:1:0:0:1,1,,4,0,0,1,0,0,0,0
5509,5:6:1:1:6:1,1,,4,0,0,1,0,0,0,0
5510,5:6:1:2:9:2,1,,4,0,0,1,0,0,0,0
5511,5:6:1:3:15:3,1,,4,0,0,1,0,0,0,0
5512,5:6:2:0:0:1,1,,4,0,0,1,0,0,0,0
5513,5:6:2:1:6:1,1,,4,0,0,1,0,0,0,0
5514,5:6:2:2:9:2,1,,4,0,0,1,0,0,0,0
5515,5:6:2:3:15:3,1,,4,0,0,1,0,0,0,0
5516,5:6:3:0:0:1,1,,4,0,0,1,0,0,0,0
5517,5:6:3:1:6:1,1,,4,0,0,1,0,0,0,0
5518,5:6:3:2:9:2,1,,4,0,0,1,0,0,0,0
5519,5:6:3:3:15:3,1,,4,0,0,1,0,0,0,0
5520,5:6:4:0:0:1,0,0,0,,,0,0,0,0,0
5521,5:6:4:1:6:1,0,0,0,,,0,0,0,0,0
5522,5:6:4:2:9:2,0,0,0,,,0,0,0,0,0
5523,5:6:4:3:15:3,1,,4,0,0,1,0,0,0,0
5524,5:6:5:0:0:1,1,1,2,1,1,2,0,0,0,0
5525,5:6:5:1:6:1,1,1,2,1,1,2,0,0,0,0
5526,5:6:5:2:9:2,1,1,2,1,1,2,0,0,0,0
5527,5:6:5:3:15:3,1,,4,0,0,1,0,0,0,0
5528,5:6:6:0:0:1,1,2,2,2,2,2,0,0,0,0
5529,5:6:6:1:6:1,1,2,2,2,2,2,0,0,0,0
5530,5:6:6:2:9:2,1,2,2,2,2,2,0,0,0,0
5531,5:6:6:3:15:3,1,,4,0,0,1,0,0,0,0
5532,5:6:7:0:0:1,0,0,0,,,0,0,0,0,0
5533,5:6:7:1:6:1,0,0,0,,,0,0,0,0,0
5534,5:6:7:2:9:2,0,0,0,,,0,0,0,0,0
5535,5:6:7:3:15:3,1,,4,0,0,1,0,0,0,0
5536,5:6:8:0:0:1,0,0,0,,,0,0,0,0,0
5537,5:6:8:1:6:1,0,0,0,,,0,0,0,0,0
5538,5:6:8:2:9:2,0,0,0,,,0,0,0,0,0
5539,5:6:8:3:15:3,1,,4,0,0,1,0,0,0,0
5540,5:6:9:0:0:1,0,0,0,,,0,0,0,0,0
5541,5:6:9:1:6:1,0,0,0,,,0,0,0,0,0
5542,5:6:9:2:9:2,0,0,0,,,0,0,0,0,0
5543,5:6:9:3:15:3,1,,4,0,0,1,0,0,0,0
5544,5:6:10:0:0:1,0,0,0,,,0,0,0,0,0
5545,5:6:10:1:6:1,0,0,0,,,0,0,0,0,0
5546,5:6:10:2:9:2,0,0,0,,,0,0,0,0,0
5547,5:6:10:3:15:3,1,,4,0,0,1,0,0,0,0
5548,5:6:11:0:0:1,0,0,0,,,0,0,0,0,0
5549,5:6:11:1:6:1,0,0,0,,,0,0,0,0,0
5550,5:6:11:2:9:2,0,0,0,,,0,0,0,0,0
5551,5:6:11:3:15:3,1,,4,0,0,1,0,0,0,0
5552,5:6:12:0:0:1,0,0,0,,,0,0,0,0,0
5553,5:6:12:1:6:1,0,0,0,,,0,0,0,0,0
5554,5:6:12:2:9:2,0,0,0,,,0,0,0,0,0
5555,5:6:12:3:15:3,1,,4,0,0,1,0,0,0,0
5556,5:6:13:0:0:1,0,0,0,,,0,0,0,0,0
5557,5:6:13:1:6:1,0,0,0,,,0,0,0,0,0
5558,5:6:13:2:9:2,0,0,0,,,0,0,0,0,0
5559,5:6:13:3:15:3,1,,4,0,0,1,0,0,0,0
5560,5:6:14:0:0:1,0,0,0,,,0,0,0,0,0
5561,5:6:14:1:6:1,0,0,0,,,0,0,0,0,0
5562,5:6:14:2:9:2,0,0,0,,,0,0,0,0,0
5563,5:6:14:3:15:3,1,,4,0,0,1,0,0,0,0
5564,5:6:15:0:0:1,0,0,0,,,0,0,0,0,0
5565,5:6:15:1:6:1,0,0,0,,,0,0,0,0,0
5566,5:6:15:2:9:2,0,0,0,,,0,0,0,0,0
5567,5:6:15:3:15:3,1,,4,0,0,1,0,0,0,0
5568,5:7:0:0:0:1,1,,4,0,0,1,0,0,0,0
5569,5:7:0:1:6:1,1,,4,0,0,1,0,0,0,0
5570,5:7:0:2:9:2,1,,4,0,0,1,0,0,0,0
5571,5:7:0:3:15:3,1,,4,0,0,1,0,0,0,0
5572,5:7:1:0:0:1,1,,4,0,0,1,0,0,0,0
5573,5:7:1:1:6:1,1,,4,0,0,1,0,0,0,0
5574,5:7:1:2:9:2,1,,4,0,0,1,0,0,0,0
5575,5:7:1:3:15:3,1,,4,0,0,1,0,0,0,0
5576,5:7:2:0:0:1,1,,4,0,0,1,0,0,0,0
5577,5:7:2:1:6:1,1,,4,0,0,1,0,0,0,0
5578,5:7:2:2:9:2,1,,4,0,0,1,0,0,0,0
5579,5:7:2:3:15:3,1,,4,0,0,1,0,0,0,0
5580,5:7:3:0:0:1,1,,4,0,0,1,0,0,0,0
5581,5:7:3:1:6:1,1,,4,0,0,1,0,0,0,0
5582,5:7:3:2:9:2,1,,4,0,0,1,0,0,0,0
5583,5:7:3:3:15:3,1,,4,0,0,1,0,0,0,0
5584,5:7:4:0:0:1,0,0,0,,,0,0,0,0,0
5585,5:7:4:1:6:1,0,0,0,,,0,0,0,0,0
5586,5:7:4:2:9:2,0,0,0,,,0,0,0,0,0
5587,5:7:4:3:15:3,1,,4,0,0,1,0,0,0,0
5588,5:7:5:0:0:1,1,1,2,1,1,2,0,0,0,0
5589,5:7:5:1:6:1,1,1,2,1,1,2,0,0,0,0
5590,5:7:5:2:9:2,1,1,2,1,1,2,0,0,0,0
5591,5:7:5:3:15:3,1,,4,0,0,1,0,0,0,0
5592,5:7:6:0:0:1,0,0,0,,,0,0,0,0,0
5593,5:7:6:1:6:1,0,0,0,,,0,0,0,0,0
5594,5:7:6:2:9:2,0,0,0,,,0,0,0,0,0
5595,5:7:6:3:15:3,1,,4,0,0,1,0,0,0,0
5596,5:7:7:0:0:1,1,2,2,2,2,2,0,0,0,0
5597,5:7:7:1:6:1,1,2,2,2,2,2,0,0,0,0
5598,5:7:7:2:9:2,1,2,2,2,2,2,0,0,0,0
5599,5:7:7:3:15:3,1,,4,0,0,1,0,0,0,0
5600,5:7:8:0:0:1,0,0,0,,,0,0,0,0,0
5601,5:7:8:1:6:1,0,0,0,,,0,0,0,0,0
5602,5:7:8:2:9:2,0,0,0,,,0,0,0,0,0
5603,5:7:8:3:15:3,1,,4,0,0,1,0,0,0,0
5604,5:7:9:0:0:1,0,0,0,,,0,0,0,0,0
5605,5:7:9:1:6:1,0,0,0,,,0,0,0,0,0
5606,5:7:9:2:9:2,0,0,0,,,0,0,0,0,0
5607,5:7:9:3:15:3,1,,4,0,0,1,0,0,0,0
5608,5:7:10:0:0:1,0,0,0,,,0,0,0,0,0
5609,5:7:10:1:6:1,0,0,0,,,0,0,0,0,0
5610,5:7:10:2:9:2,0,0,0,,,0,0,0,0,0
5611,5:7:10:3:15:3,1,,4,0,0,1,0,0,0,0
5612,5:7:11:0:0:1,0,0,0,,,0,0,0,0,0
5613,5:7:11:1:6:1,0,0,0,,,0,0,0,0,0
5614,5:7:11:2:9:2,0,0,0,,,0,0,0,0,0
5615,5:7:11:3:15:3,1,,4,0,0,1,0,0,0,0
5616,5:7:12:0:0:1,0,0,0,,,0,0,0,0,0
5617,5:7:12:1:6:1,0,0,0,,,0,0,0,0,0
5618,5:7:12:2:9:2,0,0,0,,,0,0,0,0,0
5619,5:7:12:3:15:3,1,,4,0,0,1,0,0,0,0
5620,5:7:13:0:0:1,0,0,0,,,0,0,0,0,0
5621,5:7:13:1:6:1,0,0,0,,,0,0,0,0,0
5622,5:7:13:2:9:2,0,0,0,,,0,0,0,0,0
5623,5:7:13:3:15:3,1,,4,0,0,1,0,0,0,0
5624,5:7:14:0:0:1,0,0,0,,,0,0,0,0,0
5625,5:7:14:1:6:1,0,0,0,,,0,0,0,0,0
5626,5:7:14:2:9:2,0,0,0,,,0,0,0,0,0
5627,5:7:14:3:15:3,1,,4,0,0,1,0,0,0,0
5628,5:7:15:0:0:1,0,0,0,,,0,0,0,0,0
5629,5:7:15:1:6:1,0,0,0,,,0,0,0,0,0
5630,5:7:15:2:9:2,0,0,0,,,0,0,0,0,0
5631,5:7:15:3:15:3,1,,4,0,0,1,0,0,0,0
5632,5:8:0:0:0:1,1,,4,0,0,1,0,0,0,0
5633,5:8:0:1:6:1,1,,4,0,0,1,0,0,0,0
5634,5:8:0:2:9:2,1,,4,0,0,1,0,0,0,0
5635,5:8:0:3:15:3,1,,4,0,0,1,0,0,0,0
5636,5:8:1:0:0:1,1,,4,0,0,1,0,0,0,0
5637,5:8:1:1:6:1,1,,4,0,0,1,0,0,0,0
5638,5:8:1:2:9:2,1,,4,0,0,1,0,0,0,0
5639,5:8:1:3:15:3,1,,4,0,0,1,0,0,0,0
5640,5:8:2:0:0:1,1,,4,0,0,1,0,0,0,0
5641,5:8:2:1:6:1,1,,4,0,0,1,0,0,0,0
5642,5:8:2:2:9:2,1,,4,0,0,1,0,0,0,0
5643,5:8:2:3:15:3,1,,4,0,0,1,0,0,0,0
5644,5:8:3:0:0:1,1,,4,0,0,1,0,0,0,0
5645,5:8:3:1:6:1,1,,4,0,0,1,0,0,0,0
5646,5:8:3:2:9:2,1,,4,0,0,1,0,0,0,0
5647,5:8:3:3:15:3,1,,4,0,0,1,0,0,0,0
5648,5:8:4:0:0:1,0,0,0,,,0,0,0,0,0
5649,5:8:4:1:6:1,0,0,0,,,0,0,0,0,0
5650,5:8:4:2:9:2,0,0,0,,,0,0,0,0,0
5651,5:8:4:3:15:3,1,,4,0,0,1,0,0,0,0
5652,5:8:5:0:0:1,1,1,2,1,1,2,0,0,0,0
5653,5:8:5:1:6:1,1,1,2,1,1,2,0,0,0,0
5654,5:8:5:2:9:2,1,1,2,1,1,2,0,0,0,0
5655,5:8:5:3:15:3,1,,4,0,0,1,0,0,0,0
5656,5:8:6:0:0:1,0,0,0,,,0,0,0,0,0
5657,5:8:6:1:6:1,0,0,0,,,0,0,0,0,0
5658,5:8:6:2:9:2,0,0,0,,,0,0,0,0,0
5659,5:8:6:3:15:3,1,,4,0,0,1,0,0,0,0
5660,5:8:7:0:0:1,0,0,0,,,0,0,0,0,0
5661,5:8:7:1:6:1,0,0,0,,,0,0,0,0,0
5662,5:8:7:2:9:2,0,0,0,,,0,0,0,0,0
5663,5:8:7:3:15:3,1,,4,0,0,1,0,0,0,0
5664,5:8:8:0:0:1,1,2,2,2,2,2,0,0,0,0
5665,5:8:8:1:6:1,1,2,2,2,2,2,0,0,0,0
5666,5:8:8:2:9:2,1,2,2,2,2,2,0,0,0,0
5667,5:8:8:3:15:3,1,,4,0,0,1,0,0,0,0
5668,5:8:9:0:0:1,0,0,0,,,0,0,0,0,0
5669,5:8:9:1:6:1,0,0,0,,,0,0,0,0,0
5670,5:8:9:2:9:2,0,0,0,,,0,0,0,0,0
5671,5:8:9:3:15:3,1,,4,0,0,1,0,0,0,0
5672,5:8:10:0:0:1,0,0,0,,,0,0,0,0,0
5673,5:8:10:1:6:1,0,0,0,,,0,0,0,0,0
5674,5:8:10:2:9:2,0,0,0,,,0,0,0,0,0
5675,5:8:10:3:15:3,1,,4,0,0,1,0,0,0,0
5676,5:8:11:0:0:1,0,0,0,,,0,0,0,0,0
5677,5:8:11:1:6:1,0,0,0,,,0,0,0,0,0
5678,5:8:11:2:9:2,0,0,0,,,0,0,0,0,0
5679,5:8:11:3:15:3,1,,4,0,0,1,0,0,0,0
5680,5:8:12:0:0:1,0,0,0,,,0,0,0,0,0
5681,5:8:12:1:6:1,0,0,0,,,0,0,0,0,0
5682,5:8:12:2:9:2,0,0,0,,,0,0,0,0,0
5683,5:8:12:3:15:3,1,,4,0,0,1,0,0,0,0
5684,5:8:13:0:0:1,0,0,0,,,0,0,0,0,0
5685,5:8:13:1:6:1,0,0,0,,,0,0,0,0,0
5686,5:8:13:2:9:2,0,0,0,,,0,0,0,0,0
5687,5:8:13:3:15:3,1,,4,0,0,1,0,0,0,0
5688,5:8:14:0:0:1,0,0,0,,,0,0,0,0,0
5689,5:8:14:1:6:1,0,0,0,,,0,0,0,0,0
5690,5:8:14:2:9:2,0,0,0,,,0,0,0,0,0
5691,5:8:14:3:15:3,1,,4,0,0,1,0,0,0,0
5692,5:8:15:0:0:1,0,0,0,,,0,0,0,0,0
5693,5:8:15:1:6:1,0,0,0,,,0,0,0,0,0
5694,5:8:15:2:9:2,0,0,0,,,0,0,0,0,0
5695,5:8:15:3:15:3,1,,4,0,0,1,0,0,0,0
5696,5:9:0:0:0:1,1,,4,0,0,1,0,0,0,0
5697,5:9:0:1:6:1,1,,4,0,0,1,0,0,0,0
5698,5:9:0:2:9:2,1,,4,0,0,1,0,0,0,0
5699,5:9:0:3:15:3,1,,4,0,0,1,0,0,0,0
5700,5:9:1:0:0:1,1,,4,0,0,1,0,0,0,0
5701,5:9:1:1:6:1,1,,4,0,0,1,0,0,0,0
5702,5:9:1:2:9:2,1,,4,0,0,1,0,0,0,0
5703,5:9:1:3:15:3,1,,4,0,0,1,0,0,0,0
5704,5:9:2:0:0:1,1,,4,0,0,1,0,0,0,0
5705,5:9:2:1:6:1,1,,4,0,0,1,0,0,0,0
5706,5:9:2:2:9:2,1,,4,0,0,1,0,0,0,0
5707,5:9:2:3:15:3,1,,4,0,0,1,0,0,0,0
5708,5:9:3:0:0:1,1,,4,0,0,1,0,0,0,0
5709,5:9:3:1:6:1,1,,4,0,0,1,0,0,0,0
5710,5:9:3:2:9:2,1,,4,0,0,1,0,0,0,0
5711,5:9:3:3:15:3,1,,4,0,0,1,0,0,0,0
5712,5:9:4:0:0:1,0,0,0,,,0,0,0,0,0
5713,5:9:4:1:6:1,0,0,0,,,0,0,0,0,0
5714,5:9:4:2:9:2,0,0,0,,,0,0,0,0,0
5715,5:9:4:3:15:3,1,,4,0,0,1,0,0,0,0
5716,5:9:5:0:0:1,1,1,2,1,1,2,0,0,0,0
5717,5:9:5:1:6:1,1,1,2,1,1,2,0,0,0,0
5718,5:9:5:2:9:2,1,1,2,1,1,2,0,0,0,0
5719,5:9:5:3:15:3,1,,4,0,0,1,0,0,0,0
5720,5:9:6:0:0:1,0,0,0,,,0,0,0,0,0
5721,5:9:6:1:6:1,0,0,0,,,0,0,0,0,0
5722,5:9:6:2:9:2,0,0,0,,,0,0,0,0,0
5723,5:9:6:3:15:3,1,,4,0,0,1,0,0,0,0
5724,5:9:7:0:0:1,0,0,0,,,0,0,0,0,0
5725,5:9:7:1:6:1,0,0,0,,,0,0,0,0,0
5726,5:9:7:2:9:2,0,0,0,,,0,0,0,0,0
5727,5:9:7:3:15:3,1,,4,0,0,1,0,0,0,0
5728,5:9:8:0:0:1,0,0,0,,,0,0,0,0,0
5729,5:9:8:1:6:1,0,0,0,,,0,0,0,0,0
5730,5:9:8:2:9:2,0,0,0,,,0,0,0,0,0
5731,5:9:8:3:15:3,1,,4,0,0,1,0,0,0,0
5732,5:9:9:0:0:1,1,2,2,2,2,2,0,0,0,0
5733,5:9:9:1:6:1,1,2,2,2,2,2,0,0,0,0
5734,5:9:9:2:9:2,1,2,2,2,2,2,0,0,0,0
5735,5:9:9:3:15:3,1,,4,0,0,1,0,0,0,0
5736,5:9:10:0:0:1,0,0,0,,,0,0,0,0,0
5737,5:9:10:1:6:1,0,0,0,,,0,0,0,0,0
5738,5:9:10:2:9:2,0,0,0,,,0,0,0,0,0
5739,5:9:10:3:15:3,1,,4,0,0,1,0,0,0,0
5740,5:9:11:0:0:1,0,0,0,,,0,0,0,0,0
5741,5:9:11:1:6:1,0,0,0,,,0,0,0,0,0
5742,5:9:11:2:9:2,0,0,0,,,0,0,0,0,0
5743,5:9:11:3:15:3,1,,4,0,0,1,0,0,0,0
5744,5:9:12:0:0:1,0,0,0,,,0,0,0,0,0
5745,5:9:12:1:6:1,0,0,0,,,0,0,0,0,0
5746,5:9:12:2:9:2,0,0,0,,,0,0,0,0,0
5747,5:9:12:3:15:3,1,,4,0,0,1,0,0,0,0
5748,5:9:13:0:0:1,0,0,0,,,0,0,0,0,0
5749,5:9:13:1:6:1,0,0,0,,,0,0,0,0,0
5750,5:9:13:2:9:2,0,0,0,,,0,0,0,0,0
5751,5:9:13:3:15:3,1,,4,0,0,1,0,0,0,0
5752,5:9:14:0:0:1,0,0,0,,,0,0,0,0,0
5753,5:9:14:1:6:1,0,0,0,,,0,0,0,0,0
5754,5:9:14:2:9:2,0,0,0,,,0,0,0,0,0
5755,5:9:14:3:15:3,1,,4,0,0,1,0,0,0,0
5756,5:9:15:0:0:1,0,0,0,,,0,0,0,0,0
5757,5:9:15:1:6:1,0,0,0,,,0,0,0,0,0
5758,5:9:15:2:9:2,0,0,0,,,0,0,0,0,0
5759,5:9:15:3:15:3,1,,4,0,0,1,0,0,0,0
5760,5:10:0:0:0:1,1,,4,0,0,1,0,0,0,0
5761,5:10:0:1:6:1,1,,4,0,0,1,0,0,0,0
5762,5:10:0:2:9:2,1,,4,0,0,1,0,0,0,0
5763,5:10:0:3:15:3,1,,4,0,0,1,0,0,0,0
5764,5:10:1:0:0:1,1,,4,0,0,1,0,0,0,0
5765,5:10:1:1:6:1,1,,4,0,0,1,0,0,0,0
5766,5:10:1:2:9:2,1,,4,0,0,1,0,0,0,0
5767,5:10:1:3:15:3,1,,4,0,0,1,0,0,0,0
5768,5:10:2:0:0:1,1,,4,0,0,1,0,0,0,0
5769,5:10:2:1:6:1,1,,4,0,0,1,0,0,0,0
5770,5:10:2:2:9:2,1,,4,0,0,1,0,0,0,0
5771,5:10:2:3:15:3,1,,4,0,0,1,0,0,0,0
5772,5:10:3:0:0:1,1,,4,0,0,1,0,0,0,0
5773,5:10:3:1:6:1,1,,4,0,0,1,0,0,0,0
5774,5:10:3:2:9:2,1,,4,0,0,1,0,0,0,0
5775,5:10:3:3:15:3,1,,4,0,0,1,0,0,0,0
5776,5:10:4:0:0:1,0,0,0,,,0,0,0,0,0
5777,5:10:4:1:6:1,0,0,0,,,0,0,0,0,0
5778,5:10:4:2:9:2,0,0,0,,,0,0,0,0,0
5779,5:10:4:3:15:3,1,,4,0,0,1,0,0,0,0
5780,5:10:5:0:0:1,1,1,2,1,1,2,0,0,0,0
5781,5:10:5:1:6:1,1,1,2,1,1,2,0,0,0,0
5782,5:10:5:2:9:2,1,1,2,1,1,2,0,0,0,0
5783,5:10:5:3:15:3,1,,4,0,0,1,0,0,0,0
5784,5:10:6:0:0:1,0,0,0,,,0,0,0,0,0
5785,5:10:6:1:6:1,0,0,0,,,0,0,0,0,0
5786,5:10:6:2:9:2,0,0,0,,,0,0,0,0,0
5787,5:10:6:3:15:3,1,,4,0,0,1,0,0,0,0
5788,5:10:7:0:0:1,0,0,0,,,0,0,0,0,0
5789,5:10:7:1:6:1,0,0,0,,,0,0,0,0,0
5790,5:10:7:2:9:2,0,0,0,,,0,0,0,0,0
5791,5:10:7:3:15:3,1,,4,0,0,1,0,0,0,0
5792,5:10:8:0:0:1,0,0,0,,,0,0,0,0,0
5793,5:10:8:1:6:1,0,0,0,,,0,0,0,0,0
5794,5:10:8:2:9:2,0,0,0,,,0,0,0,0,0
5795,5:10:8:3:15:3,1,,4,0,0,1,0,0,0,0
5796,5:10:9:0:0:1,0,0,0,,,0,0,0,0,0
5797,5:10:9:1:6:1,0,0,0,,,0,0,0,0,0
5798,5:10:9:2:9:2,0,0,0,,,0,0,0,0,0
5799,5:10:9:3:15:3,1,,4,0,0,1,0,0,0,0
5800,5:10:10:0:0:1,1,2,2,2,2,2,0,0,0,0
5801,5:10:10:1:6:1,1,2,2,2,2,2,0,0,0,0
5802,5:10:10:2:9:2,1,2,2,2,2,2,0,0,0,0
5803,5:10:10:3:15:3,1,,4,0,0,1,0,0,0,0
5804,5:10:11:0:0:1,0,0,0,,,0,0,0,0,0
5805,5:10:11:1:6:1,0,0,0,,,0,0,0,0,0
5806,5:10:11:2:9:2,0,0,0,,,0,0,0,0,0
5807,5:10:11:3:15:3,1,,4,0,0,1,0,0,0,0
5808,5:10:12:0:0:1,0,0,0,,,0,0,0,0,0
5809,5:10:12:1:6:1,0,0,0,,,0,0,0,0,0
5810,5:10:12:2:9:2,0,0,0,,,0,0,0,0,0
5811,5:10:12:3:15:3,1,,4,0,0,1,0,0,0,0
5812,5:10:13:0:0:1,0,0,0,,,0,0,0,0,0
5813,5:10:13:1:6:1,0,0,0,,,0,0,0,0,0
5814,5:10:13:2:9:2,0,0,0,,,0,0,0,0,0
5815,5:10:13:3:15:3,1,,4,0,0,1,0,0,0,0
5816,5:10:14:0:0:1,0,0,0,,,0,0,0,0,0
5817,5:10:14:1:6:1,0,0,0,,,0,0,0,0,0
5818,5:10:14:2:9:2,0,0,0,,,0,0,0,0,0
5819,5:10:14:3:15:3,1,,4,0,0,1,0,0,0,0
5820,5:10:15:0:0:1,1,1;2,1,3,3,3,0,0,0,0
5821,5:10:15:1:6:1,1,1;2,1,3,3,3,0,0,0,0
5822,5:10:15:2:9:2,1,1;2,1,3,3,3,0,0,0,0
5823,5:10:15:3:15:3,1,,4,0,0,1,0,0,0,0
5824,5:11:0:0:0:1,1,,4,0,0,1,0,0,0,0
5825,5:11:0:1:6:1,1,,4,0,0,1,0,0,0,0
5826,5:11:0:2:9:2,1,,4,0,0,1,0,0,0,0
5827,5:11:0:3:15:3,1,,4,0,0,1,0,0,0,0
5828,5:11:1:0:0:1,1,,4,0,0,1,0,0,0,0
5829,5:11:1:1:6:1,1,,4,0,0,1,0,0,0,0
5830,5:11:1:2:9:2,1,,4,0,0,1,0,0,0,0
5831,5:11:1:3:15:3,1,,4,0,0,1,0,0,0,0
5832,5:11:2:0:0:1,1,,4,0,0,1,0,0,0,0
5833,5:11:2:1:6:1,1,,4,0,0,1,0,0,0,0
5834,5:11:2:2:9:2,1,,4,0,0,1,0,0,0,0
5835,5:11:2:3:15:3,1,,4,0,0,1,0,0,0,0
5836,5:11:3:0:0:1,1,,4,0,0,1,0,0,0,0
5837,5:11:3:1:6:1,1,,4,0,0,1,0,0,0,0
5838,5:11:3:2:9:2,1,,4,0,0,1,0,0,0,0
5839,5:11:3:3:15:3,1,,4,0,0,1,0,0,0,0
5840,5:11:4:0:0:1,0,0,0,,,0,0,0,0,0
5841,5:11:4:1:6:1,0,0,0,,,0,0,0,0,0
5842,5:11:4:2:9:2,0,0,0,,,0,0,0,0,0
5843,5:11:4:3:15:3,1,,4,0,0,1,0,0,0,0
5844,5:11:5:0:0:1,1,1,2,1,1,2,0,0,0,0
5845,5:11:5:1:6:1,1,1,2,1,1,2,0,0,0,0
5846,5:11:5:2:9:2,1,1,2,1,1,2,0,0,0,0
5847,5:11:5:3:15:3,1,,4,0,0,1,0,0,0,0
5848,5:11:6:0:0:1,0,0,0,,,0,0,0,0,0
5849,5:11:6:1:6:1,0,0,0,,,0,0,0,0,0
5850,5:11:6:2:9:2,0,0,0,,,0,0,0,0,0
5851,5:11:6:3:15:3,1,,4,0,0,1,0,0,0,0
5852,5:11:7:0:0:1,0,0,0,,,0,0,0,0,0
5853,5:11:7:1:6:1,0,0,0,,,0,0,0,0,0
5854,5:11:7:2:9:2,0,0,0,,,0,0,0,0,0
5855,5:11:7:3:15:3,1,,4,0,0,1,0,0,0,0
5856,5:11:8:0:0:1,0,0,0,,,0,0,0,0,0
5857,5:11:8:1:6:1,0,0,0,,,0,0,0,0,0
5858,5:11:8:2:9:2,0,0,0,,,0,0,0,0,0
5859,5:11:8:3:15:3,1,,4,0,0,1,0,0,0,0
5860,5:11:9:0:0:1,0,0,0,,,0,0,0,0,0
5861,5:11:9:1:6:1,0,0,0,,,0,0,0,0,0
5862,5:11:9:2:9:2,0,0,0,,,0,0,0,0,0
5863,5:11:9:3:15:3,1,,4,0,0,1,0,0,0,0
5864,5:11:10:0:0:1,1,1;2,1,3,3,3,0,0,0,0
5865,5:11:10:1:6:1,1,1;2,1,3,3,3,0,0,0,0
5866,5:11:10:2:9:2,1,1;2,1,3,3,3,0,0,0,0
5867,5:11:10:3:15:3,1,,4,0,0,1,0,0,0,0
5868,5:11:11:0:0:1,1,2,2,2,2,2,0,0,0,0
5869,5:11:11:1:6:1,1,2,2,2,2,2,0,0,0,0
5870,5:11:11:2:9:2,1,2,2,2,2,2,0,0,0,0
5871,5:11:11:3:15:3,1,,4,0,0,1,0,0,0,0
5872,5:11:12:0:0:1,0,0,0,,,0,0,0,0,0
5873,5:11:12:1:6:1,0,0,0,,,0,0,0,0,0
5874,5:11:12:2:9:2,0,0,0,,,0,0,0,0,0
5875,5:11:12:3:15:3,1,,4,0,0,1,0,0,0,0
5876,5:11:13:0:0:1,0,0,0,,,0,0,0,0,0
5877,5:11:13:1:6:1,0,0,0,,,0,0,0,0,0
5878,5:11:13:2:9:2,0,0,0,,,0,0,0,0,0
5879,5:11:13:3:15:3,1,,4,0,0,1,0,0,0,0
5880,5:11:14:0:0:1,0,0,0,,,0,0,0,0,0
5881,5:11:14:1:6:1,0,0,0,,,0,0,0,0,0
5882,5:11:14:2:9:2,0,0,0,,,0,0,0,0,0
5883,5:11:14:3:15:3,1,,4,0,0,1,0,0,0,0
5884,5:11:15:0:0:1,1,1;2,1,3,3,3,0,0,0,0
5885,5:11:15:1:6:1,1,1;2,1,3,3,3,0,0,0,0
5886,5:11:15:2:9:2,1,1;2,1,3,3,3,0,0,0,0
5887,5:11:15:3:15:3,1,,4,0,0,1,0,0,0,0
5888,5:12:0:0:0:1,1,,4,0,0,1,0,0,0,0
5889,5:12:0:1:6:1,1,,4,0,0,1,0,0,0,0
5890,5:12:0:2:9:2,1,,4,0,0,1,0,0,0,0
5891,5:12:0:3:15:3,1,,4,0,0,1,0,0,0,0
5892,5:12:1:0:0:1,1,,4,0,0,1,0,0,0,0
5893,5:12:1:1:6:1,1,,4,0,0,1,0,0,0,0
5894,5:12:1:2:9:2,1,,4,0,0,1,0,0,0,0
5895,5:12:1:3:15:3,1,,4,0,0,1,0,0,0,0
5896,5:12:2:0:0:1,1,,4,0,0,1,0,0,0,0
5897,5:12:2:1:6:1,1,,4,0,0,1,0,0,0,0
5898,5:12:2:2:9:2,1,,4,0,0,1,0,0,0,0
5899,5:12:2:3:15:3,1,,4,0,0,1,0,0,0,0
5900,5:12:3:0:0:1,1,,4,0,0,1,0,0,0,0
5901,5:12:3:1:6:1,1,,4,0,0,1,0,0,0,0
5902,5:12:3:2:9:2,1,,4,0,0,1,0,0,0,0
5903,5:12:3:3:15:3,1,,4,0,0,1,0,0,0,0
5904,5:12:4:0:0:1,0,0,0,,,0,0,0,0,0
5905,5:12:4:1:6:1,0,0,0,,,0,0,0,0,0
5906,5:12:4:2:9:2,0,0,0,,,0,0,0,0,0
5907,5:12:4:3:15:3,1,,4,0,0,1,0,0,0,0
5908,5:12:5:0:0:1,1,1,2,1,1,2,0,0,0,0
5909,5:12:5:1:6:1,1,1,2,1,1,2,0,0,0,0
5910,5:12:5:2:9:2,1,1,2,1,1,2,0,0,0,0
5911,5:12:5:3:15:3,1,,4,0,0,1,0,0,0,0
5912,5:12:6:0:0:1,0,0,0,,,0,0,0,0,0
5913,5:12:6:1:6:1,0,0,0,,,0,0,0,0,0
5914,5:12:6:2:9:2,0,0,0,,,0,0,0,0,0
5915,5:12:6:3:15:3,1,,4,0,0,1,0,0,0,0
5916,5:12:7:0:0:1,0,0,0,,,0,0,0,0,0
5917,5:12:7:1:6:1,0,0,0,,,0,0,0,0,0
5918,5:12:7:2:9:2,0,0,0,,,0,0,0,0,0
5919,5:12:7:3:15:3,1,,4,0,0,1,0,0,0,0
5920,5:12:8:0:0:1,0,0,0,,,0,0,0,0,0
5921,5:12:8:1:6:1,0,0,0,,,0,0,0,0,0
5922,5:12:8:2:9:2,0,0,0,,,0,0,0,0,0
5923,5:12:8:3:15:3,1,,4,0,0,1,0,0,0,0
5924,5:12:9:0:0:1,0,0,0,,,0,0,0,0,0
5925,5:12:9:1:6:1,0,0,0,,,0,0,0,0,0
5926,5:12:9:2:9:2,0,0,0,,,0,0,0,0,0
5927,5:12:9:3:15:3,1,,4,0,0,1,0,0,0,0
5928,5:12:10:0:0:1,0,0,0,,,0,0,0,0,0
5929,5:12:10:1:6:1,0,0,0,,,0,0,0,0,0
5930,5:12:10:2:9:2,0,0,0,,,0,0,0,0,0
5931,5:12:10:3:15:3,1,,4,0,0,1,0,0,0,0
5932,5:12:11:0:0:1,0,0,0,,,0,0,0,0,0
5933,5:12:11:1:6:1,0,0,0,,,0,0,0,0,0
5934,5:12:11:2:9:2,0,0,0,,,0,0,0,0,0
5935,5:12:11:3:15:3,1,,4,0,0,1,0,0,0,0
5936,5:12:12:0:0:1,1,2,2,2,2,2,0,0,0,0
5937,5:12:12:1:6:1,1,2,2,2,2,2,0,0,0,0
5938,5:12:12:2:9:2,1,2,2,2,2,2,0,0,0,0
5939,5:12:12:3:15:3,1,,4,0,0,1,0,0,0,0
5940,5:12:13:0:0:1,0,0,0,,,0,0,0,0,0
5941,5:12:13:1:6:1,0,0,0,,,0,0,0,0,0
5942,5:12:13:2:9:2,0,0,0,,,0,0,0,0,0
5943,5:12:13:3:15:3,1,,4,0,0,1,0,0,0,0
5944,5:12:14:0:0:1,0,0,0,,,0,0,0,0,0
5945,5:12:14:1:6:1,0,0,0,,,0,0,0,0,0
5946,5:12:14:2:9:2,0,0,0,,,0,0,0,0,0
5947,5:12:14:3:15:3,1,,4,0,0,1,0,0,0,0
5948,5:12:15:0:0:1,0,0,0,,,0,0,0,0,0
5949,5:12:15:1:6:1,0,0,0,,,0,0,0,0,0
5950,5:12:15:2:9:2,0,0,0,,,0,0,0,0,0
5951,5:12:15:3:15:3,1,,4,0,0,1,0,0,0,0
5952,5:13:0:0:0:1,1,,4,0,0,1,0,0,0,0
5953,5:13:0:1:6:1,1,,4,0,0,1,0,0,0,0
5954,5:13:0:2:9:2,1,,4,0,0,1,0,0,0,0
5955,5:13:0:3:15:3,1,,4,0,0,1,0,0,0,0
5956,5:13:1:0:0:1,1,,4,0,0,1,0,0,0,0
5957,5:13:1:1:6:1,1,,4,0,0,1,0,0,0,0
5958,5:13:1:2:9:2,1,,4,0,0,1,0,0,0,0
5959,5:13:1:3:15:3,1,,4,0,0,1,0,0,0,0
5960,5:13:2:0:0:1,1,,4,0,0,1,0,0,0,0
5961,5:13:2:1:6:1,1,,4,0,0,1,0,0,0,0
5962,5:13:2:2:9:2,1,,4,0,0,1,0,0,0,0
5963,5:13:2:3:15:3,1,,4,0,0,1,0,0,0,0
5964,5:13:3:0:0:1,1,,4,0,0,1,0,0,0,0
5965,5:13:3:1:6:1,1,,4,0,0,1,0,0,0,0
5966,5:13:3:2:9:2,1,,4,0,0,1,0,0,0,0
5967,5:13:3:3:15:3,1,,4,0,0,1,0,0,0,0
5968,5:13:4:0:0:1,0,0,0,,,0,0,0,0,0
5969,5:13:4:1:6:1,0,0,0,,,0,0,0,0,0
5970,5:13:4:2:9:2,0,0,0,,,0,0,0,0,0
5971,5:13:4:3:15:3,1,,4,0,0,1,0,0,0,0
5972,5:13:5:0:0:1,1,1,2,1,1,2,0,0,0,0
5973,5:13:5:1:6:1,1,1,2,1,1,2,0,0,0,0
5974,5:13:5:2:9:2,1,1,2,1,1,2,0,0,0,0
5975,5:13:5:3:15:3,1,,4,0,0,1,0,0,0,0
5976,5:13:6:0:0:1,0,0,0,,,0,0,0,0,0
5977,5:13:6:1:6:1,0,0,0,,,0,0,0,0,0
5978,5:13:6:2:9:2,0,0,0,,,0,0,0,0,0
5979,5:13:6:3:15:3,1,,4,0,0,1,0,0,0,0
5980,5:13:7:0:0:1,0,0,0,,,0,0,0,0,0
5981,5:13:7:1:6:1,0,0,0,,,0,0,0,0,0
5982,5:13:7:2:9:2,0,0,0,,,0,0,0,0,0
5983,5:13:7:3:15:3,1,,4,0,0,1,0,0,0,0
5984,5:13:8:0:0:1,0,0,0,,,0,0,0,0,0
5985,5:13:8:1:6:1,0,0,0,,,0,0,0,0,0
5986,5:13:8:2:9:2,0,0,0,,,0,0,0,0,0
5987,5:13:8:3:15:3,1,,4,0,0,1,0,0,0,0
5988,5:13:9:0:0:1,0,0,0,,,0,0,0,0,0
5989,5:13:9:1:6:1,0,0,0,,,0,0,0,0,0
5990,5:13:9:2:9:2,0,0,0,,,0,0,0,0,0
5991,5:13:9:3:15:3,1,,4,0,0,1,0,0,0,0
5992,5:13:10:0:0:1,0,0,0,,,0,0,0,0,0
5993,5:13:10:1:6:1,0,0,0,,,0,0,0,0,0
5994,5:13:10:2:9:2,0,0,0,,,0,0,0,0,0
5995,5:13:10:3:15:3,1,,4,0,0,1,0,0,0,0
5996,5:13:11:0:0:1,0,0,0,,,0,0,0,0,0
5997,5:13:11:1:6:1,0,0,0,,,0,0,0,0,0
5998,5:13:11:2:9:2,0,0,0,,,0,0,0,0,0
5999,5:13:11:3:15:3,1,,4,0,0,1,0,0,0,0
6000,5:13:12:0:0:1,0,0,0,,,0,0,0,0,0
6001,5:13:12:1:6:1,0,0,0,,,0,0,0,0,0
6002,5:13:12:2:9:2,0,0,0,,,0,0,0,0,0
6003,5:13:12:3:15:3,1,,4,0,0,1,0,0,0,0
6004,5:13:13:0:0:1,1,2,2,2,2,2,0,0,0,0
6005,5:13:13:1:6:1,1,2,2,2,2,2,0,0,0,0
6006,5:13:13:2:9:2,1,2,2,2,2,2,0,0,0,0
6007,5:13:13:3:15:3,1,,4,0,0,1,0,0,0,0
6008,5:13:14:0:0:1,0,0,0,,,0,0,0,0,0
6009,5:13:14:1:6:1,0,0,0,,,0,0,0,0,0
6010,5:13:14:2:9:2,0,0,0,,,0,0,0,0,0
6011,5:13:14:3:15:3,1,,4,0,0,1,0,0,0,0
6012,5:13:15:0:0:1,0,0,0,,,0,0,0,0,0
6013,5:13:15:1:6:1,0,0,0,,,0,0,0,0,0
6014,5:13:15:2:9:2,0,0,0,,,0,0,0,0,0
6015,5:13:15:3:15:3,1,,4,0,0,1,0,0,0,0
6016,5:14:0:0:0:1,1,,4,0,0,1,0,0,0,0
6017,5:14:0:1:6:1,1,,4,0,0,1,0,0,0,0
6018,5:14:0:2:9:2,1,,4,0,0,1,0,0,0,0
6019,5:14:0:3:15:3,1,,4,0,0,1,0,0,0,0
6020,5:14:1:0:0:1,1,,4,0,0,1,0,0,0,0
6021,5:14:1:1:6:1,1,,4,0,0,1,0,0,0,0
6022,5:14:1:2:9:2,1,,4,0,0,1,0,0,0,0
6023,5:14:1:3:15:3,1,,4,0,0,1,0,0,0,0
6024,5:14:2:0:0:1,1,,4,0,0,1,0,0,0,0
6025,5:14:2:1:6:1,1,,4,0,0,1,0,0,0,0
6026,5:14:2:2:9:2,1,,4,0,0,1,0,0,0,0
6027,5:14:2:3:15:3,1,,4,0,0,1,0,0,0,0
6028,5:14:3:0:0:1,1,,4,0,0,1,0,0,0,0
6029,5:14:3:1:6:1,1,,4,0,0,1,0,0,0,0
6030,5:14:3:2:9:2,1,,4,0,0,1,0,0,0,0
6031,5:14:3:3:15:3,1,,4,0,0,1,0,0,0,0
6032,5:14:4:0:0:1,0,0,0,,,0,0,0,0,0
6033,5:14:4:1:6:1,0,0,0,,,0,0,0,0,0
6034,5:14:4:2:9:2,0,0,0,,,0,0,0,0,0
6035,5:14:4:3:15:3,1,,4,0,0,1,0,0,0,0
6036,5:14:5:0:0:1,1,1,2,1,1,2,0,0,0,0
6037,5:14:5:1:6:1,1,1,2,1,1,2,0,0,0,0
6038,5:14:5:2:9:2,1,1,2,1,1,2,0,0,0,0
6039,5:14:5:3:15:3,1,,4,0,0,1,0,0,0,0
6040,5:14:6:0:0:1,0,0,0,,,0,0,0,0,0
6041,5:14:6:1:6:1,0,0,0,,,0,0,0,0,0
6042,5:14:6:2:9:2,0,0,0,,,0,0,0,0,0
6043,5:14:6:3:15:3,1,,4,0,0,1,0,0,0,0
6044,5:14:7:0:0:1,0,0,0,,,0,0,0,0,0
6045,5:14:7:1:6:1,0,0,0,,,0,0,0,0,0
6046,5:14:7:2:9:2,0,0,0,,,0,0,0,0,0
6047,5:14:7:3:15:3,1,,4,0,0,1,0,0,0,0
6048,5:14:8:0:0:1,0,0,0,,,0,0,0,0,0
6049,5:14:8:1:6:1,0,0,0,,,0,0,0,0,0
6050,5:14:8:2:9:2,0,0,0,,,0,0,0,0,0
6051,5:14:8:3:15:3,1,,4,0,0,1,0,0,0,0
6052,5:14:9:0:0:1,0,0,0,,,0,0,0,0,0
6053,5:14:9:1:6:1,0,0,0,,,0,0,0,0,0
6054,5:14:9:2:9:2,0,0,0,,,0,0,0,0,0
6055,5:14:9:3:15:3,1,,4,0,0,1,0,0,0,0
6056,5:14:10:0:0:1,1,1;2,1,3,3,3,0,0,0,0
6057,5:14:10:1:6:1,1,1;2,1,3,3,3,0,0,0,0
6058,5:14:10:2:9:2,1,1;2,1,3,3,3,0,0,0,0
6059,5:14:10:3:15:3,1,,4,0,0,1,0,0,0,0
6060,5:14:11:0:0:1,0,0,0,,,0,0,0,0,0
6061,5:14:11:1:6:1,0,0,0,,,0,0,0,0,0
6062,5:14:11:2:9:2,0,0,0,,,0,0,0,0,0
6063,5:14:11:3:15:3,1,,4,0,0,1,0,0,0,0
6064,5:14:12:0:0:1,0,0,0,,,0,0,0,0,0
6065,5:14:12:1:6:1,0,0,0,,,0,0,0,0,0
6066,5:14:12:2:9:2,0,0,0,,,0,0,0,0,0
6067,5:14:12:3:15:3,1,,4,0,0,1,0,0,0,0
6068,5:14:13:0:0:1,0,0,0,,,0,0,0,0,0
6069,5:14:13:1:6:1,0,0,0,,,0,0,0,0,0
6070,5:14:13:2:9:2,0,0,0,,,0,0,0,0,0
6071,5:14:13:3:15:3,1,,4,0,0,1,0,0,0,0
6072,5:14:14:0:0:1,1,2,2,2,2,2,0,0,0,0
6073,5:14:14:1:6:1,1,2,2,2,2,2,0,0,0,0
6074,5:14:14:2:9:2,1,2,2,2,2,2,0,0,0,0
6075,5:14:14:3:15:3,1,,4,0,0,1,0,0,0,0
6076,5:14:15:0:0:1,1,1;2,1,3,3,3,0,0,0,0
6077,5:14:15:1:6:1,1,1;2,1,3,3,3,0,0,0,0
6078,5:14:15:2:9:2,1,1;2,1,3,3,3,0,0,0,0
6079,5:14:15:3:15:3,1,,4,0,0,1,0,0,0,0
6080,5:15:0:0:0:1,1,,4,0,0,1,0,0,0,0
6081,5:15:0:1:6:1,1,,4,0,0,1,0,0,0,0
6082,5:15:0:2:9:2,1,,4,0,0,1,0,0,0,0
6083,5:15:0:3:15:3,1,,4,0,0,1,0,0,0,0
6084,5:15:1:0:0:1,1,,4,0,0,1,0,0,0,0
6085,5:15:1:1:6:1,1,,4,0,0,1,0,0,0,0
6086,5:15:1:2:9:2,1,,4,0,0,1,0,0,0,0
6087,5:15:1:3:15:3,1,,4,0,0,1,0,0,0,0
6088,5:15:2:0:0:1,1,,4,0,0,1,0,0,0,0
6089,5:15:2:1:6:1,1,,4,0,0,1,0,0,0,0
6090,5:15:2:2:9:2,1,,4,0,0,1,0,0,0,0
6091,5:15:2:3:15:3,1,,4,0,0,1,0,0,0,0
6092,5:15:3:0:0:1,1,,4,0,0,1,0,0,0,0
6093,5:15:3:1:6:1,1,,4,0,0,1,0,0,0,0
6094,5:15:3:2:9:2,1,,4,0,0,1,0,0,0,0
6095,5:15:3:3:15:3,1,,4,0,0,1,0,0,0,0
6096,5:15:4:0:0:1,0,0,0,,,0,0,0,0,0
6097,5:15:4:1:6:1,0,0,0,,,0,0,0,0,0
6098,5:15:4:2:9:2,0,0,0,,,0,0,0,0,0
6099,5:15:4:3:15:3,1,,4,0,0,1,0,0,0,0
6100,5:15:5:0:0:1,1,1,2,1,1,2,0,0,0,0
6101,5:15:5:1:6:1,1,1,2,1,1,2,0,0,0,0
6102,5:15:5:2:9:2,1,1,2,1,1,2,0,0,0,0
6103,5:15:5:3:15:3,1,,4,0,0,1,0,0,0,0
6104,5:15:6:0:0:1,0,0,0,,,0,0,0,0,0
6105,5:15:6:1:6:1,0,0,0,,,0,0,0,0,0
6106,5:15:6:2:9:2,0,0,0,,,0,0,0,0,0
6107,5:15:6:3:15:3,1,,4,0,0,1,0,0,0,0
6108,5:15:7:0:0:1,0,0,0,,,0,0,0,0,0
6109,5:15:7:1:6:1,0,0,0,,,0,0,0,0,0
6110,5:15:7:2:9:2,0,0,0,,,0,0,0,0,0
6111,5:15:7:3:15:3,1,,4,0,0,1,0,0,0,0
6112,5:15:8:0:0:1,0,0,0,,,0,0,0,0,0
6113,5:15:8:1:6:1,0,0,0,,,0,0,0,0,0
6114,5:15:8:2:9:2,0,0,0,,,0,0,0,0,0
6115,5:15:8:3:15:3,1,,4,0,0,1,0,0,0,0
6116,5:15:9:0:0:1,0,0,0,,,0,0,0,0,0
6117,5:15:9:1:6:1,0,0,0,,,0,0,0,0,0
6118,5:15:9:2:9:2,0,0,0,,,0,0,0,0,0
6119,5:15:9:3:15:3,1,,4,0,0,1,0,0,0,0
6120,5:15:10:0:0:1,1,1;2,1,3,3,3,0,0,0,0
6121,5:15:10:1:6:1,1,1;2,1,3,3,3,0,0,0,0
6122,5:15:10:2:9:2,1,1;2,1,3,3,3,0,0,0,0
6123,5:15:10:3:15:3,1,,4,0,0,1,0,0,0,0
6124,5:15:11:0:0:1,0,0,0,,,0,0,0,0,0
6125,5:15:11:1:6:1,0,0,0,,,0,0,0,0,0
6126,5:15:11:2:9:2,0,0,0,,,0,0,0,0,0
6127,5:15:11:3:15:3,1,,4,0,0,1,0,0,0,0
6128,5:15:12:0:0:1,0,0,0,,,0,0,0,0,0
6129,5:15:12:1:6:1,0,0,0,,,0,0,0,0,0
6130,5:15:12:2:9:2,0,0,0,,,0,0,0,0,0
6131,5:15:12:3:15:3,1,,4,0,0,1,0,0,0,0
6132,5:15:13:0:0:1,0,0,0,,,0,0,0,0,0
6133,5:15:13:1:6:1,0,0,0,,,0,0,0,0,0
6134,5:15:13:2:9:2,0,0,0,,,0,0,0,0,0
6135,5:15:13:3:15:3,1,,4,0,0,1,0,0,0,0
6136,5:15:14:0:0:1,0,0,0,,,0,0,0,0,0
6137,5:15:14:1:6:1,0,0,0,,,0,0,0,0,0
6138,5:15:14:2:9:2,0,0,0,,,0,0,0,0,0
6139,5:15:14:3:15:3,1,,4,0,0,1,0,0,0,0
6140,5:15:15:0:0:1,1,2,2,2,2,2,0,0,0,0
6141,5:15:15:1:6:1,1,2,2,2,2,2,0,0,0,0
6142,5:15:15:2:9:2,1,2,2,2,2,2,0,0,0,0
6143,5:15:15:3:15:3,1,,4,0,0,1,0,0,0,0
6144,6:0:0:0:0:1,1,,4,0,0,1,0,0,0,0
6145,6:0:0:1:6:1,1,,4,0,0,1,0,0,0,0
6146,6:0:0:2:9:2,1,,4,0,0,1,0,0,0,0
6147,6:0:0:3:15:3,1,,4,0,0,1,0,0,0,0
6148,6:0:1:0:0:1,1,,4,0,0,1,0,0,0,0
6149,6:0:1:1:6:1,1,,4,0,0,1,0,0,0,0
6150,6:0:1:2:9:2,1,,4,0,0,1,0,0,0,0
6151,6:0:1:3:15:3,1,,4,0,0,1,0,0,0,0
6152,6:0:2:0:0:1,1,,4,0,0,1,0,0,0,0
6153,6:0:2:1:6:1,1,,4,0,0,1,0,0,0,0
6154,6:0:2:2:9:2,1,,4,0,0,1,0,0,0,0
6155,6:0:2:3:15:3,1,,4,0,0,1,0,0,0,0
6156,6:0:3:0:0:1,1,,4,0,0,1,0,0,0,0
6157,6:0:3:1:6:1,1,,4,0,0,1,0,0,0,0
6158,6:0:3:2:9:2,1,,4,0,0,1,0,0,0,0
6159,6:0:3:3:15:3,1,,4,0,0,1,0,0,0,0
6160,6:0:4:0:0:1,0,0,0,,,0,0,0,0,0
6161,6:0:4:1:6:1,0,0,0,,,0,0,0,0,0
6162,6:0:4:2:9:2,0,0,0,,,0,0,0,0,0
6163,6:0:4:3:15:3,1,,4,0,0,1,0,0,0,0
6164,6:0:5:0:0:1,0,0,0,,,0,0,0,0,0
6165,6:0:5:1:6:1,0,0,0,,,0,0,0,0,0
6166,6:0:5:2:9:2,0,0,0,,,0,0,0,0,0
6167,6:0:5:3:15:3,1,,4,0,0,1,0,0,0,0
6168,6:0:6:0:0:1,1,1,2,1,1,2,0,0,0,0
6169,6:0:6:1:6:1,1,1,2,1,1,2,0,0,0,0
6170,6:0:6:2:9:2,1,1,2,1,1,2,0,0,0,0
6171,6:0:6:3:15:3,1,,4,0,0,1,0,0,0,0
6172,6:0:7:0:0:1,0,0,0,,,0,0,0,0,0
6173,6:0:7:1:6:1,0,0,0,,,0,0,0,0,0
6174,6:0:7:2:9:2,0,0,0,,,0,0,0,0,0
6175,6:0:7:3:15:3,1,,4,0,0,1,0,0,0,0
6176,6:0:8:0:0:1,0,0,0,,,0,0,0,0,0
6177,6:0:8:1:6:1,0,0,0,,,0,0,0,0,0
6178,6:0:8:2:9:2,0,0,0,,,0,0,0,0,0
6179,6:0:8:3:15:3,1,,4,0,0,1,0,0,0,0
6180,6:0:9:0:0:1,0,0,0,,,0,0,0,0,0
6181,6:0:9:1:6:1,0,0,0,,,0,0,0,0,0
6182,6:0:9:2:9:2,0,0,0,,,0,0,0,0,0
6183,6:0:9:3:15:3,1,,4,0,0,1,0,0,0,0
6184,6:0:10:0:0:1,0,0,0,,,0,0,0,0,0
6185,6:0:10:1:6:1,0,0,0,,,0,0,0,0,0
6186,6:0:10:2:9:2,0,0,0,,,0,0,0,0,0
6187,6:0:10:3:15:3,1,,4,0,0,1,0,0,0,0
6188,6:0:11:0:0:1,0,0,0,,,0,0,0,0,0
6189,6:0:11:1:6:1,0,0,0,,,0,0,0,0,0
6190,6:0:11:2:9:2,0,0,0,,,0,0,0,0,0
6191,6:0:11:3:15:3,1,,4,0,0,1,0,0,0,0
6192,6:0:12:0:0:1,0,0,0,,,0,0,0,0,0
6193,6:0:12:1:6:1,0,0,0,,,0,0,0,0,0
6194,6:0:12:2:9:2,0,0,0,,,0,0,0,0,0
6195,6:0:12:3:15:3,1,,4,0,0,1,0,0,0,0
6196,6:0:13:0:0:1,0,0,0,,,0,0,0,0,0
6197,6:0:13:1:6:1,0,0,0,,,0,0,0,0,0
6198,6:0:13:2:9:2,0,0,0,,,0,0,0,0,0
6199,6:0:13:3:15:3,1,,4,0,0,1,0,0,0,0
6200,6:0:14:0:0:1,0,0,0,,,0,0,0,0,0
6201,6:0:14:1:6:1,0,0,0,,,0,0,0,0,0
6202,6:0:14:2:9:2,0,0,0,,,0,0,0,0,0
6203,6:0:14:3:15:3,1,,4,0,0,1,0,0,0,0
6204,6:0:15:0:0:1,0,0,0,,,0,0,0,0,0
6205,6:0:15:1:6:1,0,0,0,,,0,0,0,0,0
6206,6:0:15:2:9:2,0,0,0,,,0,0,0,0,0
6207,6:0:15:3:15:3,1,,4,0,0,1,0,0,0,0
6208,6:1:0:0:0:1,1,,4,0,0,1,0,0,0,0
6209,6:1:0:1:6:1,1,,4,0,0,1,0,0,0,0
6210,6:1:0:2:9:2,1,,4,0,0,1,0,0,0,0
6211,6:1:0:3:15:3,1,,4,0,0,1,0,0,0,0
6212,6:1:1:0:0:1,1,,4,0,0,1,0,0,0,0
6213,6:1:1:1:6:1,1,,4,0,0,1,0,0,0,0
6214,6:1:1:2:9:2,1,,4,0,0,1,0,0,0,0
6215,6:1:1:3:15:3,1,,4,0,0,1,0,0,0,0
6216,6:1:2:0:0:1,1,,4,0,0,1,0,0,0,0
6217,6:1:2:1:6:1,1,,4,0,0,1,0,0,0,0
6218,6:1:2:2:9:2,1,,4,0,0,1,0,0,0,0
6219,6:1:2:3:15:3,1,,4,0,0,1,0,0,0,0
6220,6:1:3:0:0:1,1,,4,0,0,1,0,0,0,0
6221,6:1:3:1:6:1,1,,4,0,0,1,0,0,0,0
6222,6:1:3:2:9:2,1,,4,0,0,1,0,0,0,0
6223,6:1:3:3:15:3,1,,4,0,0,1,0,0,0,0
6224,6:1:4:0:0:1,0,0,0,,,0,0,0,0,0
6225,6:1:4:1:6:1,0,0,0,,,0,0,0,0,0
6226,6:1:4:2:9:2,0,0,0,,,0,0,0,0,0
6227,6:1:4:3:15:3,1,,4,0,0,1,0,0,0,0
6228,6:1:5:0:0:1,0,0,0,,,0,0,0,0,0
6229,6:1:5:1:6:1,0,0,0,,,0,0,0,0,0
6230,6:1:5:2:9:2,0,0,0,,,0,0,0,0,0
6231,6:1:5:3:15:3,1,,4,0,0,1,0,0,0,0
6232,6:1:6:0:0:1,1,1,2,1,1,2,0,0,0,0
6233,6:1:6:1:6:1,1,1,2,1,1,2,0,0,0,0
6234,6:1:6:2:9:2,1,1,2,1,1,2,0,0,0,0
6235,6:1:6:3:15:3,1,,4,0,0,1,0,0,0,0
6236,6:1:7:0:0:1,0,0,0,,,0,0,0,0,0
6237,6:1:7:1:6:1,0,0,0,,,0,0,0,0,0
6238,6:1:7:2:9:2,0,0,0,,,0,0,0,0,0
6239,6:1:7:3:15:3,1,,4,0,0,1,0,0,0,0
6240,6:1:8:0:0:1,0,0,0,,,0,0,0,0,0
6241,6:1:8:1:6:1,0,0,0,,,0,0,0,0,0
6242,6:1:8:2:9:2,0,0,0,,,0,0,0,0,0
6243,6:1:8:3:15:3,1,,4,0,0,1,0,0,0,0
6244,6:1:9:0:0:1,0,0,0,,,0,0,0,0,0
6245,6:1:9:1:6:1,0,0,0,,,0,0,0,0,0
6246,6:1:9:2:9:2,0,0,0,,,0,0,0,0,0
6247,6:1:9:3:15:3,1,,4,0,0,1,0,0,0,0
6248,6:1:10:0:0:1,0,0,0,,,0,0,0,0,0
6249,6:1:10:1:6:1,0,0,0,,,0,0,0,0,0
6250,6:1:10:2:9:2,0,0,0,,,0,0,0,0,0
6251,6:1:10:3:15:3,1,,4,0,0,1,0,0,0,0
6252,6:1:11:0:0:1,0,0,0,,,0,0,0,0,0
6253,6:1:11:1:6:1,0,0,0,,,0,0,0,0,0
6254,6:1:11:2:9:2,0,0,0,,,0,0,0,0,0
6255,6:1:11:3:15:3,1,,4,0,0,1,0,0,0,0
6256,6:1:12:0:0:1,0,0,0,,,0,0,0,0,0
6257,6:1:12:1:6:1,0,0,0,,,0,0,0,0,0
6258,6:1:12:2:9:2,0,0,0,,,0,0,0,0,0
6259,6:1:12:3:15:3,1,,4,0,0,1,0,0,0,0
6260,6:1:13:0:0:1,0,0,0,,,0,0,0,0,0
6261,6:1:13:1:6:1,0,0,0,,,0,0,0,0,0
6262,6:1:13:2:9:2,0,0,0,,,0,0,0,0,0
6263,6:1:13:3:15:3,1,,4,0,0,1,0,0,0,0
6264,6:1:14:0:0:1,0,0,0,,,0,0,0,0,0
6265,6:1:14:1:6:1,0,0,0,,,0,0,0,0,0
6266,6:1:14:2:9:2,0,0,0,,,0,0,0,0,0
6267,6:1:14:3:15:3,1,,4,0,0,1,0,0,0,0
6268,6:1:15:0:0:1,0,0,0,,,0,0,0,0,0
6269,6:1:15:1:6:1,0,0,0,,,0,0,0,0,0
6270,6:1:15:2:9:2,0,0,0,,,0,0,0,0,0
6271,6:1:15:3:15:3,1,,4,0,0,1,0,0,0,0
6272,6:2:0:0:0:1,1,,4,0,0,1,0,0,0,0
6273,6:2:0:1:6:1,1,,4,0,0,1,0,0,0,0
6274,6:2:0:2:9:2,1,,4,0,0,1,0,0,0,0
6275,6:2:0:3:15:3,1,,4,0,0,1,0,0,0,0
6276,6:2:1:0:0:1,1,,4,0,0,1,0,0,0,0
6277,6:2:1:1:6:1,1,,4,0,0,1,0,0,0,0
6278,6:2:1:2:9:2,1,,4,0,0,1,0,0,0,0
6279,6:2:1:3:15:3,1,,4,0,0,1,0,0,0,0
6280,6:2:2:0:0:1,1,,4,0,0,1,0,0,0,0
6281,6:2:2:1:6:1,1,,4,0,0,1,0,0,0,0
6282,6:2:2:2:9:2,1,,4,0,0,1,0,0,0,0
6283,6:2:2:3:15:3,1,,4,0,0,1,0,0,0,0
6284,6:2:3:0:0:1,1,,4,0,0,1,0,0,0,0
6285,6:2:3:1:6:1,1,,4,0,0,1,0,0,0,0
6286,6:2:3:2:9:2,1,,4,0,0,1,0,0,0,0
6287,6:2:3:3:15:3,1,,4,0,0,1,0,0,0,0
6288,6:2:4:0:0:1,0,0,0,,,0,0,0,0,0
6289,6:2:4:1:6:1,0,0,0,,,0,0,0,0,0
6290,6:2:4:2:9:2,0,0,0,,,0,0,0,0,0
6291,6:2:4:3:15:3,1,,4,0,0,1,0,0,0,0
6292,6:2:5:0:0:1,0,0,0,,,0,0,0,0,0
6293,6:2:5:1:6:1,0,0,0,,,0,0,0,0,0
6294,6:2:5:2:9:2,0,0,0,,,0,0,0,0,0
6295,6:2:5:3:15:3,1,,4,0,0,1,0,0,0,0
6296,6:2:6:0:0:1,1,1,2,1,1,2,0,0,0,0
6297,6:2:6:1:6:1,1,1,2,1,1,2,0,0,0,0
6298,6:2:6:2:9:2,1,1,2,1,1,2,0,0,0,0
6299,6:2:6:3:15:3,1,,4,0,0,1,0,0,0,0
6300,6:2:7:0:0:1,0,0,0,,,0,0,0,0,0
6301,6:2:7:1:6:1,0,0,0,,,0,0,0,0,0
6302,6:2:7:2:9:2,0,0,0,,,0,0,0,0,0
6303,6:2:7:3:15:3,1,,4,0,0,1,0,0,0,0
6304,6:2:8:0:0:1,0,0,0,,,0,0,0,0,0
6305,6:2:8:1:6:1,0,0,0,,,0,0,0,0,0
6306,6:2:8:2:9:2,0,0,0,,,0,0,0,0,0
6307,6:2:8:3:15:3,1,,4,0,0,1,0,0,0,0
6308,6:2:9:0:0:1,0,0,0,,,0,0,0,0,0
6309,6:2:9:1:6:1,0,0,0,,,0,0,0,0,0
6310,6:2:9:2:9:2,0,0,0,,,0,0,0,0,0
6311,6:2:9:3:15:3,1,,4,0,0,1,0,0,0,0
6312,6:2:10:0:0:1,0,0,0,,,0,0,0,0,0
6313,6:2:10:1:6:1,0,0,0,,,0,0,0,0,0
6314,6:2:10:2:9:2,0,0,0,,,0,0,0,0,0
6315,6:2:10:3:15:3,1,,4,0,0,1,0,0,0,0
6316,6:2:11:0:0:1,0,0,0,,,0,0,0,0,0
6317,6:2:11:1:6:1,0,0,0,,,0,0,0,0,0
6318,6:2:11:2:9:2,0,0,0,,,0,0,0,0,0
6319,6:2:11:3:15:3,1,,4,0,0,1,0,0,0,0
6320,6:2:12:0:0:1,0,0,0,,,0,0,0,0,0
6321,6:2:12:1:6:1,0,0,0,,,0,0,0,0,0
6322,6:2:12:2:9:2,0,0,0,,,0,0,0,0,0
6323,6:2:12:3:15:3,1,,4,0,0,1,0,0,0,0
6324,6:2:13:0:0:1,0,0,0,,,0,0,0,0,0
6325,6:2:13:1:6:1,0,0,0,,,0,0,0,0,0
6326,6:2:13:2:9:2,0,0,0,,,0,0,0,0,0
6327,6:2:13:3:15:3,1,,4,0,0,1,0,0,0,0
6328,6:2:14:0:0:1,0,0,0,,,0,0,0,0,0
6329,6:2:14:1:6:1,0,0,0,,,0,0,0,0,0
6330,6:2:14:2:9:2,0,0,0,,,0,0,0,0,0
6331,6:2:14:3:15:3,1,,4,0,0,1,0,0,0,0
6332,6:2:15:0:0:1,0,0,0,,,0,0,0,0,0
6333,6:2:15:1:6:1,0,0,0,,,0,0,0,0,0
6334,6:2:15:2:9:2,0,0,0,,,0,0,0,0,0
6335,6:2:15:3:15:3,1,,4,0,0,1,0,0,0,0
6336,6:3:0:0:0:1,1,,4,0,0,1,0,0,0,0
6337,6:3:0:1:6:1,1,,4,0,0,1,0,0,0,0
6338,6:3:0:2:9:2,1,,4,0,0,1,0,0,0,0
6339,6:3:0:3:15:3,1,,4,0,0,1,0,0,0,0
6340,6:3:1:0:0:1,1,,4,0,0,1,0,0,0,0
6341,6:3:1:1:6:1,1,,4,0,0,1,0,0,0,0
6342,6:3:1:2:9:2,1,,4,0,0,1,0,0,0,0
6343,6:3:1:3:15:3,1,,4,0,0,1,0,0,0,0
6344,6:3:2:0:0:1,1,,4,0,0,1,0,0,0,0
6345,6:3:2:1:6:1,1,,4,0,0,1,0,0,0,0
6346,6:3:2:2:9:2,1,,4,0,0,1,0,0,0,0
6347,6:3:2:3:15:3,1,,4,0,0,1,0,0,0,0
6348,6:3:3:0:0:1,1,,4,0,0,1,0,0,0,0
6349,6:3:3:1:6:1,1,,4,0,0,1,0,0,0,0
6350,6:3:3:2:9:2,1,,4,0,0,1,0,0,0,0
6351,6:3:3:3:15:3,1,,4,0,0,1,0,0,0,0
6352,6:3:4:0:0:1,0,0,0,,,0,0,0,0,0
6353,6:3:4:1:6:1,0,0,0,,,0,0,0,0,0
6354,6:3:4:2:9:2,0,0,0,,,0,0,0,0,0
6355,6:3:4:3:15:3,1,,4,0,0,1,0,0,0,0
6356,6:3:5:0:0:1,0,0,0,,,0,0,0,0,0
6357,6:3:5:1:6:1,0,0,0,,,0,0,0,0,0
6358,6:3:5:2:9:2,0,0,0,,,0,0,0,0,0
6359,6:3:5:3:15:3,1,,4,0,0,1,0,0,0,0
6360,6:3:6:0:0:1,1,1,2,1,1,2,0,0,0,0
6361,6:3:6:1:6:1,1,1,2,1,1,2,0,0,0,0
6362,6:3:6:2:9:2,1,1,2,1,1,2,0,0,0,0
6363,6:3:6:3:15:3,1,,4,0,0,1,0,0,0,0
6364,6:3:7:0:0:1,0,0,0,,,0,0,0,0,0
6365,6:3:7:1:6:1,0,0,0,,,0,0,0,0,0
6366,6:3:7:2:9:2,0,0,0,,,0,0,0,0,0
6367,6:3:7:3:15:3,1,,4,0,0,1,0,0,0,0
6368,6:3:8:0:0:1,0,0,0,,,0,0,0,0,0
6369,6:3:8:1:6:1,0,0,0,,,0,0,0,0,0
6370,6:3:8:2:9:2,0,0,0,,,0,0,0,0,0
6371,6:3:8:3:15:3,1,,4,0,0,1,0,0,0,0
6372,6:3:9:0:0:1,0,0,0,,,0,0,0,0,0
6373,6:3:9:1:6:1,0,0,0,,,0,0,0,0,0
6374,6:3:9:2:9:2,0,0,0,,,0,0,0,0,0
6375,6:3:9:3:15:3,1,,4,0,0,1,0,0,0,0
6376,6:3:10:0:0:1,0,0,0,,,0,0,0,0,0
6377,6:3:10:1:6:1,0,0,0,,,0,0,0,0,0
6378,6:3:10:2:9:2,0,0,0,,,0,0,0,0,0
6379,6:3:10:3:15:3,1,,4,0,0,1,0,0,0,0
6380,6:3:11:0:0:1,0,0,0,,,0,0,0,0,0
6381,6:3:11:1:6:1,0,0,0,,,0,0,0,0,0
6382,6:3:11:2:9:2,0,0,0,,,0,0,0,0,0
6383,6:3:11:3:15:3,1,,4,0,0,1,0,0,0,0
6384,6:3:12:0:0:1,0,0,0,,,0,0,0,0,0
6385,6:3:12:1:6:1,0,0,0,,,0,0,0,0,0
6386,6:3:12:2:9:2,0,0,0,,,0,0,0,0,0
6387,6:3:12:3:15:3,1,,4,0,0,1,0,0,0,0
6388,6:3:13:0:0:1,0,0,0,,,0,0,0,0,0
6389,6:3:13:1:6:1,0,0,0,,,0,0,0,0,0
6390,6:3:13:2:9:2,0,0,0,,,0,0,0,0,0
6391,6:3:13:3:15:3,1,,4,0,0,1,0,0,0,0
6392,6:3:14:0:0:1,0,0,0,,,0,0,0,0,0
6393,6:3:14:1:6:1,0,0,0,,,0,0,0,0,0
6394,6:3:14:2:9:2,0,0,0,,,0,0,0,0,0
6395,6:3:14:3:15:3,1,,4,0,0,1,0,0,0,0
6396,6:3:15:0:0:1,0,0,0,,,0,0,0,0,0
6397,6:3:15:1:6:1,0,0,0,,,0,0,0,0,0
6398,6:3:15:2:9:2,0,0,0,,,0,0,0,0,0
6399,6:3:15:3:15:3,1,,4,0,0,1,0,0,0,0
6400,6:4:0:0:0:1,1,,4,0,0,1,0,0,0,0
6401,6:4:0:1:6:1,1,,4,0,0,1,0,0,0,0
6402,6:4:0:2:9:2,1,,4,0,0,1,0,0,0,0
6403,6:4:0:3:15:3,1,,4,0,0,1,0,0,0,0
6404,6:4:1:0:0:1,1,,4,0,0,1,0,0,0,0
6405,6:4:1:1:6:1,1,,4,0,0,1,0,0,0,0
6406,6:4:1:2:9:2,1,,4,0,0,1,0,0,0,0
6407,6:4:1:3:15:3,1,,4,0,0,1,0,0,0,0
6408,6:4:2:0:0:1,1,,4,0,0,1,0,0,0,0
6409,6:4:2:1:6:1,1,,4,0,0,1,0,0,0,0
6410,6:4:2:2:9:2,1,,4,0,0,1,0,0,0,0
6411,6:4:2:3:15:3,1,,4,0,0,1,0,0,0,0
6412,6:4:3:0:0:1,1,,4,0,0,1,0,0,0,0
6413,6:4:3:1:6:1,1,,4,0,0,1,0,0,0,0
6414,6:4:3:2:9:2,1,,4,0,0,1,0,0,0,0
6415,6:4:3:3:15:3,1,,4,0,0,1,0,0,0,0
6416,6:4:4:0:0:1,1,2,2,2,2,2,0,0,0,0
6417,6:4:4:1:6:1,1,2,2,2,2,2,0,0,0,0
6418,6:4:4:2:9:2,1,2,2,2,2,2,0,0,0,0
6419,6:4:4:3:15:3,1,,4,0,0,1,0,0,0,0
6420,6:4:5:0:0:1,0,0,0,,,0,0,0,0,0
6421,6:4:5:1:6:1,0,0,0,,,0,0,0,0,0
6422,6:4:5:2:9:2,0,0,0,,,0,0,0,0,0
6423,6:4:5:3:15:3,1,,4,0,0,1,0,0,0,0
6424,6:4:6:0:0:1,1,1,2,1,1,2,0,0,0,0
6425,6:4:6:1:6:1,1,1,2,1,1,2,0,0,0,0
6426,6:4:6:2:9:2,1,1,2,1,1,2,0,0,0,0
6427,6:4:6:3:15:3,1,,4,0,0,1,0,0,0,0
6428,6:4:7:0:0:1,0,0,0,,,0,0,0,0,0
6429,6:4:7:1:6:1,0,0,0,,,0,0,0,0,0
6430,6:4:7:2:9:2,0,0,0,,,0,0,0,0,0
6431,6:4:7:3:15:3,1,,4,0,0,1,0,0,0,0
6432,6:4:8:0:0:1,0,0,0,,,0,0,0,0,0
6433,6:4:8:1:6:1,0,0,0,,,0,0,0,0,0
6434,6:4:8:2:9:2,0,0,0,,,0,0,0,0,0
6435,6:4:8:3:15:3,1,,4,0,0,1,0,0,0,0
6436,6:4:9:0:0:1,0,0,0,,,0,0,0,0,0
6437,6:4:9:1:6:1,0,0,0,,,0,0,0,0,0
6438,6:4:9:2:9:2,0,0,0,,,0,0,0,0,0
6439,6:4:9:3:15:3,1,,4,0,0,1,0,0,0,0
6440,6:4:10:0:0:1,0,0,0,,,0,0,0,0,0
6441,6:4:10:1:6:1,0,0,0,,,0,0,0,0,0
6442,6:4:10:2:9:2,0,0,0,,,0,0,0,0,0
6443,6:4:10:3:15:3,1,,4,0,0,1,0,0,0,0
6444,6:4:11:0:0:1,0,0,0,,,0,0,0,0,0
6445,6:4:11:1:6:1,0,0,0,,,0,0,0,0,0
6446,6:4:11:2:9:2,0,0,0,,,0,0,0,0,0
6447,6:4:11:3:15:3,1,,4,0,0,1,0,0,0,0
6448,6:4:12:0:0:1,0,0,0,,,0,0,0,0,0
6449,6:4:12:1:6:1,0,0,0,,,0,0,0,0,0
6450,6:4:12:2:9:2,0,0,0,,,0,0,0,0,0
6451,6:4:12:3:15:3,1,,4,0,0,1,0,0,0,0
6452,6:4:13:0:0:1,0,0,0,,,0,0,0,0,0
6453,6:4:13:1:6:1,0,0,0,,,0,0,0,0,0
6454,6:4:13:2:9:2,0,0,0,,,0,0,0,0,0
6455,6:4:13:3:15:3,1,,4,0,0,1,0,0,0,0
6456,6:4:14:0:0:1,0,0,0,,,0,0,0,0,0
6457,6:4:14:1:6:1,0,0,0,,,0,0,0,0,0
6458,6:4:14:2:9:2,0,0,0,,,0,0,0,0,0
6459,6:4:14:3:15:3,1,,4,0,0,1,0,0,0,0
6460,6:4:15:0:0:1,0,0,0,,,0,0,0,0,0
6461,6:4:15:1:6:1,0,0,0,,,0,0,0,0,0
6462,6:4:15:2:9:2,0,0,0,,,0,0,0,0,0
6463,6:4:15:3:15:3,1,,4,0,0,1,0,0,0,0
6464,6:5:0:0:0:1,1,,4,0,0,1,0,0,0,0
6465,6:5:0:1:6:1,1,,4,0,0,1,0,0,0,0
6466,6:5:0:2:9:2,1,,4,0,0,1,0,0,0,0
6467,6:5:0:3:15:3,1,,4,0,0,1,0,0,0,0
6468,6:5:1:0:0:1,1,,4,0,0,1,0,0,0,0
6469,6:5:1:1:6:1,1,,4,0,0,1,0,0,0,0
6470,6:5:1:2:9:2,1,,4,0,0,1,0,0,0,0
6471,6:5:1:3:15:3,1,,4,0,0,1,0,0,0,0
6472,6:5:2:0:0:1,1,,4,0,0,1,0,0,0,0
6473,6:5:2:1:6:1,1,,4,0,0,1,0,0,0,0
6474,6:5:2:2:9:2,1,,4,0,0,1,0,0,0,0
6475,6:5:2:3:15:3,1,,4,0,0,1,0,0,0,0
6476,6:5:3:0:0:1,1,,4,0,0,1,0,0,0,0
6477,6:5:3:1:6:1,1,,4,0,0,1,0,0,0,0
6478,6:5:3:2:9:2,1,,4,0,0,1,0,0,0,0
6479,6:5:3:3:15:3,1,,4,0,0,1,0,0,0,0
6480,6:5:4:0:0:1,0,0,0,,,0,0,0,0,0
6481,6:5:4:1:6:1,0,0,0,,,0,0,0,0,0
6482,6:5:4:2:9:2,0,0,0,,,0,0,0,0,0
6483,6:5:4:3:15:3,1,,4,0,0,1,0,0,0,0
6484,6:5:5:0:0:1,1,2,2,2,2,2,0,0,0,0
6485,6:5:5:1:6:1,1,2,2,2,2,2,0,0,0,0
6486,6:5:5:2:9:2,1,2,2,2,2,2,0,0,0,0
6487,6:5:5:3:15:3,1,,4,0,0,1,0,0,0,0
6488,6:5:6:0:0:1,1,1,2,1,1,2,0,0,0,0
6489,6:5:6:1:6:1,1,1,2,1,1,2,0,0,0,0
6490,6:5:6:2:9:2,1,1,2,1,1,2,0,0,0,0
6491,6:5:6:3:15:3,1,,4,0,0,1,0,0,0,0
6492,6:5:7:0:0:1,0,0,0,,,0,0,0,0,0
6493,6:5:7:1:6:1,0,0,0,,,0,0,0,0,0
6494,6:5:7:2:9:2,0,0,0,,,0,0,0,0,0
6495,6:5:7:3:15:3,1,,4,0,0,1,0,0,0,0
6496,6:5:8:0:0:1,0,0,0,,,0,0,0,0,0
6497,6:5:8:1:6:1,0,0,0,,,0,0,0,0,0
6498,6:5:8:2:9:2,0,0,0,,,0,0,0,0,0
6499,6:5:8:3:15:3,1,,4,0,0,1,0,0,0,0
6500,6:5:9:0:0:1,0,0,0,,,0,0,0,0,0
6501,6:5:9:1:6:1,0,0,0,,,0,0,0,0,0
6502,6:5:9:2:9:2,0,0,0,,,0,0,0,0,0
6503,6:5:9:3:15:3,1,,4,0,0,1,0,0,0,0
6504,6:5:10:0:0:1,0,0,0,,,0,0,0,0,0
6505,6:5:10:1:6:1,0,0,0,,,0,0,0,0,0
6506,6:5:10:2:9:2,0,0,0,,,0,0,0,0,0
6507,6:5:10:3:15:3,1,,4,0,0,1,0,0,0,0
6508,6:5:11:0:0:1,0,0,0,,,0,0,0,0,0
6509,6:5:11:1:6:1,0,0,0,,,0,0,0,0,0
6510,6:5:11:2:9:2,0,0,0,,,0,0,0,0,0
6511,6:5:11:3:15:3,1,,4,0,0,1,0,0,0,0
6512,6:5:12:0:0:1,0,0,0,,,0,0,0,0,0
6513,6:5:12:1:6:1,0,0,0,,,0,0,0,0,0
6514,6:5:12:2:9:2,0,0,0,,,0,0,0,0,0
6515,6:5:12:3:15:3,1,,4,0,0,1,0,0,0,0
6516,6:5:13:0:0:1,0,0,0,,,0,0,0,0,0
6517,6:5:13:1:6:1,0,0,0,,,0,0,0,0,0
6518,6:5:13:2:9:2,0,0,0,,,0,0,0,0,0
6519,6:5:13:3:15:3,1,,4,0,0,1,0,0,0,0
6520,6:5:14:0:0:1,0,0,0,,,0,0,0,0,0
6521,6:5:14:1:6:1,0,0,0,,,0,0,0,0,0
6522,6:5:14:2:9:2,0,0,0,,,0,0,0,0,0
6523,6:5:14:3:15:3,1,,4,0,0,1,0,0,0,0
6524,6:5:15:0:0:1,0,0,0,,,0,0,0,0,0
6525,6:5:15:1:6:1,0,0,0,,,0,0,0,0,0
6526,6:5:15:2:9:2,0,0,0,,,0,0,0,0,0
6527,6:5:15:3:15:3,1,,4,0,0,1,0,0,0,0
6528,6:6:0:0:0:1,1,,4,0,0,1,0,0,0,0
6529,6:6:0:1:6:1,1,,4,0,0,1,0,0,0,0
6530,6:6:0:2:9:2,1,,4,0,0,1,0,0,0,0
6531,6:6:0:3:15:3,1,,4,0,0,1,0,0,0,0
6532,6:6:1:0:0:1,1,,4,0,0,1,0,0,0,0
6533,6:6:1:1:6:1,1,,4,0,0,1,0,0,0,0
6534,6:6:1:2:9:2,1,,4,0,0,1,0,0,0,0
6535,6:6:1:3:15:3,1,,4,0,0,1,0,0,0,0
6536,6:6:2:0:0:1,1,,4,0,0,1,0,0,0,0
6537,6:6:2:1:6:1,1,,4,0,0,1,0,0,0,0
6538,6:6:2:2:9:2,1,,4,0,0,1,0,0,0,0
6539,6:6:2:3:15:3,1,,4,0,0,1,0,0,0,0
6540,6:6:3:0:0:1,1,,4,0,0,1,0,0,0,0
6541,6:6:3:1:6:1,1,,4,0,0,1,0,0,0,0
6542,6:6:3:2:9:2,1,,4,0,0,1,0,0,0,0
6543,6:6:3:3:15:3,1,,4,0,0,1,0,0,0,0
6544,6:6:4:0:0:1,0,0,0,,,0,0,0,0,0
6545,6:6:4:1:6:1,0,0,0,,,0,0,0,0,0
6546,6:6:4:2:9:2,0,0,0,,,0,0,0,0,0
6547,6:6:4:3:15:3,1,,4,0,0,1,0,0,0,0
6548,6:6:5:0:0:1,0,0,0,,,0,0,0,0,0
6549,6:6:5:1:6:1,0,0,0,,,0,0,0,0,0
6550,6:6:5:2:9:2,0,0,0,,,0,0,0,0,0
6551,6:6:5:3:15:3,1,,4,0,0,1,0,0,0,0
6552,6:6:6:0:0:1,1,3,3,1,1,3,0,0,0,0
6553,6:6:6:1:6:1,1,3,3,1,1,3,0,0,0,0
6554,6:6:6:2:9:2,1,3,3,1,1,3,0,0,0,0
6555,6:6:6:3:15:3,1,,4,0,0,1,0,0,0,0
6556,6:6:7:0:0:1,0,0,0,,,0,0,0,0,0
6557,6:6:7:1:6:1,0,0,0,,,0,0,0,0,0
6558,6:6:7:2:9:2,0,0,0,,,0,0,0,0,0
6559,6:6:7:3:15:3,1,,4,0,0,1,0,0,0,0
6560,6:6:8:0:0:1,0,0,0,,,0,0,0,0,0
6561,6:6:8:1:6:1,0,0,0,,,0,0,0,0,0
6562,6:6:8:2:9:2,0,0,0,,,0,0,0,0,0
6563,6:6:8:3:15:3,1,,4,0,0,1,0,0,0,0
6564,6:6:9:0:0:1,0,0,0,,,0,0,0,0,0
6565,6:6:9:1:6:1,0,0,0,,,0,0,0,0,0
6566,6:6:9:2:9:2,0,0,0,,,0,0,0,0,0
6567,6:6:9:3:15:3,1,,4,0,0,1,0,0,0,0
6568,6:6:10:0:0:1,0,0,0,,,0,0,0,0,0
6569,6:6:10:1:6:1,0,0,0,,,0,0,0,0,0
6570,6:6:10:2:9:2,0,0,0,,,0,0,0,0,0
6571,6:6:10:3:15:3,1,,4,0,0,1,0,0,0,0
6572,6:6:11:0:0:1,0,0,0,,,0,0,0,0,0
6573,6:6:11:1:6:1,0,0,0,,,0,0,0,0,0
6574,6:6:11:2:9:2,0,0,0,,,0,0,0,0,0
6575,6:6:11:3:15:3,1,,4,0,0,1,0,0,0,0
6576,6:6:12:0:0:1,0,0,0,,,0,0,0,0,0
6577,6:6:12:1:6:1,0,0,0,,,0,0,0,0,0
6578,6:6:12:2:9:2,0,0,0,,,0,0,0,0,0
6579,6:6:12:3:15:3,1,,4,0,0,1,0,0,0,0
6580,6:6:13:0:0:1,0,0,0,,,0,0,0,0,0
6581,6:6:13:1:6:1,0,0,0,,,0,0,0,0,0
6582,6:6:13:2:9:2,0,0,0,,,0,0,0,0,0
6583,6:6:13:3:15:3,1,,4,0,0,1,0,0,0,0
6584,6:6:14:0:0:1,0,0,0,,,0,0,0,0,0
6585,6:6:14:1:6:1,0,0,0,,,0,0,0,0,0
6586,6:6:14:2:9:2,0,0,0,,,0,0,0,0,0
6587,6:6:14:3:15:3,1,,4,0,0,1,0,0,0,0
6588,6:6:15:0:0:1,0,0,0,,,0,0,0,0,0
6589,6:6:15:1:6:1,0,0,0,,,0,0,0,0,0
6590,6:6:15:2:9:2,0,0,0,,,0,0,0,0,0
6591,6:6:15:3:15:3,1,,4,0,0,1,0,0,0,0
6592,6:7:0:0:0:1,1,,4,0,0,1,0,0,0,0
6593,6:7:0:1:6:1,1,,4,0,0,1,0,0,0,0
6594,6:7:0:2:9:2,1,,4,0,0,1,0,0,0,0
6595,6:7:0:3:15:3,1,,4,0,0,1,0,0,0,0
6596,6:7:1:0:0:1,1,,4,0,0,1,0,0,0,0
6597,6:7:1:1:6:1,1,,4,0,0,1,0,0,0,0
6598,6:7:1:2:9:2,1,,4,0,0,1,0,0,0,0
6599,6:7:1:3:15:3,1,,4,0,0,1,0,0,0,0
6600,6:7:2:0:0:1,1,,4,0,0,1,0,0,0,0
6601,6:7:2:1:6:1,1,,4,0,0,1,0,0,0,0
6602,6:7:2:2:9:2,1,,4,0,0,1,0,0,0,0
6603,6:7:2:3:15:3,1,,4,0,0,1,0,0,0,0
6604,6:7:3:0:0:1,1,,4,0,0,1,0,0,0,0
6605,6:7:3:1:6:1,1,,4,0,0,1,0,0,0,0
6606,6:7:3:2:9:2,1,,4,0,0,1,0,0,0,0
6607,6:7:3:3:15:3,1,,4,0,0,1,0,0,0,0
6608,6:7:4:0:0:1,0,0,0,,,0,0,0,0,0
6609,6:7:4:1:6:1,0,0,0,,,0,0,0,0,0
6610,6:7:4:2:9:2,0,0,0,,,0,0,0,0,0
6611,6:7:4:3:15:3,1,,4,0,0,1,0,0,0,0
6612,6:7:5:0:0:1,0,0,0,,,0,0,0,0,0
6613,6:7:5:1:6:1,0,0,0,,,0,0,0,0,0
6614,6:7:5:2:9:2,0,0,0,,,0,0,0,0,0
6615,6:7:5:3:15:3,1,,4,0,0,1,0,0,0,0
6616,6:7:6:0:0:1,1,1,2,1,1,2,0,0,0,0
6617,6:7:6:1:6:1,1,1,2,1,1,2,0,0,0,0
6618,6:7:6:2:9:2,1,1,2,1,1,2,0,0,0,0
6619,6:7:6:3:15:3,1,,4,0,0,1,0,0,0,0
6620,6:7:7:0:0:1,1,2,2,2,2,2,0,0,0,0
6621,6:7:7:1:6:1,1,2,2,2,2,2,0,0,0,0
6622,6:7:7:2:9:2,1,2,2,2,2,2,0,0,0,0
6623,6:7:7:3:15:3,1,,4,0,0,1,0,0,0,0
6624,6:7:8:0:0:1,0,0,0,,,0,0,0,0,0
6625,6:7:8:1:6:1,0,0,0,,,0,0,0,0,0
6626,6:7:8:2:9:2,0,0,0,,,0,0,0,0,0
6627,6:7:8:3:15:3,1,,4,0,0,1,0,0,0,0
6628,6:7:9:0:0:1,0,0,0,,,0,0,0,0,0
6629,6:7:9:1:6:1,0,0,0,,,0,0,0,0,0
6630,6:7:9:2:9:2,0,0,0,,,0,0,0,0,0
6631,6:7:9:3:15:3,1,,4,0,0,1,0,0,0,0
6632,6:7:10:0:0:1,0,0,0,,,0,0,0,0,0
6633,6:7:10:1:6:1,0,0,0,,,0,0,0,0,0
6634,6:7:10:2:9:2,0,0,0,,,0,0,0,0,0
6635,6:7:10:3:15:3,1,,4,0,0,1,0,0,0,0
6636,6:7:11:0:0:1,0,0,0,,,0,0,0,0,0
6637,6:7:11:1:6:1,0,0,0,,,0,0,0,0,0
6638,6:7:11:2:9:2,0,0,0,,,0,0,0,0,0
6639,6:7:11:3:15:3,1,,4,0,0,1,0,0,0,0
6640,6:7:12:0:0:1,0,0,0,,,0,0,0,0,0
6641,6:7:12:1:6:1,0,0,0,,,0,0,0,0,0
6642,6:7:12:2:9:2,0,0,0,,,0,0,0,0,0
6643,6:7:12:3:15:3,1,,4,0,0,1,0,0,0,0
6644,6:7:13:0:0:1,0,0,0,,,0,0,0,0,0
6645,6:7:13:1:6:1,0,0,0,,,0,0,0,0,0
6646,6:7:13:2:9:2,0,0,0,,,0,0,0,0,0
6647,6:7:13:3:15:3,1,,4,0,0,1,0,0,0,0
6648,6:7:14:0:0:1,0,0,0,,,0,0,0,0,0
6649,6:7:14:1:6:1,0,0,0,,,0,0,0,0,0
6650,6:7:14:2:9:2,0,0,0,,,0,0,0,0,0
6651,6:7:14:3:15:3,1,,4,0,0,1,0,0,0,0
6652,6:7:15:0:0:1,0,0,0,,,0,0,0,0,0
6653,6:7:15:1:6:1,0,0,0,,,0,0,0,0,0
6654,6:7:15:2:9:2,0,0,0,,,0,0,0,0,0
6655,6:7:15:3:15:3,1,,4,0,0,1,0,0,0,0
6656,6:8:0:0:0:1,1,,4,0,0,1,0,0,0,0
6657,6:8:0:1:6:1,1,,4,0,0,1,0,0,0,0
6658,6:8:0:2:9:2,1,,4,0,0,1,0,0,0,0
6659,6:8:0:3:15:3,1,,4,0,0,1,0,0,0,0
6660,6:8:1:0:0:1,1,,4,0,0,1,0,0,0,0
6661,6:8:1:1:6:1,1,,4,0,0,1,0,0,0,0
6662,6:8:1:2:9:2,1,,4,0,0,1,0,0,0,0
6663,6:8:1:3:15:3,1,,4,0,0,1,0,0,0,0
6664,6:8:2:0:0:1,1,,4,0,0,1,0,0,0,0
6665,6:8:2:1:6:1,1,,4,0,0,1,0,0,0,0
6666,6:8:2:2:9:2,1,,4,0,0,1,0,0,0,0
6667,6:8:2:3:15:3,1,,4,0,0,1,0,0,0,0
6668,6:8:3:0:0:1,1,,4,0,0,1,0,0,0,0
6669,6:8:3:1:6:1,1,,4,0,0,1,0,0,0,0
6670,6:8:3:2:9:2,1,,4,0,0,1,0,0,0,0
6671,6:8:3:3:15:3,1,,4,0,0,1,0,0,0,0
6672,6:8:4:0:0:1,0,0,0,,,0,0,0,0,0
6673,6:8:4:1:6:1,0,0,0,,,0,0,0,0,0
6674,6:8:4:2:9:2,0,0,0,,,0,0,0,0,0
6675,6:8:4:3:15:3,1,,4,0,0,1,0,0,0,0
6676,6:8:5:0:0:1,0,0,0,,,0,0,0,0,0
6677,6:8:5:1:6:1,0,0,0,,,0,0,0,0,0
6678,6:8:5:2:9:2,0,0,0,,,0,0,0,0,0
6679,6:8:5:3:15:3,1,,4,0,0,1,0,0,0,0
6680,6:8:6:0:0:1,1,1,2,1,1,2,0,0,0,0
6681,6:8:6:1:6:1,1,1,2,1,1,2,0,0,0,0
6682,6:8:6:2:9:2,1,1,2,1,1,2,0,0,0,0
6683,6:8:6:3:15:3,1,,4,0,0,1,0,0,0,0
6684,6:8:7:0:0:1,0,0,0,,,0,0,0,0,0
6685,6:8:7:1:6:1,0,0,0,,,0,0,0,0,0
6686,6:8:7:2:9:2,0,0,0,,,0,0,0,0,0
6687,6:8:7:3:15:3,1,,4,0,0,1,0,0,0,0
6688,6:8:8:0:0:1,1,2,2,2,2,2,0,0,0,0
6689,6:8:8:1:6:1,1,2,2,2,2,2,0,0,0,0
6690,6:8:8:2:9:2,1,2,2,2,2,2,0,0,0,0
6691,6:8:8:3:15:3,1,,4,0,0,1,0,0,0,0
6692,6:8:9:0:0:1,0,0,0,,,0,0,0,0,0
6693,6:8:9:1:6:1,0,0,0,,,0,0,0,0,0
6694,6:8:9:2:9:2,0,0,0,,,0,0,0,0,0
6695,6:8:9:3:15:3,1,,4,0,0,1,0,0,0,0
6696,6:8:10:0:0:1,0,0,0,,,0,0,0,0,0
6697,6:8:10:1:6:1,0,0,0,,,0,0,0,0,0
6698,6:8:10:2:9:2,0,0,0,,,0,0,0,0,0
6699,6:8:10:3:15:3,1,,4,0,0,1,0,0,0,0
6700,6:8:11:0:0:1,0,0,0,,,0,0,0,0,0
6701,6:8:11:1:6:1,0,0,0,,,0,0,0,0,0
6702,6:8:11:2:9:2,0,0,0,,,0,0,0,0,0
6703,6:8:11:3:15:3,1,,4,0,0,1,0,0,0,0
6704,6:8:12:0:0:1,0,0,0,,,0,0,0,0,0
6705,6:8:12:1:6:1,0,0,0,,,0,0,0,0,0
6706,6:8:12:2:9:2,0,0,0,,,0,0,0,0,0
6707,6:8:12:3:15:3,1,,4,0,0,1,0,0,0,0
6708,6:8:13:0:0:1,0,0,0,,,0,0,0,0,0
6709,6:8:13:1:6:1,0,0,0,,,0,0,0,0,0
6710,6:8:13:2:9:2,0,0,0,,,0,0,0,0,0
6711,6:8:13:3:15:3,1,,4,0,0,1,0,0,0,0
6712,6:8:14:0:0:1,0,0,0,,,0,0,0,0,0
6713,6:8:14:1:6:1,0,0,0,,,0,0,0,0,0
6714,6:8:14:2:9:2,0,0,0,,,0,0,0,0,0
6715,6:8:14:3:15:3,1,,4,0,0,1,0,0,0,0
6716,6:8:15:0:0:1,0,0,0,,,0,0,0,0,0
6717,6:8:15:1:6:1,0,0,0,,,0,0,0,0,0
6718,6:8:15:2:9:2,0,0,0,,,0,0,0,0,0
6719,6:8:15:3:15:3,1,,4,0,0,1,0,0,0,0
6720,6:9:0:0:0:1,1,,4,0,0,1,0,0,0,0
6721,6:9:0:1:6:1,1,,4,0,0,1,0,0,0,0
6722,6:9:0:2:9:2,1,,4,0,0,1,0,0,0,0
6723,6:9:0:3:15:3,1,,4,0,0,1,0,0,0,0
6724,6:9:1:0:0:1,1,,4,0,0,1,0,0,0,0
6725,6:9:1:1:6:1,1,,4,0,0,1,0,0,0,0
6726,6:9:1:2:9:2,1,,4,0,0,1,0,0,0,0
6727,6:9:1:3:15:3,1,,4,0,0,1,0,0,0,0
6728,6:9:2:0:0:1,1,,4,0,0,1,0,0,0,0
6729,6:9:2:1:6:1,1,,4,0,0,1,0,0,0,0
6730,6:9:2:2:9:2,1,,4,0,0,1,0,0,0,0
6731,6:9:2:3:15:3,1,,4,0,0,1,0,0,0,0
6732,6:9:3:0:0:1,1,,4,0,0,1,0,0,0,0
6733,6:9:3:1:6:1,1,,4,0,0,1,0,0,0,0
6734,6:9:3:2:9:2,1,,4,0,0,1,0,0,0,0
6735,6:9:3:3:15:3,1,,4,0,0,1,0,0,0,0
6736,6:9:4:0:0:1,0,0,0,,,0,0,0,0,0
6737,6:9:4:1:6:1,0,0,0,,,0,0,0,0,0
6738,6:9:4:2:9:2,0,0,0,,,0,0,0,0,0
6739,6:9:4:3:15:3,1,,4,0,0,1,0,0,0,0
6740,6:9:5:0:0:1,0,0,0,,,0,0,0,0,0
6741,6:9:5:1:6:1,0,0,0,,,0,0,0,0,0
6742,6:9:5:2:9:2,0,0,0,,,0,0,0,0,0
6743,6:9:5:3:15:3,1,,4,0,0,1,0,0,0,0
6744,6:9:6:0:0:1,1,1,2,1,1,2,0,0,0,0
6745,6:9:6:1:6:1,1,1,2,1,1,2,0,0,0,0
6746,6:9:6:2:9:2,1,1,2,1,1,2,0,0,0,0
6747,6:9:6:3:15:3,1,,4,0,0,1,0,0,0,0
6748,6:9:7:0:0:1,0,0,0,,,0,0,0,0,0
6749,6:9:7:1:6:1,0,0,0,,,0,0,0,0,0
6750,6:9:7:2:9:2,0,0,0,,,0,0,0,0,0
6751,6:9:7:3:15:3,1,,4,0,0,1,0,0,0,0
6752,6:9:8:0:0:1,0,0,0,,,0,0,0,0,0
6753,6:9:8:1:6:1,0,0,0,,,0,0,0,0,0
6754,6:9:8:2:9:2,0,0,0,,,0,0,0,0,0
6755,6:9:8:3:15:3,1,,4,0,0,1,0,0,0,0
6756,6:9:9:0:0:1,1,2,2,2,2,2,0,0,0,0
6757,6:9:9:1:6:1,1,2,2,2,2,2,0,0,0,0
6758,6:9:9:2:9:2,1,2,2,2,2,2,0,0,0,0
6759,6:9:9:3:15:3,1,,4,0,0,1,0,0,0,0
6760,6:9:10:0:0:1,0,0,0,,,0,0,0,0,0
6761,6:9:10:1:6:1,0,0,0,,,0,0,0,0,0
6762,6:9:10:2:9:2,0,0,0,,,0,0,0,0,0
6763,6:9:10:3:15:3,1,,4,0,0,1,0,0,0,0
6764,6:9:11:0:0:1,0,0,0,,,0,0,0,0,0
6765,6:9:11:1:6:1,0,0,0,,,0,0,0,0,0
6766,6:9:11:2:9:2,0,0,0,,,0,0,0,0,0
6767,6:9:11:3:15:3,1,,4,0,0,1,0,0,0,0
6768,6:9:12:0:0:1,1,1;2,1,3,3,3,0,0,0,0
6769,6:9:12:1:6:1,1,1;2,1,3,3,3,0,0,0,0
6770,6:9:12:2:9:2,1,1;2,1,3,3,3,0,0,0,0
6771,6:9:12:3:15:3,1,,4,0,0,1,0,0,0,0
6772,6:9:13:0:0:1,0,0,0,,,0,0,0,0,0
6773,6:9:13:1:6:1,0,0,0,,,0,0,0,0,0
6774,6:9:13:2:9:2,0,0,0,,,0,0,0,0,0
6775,6:9:13:3:15:3,1,,4,0,0,1,0,0,0,0
6776,6:9:14:0:0:1,0,0,0,,,0,0,0,0,0
6777,6:9:14:1:6:1,0,0,0,,,0,0,0,0,0
6778,6:9:14:2:9:2,0,0,0,,,0,0,0,0,0
6779,6:9:14:3:15:3,1,,4,0,0,1,0,0,0,0
6780,6:9:15:0:0:1,0,0,0,,,0,0,0,0,0
6781,6:9:15:1:6:1,0,0,0,,,0,0,0,0,0
6782,6:9:15:2:9:2,0,0,0,,,0,0,0,0,0
6783,6:9:15:3:15:3,1,,4,0,0,1,0,0,0,0
6784,6:10:0:0:0:1,1,,4,0,0,1,0,0,0,0
6785,6:10:0:1:6:1,1,,4,0,0,1,0,0,0,0
6786,6:10:0:2:9:2,1,,4,0,0,1,0,0,0,0
6787,6:10:0:3:15:3,1,,4,0,0,1,0,0,0,0
6788,6:10:1:0:0:1,1,,4,0,0,1,0,0,0,0
6789,6:10:1:1:6:1,1,,4,0,0,1,0,0,0,0
6790,6:10:1:2:9:2,1,,4,0,0,1,0,0,0,0
6791,6:10:1:3:15:3,1,,4,0,0,1,0,0,0,0
6792,6:10:2:0:0:1,1,,4,0,0,1,0,0,0,0
6793,6:10:2:1:6:1,1,,4,0,0,1,0,0,0,0
6794,6:10:2:2:9:2,1,,4,0,0,1,0,0,0,0
6795,6:10:2:3:15:3,1,,4,0,0,1,0,0,0,0
6796,6:10:3:0:0:1,1,,4,0,0,1,0,0,0,0
6797,6:10:3:1:6:1,1,,4,0,0,1,0,0,0,0
6798,6:10:3:2:9:2,1,,4,0,0,1,0,0,0,0
6799,6:10:3:3:15:3,1,,4,0,0,1,0,0,0,0
6800,6:10:4:0:0:1,0,0,0,,,0,0,0,0,0
6801,6:10:4:1:6:1,0,0,0,,,0,0,0,0,0
6802,6:10:4:2:9:2,0,0,0,,,0,0,0,0,0
6803,6:10:4:3:15:3,1,,4,0,0,1,0,0,0,0
6804,6:10:5:0:0:1,0,0,0,,,0,0,0,0,0
6805,6:10:5:1:6:1,0,0,0,,,0,0,0,0,0
6806,6:10:5:2:9:2,0,0,0,,,0,0,0,0,0
6807,6:10:5:3:15:3,1,,4,0,0,1,0,0,0,0
6808,6:10:6:0:0:1,1,1,2,1,1,2,0,0,0,0
6809,6:10:6:1:6:1,1,1,2,1,1,2,0,0,0,0
6810,6:10:6:2:9:2,1,1,2,1,1,2,0,0,0,0
6811,6:10:6:3:15:3,1,,4,0,0,1,0,0,0,0
6812,6:10:7:0:0:1,0,0,0,,,0,0,0,0,0
6813,6:10:7:1:6:1,0,0,0,,,0,0,0,0,0
6814,6:10:7:2:9:2,0,0,0,,,0,0,0,0,0
6815,6:10:7:3:15:3,1,,4,0,0,1,0,0,0,0
6816,6:10:8:0:0:1,0,0,0,,,0,0,0,0,0
6817,6:10:8:1:6:1,0,0,0,,,0,0,0,0,0
6818,6:10:8:2:9:2,0,0,0,,,0,0,0,0,0
6819,6:10:8:3:15:3,1,,4,0,0,1,0,0,0,0
6820,6:10:9:0:0:1,0,0,0,,,0,0,0,0,0
6821,6:10:9:1:6:1,0,0,0,,,0,0,0,0,0
6822,6:10:9:2:9:2,0,0,0,,,0,0,0,0,0
6823,6:10:9:3:15:3,1,,4,0,0,1,0,0,0,0
6824,6:10:10:0:0:1,1,2,2,2,2,2,0,0,0,0
6825,6:10:10:1:6:1,1,2,2,2,2,2,0,0,0,0
6826,6:10:10:2:9:2,1,2,2,2,2,2,0,0,0,0
6827,6:10:10:3:15:3,1,,4,0,0,1,0,0,0,0
6828,6:10:11:0:0:1,0,0,0,,,0,0,0,0,0
6829,6:10:11:1:6:1,0,0,0,,,0,0,0,0,0
6830,6:10:11:2:9:2,0,0,0,,,0,0,0,0,0
6831,6:10:11:3:15:3,1,,4,0,0,1,0,0,0,0
6832,6:10:12:0:0:1,0,0,0,,,0,0,0,0,0
6833,6:10:12:1:6:1,0,0,0,,,0,0,0,0,0
6834,6:10:12:2:9:2,0,0,0,,,0,0,0,0,0
6835,6:10:12:3:15:3,1,,4,0,0,1,0,0,0,0
6836,6:10:13:0:0:1,0,0,0,,,0,0,0,0,0
6837,6:10:13:1:6:1,0,0,0,,,0,0,0,0,0
6838,6:10:13:2:9:2,0,0,0,,,0,0,0,0,0
6839,6:10:13:3:15:3,1,,4,0,0,1,0,0,0,0
6840,6:10:14:0:0:1,0,0,0,,,0,0,0,0,0
6841,6:10:14:1:6:1,0,0,0,,,0,0,0,0,0
6842,6:10:14:2:9:2,0,0,0,,,0,0,0,0,0
6843,6:10:14:3:15:3,1,,4,0,0,1,0,0,0,0
6844,6:10:15:0:0:1,0,0,0,,,0,0,0,0,0
6845,6:10:15:1:6:1,0,0,0,,,0,0,0,0,0
6846,6:10:15:2:9:2,0,0,0,,,0,0,0,0,0
6847,6:10:15:3:15:3,1,,4,0,0,1,0,0,0,0
6848,6:11:0:0:0:1,1,,4,0,0,1,0,0,0,0
6849,6:11:0:1:6:1,1,,4,0,0,1,0,0,0,0
6850,6:11:0:2:9:2,1,,4,0,0,1,0,0,0,0
6851,6:11:0:3:15:3,1,,4,0,0,1,0,0,0,0
6852,6:11:1:0:0:1,1,,4,0,0,1,0,0,0,0
6853,6:11:1:1:6:1,1,,4,0,0,1,0,0,0,0
6854,6:11:1:2:9:2,1,,4,0,0,1,0,0,0,0
6855,6:11:1:3:15:3,1,,4,0,0,1,0,0,0,0
6856,6:11:2:0:0:1,1,,4,0,0,1,0,0,0,0
6857,6:11:2:1:6:1,1,,4,0,0,1,0,0,0,0
6858,6:11:2:2:9:2,1,,4,0,0,1,0,0,0,0
6859,6:11:2:3:15:3,1,,4,0,0,1,0,0,0,0
6860,6:11:3:0:0:1,1,,4,0,0,1,0,0,0,0
6861,6:11:3:1:6:1,1,,4,0,0,1,0,0,0,0
6862,6:11:3:2:9:2,1,,4,0,0,1,0,0,0,0
6863,6:11:3:3:15:3,1,,4,0,0,1,0,0,0,0
6864,6:11:4:0:0:1,0,0,0,,,0,0,0,0,0
6865,6:11:4:1:6:1,0,0,0,,,0,0,0,0,0
6866,6:11:4:2:9:2,0,0,0,,,0,0,0,0,0
6867,6:11:4:3:15:3,1,,4,0,0,1,0,0,0,0
6868,6:11:5:0:0:1,0,0,0,,,0,0,0,0,0
6869,6:11:5:1:6:1,0,0,0,,,0,0,0,0,0
6870,6:11:5:2:9:2,0,0,0,,,0,0,0,0,0
6871,6:11:5:3:15:3,1,,4,0,0,1,0,0,0,0
6872,6:11:6:0:0:1,1,1,2,1,1,2,0,0,0,0
6873,6:11:6:1:6:1,1,1,2,1,1,2,0,0,0,0
6874,6:11:6:2:9:2,1,1,2,1,1,2,0,0,0,0
6875,6:11:6:3:15:3,1,,4,0,0,1,0,0,0,0
6876,6:11:7:0:0:1,0,0,0,,,0,0,0,0,0
6877,6:11:7:1:6:1,0,0,0,,,0,0,0,0,0
6878,6:11:7:2:9:2,0,0,0,,,0,0,0,0,0
6879,6:11:7:3:15:3,1,,4,0,0,1,0,0,0,0
6880,6:11:8:0:0:1,0,0,0,,,0,0,0,0,0
6881,6:11:8:1:6:1,0,0,0,,,0,0,0,0,0
6882,6:11:8:2:9:2,0,0,0,,,0,0,0,0,0
6883,6:11:8:3:15:3,1,,4,0,0,1,0,0,0,0
6884,6:11:9:0:0:1,0,0,0,,,0,0,0,0,0
6885,6:11:9:1:6:1,0,0,0,,,0,0,0,0,0
6886,6:11:9:2:9:2,0,0,0,,,0,0,0,0,0
6887,6:11:9:3:15:3,1,,4,0,0,1,0,0,0,0
6888,6:11:10:0:0:1,0,0,0,,,0,0,0,0,0
6889,6:11:10:1:6:1,0,0,0,,,0,0,0,0,0
6890,6:11:10:2:9:2,0,0,0,,,0,0,0,0,0
6891,6:11:10:3:15:3,1,,4,0,0,1,0,0,0,0
6892,6:11:11:0:0:1,1,2,2,2,2,2,0,0,0,0
6893,6:11:11:1:6:1,1,2,2,2,2,2,0,0,0,0
6894,6:11:11:2:9:2,1,2,2,2,2,2,0,0,0,0
6895,6:11:11:3:15:3,1,,4,0,0,1,0,0,0,0
6896,6:11:12:0:0:1,0,0,0,,,0,0,0,0,0
6897,6:11:12:1:6:1,0,0,0,,,0,0,0,0,0
6898,6:11:12:2:9:2,0,0,0,,,0,0,0,0,0
6899,6:11:12:3:15:3,1,,4,0,0,1,0,0,0,0
6900,6:11:13:0:0:1,0,0,0,,,0,0,0,0,0
6901,6:11:13:1:6:1,0,0,0,,,0,0,0,0,0
6902,6:11:13:2:9:2,0,0,0,,,0,0,0,0,0
6903,6:11:13:3:15:3,1,,4,0,0,1,0,0,0,0
6904,6:11:14:0:0:1,0,0,0,,,0,0,0,0,0
6905,6:11:14:1:6:1,0,0,0,,,0,0,0,0,0
6906,6:11:14:2:9:2,0,0,0,,,0,0,0,0,0
6907,6:11:14:3:15:3,1,,4,0,0,1,0,0,0,0
6908,6:11:15:0:0:1,0,0,0,,,0,0,0,0,0
6909,6:11:15:1:6:1,0,0,0,,,0,0,0,0,0
6910,6:11:15:2:9:2,0,0,0,,,0,0,0,0,0
6911,6:11:15:3:15:3,1,,4,0,0,1,0,0,0,0
6912,6:12:0:0:0:1,1,,4,0,0,1,0,0,0,0
6913,6:12:0:1:6:1,1,,4,0,0,1,0,0,0,0
6914,6:12:0:2:9:2,1,,4,0,0,1,0,0,0,0
6915,6:12:0:3:15:3,1,,4,0,0,1,0,0,0,0
6916,6:12:1:0:0:1,1,,4,0,0,1,0,0,0,0
6917,6:12:1:1:6:1,1,,4,0,0,1,0,0,0,0
6918,6:12:1:2:9:2,1,,4,0,0,1,0,0,0,0
6919,6:12:1:3:15:3,1,,4,0,0,1,0,0,0,0
6920,6:12:2:0:0:1,1,,4,0,0,1,0,0,0,0
6921,6:12:2:1:6:1,1,,4,0,0,1,0,0,0,0
6922,6:12:2:2:9:2,1,,4,0,0,1,0,0,0,0
6923,6:12:2:3:15:3,1,,4,0,0,1,0,0,0,0
6924,6:12:3:0:0:1,1,,4,0,0,1,0,0,0,0
6925,6:12:3:1:6:1,1,,4,0,0,1,0,0,0,0
6926,6:12:3:2:9:2,1,,4,0,0,1,0,0,0,0
6927,6:12:3:3:15:3,1,,4,0,0,1,0,0,0,0
6928,6:12:4:0:0:1,0,0,0,,,0,0,0,0,0
6929,6:12:4:1:6:1,0,0,0,,,0,0,0,0,0
6930,6:12:4:2:9:2,0,0,0,,,0,0,0,0,0
6931,6:12:4:3:15:3,1,,4,0,0,1,0,0,0,0
6932,6:12:5:0:0:1,0,0,0,,,0,0,0,0,0
6933,6:12:5:1:6:1,0,0,0,,,0,0,0,0,0
6934,6:12:5:2:9:2,0,0,0,,,0,0,0,0,0
6935,6:12:5:3:15:3,1,,4,0,0,1,0,0,0,0
6936,6:12:6:0:0:1,1,1,2,1,1,2,0,0,0,0
6937,6:12:6:1:6:1,1,1,2,1,1,2,0,0,0,0
6938,6:12:6:2:9:2,1,1,2,1,1,2,0,0,0,0
6939,6:12:6:3:15:3,1,,4,0,0,1,0,0,0,0
6940,6:12:7:0:0:1,0,0,0,,,0,0,0,0,0
6941,6:12:7:1:6:1,0,0,0,,,0,0,0,0,0
6942,6:12:7:2:9:2,0,0,0,,,0,0,0,0,0
6943,6:12:7:3:15:3,1,,4,0,0,1,0,0,0,0
6944,6:12:8:0:0:1,0,0,0,,,0,0,0,0,0
6945,6:12:8:1:6:1,0,0,0,,,0,0,0,0,0
6946,6:12:8:2:9:2,0,0,0,,,0,0,0,0,0
6947,6:12:8:3:15:3,1,,4,0,0,1,0,0,0,0
6948,6:12:9:0:0:1,1,1;2,1,3,3,3,0,0,0,0
6949,6:12:9:1:6:1,1,1;2,1,3,3,3,0,0,0,0
6950,6:12:9:2:9:2,1,1;2,1,3,3,3,0,0,0,0
6951,6:12:9:3:15:3,1,,4,0,0,1,0,0,0,0
6952,6:12:10:0:0:1,0,0,0,,,0,0,0,0,0
6953,6:12:10:1:6:1,0,0,0,,,0,0,0,0,0
6954,6:12:10:2:9:2,0,0,0,,,0,0,0,0,0
6955,6:12:10:3:15:3,1,,4,0,0,1,0,0,0,0
6956,6:12:11:0:0:1,0,0,0,,,0,0,0,0,0
6957,6:12:11:1:6:1,0,0,0,,,0,0,0,0,0
6958,6:12:11:2:9:2,0,0,0,,,0,0,0,0,0
6959,6:12:11:3:15:3,1,,4,0,0,1,0,0,0,0
6960,6:12:12:0:0:1,1,2,2,2,2,2,0,0,0,0
6961,6:12:12:1:6:1,1,2,2,2,2,2,0,0,0,0
6962,6:12:12:2:9:2,1,2,2,2,2,2,0,0,0,0
6963,6:12:12:3:15:3,1,,4,0,0,1,0,0,0,0
6964,6:12:13:0:0:1,0,0,0,,,0,0,0,0,0
6965,6:12:13:1:6:1,0,0,0,,,0,0,0,0,0
6966,6:12:13:2:9:2,0,0,0,,,0,0,0,0,0
6967,6:12:13:3:15:3,1,,4,0,0,1,0,0,0,0
6968,6:12:14:0:0:1,0,0,0,,,0,0,0,0,0
6969,6:12:14:1:6:1,0,0,0,,,0,0,0,0,0
6970,6:12:14:2:9:2,0,0,0,,,0,0,0,0,0
6971,6:12:14:3:15:3,1,,4,0,0,1,0,0,0,0
6972,6:12:15:0:0:1,0,0,0,,,0,0,0,0,0
6973,6:12:15:1:6:1,0,0,0,,,0,0,0,0,0
6974,6:12:15:2:9:2,0,0,0,,,0,0,0,0,0
6975,6:12:15:3:15:3,1,,4,0,0,1,0,0,0,0
6976,6:13:0:0:0:1,1,,4,0,0,1,0,0,0,0
6977,6:13:0:1:6:1,1,,4,0,0,1,0,0,0,0
6978,6:13:0:2:9:2,1,,4,0,0,1,0,0,0,0
6979,6:13:0:3:15:3,1,,4,0,0,1,0,0,0,0
6980,6:13:1:0:0:1,1,,4,0,0,1,0,0,0,0
6981,6:13:1:1:6:1,1,,4,0,0,1,0,0,0,0
6982,6:13:1:2:9:2,1,,4,0,0,1,0,0,0,0
6983,6:13:1:3:15:3,1,,4,0,0,1,0,0,0,0
6984,6:13:2:0:0:1,1,,4,0,0,1,0,0,0,0
6985,6:13:2:1:6:1,1,,4,0,0,1,0,0,0,0
6986,6:13:2:2:9:2,1,,4,0,0,1,0,0,0,0
6987,6:13:2:3:15:3,1,,4,0,0,1,0,0,0,0
6988,6:13:3:0:0:1,1,,4,0,0,1,0,0,0,0
6989,6:13:3:1:6:1,1,,4,0,0,1,0,0,0,0
6990,6:13:3:2:9:2,1,,4,0,0,1,0,0,0,0
6991,6:13:3:3:15:3,1,,4,0,0,1,0,0,0,0
6992,6:13:4:0:0:1,0,0,0,,,0,0,0,0,0
6993,6:13:4:1:6:1,0,0,0,,,0,0,0,0,0
6994,6:13:4:2:9:2,0,0,0,,,0,0,0,0,0
6995,6:13:4:3:15:3,1,,4,0,0,1,0,0,0,0
6996,6:13:5:0:0:1,0,0,0,,,0,0,0,0,0
6997,6:13:5:1:6:1,0,0,0,,,0,0,0,0,0
6998,6:13:5:2:9:2,0,0,0,,,0,0,0,0,0
6999,6:13:5:3:15:3,1,,4,0,0,1,0,0,0,0
7000,6:13:6:0:0:1,1,1,2,1,1,2,0,0,0,0
7001,6:13:6:1:6:1,1,1,2,1,1,2,0,0,0,0
7002,6:13:6:2:9:2,1,1,2,1,1,2,0,0,0,0
7003,6:13:6:3:15:3,1,,4,0,0,1,0,0,0,0
7004,6:13:7:0:0:1,0,0,0,,,0,0,0,0,0
7005,6:13:7:1:6:1,0,0,0,,,0,0,0,0,0
7006,6:13:7:2:9:2,0,0,0,,,0,0,0,0,0
7007,6:13:7:3:15:3,1,,4,0,0,1,0,0,0,0
7008,6:13:8:0:0:1,0,0,0,,,0,0,0,0,0
7009,6:13:8:1:6:1,0,0,0,,,0,0,0,0,0
7010,6:13:8:2:9:2,0,0,0,,,0,0,0,0,0
7011,6:13:8:3:15:3,1,,4,0,0,1,0,0,0,0
7012,6:13:9:0:0:1,0,0,0,,,0,0,0,0,0
7013,6:13:9:1:6:1,0,0,0,,,0,0,0,0,0
7014,6:13:9:2:9:2,0,0,0,,,0,0,0,0,0
7015,6:13:9:3:15:3,1,,4,0,0,1,0,0,0,0
7016,6:13:10:0:0:1,0,0,0,,,0,0,0,0,0
7017,6:13:10:1:6:1,0,0,0,,,0,0,0,0,0
7018,6:13:10:2:9:2,0,0,0,,,0,0,0,0,0
7019,6:13:10:3:15:3,1,,4,0,0,1,0,0,0,0
7020,6:13:11:0:0:1,0,0,0,,,0,0,0,0,0
7021,6:13:11:1:6:1,0,0,0,,,0,0,0,0,0
7022,6:13:11:2:9:2,0,0,0,,,0,0,0,0,0
7023,6:13:11:3:15:3,1,,4,0,0,1,0,0,0,0
7024,6:13:12:0:0:1,0,0,0,,,0,0,0,0,0
7025,6:13:12:1:6:1,0,0,0,,,0,0,0,0,0
7026,6:13:12:2:9:2,0,0,0,,,0,0,0,0,0
7027,6:13:12:3:15:3,1,,4,0,0,1,0,0,0,0
7028,6:13:13:0:0:1,1,2,2,2,2,2,0,0,0,0
7029,6:13:13:1:6:1,1,2,2,2,2,2,0,0,0,0
7030,6:13:13:2:9:2,1,2,2,2,2,2,0,0,0,0
7031,6:13:13:3:15:3,1,,4,0,0,1,0,0,0,0
7032,6:13:14:0:0:1,0,0,0,,,0,0,0,0,0
7033,6:13:14:1:6:1,0,0,0,,,0,0,0,0,0
7034,6:13:14:2:9:2,0,0,0,,,0,0,0,0,0
7035,6:13:14:3:15:3,1,,4,0,0,1,0,0,0,0
7036,6:13:15:0:0:1,0,0,0,,,0,0,0,0,0
7037,6:13:15:1:6:1,0,0,0,,,0,0,0,0,0
7038,6:13:15:2:9:2,0,0,0,,,0,0,0,0,0
7039,6:13:15:3:15:3,1,,4,0,0,1,0,0,0,0
7040,6:14:0:0:0:1,1,,4,0,0,1,0,0,0,0
7041,6:14:0:1:6:1,1,,4,0,0,1,0,0,0,0
7042,6:14:0:2:9:2,1,,4,0,0,1,0,0,0,0
7043,6:14:0:3:15:3,1,,4,0,0,1,0,0,0,0
7044,6:14:1:0:0:1,1,,4,0,0,1,0,0,0,0
7045,6:14:1:1:6:1,1,,4,0,0,1,0,0,0,0
7046,6:14:1:2:9:2,1,,4,0,0,1,0,0,0,0
7047,6:14:1:3:15:3,1,,4,0,0,1,0,0,0,0
7048,6:14:2:0:0:1,1,,4,0,0,1,0,0,0,0
7049,6:14:2:1:6:1,1,,4,0,0,1,0,0,0,0
7050,6:14:2:2:9:2,1,,4,0,0,1,0,0,0,0
7051,6:14:2:3:15:3,1,,4,0,0,1,0,0,0,0
7052,6:14:3:0:0:1,1,,4,0,0,1,0,0,0,0
7053,6:14:3:1:6:1,1,,4,0,0,1,0,0,0,0
7054,6:14:3:2:9:2,1,,4,0,0,1,0,0,0,0
7055,6:14:3:3:15:3,1,,4,0,0,1,0,0,0,0
7056,6:14:4:0:0:1,0,0,0,,,0,0,0,0,0
7057,6:14:4:1:6:1,0,0,0,,,0,0,0,0,0
7058,6:14:4:2:9:2,0,0,0,,,0,0,0,0,0
7059,6:14:4:3:15:3,1,,4,0,0,1,0,0,0,0
7060,6:14:5:0:0:1,0,0,0,,,0,0,0,0,0
7061,6:14:5:1:6:1,0,0,0,,,0,0,0,0,0
7062,6:14:5:2:9:2,0,0,0,,,0,0,0,0,0
7063,6:14:5:3:15:3,1,,4,0,0,1,0,0,0,0
7064,6:14:6:0:0:1,1,1,2,1,1,2,0,0,0,0
7065,6:14:6:1:6:1,1,1,2,1,1,2,0,0,0,0
7066,6:14:6:2:9:2,1,1,2,1,1,2,0,0,0,0
7067,6:14:6:3:15:3,1,,4,0,0,1,0,0,0,0
7068,6:14:7:0:0:1,0,0,0,,,0,0,0,0,0
7069,6:14:7:1:6:1,0,0,0,,,0,0,0,0,0
7070,6:14:7:2:9:2,0,0,0,,,0,0,0,0,0
7071,6:14:7:3:15:3,1,,4,0,0,1,0,0,0,0
7072,6:14:8:0:0:1,0,0,0,,,0,0,0,0,0
7073,6:14:8:1:6:1,0,0,0,,,0,0,0,0,0
7074,6:14:8:2:9:2,0,0,0,,,0,0,0,0,0
7075,6:14:8:3:15:3,1,,4,0,0,1,0,0,0,0
7076,6:14:9:0:0:1,0,0,0,,,0,0,0,0,0
7077,6:14:9:1:6:1,0,0,0,,,0,0,0,0,0
7078,6:14:9:2:9:2,0,0,0,,,0,0,0,0,0
7079,6:14:9:3:15:3,1,,4,0,0,1,0,0,0,0
7080,6:14:10:0:0:1,0,0,0,,,0,0,0,0,0
7081,6:14:10:1:6:1,0,0,0,,,0,0,0,0,0
7082,6:14:10:2:9:2,0,0,0,,,0,0,0,0,0
7083,6:14:10:3:15:3,1,,4,0,0,1,0,0,0,0
7084,6:14:11:0:0:1,0,0,0,,,0,0,0,0,0
7085,6:14:11:1:6:1,0,0,0,,,0,0,0,0,0
7086,6:14:11:2:9:2,0,0,0,,,0,0,0,0,0
7087,6:14:11:3:15:3,1,,4,0,0,1,0,0,0,0
7088,6:14:12:0:0:1,0,0,0,,,0,0,0,0,0
7089,6:14:12:1:6:1,0,0,0,,,0,0,0,0,0
7090,6:14:12:2:9:2,0,0,0,,,0,0,0,0,0
7091,6:14:12:3:15:3,1,,4,0,0,1,0,0,0,0
7092,6:14:13:0:0:1,0,0,0,,,0,0,0,0,0
7093,6:14:13:1:6:1,0,0,0,,,0,0,0,0,0
7094,6:14:13:2:9:2,0,0,0,,,0,0,0,0,0
7095,6:14:13:3:15:3,1,,4,0,0,1,0,0,0,0
7096,6:14:14:0:0:1,1,2,2,2,2,2,0,0,0,0
7097,6:14:14:1:6:1,1,2,2,2,2,2,0,0,0,0
7098,6:14:14:2:9:2,1,2,2,2,2,2,0,0,0,0
7099,6:14:14:3:15:3,1,,4,0,0,1,0,0,0,0
7100,6:14:15:0:0:1,0,0,0,,,0,0,0,0,0
7101,6:14:15:1:6:1,0,0,0,,,0,0,0,0,0
7102,6:14:15:2:9:2,0,0,0,,,0,0,0,0,0
7103,6:14:15:3:15:3,1,,4,0,0,1,0,0,0,0
7104,6:15:0:0:0:1,1,,4,0,0,1,0,0,0,0
7105,6:15:0:1:6:1,1,,4,0,0,1,0,0,0,0
7106,6:15:0:2:9:2,1,,4,0,0,1,0,0,0,0
7107,6:15:0:3:15:3,1,,4,0,0,1,0,0,0,0
7108,6:15:1:0:0:1,1,,4,0,0,1,0,0,0,0
7109,6:15:1:1:6:1,1,,4,0,0,1,0,0,0,0
7110,6:15:1:2:9:2,1,,4,0,0,1,0,0,0,0
7111,6:15:1:3:15:3,1,,4,0,0,1,0,0,0,0
7112,6:15:2:0:0:1,1,,4,0,0,1,0,0,0,0
7113,6:15:2:1:6:1,1,,4,0,0,1,0,0,0,0
7114,6:15:2:2:9:2,1,,4,0,0,1,0,0,0,0
7115,6:15:2:3:15:3,1,,4,0,0,1,0,0,0,0
7116,6:15:3:0:0:1,1,,4,0,0,1,0,0,0,0
7117,6:15:3:1:6:1,1,,4,0,0,1,0,0,0,0
7118,6:15:3:2:9:2,1,,4,0,0,1,0,0,0,0
7119,6:15:3:3:15:3,1,,4,0,0,1,0,0,0,0
7120,6:15:4:0:0:1,0,0,0,,,0,0,0,0,0
7121,6:15:4:1:6:1,0,0,0,,,0,0,0,0,0
7122,6:15:4:2:9:2,0,0,0,,,0,0,0,0,0
7123,6:15:4:3:15:3,1,,4,0,0,1,0,0,0,0
7124,6:15:5:0:0:1,0,0,0,,,0,0,0,0,0
7125,6:15:5:1:6:1,0,0,0,,,0,0,0,0,0
7126,6:15:5:2:9:2,0,0,0,,,0,0,0,0,0
7127,6:15:5:3:15:3,1,,4,0,0,1,0,0,0,0
7128,6:15:6:0:0:1,1,1,2,1,1,2,0,0,0,0
7129,6:15:6:1:6:1,1,1,2,1,1,2,0,0,0,0
7130,6:15:6:2:9:2,1,1,2,1,1,2,0,0,0,0
7131,6:15:6:3:15:3,1,,4,0,0,1,0,0,0,0
7132,6:15:7:0:0:1,0,0,0,,,0,0,0,0,0
7133,6:15:7:1:6:1,0,0,0,,,0,0,0,0,0
7134,6:15:7:2:9:2,0,0,0,,,0,0,0,0,0
7135,6:15:7:3:15:3,1,,4,0,0,1,0,0,0,0
7136,6:15:8:0:0:1,0,0,0,,,0,0,0,0,0
7137,6:15:8:1:6:1,0,0,0,,,0,0,0,0,0
7138,6:15:8:2:9:2,0,0,0,,,0,0,0,0,0
7139,6:15:8:3:15:3,1,,4,0,0,1,0,0,0,0
7140,6:15:9:0:0:1,0,0,0,,,0,0,0,0,0
7141,6:15:9:1:6:1,0,0,0,,,0,0,0,0,0
7142,6:15:9:2:9:2,0,0,0,,,0,0,0,0,0
7143,6:15:9:3:15:3,1,,4,0,0,1,0,0,0,0
7144,6:15:10:0:0:1,0,0,0,,,0,0,0,0,0
7145,6:15:10:1:6:1,0,0,0,,,0,0,0,0,0
7146,6:15:10:2:9:2,0,0,0,,,0,0,0,0,0
7147,6:15:10:3:15:3,1,,4,0,0,1,0,0,0,0
7148,6:15:11:0:0:1,0,0,0,,,0,0,0,0,0
7149,6:15:11:1:6:1,0,0,0,,,0,0,0,0,0
7150,6:15:11:2:9:2,0,0,0,,,0,0,0,0,0
7151,6:15:11:3:15:3,1,,4,0,0,1,0,0,0,0
7152,6:15:12:0:0:1,0,0,0,,,0,0,0,0,0
7153,6:15:12:1:6:1,0,0,0,,,0,0,0,0,0
7154,6:15:12:2:9:2,0,0,0,,,0,0,0,0,0
7155,6:15:12:3:15:3,1,,4,0,0,1,0,0,0,0
7156,6:15:13:0:0:1,0,0,0,,,0,0,0,0,0
7157,6:15:13:1:6:1,0,0,0,,,0,0,0,0,0
7158,6:15:13:2:9:2,0,0,0,,,0,0,0,0,0
7159,6:15:13:3:15:3,1,,4,0,0,1,0,0,0,0
7160,6:15:14:0:0:1,0,0,0,,,0,0,0,0,0
7161,6:15:14:1:6:1,0,0,0,,,0,0,0,0,0
7162,6:15:14:2:9:2,0,0,0,,,0,0,0,0,0
7163,6:15:14:3:15:3,1,,4,0,0,1,0,0,0,0
7164,6:15:15:0:0:1,1,2,2,2,2,2,0,0,0,0
7165,6:15:15:1:6:1,1,2,2,2,2,2,0,0,0,0
7166,6:15:15:2:9:2,1,2,2,2,2,2,0,0,0,0
7167,6:15:15:3:15:3,1,,4,0,0,1,0,0,0,0
7168,7:0:0:0:0:1,1,,4,0,0,1,0,0,0,0
7169,7:0:0:1:6:1,1,,4,0,0,1,0,0,0,0
7170,7:0:0:2:9:2,1,,4,0,0,1,0,0,0,0
7171,7:0:0:3:15:3,1,,4,0,0,1,0,0,0,0
7172,7:0:1:0:0:1,1,,4,0,0,1,0,0,0,0
7173,7:0:1:1:6:1,1,,4,0,0,1,0,0,0,0
7174,7:0:1:2:9:2,1,,4,0,0,1,0,0,0,0
7175,7:0:1:3:15:3,1,,4,0,0,1,0,0,0,0
7176,7:0:2:0:0:1,1,,4,0,0,1,0,0,0,0
7177,7:0:2:1:6:1,1,,4,0,0,1,0,0,0,0
7178,7:0:2:2:9:2,1,,4,0,0,1,0,0,0,0
7179,7:0:2:3:15:3,1,,4,0,0,1,0,0,0,0
7180,7:0:3:0:0:1,1,,4,0,0,1,0,0,0,0
7181,7:0:3:1:6:1,1,,4,0,0,1,0,0,0,0
7182,7:0:3:2:9:2,1,,4,0,0,1,0,0,0,0
7183,7:0:3:3:15:3,1,,4,0,0,1,0,0,0,0
7184,7:0:4:0:0:1,0,0,0,,,0,0,0,0,0
7185,7:0:4:1:6:1,0,0,0,,,0,0,0,0,0
7186,7:0:4:2:9:2,0,0,0,,,0,0,0,0,0
7187,7:0:4:3:15:3,1,,4,0,0,1,0,0,0,0
7188,7:0:5:0:0:1,0,0,0,,,0,0,0,0,0
7189,7:0:5:1:6:1,0,0,0,,,0,0,0,0,0
7190,7:0:5:2:9:2,0,0,0,,,0,0,0,0,0
7191,7:0:5:3:15:3,1,,4,0,0,1,0,0,0,0
7192,7:0:6:0:0:1,0,0,0,,,0,0,0,0,0
7193,7:0:6:1:6:1,0,0,0,,,0,0,0,0,0
7194,7:0:6:2:9:2,0,0,0,,,0,0,0,0,0
7195,7:0:6:3:15:3,1,,4,0,0,1,0,0,0,0
7196,7:0:7:0:0:1,1,1,2,1,1,2,0,0,0,0
7197,7:0:7:1:6:1,1,1,2,1,1,2,0,0,0,0
7198,7:0:7:2:9:2,1,1,2,1,1,2,0,0,0,0
7199,7:0:7:3:15:3,1,,4,0,0,1,0,0,0,0
7200,7:0:8:0:0:1,0,0,0,,,0,0,0,0,0
7201,7:0:8:1:6:1,0,0,0,,,0,0,0,0,0
7202,7:0:8:2:9:2,0,0,0,,,0,0,0,0,0
7203,7:0:8:3:15:3,1,,4,0,0,1,0,0,0,0
7204,7:0:9:0:0:1,0,0,0,,,0,0,0,0,0
7205,7:0:9:1:6:1,0,0,0,,,0,0,0,0,0
7206,7:0:9:2:9:2,0,0,0,,,0,0,0,0,0
7207,7:0:9:3:15:3,1,,4,0,0,1,0,0,0,0
7208,7:0:10:0:0:1,0,0,0,,,0,0,0,0,0
7209,7:0:10:1:6:1,0,0,0,,,0,0,0,0,0
7210,7:0:10:2:9:2,0,0,0,,,0,0,0,0,0
7211,7:0:10:3:15:3,1,,4,0,0,1,0,0,0,0
7212,7:0:11:0:0:1,0,0,0,,,0,0,0,0,0
7213,7:0:11:1:6:1,0,0,0,,,0,0,0,0,0
7214,7:0:11:2:9:2,0,0,0,,,0,0,0,0,0
7215,7:0:11:3:15:3,1,,4,0,0,1,0,0,0,0
7216,7:0:12:0:0:1,0,0,0,,,0,0,0,0,0
7217,7:0:12:1:6:1,0,0,0,,,0,0,0,0,0
7218,7:0:12:2:9:2,0,0,0,,,0,0,0,0,0
7219,7:0:12:3:15:3,1,,4,0,0,1,0,0,0,0
7220,7:0:13:0:0:1,0,0,0,,,0,0,0,0,0
7221,7:0:13:1:6:1,0,0,0,,,0,0,0,0,0
7222,7:0:13:2:9:2,0,0,0,,,0,0,0,0,0
7223,7:0:13:3:15:3,1,,4,0,0,1,0,0,0,0
7224,7:0:14:0:0:1,0,0,0,,,0,0,0,0,0
7225,7:0:14:1:6:1,0,0,0,,,0,0,0,0,0
7226,7:0:14:2:9:2,0,0,0,,,0,0,0,0,0
7227,7:0:14:3:15:3,1,,4,0,0,1,0,0,0,0
7228,7:0:15:0:0:1,0,0,0,,,0,0,0,0,0
7229,7:0:15:1:6:1,0,0,0,,,0,0,0,0,0
7230,7:0:15:2:9:2,0,0,0,,,0,0,0,0,0
7231,7:0:15:3:15:3,1,,4,0,0,1,0,0,0,0
7232,7:1:0:0:0:1,1,,4,0,0,1,0,0,0,0
7233,7:1:0:1:6:1,1,,4,0,0,1,0,0,0,0
7234,7:1:0:2:9:2,1,,4,0,0,1,0,0,0,0
7235,7:1:0:3:15:3,1,,4,0,0,1,0,0,0,0
7236,7:1:1:0:0:1,1,,4,0,0,1,0,0,0,0
7237,7:1:1:1:6:1,1,,4,0,0,1,0,0,0,0
7238,7:1:1:2:9:2,1,,4,0,0,1,0,0,0,0
7239,7:1:1:3:15:3,1,,4,0,0,1,0,0,0,0
7240,7:1:2:0:0:1,1,,4,0,0,1,0,0,0,0
7241,7:1:2:1:6:1,1,,4,0,0,1,0,0,0,0
7242,7:1:2:2:9:2,1,,4,0,0,1,0,0,0,0
7243,7:1:2:3:15:3,1,,4,0,0,1,0,0,0,0
7244,7:1:3:0:0:1,1,,4,0,0,1,0,0,0,0
7245,7:1:3:1:6:1,1,,4,0,0,1,0,0,0,0
7246,7:1:3:2:9:2,1,,4,0,0,1,0,0,0,0
7247,7:1:3:3:15:3,1,,4,0,0,1,0,0,0,0
7248,7:1:4:0:0:1,0,0,0,,,0,0,0,0,0
7249,7:1:4:1:6:1,0,0,0,,,0,0,0,0,0
7250,7:1:4:2:9:2,0,0,0,,,0,0,0,0,0
7251,7:1:4:3:15:3,1,,4,0,0,1,0,0,0,0
7252,7:1:5:0:0:1,0,0,0,,,0,0,0,0,0
7253,7:1:5:1:6:1,0,0,0,,,0,0,0,0,0
7254,7:1:5:2:9:2,0,0,0,,,0,0,0,0,0
7255,7:1:5:3:15:3,1,,4,0,0,1,0,0,0,0
7256,7:1:6:0:0:1,0,0,0,,,0,0,0,0,0
7257,7:1:6:1:6:1,0,0,0,,,0,0,0,0,0
7258,7:1:6:2:9:2,0,0,0,,,0,0,0,0,0
7259,7:1:6:3:15:3,1,,4,0,0,1,0,0,0,0
7260,7:1:7:0:0:1,1,1,2,1,1,2,0,0,0,0
7261,7:1:7:1:6:1,1,1,2,1,1,2,0,0,0,0
7262,7:1:7:2:9:2,1,1,2,1,1,2,0,0,0,0
7263,7:1:7:3:15:3,1,,4,0,0,1,0,0,0,0
7264,7:1:8:0:0:1,0,0,0,,,0,0,0,0,0
7265,7:1:8:1:6:1,0,0,0,,,0,0,0,0,0
7266,7:1:8:2:9:2,0,0,0,,,0,0,0,0,0
7267,7:1:8:3:15:3,1,,4,0,0,1,0,0,0,0
7268,7:1:9:0:0:1,0,0,0,,,0,0,0,0,0
7269,7:1:9:1:6:1,0,0,0,,,0,0,0,0,0
7270,7:1:9:2:9:2,0,0,0,,,0,0,0,0,0
7271,7:1:9:3:15:3,1,,4,0,0,1,0,0,0,0
7272,7:1:10:0:0:1,0,0,0,,,0,0,0,0,0
7273,7:1:10:1:6:1,0,0,0,,,0,0,0,0,0
7274,7:1:10:2:9:2,0,0,0,,,0,0,0,0,0
7275,7:1:10:3:15:3,1,,4,0,0,1,0,0,0,0
7276,7:1:11:0:0:1,0,0,0,,,0,0,0,0,0
7277,7:1:11:1:6:1,0,0,0,,,0,0,0,0,0
7278,7:1:11:2:9:2,0,0,0,,,0,0,0,0,0
7279,7:1:11:3:15:3,1,,4,0,0,1,0,0,0,0
7280,7:1:12:0:0:1,0,0,0,,,0,0,0,0,0
7281,7:1:12:1:6:1,0,0,0,,,0,0,0,0,0
7282,7:1:12:2:9:2,0,0,0,,,0,0,0,0,0
7283,7:1:12:3:15:3,1,,4,0,0,1,0,0,0,0
7284,7:1:13:0:0:1,0,0,0,,,0,0,0,0,0
7285,7:1:13:1:6:1,0,0,0,,,0,0,0,0,0
7286,7:1:13:2:9:2,0,0,0,,,0,0,0,0,0
7287,7:1:13:3:15:3,1,,4,0,0,1,0,0,0,0
7288,7:1:14:0:0:1,0,0,0,,,0,0,0,0,0
7289,7:1:14:1:6:1,0,0,0,,,0,0,0,0,0
7290,7:1:14:2:9:2,0,0,0,,,0,0,0,0,0
7291,7:1:14:3:15:3,1,,4,0,0,1,0,0,0,0
7292,7:1:15:0:0:1,0,0,0,,,0,0,0,0,0
7293,7:1:15:1:6:1,0,0,0,,,0,0,0,0,0
7294,7:1:15:2:9:2,0,0,0,,,0,0,0,0,0
7295,7:1:15:3:15:3,1,,4,0,0,1,0,0,0,0
7296,7:2:0:0:0:1,1,,4,0,0,1,0,0,0,0
7297,7:2:0:1:6:1,1,,4,0,0,1,0,0,0,0
7298,7:2:0:2:9:2,1,,4,0,0,1,0,0,0,0
7299,7:2:0:3:15:3,1,,4,0,0,1,0,0,0,0
7300,7:2:1:0:0:1,1,,4,0,0,1,0,0,0,0
7301,7:2:1:1:6:1,1,,4,0,0,1,0,0,0,0
7302,7:2:1:2:9:2,1,,4,0,0,1,0,0,0,0
7303,7:2:1:3:15:3,1,,4,0,0,1,0,0,0,0
7304,7:2:2:0:0:1,1,,4,0,0,1,0,0,0,0
7305,7:2:2:1:6:1,1,,4,0,0,1,0,0,0,0
7306,7:2:2:2:9:2,1,,4,0,0,1,0,0,0,0
7307,7:2:2:3:15:3,1,,4,0,0,1,0,0,0,0
7308,7:2:3:0:0:1,1,,4,0,0,1,0,0,0,0
7309,7:2:3:1:6:1,1,,4,0,0,1,0,0,0,0
7310,7:2:3:2:9:2,1,,4,0,0,1,0,0,0,0
7311,7:2:3:3:15:3,1,,4,0,0,1,0,0,0,0
7312,7:2:4:0:0:1,0,0,0,,,0,0,0,0,0
7313,7:2:4:1:6:1,0,0,0,,,0,0,0,0,0
7314,7:2:4:2:9:2,0,0,0,,,0,0,0,0,0
7315,7:2:4:3:15:3,1,,4,0,0,1,0,0,0,0
7316,7:2:5:0:0:1,0,0,0,,,0,0,0,0,0
7317,7:2:5:1:6:1,0,0,0,,,0,0,0,0,0
7318,7:2:5:2:9:2,0,0,0,,,0,0,0,0,0
7319,7:2:5:3:15:3,1,,4,0,0,1,0,0,0,0
7320,7:2:6:0:0:1,0,0,0,,,0,0,0,0,0
7321,7:2:6:1:6:1,0,0,0,,,0,0,0,0,0
7322,7:2:6:2:9:2,0,0,0,,,0,0,0,0,0
7323,7:2:6:3:15:3,1,,4,0,0,1,0,0,0,0
7324,7:2:7:0:0:1,1,1,2,1,1,2,0,0,0,0
7325,7:2:7:1:6:1,1,1,2,1,1,2,0,0,0,0
7326,7:2:7:2:9:2,1,1,2,1,1,2,0,0,0,0
7327,7:2:7:3:15:3,1,,4,0,0,1,0,0,0,0
7328,7:2:8:0:0:1,0,0,0,,,0,0,0,0,0
7329,7:2:8:1:6:1,0,0,0,,,0,0,0,0,0
7330,7:2:8:2:9:2,0,0,0,,,0,0,0,0,0
7331,7:2:8:3:15:3,1,,4,0,0,1,0,0,0,0
7332,7:2:9:0:0:1,0,0,0,,,0,0,0,0,0
7333,7:2:9:1:6:1,0,0,0,,,0,0,0,0,0
7334,7:2:9:2:9:2,0,0,0,,,0,0,0,0,0
7335,7:2:9:3:15:3,1,,4,0,0,1,0,0,0,0
7336,7:2:10:0:0:1,0,0,0,,,0,0,0,0,0
7337,7:2:10:1:6:1,0,0,0,,,0,0,0,0,0
7338,7:2:10:2:9:2,0,0,0,,,0,0,0,0,0
7339,7:2:10:3:15:3,1,,4,0,0,1,0,0,0,0
7340,7:2:11:0:0:1,0,0,0,,,0,0,0,0,0
7341,7:2:11:1:6:1,0,0,0,,,0,0,0,0,0
7342,7:2:11:2:9:2,0,0,0,,,0,0,0,0,0
7343,7:2:11:3:15:3,1,,4,0,0,1,0,0,0,0
7344,7:2:12:0:0:1,0,0,0,,,0,0,0,0,0
7345,7:2:12:1:6:1,0,0,0,,,0,0,0,0,0
7346,7:2:12:2:9:2,0,0,0,,,0,0,0,0,0
7347,7:2:12:3:15:3,1,,4,0,0,1,0,0,0,0
7348,7:2:13:0:0:1,0,0,0,,,0,0,0,0,0
7349,7:2:13:1:6:1,0,0,0,,,0,0,0,0,0
7350,7:2:13:2:9:2,0,0,0,,,0,0,0,0,0
7351,7:2:13:3:15:3,1,,4,0,0,1,0,0,0,0
7352,7:2:14:0:0:1,0,0,0,,,0,0,0,0,0
7353,7:2:14:1:6:1,0,0,0,,,0,0,0,0,0
7354,7:2:14:2:9:2,0,0,0,,,0,0,0,0,0
7355,7:2:14:3:15:3,1,,4,0,0,1,0,0,0,0
7356,7:2:15:0:0:1,0,0,0,,,0,0,0,0,0
7357,7:2:15:1:6:1,0,0,0,,,0,0,0,0,0
7358,7:2:15:2:9:2,0,0,0,,,0,0,0,0,0
7359,7:2:15:3:15:3,1,,4,0,0,1,0,0,0,0
7360,7:3:0:0:0:1,1,,4,0,0,1,0,0,0,0
7361,7:3:0:1:6:1,1,,4,0,0,1,0,0,0,0
7362,7:3:0:2:9:2,1,,4,0,0,1,0,0,0,0
7363,7:3:0:3:15:3,1,,4,0,0,1,0,0,0,0
7364,7:3:1:0:0:1,1,,4,0,0,1,0,0,0,0
7365,7:3:1:1:6:1,1,,4,0,0,1,0,0,0,0
7366,7:3:1:2:9:2,1,,4,0,0,1,0,0,0,0
7367,7:3:1:3:15:3,1,,4,0,0,1,0,0,0,0
7368,7:3:2:0:0:1,1,,4,0,0,1,0,0,0,0
7369,7:3:2:1:6:1,1,,4,0,0,1,0,0,0,0
7370,7:3:2:2:9:2,1,,4,0,0,1,0,0,0,0
7371,7:3:2:3:15:3,1,,4,0,0,1,0,0,0,0
7372,7:3:3:0:0:1,1,,4,0,0,1,0,0,0,0
7373,7:3:3:1:6:1,1,,4,0,0,1,0,0,0,0
7374,7:3:3:2:9:2,1,,4,0,0,1,0,0,0,0
7375,7:3:3:3:15:3,1,,4,0,0,1,0,0,0,0
7376,7:3:4:0:0:1,0,0,0,,,0,0,0,0,0
7377,7:3:4:1:6:1,0,0,0,,,0,0,0,0,0
7378,7:3:4:2:9:2,0,0,0,,,0,0,0,0,0
7379,7:3:4:3:15:3,1,,4,0,0,1,0,0,0,0
7380,7:3:5:0:0:1,0,0,0,,,0,0,0,0,0
7381,7:3:5:1:6:1,0,0,0,,,0,0,0,0,0
7382,7:3:5:2:9:2,0,0,0,,,0,0,0,0,0
7383,7:3:5:3:15:3,1,,4,0,0,1,0,0,0,0
7384,7:3:6:0:0:1,0,0,0,,,0,0,0,0,0
7385,7:3:6:1:6:1,0,0,0,,,0,0,0,0,0
7386,7:3:6:2:9:2,0,0,0,,,0,0,0,0,0
7387,7:3:6:3:15:3,1,,4,0,0,1,0,0,0,0
7388,7:3:7:0:0:1,1,1,2,1,1,2,0,0,0,0
7389,7:3:7:1:6:1,1,1,2,1,1,2,0,0,0,0
7390,7:3:7:2:9:2,1,1,2,1,1,2,0,0,0,0
7391,7:3:7:3:15:3,1,,4,0,0,1,0,0,0,0
7392,7:3:8:0:0:1,0,0,0,,,0,0,0,0,0
7393,7:3:8:1:6:1,0,0,0,,,0,0,0,0,0
7394,7:3:8:2:9:2,0,0,0,,,0,0,0,0,0
7395,7:3:8:3:15:3,1,,4,0,0,1,0,0,0,0
7396,7:3:9:0:0:1,0,0,0,,,0,0,0,0,0
7397,7:3:9:1:6:1,0,0,0,,,0,0,0,0,0
7398,7:3:9:2:9:2,0,0,0,,,0,0,0,0,0
7399,7:3:9:3:15:3,1,,4,0,0,1,0,0,0,0
7400,7:3:10:0:0:1,0,0,0,,,0,0,0,0,0
7401,7:3:10:1:6:1,0,0,0,,,0,0,0,0,0
7402,7:3:10:2:9:2,0,0,0,,,0,0,0,0,0
7403,7:3:10:3:15:3,1,,4,0,0,1,0,0,0,0
7404,7:3:11:0:0:1,0,0,0,,,0,0,0,0,0
7405,7:3:11:1:6:1,0,0,0,,,0,0,0,0,0
7406,7:3:11:2:9:2,0,0,0,,,0,0,0,0,0
7407,7:3:11:3:15:3,1,,4,0,0,1,0,0,0,0
7408,7:3:12:0:0:1,0,0,0,,,0,0,0,0,0
7409,7:3:12:1:6:1,0,0,0,,,0,0,0,0,0
7410,7:3:12:2:9:2,0,0,0,,,0,0,0,0,0
7411,7:3:12:3:15:3,1,,4,0,0,1,0,0,0,0
7412,7:3:13:0:0:1,0,0,0,,,0,0,0,0,0
7413,7:3:13:1:6:1,0,0,0,,,0,0,0,0,0
7414,7:3:13:2:9:2,0,0,0,,,0,0,0,0,0
7415,7:3:13:3:15:3,1,,4,0,0,1,0,0,0,0
7416,7:3:14:0:0:1,0,0,0,,,0,0,0,0,0
7417,7:3:14:1:6:1,0,0,0,,,0,0,0,0,0
7418,7:3:14:2:9:2,0,0,0,,,0,0,0,0,0
7419,7:3:14:3:15:3,1,,4,0,0,1,0,0,0,0
7420,7:3:15:0:0:1,0,0,0,,,0,0,0,0,0
7421,7:3:15:1:6:1,0,0,0,,,0,0,0,0,0
7422,7:3:15:2:9:2,0,0,0,,,0,0,0,0,0
7423,7:3:15:3:15:3,1,,4,0,0,1,0,0,0,0
7424,7:4:0:0:0:1,1,,4,0,0,1,0,0,0,0
7425,7:4:0:1:6:1,1,,4,0,0,1,0,0,0,0
7426,7:4:0:2:9:2,1,,4,0,0,1,0,0,0,0
7427,7:4:0:3:15:3,1,,4,0,0,1,0,0,0,0
7428,7:4:1:0:0:1,1,,4,0,0,1,0,0,0,0
7429,7:4:1:1:6:1,1,,4,0,0,1,0,0,0,0
7430,7:4:1:2:9:2,1,,4,0,0,1,0,0,0,0
7431,7:4:1:3:15:3,1,,4,0,0,1,0,0,0,0
7432,7:4:2:0:0:1,1,,4,0,0,1,0,0,0,0
7433,7:4:2:1:6:1,1,,4,0,0,1,0,0,0,0
7434,7:4:2:2:9:2,1,,4,0,0,1,0,0,0,0
7435,7:4:2:3:15:3,1,,4,0,0,1,0,0,0,0
7436,7:4:3:0:0:1,1,,4,0,0,1,0,0,0,0
7437,7:4:3:1:6:1,1,,4,0,0,1,0,0,0,0
7438,7:4:3:2:9:2,1,,4,0,0,1,0,0,0,0
7439,7:4:3:3:15:3,1,,4,0,0,1,0,0,0,0
7440,7:4:4:0:0:1,1,2,2,2,2,2,0,0,0,0
7441,7:4:4:1:6:1,1,2,2,2,2,2,0,0,0,0
7442,7:4:4:2:9:2,1,2,2,2,2,2,0,0,0,0
7443,7:4:4:3:15:3,1,,4,0,0,1,0,0,0,0
7444,7:4:5:0:0:1,0,0,0,,,0,0,0,0,0
7445,7:4:5:1:6:1,0,0,0,,,0,0,0,0,0
7446,7:4:5:2:9:2,0,0,0,,,0,0,0,0,0
7447,7:4:5:3:15:3,1,,4,0,0,1,0,0,0,0
7448,7:4:6:0:0:1,0,0,0,,,0,0,0,0,0
7449,7:4:6:1:6:1,0,0,0,,,0,0,0,0,0
7450,7:4:6:2:9:2,0,0,0,,,0,0,0,0,0
7451,7:4:6:3:15:3,1,,4,0,0,1,0,0,0,0
7452,7:4:7:0:0:1,1,1,2,1,1,2,0,0,0,0
7453,7:4:7:1:6:1,1,1,2,1,1,2,0,0,0,0
7454,7:4:7:2:9:2,1,1,2,1,1,2,0,0,0,0
7455,7:4:7:3:15:3,1,,4,0,0,1,0,0,0,0
7456,7:4:8:0:0:1,0,0,0,,,0,0,0,0,0
7457,7:4:8:1:6:1,0,0,0,,,0,0,0,0,0
7458,7:4:8:2:9:2,0,0,0,,,0,0,0,0,0
7459,7:4:8:3:15:3,1,,4,0,0,1,0,0,0,0
7460,7:4:9:0:0:1,0,0,0,,,0,0,0,0,0
7461,7:4:9:1:6:1,0,0,0,,,0,0,0,0,0
7462,7:4:9:2:9:2,0,0,0,,,0,0,0,0,0
7463,7:4:9:3:15:3,1,,4,0,0,1,0,0,0,0
7464,7:4:10:0:0:1,0,0,0,,,0,0,0,0,0
7465,7:4:10:1:6:1,0,0,0,,,0,0,0,0,0
7466,7:4:10:2:9:2,0,0,0,,,0,0,0,0,0
7467,7:4:10:3:15:3,1,,4,0,0,1,0,0,0,0
7468,7:4:11:0:0:1,0,0,0,,,0,0,0,0,0
7469,7:4:11:1:6:1,0,0,0,,,0,0,0,0,0
7470,7:4:11:2:9:2,0,0,0,,,0,0,0,0,0
7471,7:4:11:3:15:3,1,,4,0,0,1,0,0,0,0
7472,7:4:12:0:0:1,0,0,0,,,0,0,0,0,0
7473,7:4:12:1:6:1,0,0,0,,,0,0,0,0,0
7474,7:4:12:2:9:2,0,0,0,,,0,0,0,0,0
7475,7:4:12:3:15:3,1,,4,0,0,1,0,0,0,0
7476,7:4:13:0:0:1,0,0,0,,,0,0,0,0,0
7477,7:4:13:1:6:1,0,0,0,,,0,0,0,0,0
7478,7:4:13:2:9:2,0,0,0,,,0,0,0,0,0
7479,7:4:13:3:15:3,1,,4,0,0,1,0,0,0,0
7480,7:4:14:0:0:1,0,0,0,,,0,0,0,0,0
7481,7:4:14:1:6:1,0,0,0,,,0,0,0,0,0
7482,7:4:14:2:9:2,0,0,0,,,0,0,0,0,0
7483,7:4:14:3:15:3,1,,4,0,0,1,0,0,0,0
7484,7:4:15:0:0:1,0,0,0,,,0,0,0,0,0
7485,7:4:15:1:6:1,0,0,0,,,0,0,0,0,0
7486,7:4:15:2:9:2,0,0,0,,,0,0,0,0,0
7487,7:4:15:3:15:3,1,,4,0,0,1,0,0,0,0
7488,7:5:0:0:0:1,1,,4,0,0,1,0,0,0,0
7489,7:5:0:1:6:1,1,,4,0,0,1,0,0,0,0
7490,7:5:0:2:9:2,1,,4,0,0,1,0,0,0,0
7491,7:5:0:3:15:3,1,,4,0,0,1,0,0,0,0
7492,7:5:1:0:0:1,1,,4,0,0,1,0,0,0,0
7493,7:5:1:1:6:1,1,,4,0,0,1,0,0,0,0
7494,7:5:1:2:9:2,1,,4,0,0,1,0,0,0,0
7495,7:5:1:3:15:3,1,,4,0,0,1,0,0,0,0
7496,7:5:2:0:0:1,1,,4,0,0,1,0,0,0,0
7497,7:5:2:1:6:1,1,,4,0,0,1,0,0,0,0
7498,7:5:2:2:9:2,1,,4,0,0,1,0,0,0,0
7499,7:5:2:3:15:3,1,,4,0,0,1,0,0,0,0
7500,7:5:3:0:0:1,1,,4,0,0,1,0,0,0,0
7501,7:5:3:1:6:1,1,,4,0,0,1,0,0,0,0
7502,7:5:3:2:9:2,1,,4,0,0,1,0,0,0,0
7503,7:5:3:3:15:3,1,,4,0,0,1,0,0,0,0
7504,7:5:4:0:0:1,0,0,0,,,0,0,0,0,0
7505,7:5:4:1:6:1,0,0,0,,,0,0,0,0,0
7506,7:5:4:2:9:2,0,0,0,,,0,0,0,0,0
7507,7:5:4:3:15:3,1,,4,0,0,1,0,0,0,0
7508,7:5:5:0:0:1,1,2,2,2,2,2,0,0,0,0
7509,7:5:5:1:6:1,1,2,2,2,2,2,0,0,0,0
7510,7:5:5:2:9:2,1,2,2,2,2,2,0,0,0,0
7511,7:5:5:3:15:3,1,,4,0,0,1,0,0,0,0
7512,7:5:6:0:0:1,0,0,0,,,0,0,0,0,0
7513,7:5:6:1:6:1,0,0,0,,,0,0,0,0,0
7514,7:5:6:2:9:2,0,0,0,,,0,0,0,0,0
7515,7:5:6:3:15:3,1,,4,0,0,1,0,0,0,0
7516,7:5:7:0:0:1,1,1,2,1,1,2,0,0,0,0
7517,7:5:7:1:6:1,1,1,2,1,1,2,0,0,0,0
7518,7:5:7:2:9:2,1,1,2,1,1,2,0,0,0,0
7519,7:5:7:3:15:3,1,,4,0,0,1,0,0,0,0
7520,7:5:8:0:0:1,0,0,0,,,0,0,0,0,0
7521,7:5:8:1:6:1,0,0,0,,,0,0,0,0,0
7522,7:5:8:2:9:2,0,0,0,,,0,0,0,0,0
7523,7:5:8:3:15:3,1,,4,0,0,1,0,0,0,0
7524,7:5:9:0:0:1,0,0,0,,,0,0,0,0,0
7525,7:5:9:1:6:1,0,0,0,,,0,0,0,0,0
7526,7:5:9:2:9:2,0,0,0,,,0,0,0,0,0
7527,7:5:9:3:15:3,1,,4,0,0,1,0,0,0,0
7528,7:5:10:0:0:1,0,0,0,,,0,0,0,0,0
7529,7:5:10:1:6:1,0,0,0,,,0,0,0,0,0
7530,7:5:10:2:9:2,0,0,0,,,0,0,0,0,0
7531,7:5:10:3:15:3,1,,4,0,0,1,0,0,0,0
7532,7:5:11:0:0:1,0,0,0,,,0,0,0,0,0
7533,7:5:11:1:6:1,0,0,0,,,0,0,0,0,0
7534,7:5:11:2:9:2,0,0,0,,,0,0,0,0,0
7535,7:5:11:3:15:3,1,,4,0,0,1,0,0,0,0
7536,7:5:12:0:0:1,0,0,0,,,0,0,0,0,0
7537,7:5:12:1:6:1,0,0,0,,,0,0,0,0,0
7538,7:5:12:2:9:2,0,0,0,,,0,0,0,0,0
7539,7:5:12:3:15:3,1,,4,0,0,1,0,0,0,0
7540,7:5:13:0:0:1,0,0,0,,,0,0,0,0,0
7541,7:5:13:1:6:1,0,0,0,,,0,0,0,0,0
7542,7:5:13:2:9:2,0,0,0,,,0,0,0,0,0
7543,7:5:13:3:15:3,1,,4,0,0,1,0,0,0,0
7544,7:5:14:0:0:1,0,0,0,,,0,0,0,0,0
7545,7:5:14:1:6:1,0,0,0,,,0,0,0,0,0
7546,7:5:14:2:9:2,0,0,0,,,0,0,0,0,0
7547,7:5:14:3:15:3,1,,4,0,0,1,0,0,0,0
7548,7:5:15:0:0:1,0,0,0,,,0,0,0,0,0
7549,7:5:15:1:6:1,0,0,0,,,0,0,0,0,0
7550,7:5:15:2:9:2,0,0,0,,,0,0,0,0,0
7551,7:5:15:3:15:3,1,,4,0,0,1,0,0,0,0
7552,7:6:0:0:0:1,1,,4,0,0,1,0,0,0,0
7553,7:6:0:1:6:1,1,,4,0,0,1,0,0,0,0
7554,7:6:0:2:9:2,1,,4,0,0,1,0,0,0,0
7555,7:6:0:3:15:3,1,,4,0,0,1,0,0,0,0
7556,7:6:1:0:0:1,1,,4,0,0,1,0,0,0,0
7557,7:6:1:1:6:1,1,,4,0,0,1,0,0,0,0
7558,7:6:1:2:9:2,1,,4,0,0,1,0,0,0,0
7559,7:6:1:3:15:3,1,,4,0,0,1,0,0,0,0
7560,7:6:2:0:0:1,1,,4,0,0,1,0,0,0,0
7561,7:6:2:1:6:1,1,,4,0,0,1,0,0,0,0
7562,7:6:2:2:9:2,1,,4,0,0,1,0,0,0,0
7563,7:6:2:3:15:3,1,,4,0,0,1,0,0,0,0
7564,7:6:3:0:0:1,1,,4,0,0,1,0,0,0,0
7565,7:6:3:1:6:1,1,,4,0,0,1,0,0,0,0
7566,7:6:3:2:9:2,1,,4,0,0,1,0,0,0,0
7567,7:6:3:3:15:3,1,,4,0,0,1,0,0,0,0
7568,7:6:4:0:0:1,0,0,0,,,0,0,0,0,0
7569,7:6:4:1:6:1,0,0,0,,,0,0,0,0,0
7570,7:6:4:2:9:2,0,0,0,,,0,0,0,0,0
7571,7:6:4:3:15:3,1,,4,0,0,1,0,0,0,0
7572,7:6:5:0:0:1,0,0,0,,,0,0,0,0,0
7573,7:6:5:1:6:1,0,0,0,,,0,0,0,0,0
7574,7:6:5:2:9:2,0,0,0,,,0,0,0,0,0
7575,7:6:5:3:15:3,1,,4,0,0,1,0,0,0,0
7576,7:6:6:0:0:1,1,2,2,2,2,2,0,0,0,0
7577,7:6:6:1:6:1,1,2,2,2,2,2,0,0,0,0
7578,7:6:6:2:9:2,1,2,2,2,2,2,0,0,0,0
7579,7:6:6:3:15:3,1,,4,0,0,1,0,0,0,0
7580,7:6:7:0:0:1,1,1,2,1,1,2,0,0,0,0
7581,7:6:7:1:6:1,1,1,2,1,1,2,0,0,0,0
7582,7:6:7:2:9:2,1,1,2,1,1,2,0,0,0,0
7583,7:6:7:3:15:3,1,,4,0,0,1,0,0,0,0
7584,7:6:8:0:0:1,0,0,0,,,0,0,0,0,0
7585,7:6:8:1:6:1,0,0,0,,,0,0,0,0,0
7586,7:6:8:2:9:2,0,0,0,,,0,0,0,0,0
7587,7:6:8:3:15:3,1,,4,0,0,1,0,0,0,0
7588,7:6:9:0:0:1,0,0,0,,,0,0,0,0,0
7589,7:6:9:1:6:1,0,0,0,,,0,0,0,0,0
7590,7:6:9:2:9:2,0,0,0,,,0,0,0,0,0
7591,7:6:9:3:15:3,1,,4,0,0,1,0,0,0,0
7592,7:6:10:0:0:1,0,0,0,,,0,0,0,0,0
7593,7:6:10:1:6:1,0,0,0,,,0,0,0,0,0
7594,7:6:10:2:9:2,0,0,0,,,0,0,0,0,0
7595,7:6:10:3:15:3,1,,4,0,0,1,0,0,0,0
7596,7:6:11:0:0:1,0,0,0,,,0,0,0,0,0
7597,7:6:11:1:6:1,0,0,0,,,0,0,0,0,0
7598,7:6:11:2:9:2,0,0,0,,,0,0,0,0,0
7599,7:6:11:3:15:3,1,,4,0,0,1,0,0,0,0
7600,7:6:12:0:0:1,0,0,0,,,0,0,0,0,0
7601,7:6:12:1:6:1,0,0,0,,,0,0,0,0,0
7602,7:6:12:2:9:2,0,0,0,,,0,0,0,0,0
7603,7:6:12:3:15:3,1,,4,0,0,1,0,0,0,0
7604,7:6:13:0:0:1,0,0,0,,,0,0,0,0,0
7605,7:6:13:1:6:1,0,0,0,,,0,0,0,0,0
7606,7:6:13:2:9:2,0,0,0,,,0,0,0,0,0
7607,7:6:13:3:15:3,1,,4,0,0,1,0,0,0,0
7608,7:6:14:0:0:1,0,0,0,,,0,0,0,0,0
7609,7:6:14:1:6:1,0,0,0,,,0,0,0,0,0
7610,7:6:14:2:9:2,0,0,0,,,0,0,0,0,0
7611,7:6:14:3:15:3,1,,4,0,0,1,0,0,0,0
7612,7:6:15:0:0:1,0,0,0,,,0,0,0,0,0
7613,7:6:15:1:6:1,0,0,0,,,0,0,0,0,0
7614,7:6:15:2:9:2,0,0,0,,,0,0,0,0,0
7615,7:6:15:3:15:3,1,,4,0,0,1,0,0,0,0
7616,7:7:0:0:0:1,1,,4,0,0,1,0,0,0,0
7617,7:7:0:1:6:1,1,,4,0,0,1,0,0,0,0
7618,7:7:0:2:9:2,1,,4,0,0,1,0,0,0,0
7619,7:7:0:3:15:3,1,,4,0,0,1,0,0,0,0
7620,7:7:1:0:0:1,1,,4,0,0,1,0,0,0,0
7621,7:7:1:1:6:1,1,,4,0,0,1,0,0,0,0
7622,7:7:1:2:9:2,1,,4,0,0,1,0,0,0,0
7623,7:7:1:3:15:3,1,,4,0,0,1,0,0,0,0
7624,7:7:2:0:0:1,1,,4,0,0,1,0,0,0,0
7625,7:7:2:1:6:1,1,,4,0,0,1,0,0,0,0
7626,7:7:2:2:9:2,1,,4,0,0,1,0,0,0,0
7627,7:7:2:3:15:3,1,,4,0,0,1,0,0,0,0
7628,7:7:3:0:0:1,1,,4,0,0,1,0,0,0,0
7629,7:7:3:1:6:1,1,,4,0,0,1,0,0,0,0
7630,7:7:3:2:9:2,1,,4,0,0,1,0,0,0,0
7631,7:7:3:3:15:3,1,,4,0,0,1,0,0,0,0
7632,7:7:4:0:0:1,0,0,0,,,0,0,0,0,0
7633,7:7:4:1:6:1,0,0,0,,,0,0,0,0,0
7634,7:7:4:2:9:2,0,0,0,,,0,0,0,0,0
7635,7:7:4:3:15:3,1,,4,0,0,1,0,0,0,0
7636,7:7:5:0:0:1,0,0,0,,,0,0,0,0,0
7637,7:7:5:1:6:1,0,0,0,,,0,0,0,0,0
7638,7:7:5:2:9:2,0,0,0,,,0,0,0,0,0
7639,7:7:5:3:15:3,1,,4,0,0,1,0,0,0,0
7640,7:7:6:0:0:1,0,0,0,,,0,0,0,0,0
7641,7:7:6:1:6:1,0,0,0,,,0,0,0,0,0
7642,7:7:6:2:9:2,0,0,0,,,0,0,0,0,0
7643,7:7:6:3:15:3,1,,4,0,0,1,0,0,0,0
7644,7:7:7:0:0:1,1,3,3,1,1,3,0,0,0,0
7645,7:7:7:1:6:1,1,3,3,1,1,3,0,0,0,0
7646,7:7:7:2:9:2,1,3,3,1,1,3,0,0,0,0
7647,7:7:7:3:15:3,1,,4,0,0,1,0,0,0,0
7648,7:7:8:0:0:1,0,0,0,,,0,0,0,0,0
7649,7:7:8:1:6:1,0,0,0,,,0,0,0,0,0
7650,7:7:8:2:9:2,0,0,0,,,0,0,0,0,0
7651,7:7:8:3:15:3,1,,4,0,0,1,0,0,0,0
7652,7:7:9:0:0:1,0,0,0,,,0,0,0,0,0
7653,7:7:9:1:6:1,0,0,0,,,0,0,0,0,0
7654,7:7:9:2:9:2,0,0,0,,,0,0,0,0,0
7655,7:7:9:3:15:3,1,,4,0,0,1,0,0,0,0
7656,7:7:10:0:0:1,0,0,0,,,0,0,0,0,0
7657,7:7:10:1:6:1,0,0,0,,,0,0,0,0,0
7658,7:7:10:2:9:2,0,0,0,,,0,0,0,0,0
7659,7:7:10:3:15:3,1,,4,0,0,1,0,0,0,0
7660,7:7:11:0:0:1,0,0,0,,,0,0,0,0,0
7661,7:7:11:1:6:1,0,0,0,,,0,0,0,0,0
7662,7:7:11:2:9:2,0,0,0,,,0,0,0,0,0
7663,7:7:11:3:15:3,1,,4,0,0,1,0,0,0,0
7664,7:7:12:0:0:1,0,0,0,,,0,0,0,0,0
7665,7:7:12:1:6:1,0,0,0,,,0,0,0,0,0
7666,7:7:12:2:9:2,0,0,0,,,0,0,0,0,0
7667,7:7:12:3:15:3,1,,4,0,0,1,0,0,0,0
7668,7:7:13:0:0:1,0,0,0,,,0,0,0,0,0
7669,7:7:13:1:6:1,0,0,0,,,0,0,0,0,0
7670,7:7:13:2:9:2,0,0,0,,,0,0,0,0,0
7671,7:7:13:3:15:3,1,,4,0,0,1,0,0,0,0
7672,7:7:14:0:0:1,0,0,0,,,0,0,0,0,0
7673,7:7:14:1:6:1,0,0,0,,,0,0,0,0,0
7674,7:7:14:2:9:2,0,0,0,,,0,0,0,0,0
7675,7:7:14:3:15:3,1,,4,0,0,1,0,0,0,0
7676,7:7:15:0:0:1,0,0,0,,,0,0,0,0,0
7677,7:7:15:1:6:1,0,0,0,,,0,0,0,0,0
7678,7:7:15:2:9:2,0,0,0,,,0,0,0,0,0
7679,7:7:15:3:15:3,1,,4,0,0,1,0,0,0,0
7680,7:8:0:0:0:1,1,,4,0,0,1,0,0,0,0
7681,7:8:0:1:6:1,1,,4,0,0,1,0,0,0,0
7682,7:8:0:2:9:2,1,,4,0,0,1,0,0,0,0
7683,7:8:0:3:15:3,1,,4,0,0,1,0,0,0,0
7684,7:8:1:0:0:1,1,,4,0,0,1,0,0,0,0
7685,7:8:1:1:6:1,1,,4,0,0,1,0,0,0,0
7686,7:8:1:2:9:2,1,,4,0,0,1,0,0,0,0
7687,7:8:1:3:15:3,1,,4,0,0,1,0,0,0,0
7688,7:8:2:0:0:1,1,,4,0,0,1,0,0,0,0
7689,7:8:2:1:6:1,1,,4,0,0,1,0,0,0,0
7690,7:8:2:2:9:2,1,,4,0,0,1,0,0,0,0
7691,7:8:2:3:15:3,1,,4,0,0,1,0,0,0,0
7692,7:8:3:0:0:1,1,,4,0,0,1,0,0,0,0
7693,7:8:3:1:6:1,1,,4,0,0,1,0,0,0,0
7694,7:8:3:2:9:2,1,,4,0,0,1,0,0,0,0
7695,7:8:3:3:15:3,1,,4,0,0,1,0,0,0,0
7696,7:8:4:0:0:1,0,0,0,,,0,0,0,0,0
7697,7:8:4:1:6:1,0,0,0,,,0,0,0,0,0
7698,7:8:4:2:9:2,0,0,0,,,0,0,0,0,0
7699,7:8:4:3:15:3,1,,4,0,0,1,0,0,0,0
7700,7:8:5:0:0:1,0,0,0,,,0,0,0,0,0
7701,7:8:5:1:6:1,0,0,0,,,0,0,0,0,0
7702,7:8:5:2:9:2,0,0,0,,,0,0,0,0,0
7703,7:8:5:3:15:3,1,,4,0,0,1,0,0,0,0
7704,7:8:6:0:0:1,0,0,0,,,0,0,0,0,0
7705,7:8:6:1:6:1,0,0,0,,,0,0,0,0,0
7706,7:8:6:2:9:2,0,0,0,,,0,0,0,0,0
7707,7:8:6:3:15:3,1,,4,0,0,1,0,0,0,0
7708,7:8:7:0:0:1,1,1,2,1,1,2,0,0,0,0
7709,7:8:7:1:6:1,1,1,2,1,1,2,0,0,0,0
7710,7:8:7:2:9:2,1,1,2,1,1,2,0,0,0,0
7711,7:8:7:3:15:3,1,,4,0,0,1,0,0,0,0
7712,7:8:8:0:0:1,1,2,2,2,2,2,0,0,0,0
7713,7:8:8:1:6:1,1,2,2,2,2,2,0,0,0,0
7714,7:8:8:2:9:2,1,2,2,2,2,2,0,0,0,0
7715,7:8:8:3:15:3,1,,4,0,0,1,0,0,0,0
7716,7:8:9:0:0:1,0,0,0,,,0,0,0,0,0
7717,7:8:9:1:6:1,0,0,0,,,0,0,0,0,0
7718,7:8:9:2:9:2,0,0,0,,,0,0,0,0,0
7719,7:8:9:3:15:3,1,,4,0,0,1,0,0,0,0
7720,7:8:10:0:0:1,0,0,0,,,0,0,0,0,0
7721,7:8:10:1:6:1,0,0,0,,,0,0,0,0,0
7722,7:8:10:2:9:2,0,0,0,,,0,0,0,0,0
7723,7:8:10:3:15:3,1,,4,0,0,1,0,0,0,0
7724,7:8:11:0:0:1,0,0,0,,,0,0,0,0,0
7725,7:8:11:1:6:1,0,0,0,,,0,0,0,0,0
7726,7:8:11:2:9:2,0,0,0,,,0,0,0,0,0
7727,7:8:11:3:15:3,1,,4,0,0,1,0,0,0,0
7728,7:8:12:0:0:1,0,0,0,,,0,0,0,0,0
7729,7:8:12:1:6:1,0,0,0,,,0,0,0,0,0
7730,7:8:12:2:9:2,0,0,0,,,0,0,0,0,0
7731,7:8:12:3:15:3,1,,4,0,0,1,0,0,0,0
7732,7:8:13:0:0:1,1,1;2,1,3,3,3,0,0,0,0
7733,7:8:13:1:6:1,1,1;2,1,3,3,3,0,0,0,0
7734,7:8:13:2:9:2,1,1;2,1,3,3,3,0,0,0,0
7735,7:8:13:3:15:3,1,,4,0,0,1,0,0,0,0
7736,7:8:14:0:0:1,0,0,0,,,0,0,0,0,0
7737,7:8:14:1:6:1,0,0,0,,,0,0,0,0,0
7738,7:8:14:2:9:2,0,0,0,,,0,0,0,0,0
7739,7:8:14:3:15:3,1,,4,0,0,1,0,0,0,0
7740,7:8:15:0:0:1,0,0,0,,,0,0,0,0,0
7741,7:8:15:1:6:1,0,0,0,,,0,0,0,0,0
7742,7:8:15:2:9:2,0,0,0,,,0,0,0,0,0
7743,7:8:15:3:15:3,1,,4,0,0,1,0,0,0,0
7744,7:9:0:0:0:1,1,,4,0,0,1,0,0,0,0
7745,7:9:0:1:6:1,1,,4,0,0,1,0,0,0,0
7746,7:9:0:2:9:2,1,,4,0,0,1,0,0,0,0
7747,7:9:0:3:15:3,1,,4,0,0,1,0,0,0,0
7748,7:9:1:0:0:1,1,,4,0,0,1,0,0,0,0
7749,7:9:1:1:6:1,1,,4,0,0,1,0,0,0,0
7750,7:9:1:2:9:2,1,,4,0,0,1,0,0,0,0
7751,7:9:1:3:15:3,1,,4,0,0,1,0,0,0,0
7752,7:9:2:0:0:1,1,,4,0,0,1,0,0,0,0
7753,7:9:2:1:6:1,1,,4,0,0,1,0,0,0,0
7754,7:9:2:2:9:2,1,,4,0,0,1,0,0,0,0
7755,7:9:2:3:15:3,1,,4,0,0,1,0,0,0,0
7756,7:9:3:0:0:1,1,,4,0,0,1,0,0,0,0
7757,7:9:3:1:6:1,1,,4,0,0,1,0,0,0,0
7758,7:9:3:2:9:2,1,,4,0,0,1,0,0,0,0
7759,7:9:3:3:15:3,1,,4,0,0,1,0,0,0,0
7760,7:9:4:0:0:1,0,0,0,,,0,0,0,0,0
7761,7:9:4:1:6:1,0,0,0,,,0,0,0,0,0
7762,7:9:4:2:9:2,0,0,0,,,0,0,0,0,0
7763,7:9:4:3:15:3,1,,4,0,0,1,0,0,0,0
7764,7:9:5:0:0:1,0,0,0,,,0,0,0,0,0
7765,7:9:5:1:6:1,0,0,0,,,0,0,0,0,0
7766,7:9:5:2:9:2,0,0,0,,,0,0,0,0,0
7767,7:9:5:3:15:3,1,,4,0,0,1,0,0,0,0
7768,7:9:6:0:0:1,0,0,0,,,0,0,0,0,0
7769,7:9:6:1:6:1,0,0,0,,,0,0,0,0,0
7770,7:9:6:2:9:2,0,0,0,,,0,0,0,0,0
7771,7:9:6:3:15:3,1,,4,0,0,1,0,0,0,0
7772,7:9:7:0:0:1,1,1,2,1,1,2,0,0,0,0
7773,7:9:7:1:6:1,1,1,2,1,1,2,0,0,0,0
7774,7:9:7:2:9:2,1,1,2,1,1,2,0,0,0,0
7775,7:9:7:3:15:3,1,,4,0,0,1,0,0,0,0
7776,7:9:8:0:0:1,0,0,0,,,0,0,0,0,0
7777,7:9:8:1:6:1,0,0,0,,,0,0,0,0,0
7778,7:9:8:2:9:2,0,0,0,,,0,0,0,0,0
7779,7:9:8:3:15:3,1,,4,0,0,1,0,0,0,0
7780,7:9:9:0:0:1,1,2,2,2,2,2,0,0,0,0
7781,7:9:9:1:6:1,1,2,2,2,2,2,0,0,0,0
7782,7:9:9:2:9:2,1,2,2,2,2,2,0,0,0,0
7783,7:9:9:3:15:3,1,,4,0,0,1,0,0,0,0
7784,7:9:10:0:0:1,0,0,0,,,0,0,0,0,0
7785,7:9:10:1:6:1,0,0,0,,,0,0,0,0,0
7786,7:9:10:2:9:2,0,0,0,,,0,0,0,0,0
7787,7:9:10:3:15:3,1,,4,0,0,1,0,0,0,0
7788,7:9:11:0:0:1,0,0,0,,,0,0,0,0,0
7789,7:9:11:1:6:1,0,0,0,,,0,0,0,0,0
7790,7:9:11:2:9:2,0,0,0,,,0,0,0,0,0
7791,7:9:11:3:15:3,1,,4,0,0,1,0,0,0,0
7792,7:9:12:0:0:1,0,0,0,,,0,0,0,0,0
7793,7:9:12:1:6:1,0,0,0,,,0,0,0,0,0
7794,7:9:12:2:9:2,0,0,0,,,0,0,0,0,0
7795,7:9:12:3:15:3,1,,4,0,0,1,0,0,0,0
7796,7:9:13:0:0:1,0,0,0,,,0,0,0,0,0
7797,7:9:13:1:6:1,0,0,0,,,0,0,0,0,0
7798,7:9:13:2:9:2,0,0,0,,,0,0,0,0,0
7799,7:9:13:3:15:3,1,,4,0,0,1,0,0,0,0
7800,7:9:14:0:0:1,0,0,0,,,0,0,0,0,0
7801,7:9:14:1:6:1,0,0,0,,,0,0,0,0,0
7802,7:9:14:2:9:2,0,0,0,,,0,0,0,0,0
7803,7:9:14:3:15:3,1,,4,0,0,1,0,0,0,0
7804,7:9:15:0:0:1,0,0,0,,,0,0,0,0,0
7805,7:9:15:1:6:1,0,0,0,,,0,0,0,0,0
7806,7:9:15:2:9:2,0,0,0,,,0,0,0,0,0
7807,7:9:15:3:15:3,1,,4,0,0,1,0,0,0,0
7808,7:10:0:0:0:1,1,,4,0,0,1,0,0,0,0
7809,7:10:0:1:6:1,1,,4,0,0,1,0,0,0,0
7810,7:10:0:2:9:2,1,,4,0,0,1,0,0,0,0
7811,7:10:0:3:15:3,1,,4,0,0,1,0,0,0,0
7812,7:10:1:0:0:1,1,,4,0,0,1,0,0,0,0
7813,7:10:1:1:6:1,1,,4,0,0,1,0,0,0,0
7814,7:10:1:2:9:2,1,,4,0,0,1,0,0,0,0
7815,7:10:1:3:15:3,1,,4,0,0,1,0,0,0,0
7816,7:10:2:0:0:1,1,,4,0,0,1,0,0,0,0
7817,7:10:2:1:6:1,1,,4,0,0,1,0,0,0,0
7818,7:10:2:2:9:2,1,,4,0,0,1,0,0,0,0
7819,7:10:2:3:15:3,1,,4,0,0,1,0,0,0,0
7820,7:10:3:0:0:1,1,,4,0,0,1,0,0,0,0
7821,7:10:3:1:6:1,1,,4,0,0,1,0,0,0,0
7822,7:10:3:2:9:2,1,,4,0,0,1,0,0,0,0
7823,7:10:3:3:15:3,1,,4,0,0,1,0,0,0,0
7824,7:10:4:0:0:1,0,0,0,,,0,0,0,0,0
7825,7:10:4:1:6:1,0,0,0,,,0,0,0,0,0
7826,7:10:4:2:9:2,0,0,0,,,0,0,0,0,0
7827,7:10:4:3:15:3,1,,4,0,0,1,0,0,0,0
7828,7:10:5:0:0:1,1,1;2,1,3,3,3,0,0,0,0
7829,7:10:5:1:6:1,1,1;2,1,3,3,3,0,0,0,0
7830,7:10:5:2:9:2,1,1;2,1,3,3,3,0,0,0,0
7831,7:10:5:3:15:3,1,,4,0,0,1,0,0,0,0
7832,7:10:6:0:0:1,0,0,0,,,0,0,0,0,0
7833,7:10:6:1:6:1,0,0,0,,,0,0,0,0,0
7834,7:10:6:2:9:2,0,0,0,,,0,0,0,0,0
7835,7:10:6:3:15:3,1,,4,0,0,1,0,0,0,0
7836,7:10:7:0:0:1,1,1,2,1,1,2,0,0,0,0
7837,7:10:7:1:6:1,1,1,2,1,1,2,0,0,0,0
7838,7:10:7:2:9:2,1,1,2,1,1,2,0,0,0,0
7839,7:10:7:3:15:3,1,,4,0,0,1,0,0,0,0
7840,7:10:8:0:0:1,0,0,0,,,0,0,0,0,0
7841,7:10:8:1:6:1,0,0,0,,,0,0,0,0,0
7842,7:10:8:2:9:2,0,0,0,,,0,0,0,0,0
7843,7:10:8:3:15:3,1,,4,0,0,1,0,0,0,0
7844,7:10:9:0:0:1,0,0,0,,,0,0,0,0,0
7845,7:10:9:1:6:1,0,0,0,,,0,0,0,0,0
7846,7:10:9:2:9:2,0,0,0,,,0,0,0,0,0
7847,7:10:9:3:15:3,1,,4,0,0,1,0,0,0,0
7848,7:10:10:0:0:1,1,2,2,2,2,2,0,0,0,0
7849,7:10:10:1:6:1,1,2,2,2,2,2,0,0,0,0
7850,7:10:10:2:9:2,1,2,2,2,2,2,0,0,0,0
7851,7:10:10:3:15:3,1,,4,0,0,1,0,0,0,0
7852,7:10:11:0:0:1,0,0,0,,,0,0,0,0,0
7853,7:10:11:1:6:1,0,0,0,,,0,0,0,0,0
7854,7:10:11:2:9:2,0,0,0,,,0,0,0,0,0
7855,7:10:11:3:15:3,1,,4,0,0,1,0,0,0,0
7856,7:10:12:0:0:1,0,0,0,,,0,0,0,0,0
7857,7:10:12:1:6:1,0,0,0,,,0,0,0,0,0
7858,7:10:12:2:9:2,0,0,0,,,0,0,0,0,0
7859,7:10:12:3:15:3,1,,4,0,0,1,0,0,0,0
7860,7:10:13:0:0:1,0,0,0,,,0,0,0,0,0
7861,7:10:13:1:6:1,0,0,0,,,0,0,0,0,0
7862,7:10:13:2:9:2,0,0,0,,,0,0,0,0,0
7863,7:10:13:3:15:3,1,,4,0,0,1,0,0,0,0
7864,7:10:14:0:0:1,0,0,0,,,0,0,0,0,0
7865,7:10:14:1:6:1,0,0,0,,,0,0,0,0,0
7866,7:10:14:2:9:2,0,0,0,,,0,0,0,0,0
7867,7:10:14:3:15:3,1,,4,0,0,1,0,0,0,0
7868,7:10:15:0:0:1,1,1;2,1,3,3,3,0,0,0,0
7869,7:10:15:1:6:1,1,1;2,1,3,3,3,0,0,0,0
7870,7:10:15:2:9:2,1,1;2,1,3,3,3,0,0,0,0
7871,7:10:15:3:15:3,1,,4,0,0,1,0,0,0,0
7872,7:11:0:0:0:1,1,,4,0,0,1,0,0,0,0
7873,7:11:0:1:6:1,1,,4,0,0,1,0,0,0,0
7874,7:11:0:2:9:2,1,,4,0,0,1,0,0,0,0
7875,7:11:0:3:15:3,1,,4,0,0,1,0,0,0,0
7876,7:11:1:0:0:1,1,,4,0,0,1,0,0,0,0
7877,7:11:1:1:6:1,1,,4,0,0,1,0,0,0,0
7878,7:11:1:2:9:2,1,,4,0,0,1,0,0,0,0
7879,7:11:1:3:15:3,1,,4,0,0,1,0,0,0,0
7880,7:11:2:0:0:1,1,,4,0,0,1,0,0,0,0
7881,7:11:2:1:6:1,1,,4,0,0,1,0,0,0,0
7882,7:11:2:2:9:2,1,,4,0,0,1,0,0,0,0
7883,7:11:2:3:15:3,1,,4,0,0,1,0,0,0,0
7884,7:11:3:0:0:1,1,,4,0,0,1,0,0,0,0
7885,7:11:3:1:6:1,1,,4,0,0,1,0,0,0,0
7886,7:11:3:2:9:2,1,,4,0,0,1,0,0,0,0
7887,7:11:3:3:15:3,1,,4,0,0,1,0,0,0,0
7888,7:11:4:0:0:1,0,0,0,,,0,0,0,0,0
7889,7:11:4:1:6:1,0,0,0,,,0,0,0,0,0
7890,7:11:4:2:9:2,0,0,0,,,0,0,0,0,0
7891,7:11:4:3:15:3,1,,4,0,0,1,0,0,0,0
7892,7:11:5:0:0:1,0,0,0,,,0,0,0,0,0
7893,7:11:5:1:6:1,0,0,0,,,0,0,0,0,0
7894,7:11:5:2:9:2,0,0,0,,,0,0,0,0,0
7895,7:11:5:3:15:3,1,,4,0,0,1,0,0,0,0
7896,7:11:6:0:0:1,0,0,0,,,0,0,0,0,0
7897,7:11:6:1:6:1,0,0,0,,,0,0,0,0,0
7898,7:11:6:2:9:2,0,0,0,,,0,0,0,0,0
7899,7:11:6:3:15:3,1,,4,0,0,1,0,0,0,0
7900,7:11:7:0:0:1,1,1,2,1,1,2,0,0,0,0
7901,7:11:7:1:6:1,1,1,2,1,1,2,0,0,0,0
7902,7:11:7:2:9:2,1,1,2,1,1,2,0,0,0,0
7903,7:11:7:3:15:3,1,,4,0,0,1,0,0,0,0
7904,7:11:8:0:0:1,0,0,0,,,0,0,0,0,0
7905,7:11:8:1:6:1,0,0,0,,,0,0,0,0,0
7906,7:11:8:2:9:2,0,0,0,,,0,0,0,0,0
7907,7:11:8:3:15:3,1,,4,0,0,1,0,0,0,0
7908,7:11:9:0:0:1,0,0,0,,,0,0,0,0,0
7909,7:11:9:1:6:1,0,0,0,,,0,0,0,0,0
7910,7:11:9:2:9:2,0,0,0,,,0,0,0,0,0
7911,7:11:9:3:15:3,1,,4,0,0,1,0,0,0,0
7912,7:11:10:0:0:1,0,0,0,,,0,0,0,0,0
7913,7:11:10:1:6:1,0,0,0,,,0,0,0,0,0
7914,7:11:10:2:9:2,0,0,0,,,0,0,0,0,0
7915,7:11:10:3:15:3,1,,4,0,0,1,0,0,0,0
7916,7:11:11:0:0:1,1,2,2,2,2,2,0,0,0,0
7917,7:11:11:1:6:1,1,2,2,2,2,2,0,0,0,0
7918,7:11:11:2:9:2,1,2,2,2,2,2,0,0,0,0
7919,7:11:11:3:15:3,1,,4,0,0,1,0,0,0,0
7920,7:11:12:0:0:1,0,0,0,,,0,0,0,0,0
7921,7:11:12:1:6:1,0,0,0,,,0,0,0,0,0
7922,7:11:12:2:9:2,0,0,0,,,0,0,0,0,0
7923,7:11:12:3:15:3,1,,4,0,0,1,0,0,0,0
7924,7:11:13:0:0:1,0,0,0,,,0,0,0,0,0
7925,7:11:13:1:6:1,0,0,0,,,0,0,0,0,0
7926,7:11:13:2:9:2,0,0,0,,,0,0,0,0,0
7927,7:11:13:3:15:3,1,,4,0,0,1,0,0,0,0
7928,7:11:14:0:0:1,0,0,0,,,0,0,0,0,0
7929,7:11:14:1:6:1,0,0,0,,,0,0,0,0,0
7930,7:11:14:2:9:2,0,0,0,,,0,0,0,0,0
7931,7:11:14:3:15:3,1,,4,0,0,1,0,0,0,0
7932,7:11:15:0:0:1,1,1;2,1,3,3,3,0,0,0,0
7933,7:11:15:1:6:1,1,1;2,1,3,3,3,0,0,0,0
7934,7:11:15:2:9:2,1,1;2,1,3,3,3,0,0,0,0
7935,7:11:15:3:15:3,1,,4,0,0,1,0,0,0,0
7936,7:12:0:0:0:1,1,,4,0,0,1,0,0,0,0
7937,7:12:0:1:6:1,1,,4,0,0,1,0,0,0,0
7938,7:12:0:2:9:2,1,,4,0,0,1,0,0,0,0
7939,7:12:0:3:15:3,1,,4,0,0,1,0,0,0,0
7940,7:12:1:0:0:1,1,,4,0,0,1,0,0,0,0
7941,7:12:1:1:6:1,1,,4,0,0,1,0,0,0,0
7942,7:12:1:2:9:2,1,,4,0,0,1,0,0,0,0
7943,7:12:1:3:15:3,1,,4,0,0,1,0,0,0,0
7944,7:12:2:0:0:1,1,,4,0,0,1,0,0,0,0
7945,7:12:2:1:6:1,1,,4,0,0,1,0,0,0,0
7946,7:12:2:2:9:2,1,,4,0,0,1,0,0,0,0
7947,7:12:2:3:15:3,1,,4,0,0,1,0,0,0,0
7948,7:12:3:0:0:1,1,,4,0,0,1,0,0,0,0
7949,7:12:3:1:6:1,1,,4,0,0,1,0,0,0,0
7950,7:12:3:2:9:2,1,,4,0,0,1,0,0,0,0
7951,7:12:3:3:15:3,1,,4,0,0,1,0,0,0,0
7952,7:12:4:0:0:1,0,0,0,,,0,0,0,0,0
7953,7:12:4:1:6:1,0,0,0,,,0,0,0,0,0
7954,7:12:4:2:9:2,0,0,0,,,0,0,0,0,0
7955,7:12:4:3:15:3,1,,4,0,0,1,0,0,0,0
7956,7:12:5:0:0:1,0,0,0,,,0,0,0,0,0
7957,7:12:5:1:6:1,0,0,0,,,0,0,0,0,0
7958,7:12:5:2:9:2,0,0,0,,,0,0,0,0,0
7959,7:12:5:3:15:3,1,,4,0,0,1,0,0,0,0
7960,7:12:6:0:0:1,0,0,0,,,0,0,0,0,0
7961,7:12:6:1:6:1,0,0,0,,,0,0,0,0,0
7962,7:12:6:2:9:2,0,0,0,,,0,0,0,0,0
7963,7:12:6:3:15:3,1,,4,0,0,1,0,0,0,0
7964,7:12:7:0:0:1,1,1,2,1,1,2,0,0,0,0
7965,7:12:7:1:6:1,1,1,2,1,1,2,0,0,0,0
7966,7:12:7:2:9:2,1,1,2,1,1,2,0,0,0,0
7967,7:12:7:3:15:3,1,,4,0,0,1,0,0,0,0
7968,7:12:8:0:0:1,0,0,0,,,0,0,0,0,0
7969,7:12:8:1:6:1,0,0,0,,,0,0,0,0,0
7970,7:12:8:2:9:2,0,0,0,,,0,0,0,0,0
7971,7:12:8:3:15:3,1,,4,0,0,1,0,0,0,0
7972,7:12:9:0:0:1,0,0,0,,,0,0,0,0,0
7973,7:12:9:1:6:1,0,0,0,,,0,0,0,0,0
7974,7:12:9:2:9:2,0,0,0,,,0,0,0,0,0
7975,7:12:9:3:15:3,1,,4,0,0,1,0,0,0,0
7976,7:12:10:0:0:1,0,0,0,,,0,0,0,0,0
7977,7:12:10:1:6:1,0,0,0,,,0,0,0,0,0
7978,7:12:10:2:9:2,0,0,0,,,0,0,0,0,0
7979,7:12:10:3:15:3,1,,4,0,0,1,0,0,0,0
7980,7:12:11:0:0:1,0,0,0,,,0,0,0,0,0
7981,7:12:11:1:6:1,0,0,0,,,0,0,0,0,0
7982,7:12:11:2:9:2,0,0,0,,,0,0,0,0,0
7983,7:12:11:3:15:3,1,,4,0,0,1,0,0,0,0
7984,7:12:12:0:0:1,1,2,2,2,2,2,0,0,0,0
7985,7:12:12:1:6:1,1,2,2,2,2,2,0,0,0,0
7986,7:12:12:2:9:2,1,2,2,2,2,2,0,0,0,0
7987,7:12:12:3:15:3,1,,4,0,0,1,0,0,0,0
7988,7:12:13:0:0:1,0,0,0,,,0,0,0,0,0
7989,7:12:13:1:6:1,0,0,0,,,0,0,0,0,0
7990,7:12:13:2:9:2,0,0,0,,,0,0,0,0,0
7991,7:12:13:3:15:3,1,,4,0,0,1,0,0,0,0
7992,7:12:14:0:0:1,0,0,0,,,0,0,0,0,0
7993,7:12:14:1:6:1,0,0,0,,,0,0,0,0,0
7994,7:12:14:2:9:2,0,0,0,,,0,0,0,0,0
7995,7:12:14:3:15:3,1,,4,0,0,1,0,0,0,0
7996,7:12:15:0:0:1,0,0,0,,,0,0,0,0,0
7997,7:12:15:1:6:1,0,0,0,,,0,0,0,0,0
7998,7:12:15:2:9:2,0,0,0,,,0,0,0,0,0
7999,7:12:15:3:15:3,1,,4,0,0,1,0,0,0,0
8000,7:13:0:0:0:1,1,,4,0,0,1,0,0,0,0
8001,7:13:0:1:6:1,1,,4,0,0,1,0,0,0,0
8002,7:13:0:2:9:2,1,,4,0,0,1,0,0,0,0
8003,7:13:0:3:15:3,1,,4,0,0,1,0,0,0,0
8004,7:13:1:0:0:1,1,,4,0,0,1,0,0,0,0
8005,7:13:1:1:6:1,1,,4,0,0,1,0,0,0,0
8006,7:13:1:2:9:2,1,,4,0,0,1,0,0,0,0
8007,7:13:1:3:15:3,1,,4,0,0,1,0,0,0,0
8008,7:13:2:0:0:1,1,,4,0,0,1,0,0,0,0
8009,7:13:2:1:6:1,1,,4,0,0,1,0,0,0,0
8010,7:13:2:2:9:2,1,,4,0,0,1,0,0,0,0
8011,7:13:2:3:15:3,1,,4,0,0,1,0,0,0,0
8012,7:13:3:0:0:1,1,,4,0,0,1,0,0,0,0
8013,7:13:3:1:6:1,1,,4,0,0,1,0,0,0,0
8014,7:13:3:2:9:2,1,,4,0,0,1,0,0,0,0
8015,7:13:3:3:15:3,1,,4,0,0,1,0,0,0,0
8016,7:13:4:0:0:1,0,0,0,,,0,0,0,0,0
8017,7:13:4:1:6:1,0,0,0,,,0,0,0,0,0
8018,7:13:4:2:9:2,0,0,0,,,0,0,0,0,0
8019,7:13:4:3:15:3,1,,4,0,0,1,0,0,0,0
8020,7:13:5:0:0:1,0,0,0,,,0,0,0,0,0
8021,7:13:5:1:6:1,0,0,0,,,0,0,0,0,0
8022,7:13:5:2:9:2,0,0,0,,,0,0,0,0,0
8023,7:13:5:3:15:3,1,,4,0,0,1,0,0,0,0
8024,7:13:6:0:0:1,0,0,0,,,0,0,0,0,0
8025,7:13:6:1:6:1,0,0,0,,,0,0,0,0,0
8026,7:13:6:2:9:2,0,0,0,,,0,0,0,0,0
8027,7:13:6:3:15:3,1,,4,0,0,1,0,0,0,0
8028,7:13:7:0:0:1,1,1,2,1,1,2,0,0,0,0
8029,7:13:7:1:6:1,1,1,2,1,1,2,0,0,0,0
8030,7:13:7:2:9:2,1,1,2,1,1,2,0,0,0,0
8031,7:13:7:3:15:3,1,,4,0,0,1,0,0,0,0
8032,7:13:8:0:0:1,1,1;2,1,3,3,3,0,0,0,0
8033,7:13:8:1:6:1,1,1;2,1,3,3,3,0,0,0,0
8034,7:13:8:2:9:2,1,1;2,1,3,3,3,0,0,0,0
8035,7:13:8:3:15:3,1,,4,0,0,1,0,0,0,0
8036,7:13:9:0:0:1,0,0,0,,,0,0,0,0,0
8037,7:13:9:1:6:1,0,0,0,,,0,0,0,0,0
8038,7:13:9:2:9:2,0,0,0,,,0,0,0,0,0
8039,7:13:9:3:15:3,1,,4,0,0,1,0,0,0,0
8040,7:13:10:0:0:1,0,0,0,,,0,0,0,0,0
8041,7:13:10:1:6:1,0,0,0,,,0,0,0,0,0
8042,7:13:10:2:9:2,0,0,0,,,0,0,0,0,0
8043,7:13:10:3:15:3,1,,4,0,0,1,0,0,0,0
8044,7:13:11:0:0:1,0,0,0,,,0,0,0,0,0
8045,7:13:11:1:6:1,0,0,0,,,0,0,0,0,0
8046,7:13:11:2:9:2,0,0,0,,,0,0,0,0,0
8047,7:13:11:3:15:3,1,,4,0,0,1,0,0,0,0
8048,7:13:12:0:0:1,0,0,0,,,0,0,0,0,0
8049,7:13:12:1:6:1,0,0,0,,,0,0,0,0,0
8050,7:13:12:2:9:2,0,0,0,,,0,0,0,0,0
8051,7:13:12:3:15:3,1,,4,0,0,1,0,0,0,0
8052,7:13:13:0:0:1,1,2,2,2,2,2,0,0,0,0
8053,7:13:13:1:6:1,1,2,2,2,2,2,0,0,0,0
8054,7:13:13:2:9:2,1,2,2,2,2,2,0,0,0,0
8055,7:13:13:3:15:3,1,,4,0,0,1,0,0,0,0
8056,7:13:14:0:0:1,0,0,0,,,0,0,0,0,0
8057,7:13:14:1:6:1,0,0,0,,,0,0,0,0,0
8058,7:13:14:2:9:2,0,0,0,,,0,0,0,0,0
8059,7:13:14:3:15:3,1,,4,0,0,1,0,0,0,0
8060,7:13:15:0:0:1,0,0,0,,,0,0,0,0,0
8061,7:13:15:1:6:1,0,0,0,,,0,0,0,0,0
8062,7:13:15:2:9:2,0,0,0,,,0,0,0,0,0
8063,7:13:15:3:15:3,1,,4,0,0,1,0,0,0,0
8064,7:14:0:0:0:1,1,,4,0,0,1,0,0,0,0
8065,7:14:0:1:6:1,1,,4,0,0,1,0,0,0,0
8066,7:14:0:2:9:2,1,,4,0,0,1,0,0,0,0
8067,7:14:0:3:15:3,1,,4,0,0,1,0,0,0,0
8068,7:14:1:0:0:1,1,,4,0,0,1,0,0,0,0
8069,7:14:1:1:6:1,1,,4,0,0,1,0,0,0,0
8070,7:14:1:2:9:2,1,,4,0,0,1,0,0,0,0
8071,7:14:1:3:15:3,1,,4,0,0,1,0,0,0,0
8072,7:14:2:0:0:1,1,,4,0,0,1,0,0,0,0
8073,7:14:2:1:6:1,1,,4,0,0,1,0,0,0,0
8074,7:14:2:2:9:2,1,,4,0,0,1,0,0,0,0
8075,7:14:2:3:15:3,1,,4,0,0,1,0,0,0,0
8076,7:14:3:0:0:1,1,,4,0,0,1,0,0,0,0
8077,7:14:3:1:6:1,1,,4,0,0,1,0,0,0,0
8078,7:14:3:2:9:2,1,,4,0,0,1,0,0,0,0
8079,7:14:3:3:15:3,1,,4,0,0,1,0,0,0,0
8080,7:14:4:0:0:1,0,0,0,,,0,0,0,0,0
8081,7:14:4:1:6:1,0,0,0,,,0,0,0,0,0
8082,7:14:4:2:9:2,0,0,0,,,0,0,0,0,0
8083,7:14:4:3:15:3,1,,4,0,0,1,0,0,0,0
8084,7:14:5:0:0:1,0,0,0,,,0,0,0,0,0
8085,7:14:5:1:6:1,0,0,0,,,0,0,0,0,0
8086,7:14:5:2:9:2,0,0,0,,,0,0,0,0,0
8087,7:14:5:3:15:3,1,,4,0,0,1,0,0,0,0
8088,7:14:6:0:0:1,0,0,0,,,0,0,0,0,0
8089,7:14:6:1:6:1,0,0,0,,,0,0,0,0,0
8090,7:14:6:2:9:2,0,0,0,,,0,0,0,0,0
8091,7:14:6:3:15:3,1,,4,0,0,1,0,0,0,0
8092,7:14:7:0:0:1,1,1,2,1,1,2,0,0,0,0
8093,7:14:7:1:6:1,1,1,2,1,1,2,0,0,0,0
8094,7:14:7:2:9:2,1,1,2,1,1,2,0,0,0,0
8095,7:14:7:3:15:3,1,,4,0,0,1,0,0,0,0
8096,7:14:8:0:0:1,0,0,0,,,0,0,0,0,0
8097,7:14:8:1:6:1,0,0,0,,,0,0,0,0,0
8098,7:14:8:2:9:2,0,0,0,,,0,0,0,0,0
8099,7:14:8:3:15:3,1,,4,0,0,1,0,0,0,0
8100,7:14:9:0:0:1,0,0,0,,,0,0,0,0,0
8101,7:14:9:1:6:1,0,0,0,,,0,0,0,0,0
8102,7:14:9:2:9:2,0,0,0,,,0,0,0,0,0
8103,7:14:9:3:15:3,1,,4,0,0,1,0,0,0,0
8104,7:14:10:0:0:1,0,0,0,,,0,0,0,0,0
8105,7:14:10:1:6:1,0,0,0,,,0,0,0,0,0
8106,7:14:10:2:9:2,0,0,0,,,0,0,0,0,0
8107,7:14:10:3:15:3,1,,4,0,0,1,0,0,0,0
8108,7:14:11:0:0:1,0,0,0,,,0,0,0,0,0
8109,7:14:11:1:6:1,0,0,0,,,0,0,0,0,0
8110,7:14:11:2:9:2,0,0,0,,,0,0,0,0,0
8111,7:14:11:3:15:3,1,,4,0,0,1,0,0,0,0
8112,7:14:12:0:0:1,0,0,0,,,0,0,0,0,0
8113,7:14:12:1:6:1,0,0,0,,,0,0,0,0,0
8114,7:14:12:2:9:2,0,0,0,,,0,0,0,0,0
8115,7:14:12:3:15:3,1,,4,0,0,1,0,0,0,0
8116,7:14:13:0:0:1,0,0,0,,,0,0,0,0,0
8117,7:14:13:1:6:1,0,0,0,,,0,0,0,0,0
8118,7:14:13:2:9:2,0,0,0,,,0,0,0,0,0
8119,7:14:13:3:15:3,1,,4,0,0,1,0,0,0,0
8120,7:14:14:0:0:1,1,2,2,2,2,2,0,0,0,0
8121,7:14:14:1:6:1,1,2,2,2,2,2,0,0,0,0
8122,7:14:14:2:9:2,1,2,2,2,2,2,0,0,0,0
8123,7:14:14:3:15:3,1,,4,0,0,1,0,0,0,0
8124,7:14:15:0:0:1,1,1;2,1,3,3,3,0,0,0,0
8125,7:14:15:1:6:1,1,1;2,1,3,3,3,0,0,0,0
8126,7:14:15:2:9:2,1,1;2,1,3,3,3,0,0,0,0
8127,7:14:15:3:15:3,1,,4,0,0,1,0,0,0,0
8128,7:15:0:0:0:1,1,,4,0,0,1,0,0,0,0
8129,7:15:0:1:6:1,1,,4,0,0,1,0,0,0,0
8130,7:15:0:2:9:2,1,,4,0,0,1,0,0,0,0
8131,7:15:0:3:15:3,1,,4,0,0,1,0,0,0,0
8132,7:15:1:0:0:1,1,,4,0,0,1,0,0,0,0
8133,7:15:1:1:6:1,1,,4,0,0,1,0,0,0,0
8134,7:15:1:2:9:2,1,,4,0,0,1,0,0,0,0
8135,7:15:1:3:15:3,1,,4,0,0,1,0,0,0,0
8136,7:15:2:0:0:1,1,,4,0,0,1,0,0,0,0
8137,7:15:2:1:6:1,1,,4,0,0,1,0,0,0,0
8138,7:15:2:2:9:2,1,,4,0,0,1,0,0,0,0
8139,7:15:2:3:15:3,1,,4,0,0,1,0,0,0,0
8140,7:15:3:0:0:1,1,,4,0,0,1,0,0,0,0
8141,7:15:3:1:6:1,1,,4,0,0,1,0,0,0,0
8142,7:15:3:2:9:2,1,,4,0,0,1,0,0,0,0
8143,7:15:3:3:15:3,1,,4,0,0,1,0,0,0,0
8144,7:15:4:0:0:1,0,0,0,,,0,0,0,0,0
8145,7:15:4:1:6:1,0,0,0,,,0,0,0,0,0
8146,7:15:4:2:9:2,0,0,0,,,0,0,0,0,0
8147,7:15:4:3:15:3,1,,4,0,0,1,0,0,0,0
8148,7:15:5:0:0:1,0,0,0,,,0,0,0,0,0
8149,7:15:5:1:6:1,0,0,0,,,0,0,0,0,0
8150,7:15:5:2:9:2,0,0,0,,,0,0,0,0,0
8151,7:15:5:3:15:3,1,,4,0,0,1,0,0,0,0
8152,7:15:6:0:0:1,0,0,0,,,0,0,0,0,0
8153,7:15:6:1:6:1,0,0,0,,,0,0,0,0,0
8154,7:15:6:2:9:2,0,0,0,,,0,0,0,0,0
8155,7:15:6:3:15:3,1,,4,0,0,1,0,0,0,0
8156,7:15:7:0:0:1,1,1,2,1,1,2,0,0,0,0
8157,7:15:7:1:6:1,1,1,2,1,1,2,0,0,0,0
8158,7:15:7:2:9:2,1,1,2,1,1,2,0,0,0,0
8159,7:15:7:3:15:3,1,,4,0,0,1,0,0,0,0
8160,7:15:8:0:0:1,0,0,0,,,0,0,0,0,0
8161,7:15:8:1:6:1,0,0,0,,,0,0,0,0,0
8162,7:15:8:2:9:2,0,0,0,,,0,0,0,0,0
8163,7:15:8:3:15:3,1,,4,0,0,1,0,0,0,0
8164,7:15:9:0:0:1,0,0,0,,,0,0,0,0,0
8165,7:15:9:1:6:1,0,0,0,,,0,0,0,0,0
8166,7:15:9:2:9:2,0,0,0,,,0,0,0,0,0
8167,7:15:9:3:15:3,1,,4,0,0,1,0,0,0,0
8168,7:15:10:0:0:1,0,0,0,,,0,0,0,0,0
8169,7:15:10:1:6:1,0,0,0,,,0,0,0,0,0
8170,7:15:10:2:9:2,0,0,0,,,0,0,0,0,0
8171,7:15:10:3:15:3,1,,4,0,0,1,0,0,0,0
8172,7:15:11:0:0:1,0,0,0,,,0,0,0,0,0
8173,7:15:11:1:6:1,0,0,0,,,0,0,0,0,0
8174,7:15:11:2:9:2,0,0,0,,,0,0,0,0,0
8175,7:15:11:3:15:3,1,,4,0,0,1,0,0,0,0
8176,7:15:12:0:0:1,0,0,0,,,0,0,0,0,0
8177,7:15:12:1:6:1,0,0,0,,,0,0,0,0,0
8178,7:15:12:2:9:2,0,0,0,,,0,0,0,0,0
8179,7:15:12:3:15:3,1,,4,0,0,1,0,0,0,0
8180,7:15:13:0:0:1,0,0,0,,,0,0,0,0,0
8181,7:15:13:1:6:1,0,0,0,,,0,0,0,0,0
8182,7:15:13:2:9:2,0,0,0,,,0,0,0,0,0
8183,7:15:13:3:15:3,1,,4,0,0,1,0,0,0,0
8184,7:15:14:0:0:1,0,0,0,,,0,0,0,0,0
8185,7:15:14:1:6:1,0,0,0,,,0,0,0,0,0
8186,7:15:14:2:9:2,0,0,0,,,0,0,0,0,0
8187,7:15:14:3:15:3,1,,4,0,0,1,0,0,0,0
8188,7:15:15:0:0:1,1,2,2,2,2,2,0,0,0,0
8189,7:15:15:1:6:1,1,2,2,2,2,2,0,0,0,0
8190,7:15:15:2:9:2,1,2,2,2,2,2,0,0,0,0
8191,7:15:15:3:15:3,1,,4,0,0,1,0,0,0,0
8192,8:0:0:0:0:1,1,,4,0,0,1,0,0,0,0
8193,8:0:0:1:6:1,1,,4,0,0,1,0,0,0,0
8194,8:0:0:2:9:2,1,,4,0,0,1,0,0,0,0
8195,8:0:0:3:15:3,1,,4,0,0,1,0,0,0,0
8196,8:0:1:0:0:1,1,,4,0,0,1,0,0,0,0
8197,8:0:1:1:6:1,1,,4,0,0,1,0,0,0,0
8198,8:0:1:2:9:2,1,,4,0,0,1,0,0,0,0
8199,8:0:1:3:15:3,1,,4,0,0,1,0,0,0,0
8200,8:0:2:0:0:1,1,,4,0,0,1,0,0,0,0
8201,8:0:2:1:6:1,1,,4,0,0,1,0,0,0,0
8202,8:0:2:2:9:2,1,,4,0,0,1,0,0,0,0
8203,8:0:2:3:15:3,1,,4,0,0,1,0,0,0,0
8204,8:0:3:0:0:1,1,,4,0,0,1,0,0,0,0
8205,8:0:3:1:6:1,1,,4,0,0,1,0,0,0,0
8206,8:0:3:2:9:2,1,,4,0,0,1,0,0,0,0
8207,8:0:3:3:15:3,1,,4,0,0,1,0,0,0,0
8208,8:0:4:0:0:1,0,0,0,,,0,0,0,0,0
8209,8:0:4:1:6:1,0,0,0,,,0,0,0,0,0
8210,8:0:4:2:9:2,0,0,0,,,0,0,0,0,0
8211,8:0:4:3:15:3,1,,4,0,0,1,0,0,0,0
8212,8:0:5:0:0:1,0,0,0,,,0,0,0,0,0
8213,8:0:5:1:6:1,0,0,0,,,0,0,0,0,0
8214,8:0:5:2:9:2,0,0,0,,,0,0,0,0,0
8215,8:0:5:3:15:3,1,,4,0,0,1,0,0,0,0
8216,8:0:6:0:0:1,0,0,0,,,0,0,0,0,0
8217,8:0:6:1:6:1,0,0,0,,,0,0,0,0,0
8218,8:0:6:2:9:2,0,0,0,,,0,0,0,0,0
8219,8:0:6:3:15:3,1,,4,0,0,1,0,0,0,0
8220,8:0:7:0:0:1,0,0,0,,,0,0,0,0,0
8221,8:0:7:1:6:1,0,0,0,,,0,0,0,0,0
8222,8:0:7:2:9:2,0,0,0,,,0,0,0,0,0
8223,8:0:7:3:15:3,1,,4,0,0,1,0,0,0,0
8224,8:0:8:0:0:1,1,1,2,1,1,2,0,0,0,0
8225,8:0:8:1:6:1,1,1,2,1,1,2,0,0,0,0
8226,8:0:8:2:9:2,1,1,2,1,1,2,0,0,0,0
8227,8:0:8:3:15:3,1,,4,0,0,1,0,0,0,0
8228,8:0:9:0:0:1,0,0,0,,,0,0,0,0,0
8229,8:0:9:1:6:1,0,0,0,,,0,0,0,0,0
8230,8:0:9:2:9:2,0,0,0,,,0,0,0,0,0
8231,8:0:9:3:15:3,1,,4,0,0,1,0,0,0,0
8232,8:0:10:0:0:1,0,0,0,,,0,0,0,0,0
8233,8:0:10:1:6:1,0,0,0,,,0,0,0,0,0
8234,8:0:10:2:9:2,0,0,0,,,0,0,0,0,0
8235,8:0:10:3:15:3,1,,4,0,0,1,0,0,0,0
8236,8:0:11:0:0:1,0,0,0,,,0,0,0,0,0
8237,8:0:11:1:6:1,0,0,0,,,0,0,0,0,0
8238,8:0:11:2:9:2,0,0,0,,,0,0,0,0,0
8239,8:0:11:3:15:3,1,,4,0,0,1,0,0,0,0
8240,8:0:12:0:0:1,0,0,0,,,0,0,0,0,0
8241,8:0:12:1:6:1,0,0,0,,,0,0,0,0,0
8242,8:0:12:2:9:2,0,0,0,,,0,0,0,0,0
8243,8:0:12:3:15:3,1,,4,0,0,1,0,0,0,0
8244,8:0:13:0:0:1,0,0,0,,,0,0,0,0,0
8245,8:0:13:1:6:1,0,0,0,,,0,0,0,0,0
8246,8:0:13:2:9:2,0,0,0,,,0,0,0,0,0
8247,8:0:13:3:15:3,1,,4,0,0,1,0,0,0,0
8248,8:0:14:0:0:1,0,0,0,,,0,0,0,0,0
8249,8:0:14:1:6:1,0,0,0,,,0,0,0,0,0
8250,8:0:14:2:9:2,0,0,0,,,0,0,0,0,0
8251,8:0:14:3:15:3,1,,4,0,0,1,0,0,0,0
8252,8:0:15:0:0:1,0,0,0,,,0,0,0,0,0
8253,8:0:15:1:6:1,0,0,0,,,0,0,0,0,0
8254,8:0:15:2:9:2,0,0,0,,,0,0,0,0,0
8255,8:0:15:3:15:3,1,,4,0,0,1,0,0,0,0
8256,8:1:0:0:0:1,1,,4,0,0,1,0,0,0,0
8257,8:1:0:1:6:1,1,,4,0,0,1,0,0,0,0
8258,8:1:0:2:9:2,1,,4,0,0,1,0,0,0,0
8259,8:1:0:3:15:3,1,,4,0,0,1,0,0,0,0
8260,8:1:1:0:0:1,1,,4,0,0,1,0,0,0,0
8261,8:1:1:1:6:1,1,,4,0,0,1,0,0,0,0
8262,8:1:1:2:9:2,1,,4,0,0,1,0,0,0,0
8263,8:1:1:3:15:3,1,,4,0,0,1,0,0,0,0
8264,8:1:2:0:0:1,1,,4,0,0,1,0,0,0,0
8265,8:1:2:1:6:1,1,,4,0,0,1,0,0,0,0
8266,8:1:2:2:9:2,1,,4,0,0,1,0,0,0,0
8267,8:1:2:3:15:3,1,,4,0,0,1,0,0,0,0
8268,8:1:3:0:0:1,1,,4,0,0,1,0,0,0,0
8269,8:1:3:1:6:1,1,,4,0,0,1,0,0,0,0
8270,8:1:3:2:9:2,1,,4,0,0,1,0,0,0,0
8271,8:1:3:3:15:3,1,,4,0,0,1,0,0,0,0
8272,8:1:4:0:0:1,0,0,0,,,0,0,0,0,0
8273,8:1:4:1:6:1,0,0,0,,,0,0,0,0,0
8274,8:1:4:2:9:2,0,0,0,,,0,0,0,0,0
8275,8:1:4:3:15:3,1,,4,0,0,1,0,0,0,0
8276,8:1:5:0:0:1,0,0,0,,,0,0,0,0,0
8277,8:1:5:1:6:1,0,0,0,,,0,0,0,0,0
8278,8:1:5:2:9:2,0,0,0,,,0,0,0,0,0
8279,8:1:5:3:15:3,1,,4,0,0,1,0,0,0,0
8280,8:1:6:0:0:1,0,0,0,,,0,0,0,0,0
8281,8:1:6:1:6:1,0,0,0,,,0,0,0,0,0
8282,8:1:6:2:9:2,0,0,0,,,0,0,0,0,0
8283,8:1:6:3:15:3,1,,4,0,0,1,0,0,0,0
8284,8:1:7:0:0:1,0,0,0,,,0,0,0,0,0
8285,8:1:7:1:6:1,0,0,0,,,0,0,0,0,0
8286,8:1:7:2:9:2,0,0,0,,,0,0,0,0,0
8287,8:1:7:3:15:3,1,,4,0,0,1,0,0,0,0
8288,8:1:8:0:0:1,1,1,2,1,1,2,0,0,0,0
8289,8:1:8:1:6:1,1,1,2,1,1,2,0,0,0,0
8290,8:1:8:2:9:2,1,1,2,1,1,2,0,0,0,0
8291,8:1:8:3:15:3,1,,4,0,0,1,0,0,0,0
8292,8:1:9:0:0:1,0,0,0,,,0,0,0,0,0
8293,8:1:9:1:6:1,0,0,0,,,0,0,0,0,0
8294,8:1:9:2:9:2,0,0,0,,,0,0,0,0,0
8295,8:1:9:3:15:3,1,,4,0,0,1,0,0,0,0
8296,8:1:10:0:0:1,0,0,0,,,0,0,0,0,0
8297,8:1:10:1:6:1,0,0,0,,,0,0,0,0,0
8298,8:1:10:2:9:2,0,0,0,,,0,0,0,0,0
8299,8:1:10:3:15:3,1,,4,0,0,1,0,0,0,0
8300,8:1:11:0:0:1,0,0,0,,,0,0,0,0,0
8301,8:1:11:1:6:1,0,0,0,,,0,0,0,0,0
8302,8:1:11:2:9:2,0,0,0,,,0,0,0,0,0
8303,8:1:11:3:15:3,1,,4,0,0,1,0,0,0,0
8304,8:1:12:0:0:1,0,0,0,,,0,0,0,0,0
8305,8:1:12:1:6:1,0,0,0,,,0,0,0,0,0
8306,8:1:12:2:9:2,0,0,0,,,0,0,0,0,0
8307,8:1:12:3:15:3,1,,4,0,0,1,0,0,0,0
8308,8:1:13:0:0:1,0,0,0,,,0,0,0,0,0
8309,8:1:13:1:6:1,0,0,0,,,0,0,0,0,0
8310,8:1:13:2:9:2,0,0,0,,,0,0,0,0,0
8311,8:1:13:3:15:3,1,,4,0,0,1,0,0,0,0
8312,8:1:14:0:0:1,0,0,0,,,0,0,0,0,0
8313,8:1:14:1:6:1,0,0,0,,,0,0,0,0,0
8314,8:1:14:2:9:2,0,0,0,,,0,0,0,0,0
8315,8:1:14:3:15:3,1,,4,0,0,1,0,0,0,0
8316,8:1:15:0:0:1,0,0,0,,,0,0,0,0,0
8317,8:1:15:1:6:1,0,0,0,,,0,0,0,0,0
8318,8:1:15:2:9:2,0,0,0,,,0,0,0,0,0
8319,8:1:15:3:15:3,1,,4,0,0,1,0,0,0,0
8320,8:2:0:0:0:1,1,,4,0,0,1,0,0,0,0
8321,8:2:0:1:6:1,1,,4,0,0,1,0,0,0,0
8322,8:2:0:2:9:2,1,,4,0,0,1,0,0,0,0
8323,8:2:0:3:15:3,1,,4,0,0,1,0,0,0,0
8324,8:2:1:0:0:1,1,,4,0,0,1,0,0,0,0
8325,8:2:1:1:6:1,1,,4,0,0,1,0,0,0,0
8326,8:2:1:2:9:2,1,,4,0,0,1,0,0,0,0
8327,8:2:1:3:15:3,1,,4,0,0,1,0,0,0,0
8328,8:2:2:0:0:1,1,,4,0,0,1,0,0,0,0
8329,8:2:2:1:6:1,1,,4,0,0,1,0,0,0,0
8330,8:2:2:2:9:2,1,,4,0,0,1,0,0,0,0
8331,8:2:2:3:15:3,1,,4,0,0,1,0,0,0,0
8332,8:2:3:0:0:1,1,,4,0,0,1,0,0,0,0
8333,8:2:3:1:6:1,1,,4,0,0,1,0,0,0,0
8334,8:2:3:2:9:2,1,,4,0,0,1,0,0,0,0
8335,8:2:3:3:15:3,1,,4,0,0,1,0,0,0,0
8336,8:2:4:0:0:1,0,0,0,,,0,0,0,0,0
8337,8:2:4:1:6:1,0,0,0,,,0,0,0,0,0
8338,8:2:4:2:9:2,0,0,0,,,0,0,0,0,0
8339,8:2:4:3:15:3,1,,4,0,0,1,0,0,0,0
8340,8:2:5:0:0:1,0,0,0,,,0,0,0,0,0
8341,8:2:5:1:6:1,0,0,0,,,0,0,0,0,0
8342,8:2:5:2:9:2,0,0,0,,,0,0,0,0,0
8343,8:2:5:3:15:3,1,,4,0,0,1,0,0,0,0
8344,8:2:6:0:0:1,0,0,0,,,0,0,0,0,0
8345,8:2:6:1:6:1,0,0,0,,,0,0,0,0,0
8346,8:2:6:2:9:2,0,0,0,,,0,0,0,0,0
8347,8:2:6:3:15:3,1,,4,0,0,1,0,0,0,0
8348,8:2:7:0:0:1,0,0,0,,,0,0,0,0,0
8349,8:2:7:1:6:1,0,0,0,,,0,0,0,0,0
8350,8:2:7:2:9:2,0,0,0,,,0,0,0,0,0
8351,8:2:7:3:15:3,1,,4,0,0,1,0,0,0,0
8352,8:2:8:0:0:1,1,1,2,1,1,2,0,0,0,0
8353,8:2:8:1:6:1,1,1,2,1,1,2,0,0,0,0
8354,8:2:8:2:9:2,1,1,2,1,1,2,0,0,0,0
8355,8:2:8:3:15:3,1,,4,0,0,1,0,0,0,0
8356,8:2:9:0:0:1,0,0,0,,,0,0,0,0,0
8357,8:2:9:1:6:1,0,0,0,,,0,0,0,0,0
8358,8:2:9:2:9:2,0,0,0,,,0,0,0,0,0
8359,8:2:9:3:15:3,1,,4,0,0,1,0,0,0,0
8360,8:2:10:0:0:1,0,0,0,,,0,0,0,0,0
8361,8:2:10:1:6:1,0,0,0,,,0,0,0,0,0
8362,8:2:10:2:9:2,0,0,0,,,0,0,0,0,0
8363,8:2:10:3:15:3,1,,4,0,0,1,0,0,0,0
8364,8:2:11:0:0:1,0,0,0,,,0,0,0,0,0
8365,8:2:11:1:6:1,0,0,0,,,0,0,0,0,0
8366,8:2:11:2:9:2,0,0,0,,,0,0,0,0,0
8367,8:2:11:3:15:3,1,,4,0,0,1,0,0,0,0
8368,8:2:12:0:0:1,0,0,0,,,0,0,0,0,0
8369,8:2:12:1:6:1,0,0,0,,,0,0,0,0,0
8370,8:2:12:2:9:2,0,0,0,,,0,0,0,0,0
8371,8:2:12:3:15:3,1,,4,0,0,1,0,0,0,0
8372,8:2:13:0:0:1,0,0,0,,,0,0,0,0,0
8373,8:2:13:1:6:1,0,0,0,,,0,0,0,0,0
8374,8:2:13:2:9:2,0,0,0,,,0,0,0,0,0
8375,8:2:13:3:15:3,1,,4,0,0,1,0,0,0,0
8376,8:2:14:0:0:1,0,0,0,,,0,0,0,0,0
8377,8:2:14:1:6:1,0,0,0,,,0,0,0,0,0
8378,8:2:14:2:9:2,0,0,0,,,0,0,0,0,0
8379,8:2:14:3:15:3,1,,4,0,0,1,0,0,0,0
8380,8:2:15:0:0:1,0,0,0,,,0,0,0,0,0
8381,8:2:15:1:6:1,0,0,0,,,0,0,0,0,0
8382,8:2:15:2:9:2,0,0,0,,,0,0,0,0,0
8383,8:2:15:3:15:3,1,,4,0,0,1,0,0,0,0
8384,8:3:0:0:0:1,1,,4,0,0,1,0,0,0,0
8385,8:3:0:1:6:1,1,,4,0,0,1,0,0,0,0
8386,8:3:0:2:9:2,1,,4,0,0,1,0,0,0,0
8387,8:3:0:3:15:3,1,,4,0,0,1,0,0,0,0
8388,8:3:1:0:0:1,1,,4,0,0,1,0,0,0,0
8389,8:3:1:1:6:1,1,,4,0,0,1,0,0,0,0
8390,8:3:1:2:9:2,1,,4,0,0,1,0,0,0,0
8391,8:3:1:3:15:3,1,,4,0,0,1,0,0,0,0
8392,8:3:2:0:0:1,1,,4,0,0,1,0,0,0,0
8393,8:3:2:1:6:1,1,,4,0,0,1,0,0,0,0
8394,8:3:2:2:9:2,1,,4,0,0,1,0,0,0,0
8395,8:3:2:3:15:3,1,,4,0,0,1,0,0,0,0
8396,8:3:3:0:0:1,1,,4,0,0,1,0,0,0,0
8397,8:3:3:1:6:1,1,,4,0,0,1,0,0,0,0
8398,8:3:3:2:9:2,1,,4,0,0,1,0,0,0,0
8399,8:3:3:3:15:3,1,,4,0,0,1,0,0,0,0
8400,8:3:4:0:0:1,0,0,0,,,0,0,0,0,0
8401,8:3:4:1:6:1,0,0,0,,,0,0,0,0,0
8402,8:3:4:2:9:2,0,0,0,,,0,0,0,0,0
8403,8:3:4:3:15:3,1,,4,0,0,1,0,0,0,0
8404,8:3:5:0:0:1,0,0,0,,,0,0,0,0,0
8405,8:3:5:1:6:1,0,0,0,,,0,0,0,0,0
8406,8:3:5:2:9:2,0,0,0,,,0,0,0,0,0
8407,8:3:5:3:15:3,1,,4,0,0,1,0,0,0,0
8408,8:3:6:0:0:1,0,0,0,,,0,0,0,0,0
8409,8:3:6:1:6:1,0,0,0,,,0,0,0,0,0
8410,8:3:6:2:9:2,0,0,0,,,0,0,0,0,0
8411,8:3:6:3:15:3,1,,4,0,0,1,0,0,0,0
8412,8:3:7:0:0:1,0,0,0,,,0,0,0,0,0
8413,8:3:7:1:6:1,0,0,0,,,0,0,0,0,0
8414,8:3:7:2:9:2,0,0,0,,,0,0,0,0,0
8415,8:3:7:3:15:3,1,,4,0,0,1,0,0,0,0
8416,8:3:8:0:0:1,1,1,2,1,1,2,0,0,0,0
8417,8:3:8:1:6:1,1,1,2,1,1,2,0,0,0,0
8418,8:3:8:2:9:2,1,1,2,1,1,2,0,0,0,0
8419,8:3:8:3:15:3,1,,4,0,0,1,0,0,0,0
8420,8:3:9:0:0:1,0,0,0,,,0,0,0,0,0
8421,8:3:9:1:6:1,0,0,0,,,0,0,0,0,0
8422,8:3:9:2:9:2,0,0,0,,,0,0,0,0,0
8423,8:3:9:3:15:3,1,,4,0,0,1,0,0,0,0
8424,8:3:10:0:0:1,0,0,0,,,0,0,0,0,0
8425,8:3:10:1:6:1,0,0,0,,,0,0,0,0,0
8426,8:3:10:2:9:2,0,0,0,,,0,0,0,0,0
8427,8:3:10:3:15:3,1,,4,0,0,1,0,0,0,0
8428,8:3:11:0:0:1,0,0,0,,,0,0,0,0,0
8429,8:3:11:1:6:1,0,0,0,,,0,0,0,0,0
8430,8:3:11:2:9:2,0,0,0,,,0,0,0,0,0
8431,8:3:11:3:15:3,1,,4,0,0,1,0,0,0,0
8432,8:3:12:0:0:1,0,0,0,,,0,0,0,0,0
8433,8:3:12:1:6:1,0,0,0,,,0,0,0,0,0
8434,8:3:12:2:9:2,0,0,0,,,0,0,0,0,0
8435,8:3:12:3:15:3,1,,4,0,0,1,0,0,0,0
8436,8:3:13:0:0:1,0,0,0,,,0,0,0,0,0
8437,8:3:13:1:6:1,0,0,0,,,0,0,0,0,0
8438,8:3:13:2:9:2,0,0,0,,,0,0,0,0,0
8439,8:3:13:3:15:3,1,,4,0,0,1,0,0,0,0
8440,8:3:14:0:0:1,0,0,0,,,0,0,0,0,0
8441,8:3:14:1:6:1,0,0,0,,,0,0,0,0,0
8442,8:3:14:2:9:2,0,0,0,,,0,0,0,0,0
8443,8:3:14:3:15:3,1,,4,0,0,1,0,0,0,0
8444,8:3:15:0:0:1,0,0,0,,,0,0,0,0,0
8445,8:3:15:1:6:1,0,0,0,,,0,0,0,0,0
8446,8:3:15:2:9:2,0,0,0,,,0,0,0,0,0
8447,8:3:15:3:15:3,1,,4,0,0,1,0,0,0,0
8448,8:4:0:0:0:1,1,,4,0,0,1,0,0,0,0
8449,8:4:0:1:6:1,1,,4,0,0,1,0,0,0,0
8450,8:4:0:2:9:2,1,,4,0,0,1,0,0,0,0
8451,8:4:0:3:15:3,1,,4,0,0,1,0,0,0,0
8452,8:4:1:0:0:1,1,,4,0,0,1,0,0,0,0
8453,8:4:1:1:6:1,1,,4,0,0,1,0,0,0,0
8454,8:4:1:2:9:2,1,,4,0,0,1,0,0,0,0
8455,8:4:1:3:15:3,1,,4,0,0,1,0,0,0,0
8456,8:4:2:0:0:1,1,,4,0,0,1,0,0,0,0
8457,8:4:2:1:6:1,1,,4,0,0,1,0,0,0,0
8458,8:4:2:2:9:2,1,,4,0,0,1,0,0,0,0
8459,8:4:2:3:15:3,1,,4,0,0,1,0,0,0,0
8460,8:4:3:0:0:1,1,,4,0,0,1,0,0,0,0
8461,8:4:3:1:6:1,1,,4,0,0,1,0,0,0,0
8462,8:4:3:2:9:2,1,,4,0,0,1,0,0,0,0
8463,8:4:3:3:15:3,1,,4,0,0,1,0,0,0,0
8464,8:4:4:0:0:1,1,2,2,2,2,2,0,0,0,0
8465,8:4:4:1:6:1,1,2,2,2,2,2,0,0,0,0
8466,8:4:4:2:9:2,1,2,2,2,2,2,0,0,0,0
8467,8:4:4:3:15:3,1,,4,0,0,1,0,0,0,0
8468,8:4:5:0:0:1,0,0,0,,,0,0,0,0,0
8469,8:4:5:1:6:1,0,0,0,,,0,0,0,0,0
8470,8:4:5:2:9:2,0,0,0,,,0,0,0,0,0
8471,8:4:5:3:15:3,1,,4,0,0,1,0,0,0,0
8472,8:4:6:0:0:1,0,0,0,,,0,0,0,0,0
8473,8:4:6:1:6:1,0,0,0,,,0,0,0,0,0
8474,8:4:6:2:9:2,0,0,0,,,0,0,0,0,0
8475,8:4:6:3:15:3,1,,4,0,0,1,0,0,0,0
8476,8:4:7:0:0:1,0,0,0,,,0,0,0,0,0
8477,8:4:7:1:6:1,0,0,0,,,0,0,0,0,0
8478,8:4:7:2:9:2,0,0,0,,,0,0,0,0,0
8479,8:4:7:3:15:3,1,,4,0,0,1,0,0,0,0
8480,8:4:8:0:0:1,1,1,2,1,1,2,0,0,0,0
8481,8:4:8:1:6:1,1,1,2,1,1,2,0,0,0,0
8482,8:4:8:2:9:2,1,1,2,1,1,2,0,0,0,0
8483,8:4:8:3:15:3,1,,4,0,0,1,0,0,0,0
8484,8:4:9:0:0:1,0,0,0,,,0,0,0,0,0
8485,8:4:9:1:6:1,0,0,0,,,0,0,0,0,0
8486,8:4:9:2:9:2,0,0,0,,,0,0,0,0,0
8487,8:4:9:3:15:3,1,,4,0,0,1,0,0,0,0
8488,8:4:10:0:0:1,0,0,0,,,0,0,0,0,0
8489,8:4:10:1:6:1,0,0,0,,,0,0,0,0,0
8490,8:4:10:2:9:2,0,0,0,,,0,0,0,0,0
8491,8:4:10:3:15:3,1,,4,0,0,1,0,0,0,0
8492,8:4:11:0:0:1,0,0,0,,,0,0,0,0,0
8493,8:4:11:1:6:1,0,0,0,,,0,0,0,0,0
8494,8:4:11:2:9:2,0,0,0,,,0,0,0,0,0
8495,8:4:11:3:15:3,1,,4,0,0,1,0,0,0,0
8496,8:4:12:0:0:1,0,0,0,,,0,0,0,0,0
8497,8:4:12:1:6:1,0,0,0,,,0,0,0,0,0
8498,8:4:12:2:9:2,0,0,0,,,0,0,0,0,0
8499,8:4:12:3:15:3,1,,4,0,0,1,0,0,0,0
8500,8:4:13:0:0:1,0,0,0,,,0,0,0,0,0
8501,8:4:13:1:6:1,0,0,0,,,0,0,0,0,0
8502,8:4:13:2:9:2,0,0,0,,,0,0,0,0,0
8503,8:4:13:3:15:3,1,,4,0,0,1,0,0,0,0
8504,8:4:14:0:0:1,0,0,0,,,0,0,0,0,0
8505,8:4:14:1:6:1,0,0,0,,,0,0,0,0,0
8506,8:4:14:2:9:2,0,0,0,,,0,0,0,0,0
8507,8:4:14:3:15:3,1,,4,0,0,1,0,0,0,0
8508,8:4:15:0:0:1,0,0,0,,,0,0,0,0,0
8509,8:4:15:1:6:1,0,0,0,,,0,0,0,0,0
8510,8:4:15:2:9:2,0,0,0,,,0,0,0,0,0
8511,8:4:15:3:15:3,1,,4,0,0,1,0,0,0,0
8512,8:5:0:0:0:1,1,,4,0,0,1,0,0,0,0
8513,8:5:0:1:6:1,1,,4,0,0,1,0,0,0,0
8514,8:5:0:2:9:2,1,,4,0,0,1,0,0,0,0
8515,8:5:0:3:15:3,1,,4,0,0,1,0,0,0,0
8516,8:5:1:0:0:1,1,,4,0,0,1,0,0,0,0
8517,8:5:1:1:6:1,1,,4,0,0,1,0,0,0,0
8518,8:5:1:2:9:2,1,,4,0,0,1,0,0,0,0
8519,8:5:1:3:15:3,1,,4,0,0,1,0,0,0,0
8520,8:5:2:0:0:1,1,,4,0,0,1,0,0,0,0
8521,8:5:2:1:6:1,1,,4,0,0,1,0,0,0,0
8522,8:5:2:2:9:2,1,,4,0,0,1,0,0,0,0
8523,8:5:2:3:15:3,1,,4,0,0,1,0,0,0,0
8524,8:5:3:0:0:1,1,,4,0,0,1,0,0,0,0
8525,8:5:3:1:6:1,1,,4,0,0,1,0,0,0,0
8526,8:5:3:2:9:2,1,,4,0,0,1,0,0,0,0
8527,8:5:3:3:15:3,1,,4,0,0,1,0,0,0,0
8528,8:5:4:0:0:1,0,0,0,,,0,0,0,0,0
8529,8:5:4:1:6:1,0,0,0,,,0,0,0,0,0
8530,8:5:4:2:9:2,0,0,0,,,0,0,0,0,0
8531,8:5:4:3:15:3,1,,4,0,0,1,0,0,0,0
8532,8:5:5:0:0:1,1,2,2,2,2,2,0,0,0,0
8533,8:5:5:1:6:1,1,2,2,2,2,2,0,0,0,0
8534,8:5:5:2:9:2,1,2,2,2,2,2,0,0,0,0
8535,8:5:5:3:15:3,1,,4,0,0,1,0,0,0,0
8536,8:5:6:0:0:1,0,0,0,,,0,0,0,0,0
8537,8:5:6:1:6:1,0,0,0,,,0,0,0,0,0
8538,8:5:6:2:9:2,0,0,0,,,0,0,0,0,0
8539,8:5:6:3:15:3,1,,4,0,0,1,0,0,0,0
8540,8:5:7:0:0:1,0,0,0,,,0,0,0,0,0
8541,8:5:7:1:6:1,0,0,0,,,0,0,0,0,0
8542,8:5:7:2:9:2,0,0,0,,,0,0,0,0,0
8543,8:5:7:3:15:3,1,,4,0,0,1,0,0,0,0
8544,8:5:8:0:0:1,1,1,2,1,1,2,0,0,0,0
8545,8:5:8:1:6:1,1,1,2,1,1,2,0,0,0,0
8546,8:5:8:2:9:2,1,1,2,1,1,2,0,0,0,0
8547,8:5:8:3:15:3,1,,4,0,0,1,0,0,0,0
8548,8:5:9:0:0:1,0,0,0,,,0,0,0,0,0
8549,8:5:9:1:6:1,0,0,0,,,0,0,0,0,0
8550,8:5:9:2:9:2,0,0,0,,,0,0,0,0,0
8551,8:5:9:3:15:3,1,,4,0,0,1,0,0,0,0
8552,8:5:10:0:0:1,0,0,0,,,0,0,0,0,0
8553,8:5:10:1:6:1,0,0,0,,,0,0,0,0,0
8554,8:5:10:2:9:2,0,0,0,,,0,0,0,0,0
8555,8:5:10:3:15:3,1,,4,0,0,1,0,0,0,0
8556,8:5:11:0:0:1,0,0,0,,,0,0,0,0,0
8557,8:5:11:1:6:1,0,0,0,,,0,0,0,0,0
8558,8:5:11:2:9:2,0,0,0,,,0,0,0,0,0
8559,8:5:11:3:15:3,1,,4,0,0,1,0,0,0,0
8560,8:5:12:0:0:1,0,0,0,,,0,0,0,0,0
8561,8:5:12:1:6:1,0,0,0,,,0,0,0,0,0
8562,8:5:12:2:9:2,0,0,0,,,0,0,0,0,0
8563,8:5:12:3:15:3,1,,4,0,0,1,0,0,0,0
8564,8:5:13:0:0:1,0,0,0,,,0,0,0,0,0
8565,8:5:13:1:6:1,0,0,0,,,0,0,0,0,0
8566,8:5:13:2:9:2,0,0,0,,,0,0,0,0,0
8567,8:5:13:3:15:3,1,,4,0,0,1,0,0,0,0
8568,8:5:14:0:0:1,0,0,0,,,0,0,0,0,0
8569,8:5:14:1:6:1,0,0,0,,,0,0,0,0,0
8570,8:5:14:2:9:2,0,0,0,,,0,0,0,0,0
8571,8:5:14:3:15:3,1,,4,0,0,1,0,0,0,0
8572,8:5:15:0:0:1,0,0,0,,,0,0,0,0,0
8573,8:5:15:1:6:1,0,0,0,,,0,0,0,0,0
8574,8:5:15:2:9:2,0,0,0,,,0,0,0,0,0
8575,8:5:15:3:15:3,1,,4,0,0,1,0,0,0,0
8576,8:6:0:0:0:1,1,,4,0,0,1,0,0,0,0
8577,8:6:0:1:6:1,1,,4,0,0,1,0,0,0,0
8578,8:6:0:2:9:2,1,,4,0,0,1,0,0,0,0
8579,8:6:0:3:15:3,1,,4,0,0,1,0,0,0,0
8580,8:6:1:0:0:1,1,,4,0,0,1,0,0,0,0
8581,8:6:1:1:6:1,1,,4,0,0,1,0,0,0,0
8582,8:6:1:2:9:2,1,,4,0,0,1,0,0,0,0
8583,8:6:1:3:15:3,1,,4,0,0,1,0,0,0,0
8584,8:6:2:0:0:1,1,,4,0,0,1,0,0,0,0
8585,8:6:2:1:6:1,1,,4,0,0,1,0,0,0,0
8586,8:6:2:2:9:2,1,,4,0,0,1,0,0,0,0
8587,8:6:2:3:15:3,1,,4,0,0,1,0,0,0,0
8588,8:6:3:0:0:1,1,,4,0,0,1,0,0,0,0
8589,8:6:3:1:6:1,1,,4,0,0,1,0,0,0,0
8590,8:6:3:2:9:2,1,,4,0,0,1,0,0,0,0
8591,8:6:3:3:15:3,1,,4,0,0,1,0,0,0,0
8592,8:6:4:0:0:1,0,0,0,,,0,0,0,0,0
8593,8:6:4:1:6:1,0,0,0,,,0,0,0,0,0
8594,8:6:4:2:9:2,0,0,0,,,0,0,0,0,0
8595,8:6:4:3:15:3,1,,4,0,0,1,0,0,0,0
8596,8:6:5:0:0:1,0,0,0,,,0,0,0,0,0
8597,8:6:5:1:6:1,0,0,0,,,0,0,0,0,0
8598,8:6:5:2:9:2,0,0,0,,,0,0,0,0,0
8599,8:6:5:3:15:3,1,,4,0,0,1,0,0,0,0
8600,8:6:6:0:0:1,1,2,2,2,2,2,0,0,0,0
8601,8:6:6:1:6:1,1,2,2,2,2,2,0,0,0,0
8602,8:6:6:2:9:2,1,2,2,2,2,2,0,0,0,0
8603,8:6:6:3:15:3,1,,4,0,0,1,0,0,0,0
8604,8:6:7:0:0:1,0,0,0,,,0,0,0,0,0
8605,8:6:7:1:6:1,0,0,0,,,0,0,0,0,0
8606,8:6:7:2:9:2,0,0,0,,,0,0,0,0,0
8607,8:6:7:3:15:3,1,,4,0,0,1,0,0,0,0
8608,8:6:8:0:0:1,1,1,2,1,1,2,0,0,0,0
8609,8:6:8:1:6:1,1,1,2,1,1,2,0,0,0,0
8610,8:6:8:2:9:2,1,1,2,1,1,2,0,0,0,0
8611,8:6:8:3:15:3,1,,4,0,0,1,0,0,0,0
8612,8:6:9:0:0:1,0,0,0,,,0,0,0,0,0
8613,8:6:9:1:6:1,0,0,0,,,0,0,0,0,0
8614,8:6:9:2:9:2,0,0,0,,,0,0,0,0,0
8615,8:6:9:3:15:3,1,,4,0,0,1,0,0,0,0
8616,8:6:10:0:0:1,0,0,0,,,0,0,0,0,0
8617,8:6:10:1:6:1,0,0,0,,,0,0,0,0,0
8618,8:6:10:2:9:2,0,0,0,,,0,0,0,0,0
8619,8:6:10:3:15:3,1,,4,0,0,1,0,0,0,0
8620,8:6:11:0:0:1,0,0,0,,,0,0,0,0,0
8621,8:6:11:1:6:1,0,0,0,,,0,0,0,0,0
8622,8:6:11:2:9:2,0,0,0,,,0,0,0,0,0
8623,8:6:11:3:15:3,1,,4,0,0,1,0,0,0,0
8624,8:6:12:0:0:1,0,0,0,,,0,0,0,0,0
8625,8:6:12:1:6:1,0,0,0,,,0,0,0,0,0
8626,8:6:12:2:9:2,0,0,0,,,0,0,0,0,0
8627,8:6:12:3:15:3,1,,4,0,0,1,0,0,0,0
8628,8:6:13:0:0:1,0,0,0,,,0,0,0,0,0
8629,8:6:13:1:6:1,0,0,0,,,0,0,0,0,0
8630,8:6:13:2:9:2,0,0,0,,,0,0,0,0,0
8631,8:6:13:3:15:3,1,,4,0,0,1,0,0,0,0
8632,8:6:14:0:0:1,0,0,0,,,0,0,0,0,0
8633,8:6:14:1:6:1,0,0,0,,,0,0,0,0,0
8634,8:6:14:2:9:2,0,0,0,,,0,0,0,0,0
8635,8:6:14:3:15:3,1,,4,0,0,1,0,0,0,0
8636,8:6:15:0:0:1,0,0,0,,,0,0,0,0,0
8637,8:6:15:1:6:1,0,0,0,,,0,0,0,0,0
8638,8:6:15:2:9:2,0,0,0,,,0,0,0,0,0
8639,8:6:15:3:15:3,1,,4,0,0,1,0,0,0,0
8640,8:7:0:0:0:1,1,,4,0,0,1,0,0,0,0
8641,8:7:0:1:6:1,1,,4,0,0,1,0,0,0,0
8642,8:7:0:2:9:2,1,,4,0,0,1,0,0,0,0
8643,8:7:0:3:15:3,1,,4,0,0,1,0,0,0,0
8644,8:7:1:0:0:1,1,,4,0,0,1,0,0,0,0
8645,8:7:1:1:6:1,1,,4,0,0,1,0,0,0,0
8646,8:7:1:2:9:2,1,,4,0,0,1,0,0,0,0
8647,8:7:1:3:15:3,1,,4,0,0,1,0,0,0,0
8648,8:7:2:0:0:1,1,,4,0,0,1,0,0,0,0
8649,8:7:2:1:6:1,1,,4,0,0,1,0,0,0,0
8650,8:7:2:2:9:2,1,,4,0,0,1,0,0,0,0
8651,8:7:2:3:15:3,1,,4,0,0,1,0,0,0,0
8652,8:7:3:0:0:1,1,,4,0,0,1,0,0,0,0
8653,8:7:3:1:6:1,1,,4,0,0,1,0,0,0,0
8654,8:7:3:2:9:2,1,,4,0,0,1,0,0,0,0
8655,8:7:3:3:15:3,1,,4,0,0,1,0,0,0,0
8656,8:7:4:0:0:1,0,0,0,,,0,0,0,0,0
8657,8:7:4:1:6:1,0,0,0,,,0,0,0,0,0
8658,8:7:4:2:9:2,0,0,0,,,0,0,0,0,0
8659,8:7:4:3:15:3,1,,4,0,0,1,0,0,0,0
8660,8:7:5:0:0:1,0,0,0,,,0,0,0,0,0
8661,8:7:5:1:6:1,0,0,0,,,0,0,0,0,0
8662,8:7:5:2:9:2,0,0,0,,,0,0,0,0,0
8663,8:7:5:3:15:3,1,,4,0,0,1,0,0,0,0
8664,8:7:6:0:0:1,0,0,0,,,0,0,0,0,0
8665,8:7:6:1:6:1,0,0,0,,,0,0,0,0,0
8666,8:7:6:2:9:2,0,0,0,,,0,0,0,0,0
8667,8:7:6:3:15:3,1,,4,0,0,1,0,0,0,0
8668,8:7:7:0:0:1,1,2,2,2,2,2,0,0,0,0
8669,8:7:7:1:6:1,1,2,2,2,2,2,0,0,0,0
8670,8:7:7:2:9:2,1,2,2,2,2,2,0,0,0,0
8671,8:7:7:3:15:3,1,,4,0,0,1,0,0,0,0
8672,8:7:8:0:0:1,1,1,2,1,1,2,0,0,0,0
8673,8:7:8:1:6:1,1,1,2,1,1,2,0,0,0,0
8674,8:7:8:2:9:2,1,1,2,1,1,2,0,0,0,0
8675,8:7:8:3:15:3,1,,4,0,0,1,0,0,0,0
8676,8:7:9:0:0:1,0,0,0,,,0,0,0,0,0
8677,8:7:9:1:6:1,0,0,0,,,0,0,0,0,0
8678,8:7:9:2:9:2,0,0,0,,,0,0,0,0,0
8679,8:7:9:3:15:3,1,,4,0,0,1,0,0,0,0
8680,8:7:10:0:0:1,0,0,0,,,0,0,0,0,0
8681,8:7:10:1:6:1,0,0,0,,,0,0,0,0,0
8682,8:7:10:2:9:2,0,0,0,,,0,0,0,0,0
8683,8:7:10:3:15:3,1,,4,0,0,1,0,0,0,0
8684,8:7:11:0:0:1,0,0,0,,,0,0,0,0,0
8685,8:7:11:1:6:1,0,0,0,,,0,0,0,0,0
8686,8:7:11:2:9:2,0,0,0,,,0,0,0,0,0
8687,8:7:11:3:15:3,1,,4,0,0,1,0,0,0,0
8688,8:7:12:0:0:1,0,0,0,,,0,0,0,0,0
8689,8:7:12:1:6:1,0,0,0,,,0,0,0,0,0
8690,8:7:12:2:9:2,0,0,0,,,0,0,0,0,0
8691,8:7:12:3:15:3,1,,4,0,0,1,0,0,0,0
8692,8:7:13:0:0:1,1,1;2,1,3,3,3,0,0,0,0
8693,8:7:13:1:6:1,1,1;2,1,3,3,3,0,0,0,0
8694,8:7:13:2:9:2,1,1;2,1,3,3,3,0,0,0,0
8695,8:7:13:3:15:3,1,,4,0,0,1,0,0,0,0
8696,8:7:14:0:0:1,0,0,0,,,0,0,0,0,0
8697,8:7:14:1:6:1,0,0,0,,,0,0,0,0,0
8698,8:7:14:2:9:2,0,0,0,,,0,0,0,0,0
8699,8:7:14:3:15:3,1,,4,0,0,1,0,0,0,0
8700,8:7:15:0:0:1,0,0,0,,,0,0,0,0,0
8701,8:7:15:1:6:1,0,0,0,,,0,0,0,0,0
8702,8:7:15:2:9:2,0,0,0,,,0,0,0,0,0
8703,8:7:15:3:15:3,1,,4,0,0,1,0,0,0,0
8704,8:8:0:0:0:1,1,,4,0,0,1,0,0,0,0
8705,8:8:0:1:6:1,1,,4,0,0,1,0,0,0,0
8706,8:8:0:2:9:2,1,,4,0,0,1,0,0,0,0
8707,8:8:0:3:15:3,1,,4,0,0,1,0,0,0,0
8708,8:8:1:0:0:1,1,,4,0,0,1,0,0,0,0
8709,8:8:1:1:6:1,1,,4,0,0,1,0,0,0,0
8710,8:8:1:2:9:2,1,,4,0,0,1,0,0,0,0
8711,8:8:1:3:15:3,1,,4,0,0,1,0,0,0,0
8712,8:8:2:0:0:1,1,,4,0,0,1,0,0,0,0
8713,8:8:2:1:6:1,1,,4,0,0,1,0,0,0,0
8714,8:8:2:2:9:2,1,,4,0,0,1,0,0,0,0
8715,8:8:2:3:15:3,1,,4,0,0,1,0,0,0,0
8716,8:8:3:0:0:1,1,,4,0,0,1,0,0,0,0
8717,8:8:3:1:6:1,1,,4,0,0,1,0,0,0,0
8718,8:8:3:2:9:2,1,,4,0,0,1,0,0,0,0
8719,8:8:3:3:15:3,1,,4,0,0,1,0,0,0,0
8720,8:8:4:0:0:1,0,0,0,,,0,0,0,0,0
8721,8:8:4:1:6:1,0,0,0,,,0,0,0,0,0
8722,8:8:4:2:9:2,0,0,0,,,0,0,0,0,0
8723,8:8:4:3:15:3,1,,4,0,0,1,0,0,0,0
8724,8:8:5:0:0:1,0,0,0,,,0,0,0,0,0
8725,8:8:5:1:6:1,0,0,0,,,0,0,0,0,0
8726,8:8:5:2:9:2,0,0,0,,,0,0,0,0,0
8727,8:8:5:3:15:3,1,,4,0,0,1,0,0,0,0
8728,8:8:6:0:0:1,0,0,0,,,0,0,0,0,0
8729,8:8:6:1:6:1,0,0,0,,,0,0,0,0,0
8730,8:8:6:2:9:2,0,0,0,,,0,0,0,0,0
8731,8:8:6:3:15:3,1,,4,0,0,1,0,0,0,0
8732,8:8:7:0:0:1,0,0,0,,,0,0,0,0,0
8733,8:8:7:1:6:1,0,0,0,,,0,0,0,0,0
8734,8:8:7:2:9:2,0,0,0,,,0,0,0,0,0
8735,8:8:7:3:15:3,1,,4,0,0,1,0,0,0,0
8736,8:8:8:0:0:1,1,3,3,1,1,3,0,0,0,0
8737,8:8:8:1:6:1,1,3,3,1,1,3,0,0,0,0
8738,8:8:8:2:9:2,1,3,3,1,1,3,0,0,0,0
8739,8:8:8:3:15:3,1,,4,0,0,1,0,0,0,0
8740,8:8:9:0:0:1,0,0,0,,,0,0,0,0,0
8741,8:8:9:1:6:1,0,0,0,,,0,0,0,0,0
8742,8:8:9:2:9:2,0,0,0,,,0,0,0,0,0
8743,8:8:9:3:15:3,1,,4,0,0,1,0,0,0,0
8744,8:8:10:0:0:1,0,0,0,,,0,0,0,0,0
8745,8:8:10:1:6:1,0,0,0,,,0,0,0,0,0
8746,8:8:10:2:9:2,0,0,0,,,0,0,0,0,0
8747,8:8:10:3:15:3,1,,4,0,0,1,0,0,0,0
8748,8:8:11:0:0:1,0,0,0,,,0,0,0,0,0
8749,8:8:11:1:6:1,0,0,0,,,0,0,0,0,0
8750,8:8:11:2:9:2,0,0,0,,,0,0,0,0,0
8751,8:8:11:3:15:3,1,,4,0,0,1,0,0,0,0
8752,8:8:12:0:0:1,0,0,0,,,0,0,0,0,0
8753,8:8:12:1:6:1,0,0,0,,,0,0,0,0,0
8754,8:8:12:2:9:2,0,0,0,,,0,0,0,0,0
8755,8:8:12:3:15:3,1,,4,0,0,1,0,0,0,0
8756,8:8:13:0:0:1,0,0,0,,,0,0,0,0,0
8757,8:8:13:1:6:1,0,0,0,,,0,0,0,0,0
8758,8:8:13:2:9:2,0,0,0,,,0,0,0,0,0
8759,8:8:13:3:15:3,1,,4,0,0,1,0,0,0,0
8760,8:8:14:0:0:1,0,0,0,,,0,0,0,0,0
8761,8:8:14:1:6:1,0,0,0,,,0,0,0,0,0
8762,8:8:14:2:9:2,0,0,0,,,0,0,0,0,0
8763,8:8:14:3:15:3,1,,4,0,0,1,0,0,0,0
8764,8:8:15:0:0:1,0,0,0,,,0,0,0,0,0
8765,8:8:15:1:6:1,0,0,0,,,0,0,0,0,0
8766,8:8:15:2:9:2,0,0,0,,,0,0,0,0,0
8767,8:8:15:3:15:3,1,,4,0,0,1,0,0,0,0
8768,8:9:0:0:0:1,1,,4,0,0,1,0,0,0,0
8769,8:9:0:1:6:1,1,,4,0,0,1,0,0,0,0
8770,8:9:0:2:9:2,1,,4,0,0,1,0,0,0,0
8771,8:9:0:3:15:3,1,,4,0,0,1,0,0,0,0
8772,8:9:1:0:0:1,1,,4,0,0,1,0,0,0,0
8773,8:9:1:1:6:1,1,,4,0,0,1,0,0,0,0
8774,8:9:1:2:9:2,1,,4,0,0,1,0,0,0,0
8775,8:9:1:3:15:3,1,,4,0,0,1,0,0,0,0
8776,8:9:2:0:0:1,1,,4,0,0,1,0,0,0,0
8777,8:9:2:1:6:1,1,,4,0,0,1,0,0,0,0
8778,8:9:2:2:9:2,1,,4,0,0,1,0,0,0,0
8779,8:9:2:3:15:3,1,,4,0,0,1,0,0,0,0
8780,8:9:3:0:0:1,1,,4,0,0,1,0,0,0,0
8781,8:9:3:1:6:1,1,,4,0,0,1,0,0,0,0
8782,8:9:3:2:9:2,1,,4,0,0,1,0,0,0,0
8783,8:9:3:3:15:3,1,,4,0,0,1,0,0,0,0
8784,8:9:4:0:0:1,0,0,0,,,0,0,0,0,0
8785,8:9:4:1:6:1,0,0,0,,,0,0,0,0,0
8786,8:9:4:2:9:2,0,0,0,,,0,0,0,0,0
8787,8:9:4:3:15:3,1,,4,0,0,1,0,0,0,0
8788,8:9:5:0:0:1,0,0,0,,,0,0,0,0,0
8789,8:9:5:1:6:1,0,0,0,,,0,0,0,0,0
8790,8:9:5:2:9:2,0,0,0,,,0,0,0,0,0
8791,8:9:5:3:15:3,1,,4,0,0,1,0,0,0,0
8792,8:9:6:0:0:1,0,0,0,,,0,0,0,0,0
8793,8:9:6:1:6:1,0,0,0,,,0,0,0,0,0
8794,8:9:6:2:9:2,0,0,0,,,0,0,0,0,0
8795,8:9:6:3:15:3,1,,4,0,0,1,0,0,0,0
8796,8:9:7:0:0:1,0,0,0,,,0,0,0,0,0
8797,8:9:7:1:6:1,0,0,0,,,0,0,0,0,0
8798,8:9:7:2:9:2,0,0,0,,,0,0,0,0,0
8799,8:9:7:3:15:3,1,,4,0,0,1,0,0,0,0
8800,8:9:8:0:0:1,1,1,2,1,1,2,0,0,0,0
8801,8:9:8:1:6:1,1,1,2,1,1,2,0,0,0,0
8802,8:9:8:2:9:2,1,1,2,1,1,2,0,0,0,0
8803,8:9:8:3:15:3,1,,4,0,0,1,0,0,0,0
8804,8:9:9:0:0:1,1,2,2,2,2,2,0,0,0,0
8805,8:9:9:1:6:1,1,2,2,2,2,2,0,0,0,0
8806,8:9:9:2:9:2,1,2,2,2,2,2,0,0,0,0
8807,8:9:9:3:15:3,1,,4,0,0,1,0,0,0,0
8808,8:9:10:0:0:1,0,0,0,,,0,0,0,0,0
8809,8:9:10:1:6:1,0,0,0,,,0,0,0,0,0
8810,8:9:10:2:9:2,0,0,0,,,0,0,0,0,0
8811,8:9:10:3:15:3,1,,4,0,0,1,0,0,0,0
8812,8:9:11:0:0:1,0,0,0,,,0,0,0,0,0
8813,8:9:11:1:6:1,0,0,0,,,0,0,0,0,0
8814,8:9:11:2:9:2,0,0,0,,,0,0,0,0,0
8815,8:9:11:3:15:3,1,,4,0,0,1,0,0,0,0
8816,8:9:12:0:0:1,0,0,0,,,0,0,0,0,0
8817,8:9:12:1:6:1,0,0,0,,,0,0,0,0,0
8818,8:9:12:2:9:2,0,0,0,,,0,0,0,0,0
8819,8:9:12:3:15:3,1,,4,0,0,1,0,0,0,0
8820,8:9:13:0:0:1,0,0,0,,,0,0,0,0,0
8821,8:9:13:1:6:1,0,0,0,,,0,0,0,0,0
8822,8:9:13:2:9:2,0,0,0,,,0,0,0,0,0
8823,8:9:13:3:15:3,1,,4,0,0,1,0,0,0,0
8824,8:9:14:0:0:1,0,0,0,,,0,0,0,0,0
8825,8:9:14:1:6:1,0,0,0,,,0,0,0,0,0
8826,8:9:14:2:9:2,0,0,0,,,0,0,0,0,0
8827,8:9:14:3:15:3,1,,4,0,0,1,0,0,0,0
8828,8:9:15:0:0:1,0,0,0,,,0,0,0,0,0
8829,8:9:15:1:6:1,0,0,0,,,0,0,0,0,0
8830,8:9:15:2:9:2,0,0,0,,,0,0,0,0,0
8831,8:9:15:3:15:3,1,,4,0,0,1,0,0,0,0
8832,8:10:0:0:0:1,1,,4,0,0,1,0,0,0,0
8833,8:10:0:1:6:1,1,,4,0,0,1,0,0,0,0
8834,8:10:0:2:9:2,1,,4,0,0,1,0,0,0,0
8835,8:10:0:3:15:3,1,,4,0,0,1,0,0,0,0
8836,8:10:1:0:0:1,1,,4,0,0,1,0,0,0,0
8837,8:10:1:1:6:1,1,,4,0,0,1,0,0,0,0
8838,8:10:1:2:9:2,1,,4,0,0,1,0,0,0,0
8839,8:10:1:3:15:3,1,,4,0,0,1,0,0,0,0
8840,8:10:2:0:0:1,1,,4,0,0,1,0,0,0,0
8841,8:10:2:1:6:1,1,,4,0,0,1,0,0,0,0
8842,8:10:2:2:9:2,1,,4,0,0,1,0,0,0,0
8843,8:10:2:3:15:3,1,,4,0,0,1,0,0,0,0
8844,8:10:3:0:0:1,1,,4,0,0,1,0,0,0,0
8845,8:10:3:1:6:1,1,,4,0,0,1,0,0,0,0
8846,8:10:3:2:9:2,1,,4,0,0,1,0,0,0,0
8847,8:10:3:3:15:3,1,,4,0,0,1,0,0,0,0
8848,8:10:4:0:0:1,0,0,0,,,0,0,0,0,0
8849,8:10:4:1:6:1,0,0,0,,,0,0,0,0,0
8850,8:10:4:2:9:2,0,0,0,,,0,0,0,0,0
8851,8:10:4:3:15:3,1,,4,0,0,1,0,0,0,0
8852,8:10:5:0:0:1,0,0,0,,,0,0,0,0,0
8853,8:10:5:1:6:1,0,0,0,,,0,0,0,0,0
8854,8:10:5:2:9:2,0,0,0,,,0,0,0,0,0
8855,8:10:5:3:15:3,1,,4,0,0,1,0,0,0,0
8856,8:10:6:0:0:1,0,0,0,,,0,0,0,0,0
8857,8:10:6:1:6:1,0,0,0,,,0,0,0,0,0
8858,8:10:6:2:9:2,0,0,0,,,0,0,0,0,0
8859,8:10:6:3:15:3,1,,4,0,0,1,0,0,0,0
8860,8:10:7:0:0:1,0,0,0,,,0,0,0,0,0
8861,8:10:7:1:6:1,0,0,0,,,0,0,0,0,0
8862,8:10:7:2:9:2,0,0,0,,,0,0,0,0,0
8863,8:10:7:3:15:3,1,,4,0,0,1,0,0,0,0
8864,8:10:8:0:0:1,1,1,2,1,1,2,0,0,0,0
8865,8:10:8:1:6:1,1,1,2,1,1,2,0,0,0,0
8866,8:10:8:2:9:2,1,1,2,1,1,2,0,0,0,0
8867,8:10:8:3:15:3,1,,4,0,0,1,0,0,0,0
8868,8:10:9:0:0:1,0,0,0,,,0,0,0,0,0
8869,8:10:9:1:6:1,0,0,0,,,0,0,0,0,0
8870,8:10:9:2:9:2,0,0,0,,,0,0,0,0,0
8871,8:10:9:3:15:3,1,,4,0,0,1,0,0,0,0
8872,8:10:10:0:0:1,1,2,2,2,2,2,0,0,0,0
8873,8:10:10:1:6:1,1,2,2,2,2,2,0,0,0,0
8874,8:10:10:2:9:2,1,2,2,2,2,2,0,0,0,0
8875,8:10:10:3:15:3,1,,4,0,0,1,0,0,0,0
8876,8:10:11:0:0:1,0,0,0,,,0,0,0,0,0
8877,8:10:11:1:6:1,0,0,0,,,0,0,0,0,0
8878,8:10:11:2:9:2,0,0,0,,,0,0,0,0,0
8879,8:10:11:3:15:3,1,,4,0,0,1,0,0,0,0
8880,8:10:12:0:0:1,0,0,0,,,0,0,0,0,0
8881,8:10:12:1:6:1,0,0,0,,,0,0,0,0,0
8882,8:10:12:2:9:2,0,0,0,,,0,0,0,0,0
8883,8:10:12:3:15:3,1,,4,0,0,1,0,0,0,0
8884,8:10:13:0:0:1,0,0,0,,,0,0,0,0,0
8885,8:10:13:1:6:1,0,0,0,,,0,0,0,0,0
8886,8:10:13:2:9:2,0,0,0,,,0,0,0,0,0
8887,8:10:13:3:15:3,1,,4,0,0,1,0,0,0,0
8888,8:10:14:0:0:1,0,0,0,,,0,0,0,0,0
8889,8:10:14:1:6:1,0,0,0,,,0,0,0,0,0
8890,8:10:14:2:9:2,0,0,0,,,0,0,0,0,0
8891,8:10:14:3:15:3,1,,4,0,0,1,0,0,0,0
8892,8:10:15:0:0:1,0,0,0,,,0,0,0,0,0
8893,8:10:15:1:6:1,0,0,0,,,0,0,0,0,0
8894,8:10:15:2:9:2,0,0,0,,,0,0,0,0,0
8895,8:10:15:3:15:3,1,,4,0,0,1,0,0,0,0
8896,8:11:0:0:0:1,1,,4,0,0,1,0,0,0,0
8897,8:11:0:1:6:1,1,,4,0,0,1,0,0,0,0
8898,8:11:0:2:9:2,1,,4,0,0,1,0,0,0,0
8899,8:11:0:3:15:3,1,,4,0,0,1,0,0,0,0
8900,8:11:1:0:0:1,1,,4,0,0,1,0,0,0,0
8901,8:11:1:1:6:1,1,,4,0,0,1,0,0,0,0
8902,8:11:1:2:9:2,1,,4,0,0,1,0,0,0,0
8903,8:11:1:3:15:3,1,,4,0,0,1,0,0,0,0
8904,8:11:2:0:0:1,1,,4,0,0,1,0,0,0,0
8905,8:11:2:1:6:1,1,,4,0,0,1,0,0,0,0
8906,8:11:2:2:9:2,1,,4,0,0,1,0,0,0,0
8907,8:11:2:3:15:3,1,,4,0,0,1,0,0,0,0
8908,8:11:3:0:0:1,1,,4,0,0,1,0,0,0,0
8909,8:11:3:1:6:1,1,,4,0,0,1,0,0,0,0
8910,8:11:3:2:9:2,1,,4,0,0,1,0,0,0,0
8911,8:11:3:3:15:3,1,,4,0,0,1,0,0,0,0
8912,8:11:4:0:0:1,0,0,0,,,0,0,0,0,0
8913,8:11:4:1:6:1,0,0,0,,,0,0,0,0,0
8914,8:11:4:2:9:2,0,0,0,,,0,0,0,0,0
8915,8:11:4:3:15:3,1,,4,0,0,1,0,0,0,0
8916,8:11:5:0:0:1,0,0,0,,,0,0,0,0,0
8917,8:11:5:1:6:1,0,0,0,,,0,0,0,0,0
8918,8:11:5:2:9:2,0,0,0,,,0,0,0,0,0
8919,8:11:5:3:15:3,1,,4,0,0,1,0,0,0,0
8920,8:11:6:0:0:1,0,0,0,,,0,0,0,0,0
8921,8:11:6:1:6:1,0,0,0,,,0,0,0,0,0
8922,8:11:6:2:9:2,0,0,0,,,0,0,0,0,0
8923,8:11:6:3:15:3,1,,4,0,0,1,0,0,0,0
8924,8:11:7:0:0:1,0,0,0,,,0,0,0,0,0
8925,8:11:7:1:6:1,0,0,0,,,0,0,0,0,0
8926,8:11:7:2:9:2,0,0,0,,,0,0,0,0,0
8927,8:11:7:3:15:3,1,,4,0,0,1,0,0,0,0
8928,8:11:8:0:0:1,1,1,2,1,1,2,0,0,0,0
8929,8:11:8:1:6:1,1,1,2,1,1,2,0,0,0,0
8930,8:11:8:2:9:2,1,1,2,1,1,2,0,0,0,0
8931,8:11:8:3:15:3,1,,4,0,0,1,0,0,0,0
8932,8:11:9:0:0:1,0,0,0,,,0,0,0,0,0
8933,8:11:9:1:6:1,0,0,0,,,0,0,0,0,0
8934,8:11:9:2:9:2,0,0,0,,,0,0,0,0,0
8935,8:11:9:3:15:3,1,,4,0,0,1,0,0,0,0
8936,8:11:10:0:0:1,0,0,0,,,0,0,0,0,0
8937,8:11:10:1:6:1,0,0,0,,,0,0,0,0,0
8938,8:11:10:2:9:2,0,0,0,,,0,0,0,0,0
8939,8:11:10:3:15:3,1,,4,0,0,1,0,0,0,0
8940,8:11:11:0:0:1,1,2,2,2,2,2,0,0,0,0
8941,8:11:11:1:6:1,1,2,2,2,2,2,0,0,0,0
8942,8:11:11:2:9:2,1,2,2,2,2,2,0,0,0,0
8943,8:11:11:3:15:3,1,,4,0,0,1,0,0,0,0
8944,8:11:12:0:0:1,0,0,0,,,0,0,0,0,0
8945,8:11:12:1:6:1,0,0,0,,,0,0,0,0,0
8946,8:11:12:2:9:2,0,0,0,,,0,0,0,0,0
8947,8:11:12:3:15:3,1,,4,0,0,1,0,0,0,0
8948,8:11:13:0:0:1,0,0,0,,,0,0,0,0,0
8949,8:11:13:1:6:1,0,0,0,,,0,0,0,0,0
8950,8:11:13:2:9:2,0,0,0,,,0,0,0,0,0
8951,8:11:13:3:15:3,1,,4,0,0,1,0,0,0,0
8952,8:11:14:0:0:1,0,0,0,,,0,0,0,0,0
8953,8:11:14:1:6:1,0,0,0,,,0,0,0,0,0
8954,8:11:14:2:9:2,0,0,0,,,0,0,0,0,0
8955,8:11:14:3:15:3,1,,4,0,0,1,0,0,0,0
8956,8:11:15:0:0:1,0,0,0,,,0,0,0,0,0
8957,8:11:15:1:6:1,0,0,0,,,0,0,0,0,0
8958,8:11:15:2:9:2,0,0,0,,,0,0,0,0,0
8959,8:11:15:3:15:3,1,,4,0,0,1,0,0,0,0
8960,8:12:0:0:0:1,1,,4,0,0,1,0,0,0,0
8961,8:12:0:1:6:1,1,,4,0,0,1,0,0,0,0
8962,8:12:0:2:9:2,1,,4,0,0,1,0,0,0,0
8963,8:12:0:3:15:3,1,,4,0,0,1,0,0,0,0
8964,8:12:1:0:0:1,1,,4,0,0,1,0,0,0,0
8965,8:12:1:1:6:1,1,,4,0,0,1,0,0,0,0
8966,8:12:1:2:9:2,1,,4,0,0,1,0,0,0,0
8967,8:12:1:3:15:3,1,,4,0,0,1,0,0,0,0
8968,8:12:2:0:0:1,1,,4,0,0,1,0,0,0,0
8969,8:12:2:1:6:1,1,,4,0,0,1,0,0,0,0
8970,8:12:2:2:9:2,1,,4,0,0,1,0,0,0,0
8971,8:12:2:3:15:3,1,,4,0,0,1,0,0,0,0
8972,8:12:3:0:0:1,1,,4,0,0,1,0,0,0,0
8973,8:12:3:1:6:1,1,,4,0,0,1,0,0,0,0
8974,8:12:3:2:9:2,1,,4,0,0,1,0,0,0,0
8975,8:12:3:3:15:3,1,,4,0,0,1,0,0,0,0
8976,8:12:4:0:0:1,0,0,0,,,0,0,0,0,0
8977,8:12:4:1:6:1,0,0,0,,,0,0,0,0,0
8978,8:12:4:2:9:2,0,0,0,,,0,0,0,0,0
8979,8:12:4:3:15:3,1,,4,0,0,1,0,0,0,0
8980,8:12:5:0:0:1,0,0,0,,,0,0,0,0,0
8981,8:12:5:1:6:1,0,0,0,,,0,0,0,0,0
8982,8:12:5:2:9:2,0,0,0,,,0,0,0,0,0
8983,8:12:5:3:15:3,1,,4,0,0,1,0,0,0,0
8984,8:12:6:0:0:1,0,0,0,,,0,0,0,0,0
8985,8:12:6:1:6:1,0,0,0,,,0,0,0,0,0
8986,8:12:6:2:9:2,0,0,0,,,0,0,0,0,0
8987,8:12:6:3:15:3,1,,4,0,0,1,0,0,0,0
8988,8:12:7:0:0:1,0,0,0,,,0,0,0,0,0
8989,8:12:7:1:6:1,0,0,0,,,0,0,0,0,0
8990,8:12:7:2:9:2,0,0,0,,,0,0,0,0,0
8991,8:12:7:3:15:3,1,,4,0,0,1,0,0,0,0
8992,8:12:8:0:0:1,1,1,2,1,1,2,0,0,0,0
8993,8:12:8:1:6:1,1,1,2,1,1,2,0,0,0,0
8994,8:12:8:2:9:2,1,1,2,1,1,2,0,0,0,0
8995,8:12:8:3:15:3,1,,4,0,0,1,0,0,0,0
8996,8:12:9:0:0:1,0,0,0,,,0,0,0,0,0
8997,8:12:9:1:6:1,0,0,0,,,0,0,0,0,0
8998,8:12:9:2:9:2,0,0,0,,,0,0,0,0,0
8999,8:12:9:3:15:3,1,,4,0,0,1,0,0,0,0
9000,8:12:10:0:0:1,0,0,0,,,0,0,0,0,0
9001,8:12:10:1:6:1,0,0,0,,,0,0,0,0,0
9002,8:12:10:2:9:2,0,0,0,,,0,0,0,0,0
9003,8:12:10:3:15:3,1,,4,0,0,1,0,0,0,0
9004,8:12:11:0:0:1,0,0,0,,,0,0,0,0,0
9005,8:12:11:1:6:1,0,0,0,,,0,0,0,0,0
9006,8:12:11:2:9:2,0,0,0,,,0,0,0,0,0
9007,8:12:11:3:15:3,1,,4,0,0,1,0,0,0,0
9008,8:12:12:0:0:1,1,2,2,2,2,2,0,0,0,0
9009,8:12:12:1:6:1,1,2,2,2,2,2,0,0,0,0
9010,8:12:12:2:9:2,1,2,2,2,2,2,0,0,0,0
9011,8:12:12:3:15:3,1,,4,0,0,1,0,0,0,0
9012,8:12:13:0:0:1,0,0,0,,,0,0,0,0,0
9013,8:12:13:1:6:1,0,0,0,,,0,0,0,0,0
9014,8:12:13:2:9:2,0,0,0,,,0,0,0,0,0
9015,8:12:13:3:15:3,1,,4,0,0,1,0,0,0,0
9016,8:12:14:0:0:1,0,0,0,,,0,0,0,0,0
9017,8:12:14:1:6:1,0,0,0,,,0,0,0,0,0
9018,8:12:14:2:9:2,0,0,0,,,0,0,0,0,0
9019,8:12:14:3:15:3,1,,4,0,0,1,0,0,0,0
9020,8:12:15:0:0:1,0,0,0,,,0,0,0,0,0
9021,8:12:15:1:6:1,0,0,0,,,0,0,0,0,0
9022,8:12:15:2:9:2,0,0,0,,,0,0,0,0,0
9023,8:12:15:3:15:3,1,,4,0,0,1,0,0,0,0
9024,8:13:0:0:0:1,1,,4,0,0,1,0,0,0,0
9025,8:13:0:1:6:1,1,,4,0,0,1,0,0,0,0
9026,8:13:0:2:9:2,1,,4,0,0,1,0,0,0,0
9027,8:13:0:3:15:3,1,,4,0,0,1,0,0,0,0
9028,8:13:1:0:0:1,1,,4,0,0,1,0,0,0,0
9029,8:13:1:1:6:1,1,,4,0,0,1,0,0,0,0
9030,8:13:1:2:9:2,1,,4,0,0,1,0,0,0,0
9031,8:13:1:3:15:3,1,,4,0,0,1,0,0,0,0
9032,8:13:2:0:0:1,1,,4,0,0,1,0,0,0,0
9033,8:13:2:1:6:1,1,,4,0,0,1,0,0,0,0
9034,8:13:2:2:9:2,1,,4,0,0,1,0,0,0,0
9035,8:13:2:3:15:3,1,,4,0,0,1,0,0,0,0
9036,8:13:3:0:0:1,1,,4,0,0,1,0,0,0,0
9037,8:13:3:1:6:1,1,,4,0,0,1,0,0,0,0
9038,8:13:3:2:9:2,1,,4,0,0,1,0,0,0,0
9039,8:13:3:3:15:3,1,,4,0,0,1,0,0,0,0
9040,8:13:4:0:0:1,0,0,0,,,0,0,0,0,0
9041,8:13:4:1:6:1,0,0,0,,,0,0,0,0,0
9042,8:13:4:2:9:2,0,0,0,,,0,0,0,0,0
9043,8:13:4:3:15:3,1,,4,0,0,1,0,0,0,0
9044,8:13:5:0:0:1,0,0,0,,,0,0,0,0,0
9045,8:13:5:1:6:1,0,0,0,,,0,0,0,0,0
9046,8:13:5:2:9:2,0,0,0,,,0,0,0,0,0
9047,8:13:5:3:15:3,1,,4,0,0,1,0,0,0,0
9048,8:13:6:0:0:1,0,0,0,,,0,0,0,0,0
9049,8:13:6:1:6:1,0,0,0,,,0,0,0,0,0
9050,8:13:6:2:9:2,0,0,0,,,0,0,0,0,0
9051,8:13:6:3:15:3,1,,4,0,0,1,0,0,0,0
9052,8:13:7:0:0:1,1,1;2,1,3,3,3,0,0,0,0
9053,8:13:7:1:6:1,1,1;2,1,3,3,3,0,0,0,0
9054,8:13:7:2:9:2,1,1;2,1,3,3,3,0,0,0,0
9055,8:13:7:3:15:3,1,,4,0,0,1,0,0,0,0
9056,8:13:8:0:0:1,1,1,2,1,1,2,0,0,0,0
9057,8:13:8:1:6:1,1,1,2,1,1,2,0,0,0,0
9058,8:13:8:2:9:2,1,1,2,1,1,2,0,0,0,0
9059,8:13:8:3:15:3,1,,4,0,0,1,0,0,0,0
9060,8:13:9:0:0:1,0,0,0,,,0,0,0,0,0
9061,8:13:9:1:6:1,0,0,0,,,0,0,0,0,0
9062,8:13:9:2:9:2,0,0,0,,,0,0,0,0,0
9063,8:13:9:3:15:3,1,,4,0,0,1,0,0,0,0
9064,8:13:10:0:0:1,0,0,0,,,0,0,0,0,0
9065,8:13:10:1:6:1,0,0,0,,,0,0,0,0,0
9066,8:13:10:2:9:2,0,0,0,,,0,0,0,0,0
9067,8:13:10:3:15:3,1,,4,0,0,1,0,0,0,0
9068,8:13:11:0:0:1,0,0,0,,,0,0,0,0,0
9069,8:13:11:1:6:1,0,0,0,,,0,0,0,0,0
9070,8:13:11:2:9:2,0,0,0,,,0,0,0,0,0
9071,8:13:11:3:15:3,1,,4,0,0,1,0,0,0,0
9072,8:13:12:0:0:1,0,0,0,,,0,0,0,0,0
9073,8:13:12:1:6:1,0,0,0,,,0,0,0,0,0
9074,8:13:12:2:9:2,0,0,0,,,0,0,0,0,0
9075,8:13:12:3:15:3,1,,4,0,0,1,0,0,0,0
9076,8:13:13:0:0:1,1,2,2,2,2,2,0,0,0,0
9077,8:13:13:1:6:1,1,2,2,2,2,2,0,0,0,0
9078,8:13:13:2:9:2,1,2,2,2,2,2,0,0,0,0
9079,8:13:13:3:15:3,1,,4,0,0,1,0,0,0,0
9080,8:13:14:0:0:1,0,0,0,,,0,0,0,0,0
9081,8:13:14:1:6:1,0,0,0,,,0,0,0,0,0
9082,8:13:14:2:9:2,0,0,0,,,0,0,0,0,0
9083,8:13:14:3:15:3,1,,4,0,0,1,0,0,0,0
9084,8:13:15:0:0:1,0,0,0,,,0,0,0,0,0
9085,8:13:15:1:6:1,0,0,0,,,0,0,0,0,0
9086,8:13:15:2:9:2,0,0,0,,,0,0,0,0,0
9087,8:13:15:3:15:3,1,,4,0,0,1,0,0,0,0
9088,8:14:0:0:0:1,1,,4,0,0,1,0,0,0,0
9089,8:14:0:1:6:1,1,,4,0,0,1,0,0,0,0
9090,8:14:0:2:9:2,1,,4,0,0,1,0,0,0,0
9091,8:14:0:3:15:3,1,,4,0,0,1,0,0,0,0
9092,8:14:1:0:0:1,1,,4,0,0,1,0,0,0,0
9093,8:14:1:1:6:1,1,,4,0,0,1,0,0,0,0
9094,8:14:1:2:9:2,1,,4,0,0,1,0,0,0,0
9095,8:14:1:3:15:3,1,,4,0,0,1,0,0,0,0
9096,8:14:2:0:0:1,1,,4,0,0,1,0,0,0,0
9097,8:14:2:1:6:1,1,,4,0,0,1,0,0,0,0
9098,8:14:2:2:9:2,1,,4,0,0,1,0,0,0,0
9099,8:14:2:3:15:3,1,,4,0,0,1,0,0,0,0
9100,8:14:3:0:0:1,1,,4,0,0,1,0,0,0,0
9101,8:14:3:1:6:1,1,,4,0,0,1,0,0,0,0
9102,8:14:3:2:9:2,1,,4,0,0,1,0,0,0,0
9103,8:14:3:3:15:3,1,,4,0,0,1,0,0,0,0
9104,8:14:4:0:0:1,0,0,0,,,0,0,0,0,0
9105,8:14:4:1:6:1,0,0,0,,,0,0,0,0,0
9106,8:14:4:2:9:2,0,0,0,,,0,0,0,0,0
9107,8:14:4:3:15:3,1,,4,0,0,1,0,0,0,0
9108,8:14:5:0:0:1,0,0,0,,,0,0,0,0,0
9109,8:14:5:1:6:1,0,0,0,,,0,0,0,0,0
9110,8:14:5:2:9:2,0,0,0,,,0,0,0,0,0
9111,8:14:5:3:15:3,1,,4,0,0,1,0,0,0,0
9112,8:14:6:0:0:1,0,0,0,,,0,0,0,0,0
9113,8:14:6:1:6:1,0,0,0,,,0,0,0,0,0
9114,8:14:6:2:9:2,0,0,0,,,0,0,0,0,0
9115,8:14:6:3:15:3,1,,4,0,0,1,0,0,0,0
9116,8:14:7:0:0:1,0,0,0,,,0,0,0,0,0
9117,8:14:7:1:6:1,0,0,0,,,0,0,0,0,0
9118,8:14:7:2:9:2,0,0,0,,,0,0,0,0,0
9119,8:14:7:3:15:3,1,,4,0,0,1,0,0,0,0
9120,8:14:8:0:0:1,1,1,2,1,1,2,0,0,0,0
9121,8:14:8:1:6:1,1,1,2,1,1,2,0,0,0,0
9122,8:14:8:2:9:2,1,1,2,1,1,2,0,0,0,0
9123,8:14:8:3:15:3,1,,4,0,0,1,0,0,0,0
9124,8:14:9:0:0:1,0,0,0,,,0,0,0,0,0
9125,8:14:9:1:6:1,0,0,0,,,0,0,0,0,0
9126,8:14:9:2:9:2,0,0,0,,,0,0,0,0,0
9127,8:14:9:3:15:3,1,,4,0,0,1,0,0,0,0
9128,8:14:10:0:0:1,0,0,0,,,0,0,0,0,0
9129,8:14:10:1:6:1,0,0,0,,,0,0,0,0,0
9130,8:14:10:2:9:2,0,0,0,,,0,0,0,0,0
9131,8:14:10:3:15:3,1,,4,0,0,1,0,0,0,0
9132,8:14:11:0:0:1,0,0,0,,,0,0,0,0,0
9133,8:14:11:1:6:1,0,0,0,,,0,0,0,0,0
9134,8:14:11:2:9:2,0,0,0,,,0,0,0,0,0
9135,8:14:11:3:15:3,1,,4,0,0,1,0,0,0,0
9136,8:14:12:0:0:1,0,0,0,,,0,0,0,0,0
9137,8:14:12:1:6:1,0,0,0,,,0,0,0,0,0
9138,8:14:12:2:9:2,0,0,0,,,0,0,0,0,0
9139,8:14:12:3:15:3,1,,4,0,0,1,0,0,0,0
9140,8:14:13:0:0:1,0,0,0,,,0,0,0,0,0
9141,8:14:13:1:6:1,0,0,0,,,0,0,0,0,0
9142,8:14:13:2:9:2,0,0,0,,,0,0,0,0,0
9143,8:14:13:3:15:3,1,,4,0,0,1,0,0,0,0
9144,8:14:14:0:0:1,1,2,2,2,2,2,0,0,0,0
9145,8:14:14:1:6:1,1,2,2,2,2,2,0,0,0,0
9146,8:14:14:2:9:2,1,2,2,2,2,2,0,0,0,0
9147,8:14:14:3:15:3,1,,4,0,0,1,0,0,0,0
9148,8:14:15:0:0:1,0,0,0,,,0,0,0,0,0
9149,8:14:15:1:6:1,0,0,0,,,0,0,0,0,0
9150,8:14:15:2:9:2,0,0,0,,,0,0,0,0,0
9151,8:14:15:3:15:3,1,,4,0,0,1,0,0,0,0
9152,8:15:0:0:0:1,1,,4,0,0,1,0,0,0,0
9153,8:15:0:1:6:1,1,,4,0,0,1,0,0,0,0
9154,8:15:0:2:9:2,1,,4,0,0,1,0,0,0,0
9155,8:15:0:3:15:3,1,,4,0,0,1,0,0,0,0
9156,8:15:1:0:0:1,1,,4,0,0,1,0,0,0,0
9157,8:15:1:1:6:1,1,,4,0,0,1,0,0,0,0
9158,8:15:1:2:9:2,1,,4,0,0,1,0,0,0,0
9159,8:15:1:3:15:3,1,,4,0,0,1,0,0,0,0
9160,8:15:2:0:0:1,1,,4,0,0,1,0,0,0,0
9161,8:15:2:1:6:1,1,,4,0,0,1,0,0,0,0
9162,8:15:2:2:9:2,1,,4,0,0,1,0,0,0,0
9163,8:15:2:3:15:3,1,,4,0,0,1,0,0,0,0
9164,8:15:3:0:0:1,1,,4,0,0,1,0,0,0,0
9165,8:15:3:1:6:1,1,,4,0,0,1,0,0,0,0
9166,8:15:3:2:9:2,1,,4,0,0,1,0,0,0,0
9167,8:15:3:3:15:3,1,,4,0,0,1,0,0,0,0
9168,8:15:4:0:0:1,0,0,0,,,0,0,0,0,0
9169,8:15:4:1:6:1,0,0,0,,,0,0,0,0,0
9170,8:15:4:2:9:2,0,0,0,,,0,0,0,0,0
9171,8:15:4:3:15:3,1,,4,0,0,1,0,0,0,0
9172,8:15:5:0:0:1,0,0,0,,,0,0,0,0,0
9173,8:15:5:1:6:1,0,0,0,,,0,0,0,0,0
9174,8:15:5:2:9:2,0,0,0,,,0,0,0,0,0
9175,8:15:5:3:15:3,1,,4,0,0,1,0,0,0,0
9176,8:15:6:0:0:1,0,0,0,,,0,0,0,0,0
9177,8:15:6:1:6:1,0,0,0,,,0,0,0,0,0
9178,8:15:6:2:9:2,0,0,0,,,0,0,0,0,0
9179,8:15:6:3:15:3,1,,4,0,0,1,0,0,0,0
9180,8:15:7:0:0:1,0,0,0,,,0,0,0,0,0
9181,8:15:7:1:6:1,0,0,0,,,0,0,0,0,0
9182,8:15:7:2:9:2,0,0,0,,,0,0,0,0,0
9183,8:15:7:3:15:3,1,,4,0,0,1,0,0,0,0
9184,8:15:8:0:0:1,1,1,2,1,1,2,0,0,0,0
9185,8:15:8:1:6:1,1,1,2,1,1,2,0,0,0,0
9186,8:15:8:2:9:2,1,1,2,1,1,2,0,0,0,0
9187,8:15:8:3:15:3,1,,4,0,0,1,0,0,0,0
9188,8:15:9:0:0:1,0,0,0,,,0,0,0,0,0
9189,8:15:9:1:6:1,0,0,0,,,0,0,0,0,0
9190,8:15:9:2:9:2,0,0,0,,,0,0,0,0,0
9191,8:15:9:3:15:3,1,,4,0,0,1,0,0,0,0
9192,8:15:10:0:0:1,0,0,0,,,0,0,0,0,0
9193,8:15:10:1:6:1,0,0,0,,,0,0,0,0,0
9194,8:15:10:2:9:2,0,0,0,,,0,0,0,0,0
9195,8:15:10:3:15:3,1,,4,0,0,1,0,0,0,0
9196,8:15:11:0:0:1,0,0,0,,,0,0,0,0,0
9197,8:15:11:1:6:1,0,0,0,,,0,0,0,0,0
9198,8:15:11:2:9:2,0,0,0,,,0,0,0,0,0
9199,8:15:11:3:15:3,1,,4,0,0,1,0,0,0,0
9200,8:15:12:0:0:1,0,0,0,,,0,0,0,0,0
9201,8:15:12:1:6:1,0,0,0,,,0,0,0,0,0
9202,8:15:12:2:9:2,0,0,0,,,0,0,0,0,0
9203,8:15:12:3:15:3,1,,4,0,0,1,0,0,0,0
9204,8:15:13:0:0:1,0,0,0,,,0,0,0,0,0
9205,8:15:13:1:6:1,0,0,0,,,0,0,0,0,0
9206,8:15:13:2:9:2,0,0,0,,,0,0,0,0,0
9207,8:15:13:3:15:3,1,,4,0,0,1,0,0,0,0
9208,8:15:14:0:0:1,0,0,0,,,0,0,0,0,0
9209,8:15:14:1:6:1,0,0,0,,,0,0,0,0,0
9210,8:15:14:2:9:2,0,0,0,,,0,0,0,0,0
9211,8:15:14:3:15:3,1,,4,0,0,1,0,0,0,0
9212,8:15:15:0:0:1,1,2,2,2,2,2,0,0,0,0
9213,8:15:15:1:6:1,1,2,2,2,2,2,0,0,0,0
9214,8:15:15:2:9:2,1,2,2,2,2,2,0,0,0,0
9215,8:15:15:3:15:3,1,,4,0,0,1,0,0,0,0
9216,9:0:0:0:0:1,1,,4,0,0,1,0,0,0,0
9217,9:0:0:1:6:1,1,,4,0,0,1,0,0,0,0
9218,9:0:0:2:9:2,1,,4,0,0,1,0,0,0,0
9219,9:0:0:3:15:3,1,,4,0,0,1,0,0,0,0
9220,9:0:1:0:0:1,1,,4,0,0,1,0,0,0,0
9221,9:0:1:1:6:1,1,,4,0,0,1,0,0,0,0
9222,9:0:1:2:9:2,1,,4,0,0,1,0,0,0,0
9223,9:0:1:3:15:3,1,,4,0,0,1,0,0,0,0
9224,9:0:2:0:0:1,1,,4,0,0,1,0,0,0,0
9225,9:0:2:1:6:1,1,,4,0,0,1,0,0,0,0
9226,9:0:2:2:9:2,1,,4,0,0,1,0,0,0,0
9227,9:0:2:3:15:3,1,,4,0,0,1,0,0,0,0
9228,9:0:3:0:0:1,1,,4,0,0,1,0,0,0,0
9229,9:0:3:1:6:1,1,,4,0,0,1,0,0,0,0
9230,9:0:3:2:9:2,1,,4,0,0,1,0,0,0,0
9231,9:0:3:3:15:3,1,,4,0,0,1,0,0,0,0
9232,9:0:4:0:0:1,0,0,0,,,0,0,0,0,0
9233,9:0:4:1:6:1,0,0,0,,,0,0,0,0,0
9234,9:0:4:2:9:2,0,0,0,,,0,0,0,0,0
9235,9:0:4:3:15:3,1,,4,0,0,1,0,0,0,0
9236,9:0:5:0:0:1,0,0,0,,,0,0,0,0,0
9237,9:0:5:1:6:1,0,0,0,,,0,0,0,0,0
9238,9:0:5:2:9:2,0,0,0,,,0,0,0,0,0
9239,9:0:5:3:15:3,1,,4,0,0,1,0,0,0,0
9240,9:0:6:0:0:1,0,0,0,,,0,0,0,0,0
9241,9:0:6:1:6:1,0,0,0,,,0,0,0,0,0
9242,9:0:6:2:9:2,0,0,0,,,0,0,0,0,0
9243,9:0:6:3:15:3,1,,4,0,0,1,0,0,0,0
9244,9:0:7:0:0:1,0,0,0,,,0,0,0,0,0
9245,9:0:7:1:6:1,0,0,0,,,0,0,0,0,0
9246,9:0:7:2:9:2,0,0,0,,,0,0,0,0,0
9247,9:0:7:3:15:3,1,,4,0,0,1,0,0,0,0
9248,9:0:8:0:0:1,0,0,0,,,0,0,0,0,0
9249,9:0:8:1:6:1,0,0,0,,,0,0,0,0,0
9250,9:0:8:2:9:2,0,0,0,,,0,0,0,0,0
9251,9:0:8:3:15:3,1,,4,0,0,1,0,0,0,0
9252,9:0:9:0:0:1,1,1,2,1,1,2,0,0,0,0
9253,9:0:9:1:6:1,1,1,2,1,1,2,0,0,0,0
9254,9:0:9:2:9:2,1,1,2,1,1,2,0,0,0,0
9255,9:0:9:3:15:3,1,,4,0,0,1,0,0,0,0
9256,9:0:10:0:0:1,0,0,0,,,0,0,0,0,0
9257,9:0:10:1:6:1,0,0,0,,,0,0,0,0,0
9258,9:0:10:2:9:2,0,0,0,,,0,0,0,0,0
9259,9:0:10:3:15:3,1,,4,0,0,1,0,0,0,0
9260,9:0:11:0:0:1,0,0,0,,,0,0,0,0,0
9261,9:0:11:1:6:1,0,0,0,,,0,0,0,0,0
9262,9:0:11:2:9:2,0,0,0,,,0,0,0,0,0
9263,9:0:11:3:15:3,1,,4,0,0,1,0,0,0,0
9264,9:0:12:0:0:1,0,0,0,,,0,0,0,0,0
9265,9:0:12:1:6:1,0,0,0,,,0,0,0,0,0
9266,9:0:12:2:9:2,0,0,0,,,0,0,0,0,0
9267,9:0:12:3:15:3,1,,4,0,0,1,0,0,0,0
9268,9:0:13:0:0:1,0,0,0,,,0,0,0,0,0
9269,9:0:13:1:6:1,0,0,0,,,0,0,0,0,0
9270,9:0:13:2:9:2,0,0,0,,,0,0,0,0,0
9271,9:0:13:3:15:3,1,,4,0,0,1,0,0,0,0
9272,9:0:14:0:0:1,0,0,0,,,0,0,0,0,0
9273,9:0:14:1:6:1,0,0,0,,,0,0,0,0,0
9274,9:0:14:2:9:2,0,0,0,,,0,0,0,0,0
9275,9:0:14:3:15:3,1,,4,0,0,1,0,0,0,0
9276,9:0:15:0:0:1,0,0,0,,,0,0,0,0,0
9277,9:0:15:1:6:1,0,0,0,,,0,0,0,0,0
9278,9:0:15:2:9:2,0,0,0,,,0,0,0,0,0
9279,9:0:15:3:15:3,1,,4,0,0,1,0,0,0,0
9280,9:1:0:0:0:1,1,,4,0,0,1,0,0,0,0
9281,9:1:0:1:6:1,1,,4,0,0,1,0,0,0,0
9282,9:1:0:2:9:2,1,,4,0,0,1,0,0,0,0
9283,9:1:0:3:15:3,1,,4,0,0,1,0,0,0,0
9284,9:1:1:0:0:1,1,,4,0,0,1,0,0,0,0
9285,9:1:1:1:6:1,1,,4,0,0,1,0,0,0,0
9286,9:1:1:2:9:2,1,,4,0,0,1,0,0,0,0
9287,9:1:1:3:15:3,1,,4,0,0,1,0,0,0,0
9288,9:1:2:0:0:1,1,,4,0,0,1,0,0,0,0
9289,9:1:2:1:6:1,1,,4,0,0,1,0,0,0,0
9290,9:1:2:2:9:2,1,,4,0,0,1,0,0,0,0
9291,9:1:2:3:15:3,1,,4,0,0,1,0,0,0,0
9292,9:1:3:0:0:1,1,,4,0,0,1,0,0,0,0
9293,9:1:3:1:6:1,1,,4,0,0,1,0,0,0,0
9294,9:1:3:2:9:2,1,,4,0,0,1,0,0,0,0
9295,9:1:3:3:15:3,1,,4,0,0,1,0,0,0,0
9296,9:1:4:0:0:1,0,0,0,,,0,0,0,0,0
9297,9:1:4:1:6:1,0,0,0,,,0,0,0,0,0
9298,9:1:4:2:9:2,0,0,0,,,0,0,0,0,0
9299,9:1:4:3:15:3,1,,4,0,0,1,0,0,0,0
9300,9:1:5:0:0:1,0,0,0,,,0,0,0,0,0
9301,9:1:5:1:6:1,0,0,0,,,0,0,0,0,0
9302,9:1:5:2:9:2,0,0,0,,,0,0,0,0,0
9303,9:1:5:3:15:3,1,,4,0,0,1,0,0,0,0
9304,9:1:6:0:0:1,0,0,0,,,0,0,0,0,0
9305,9:1:6:1:6:1,0,0,0,,,0,0,0,0,0
9306,9:1:6:2:9:2,0,0,0,,,0,0,0,0,0
9307,9:1:6:3:15:3,1,,4,0,0,1,0,0,0,0
9308,9:1:7:0:0:1,0,0,0,,,0,0,0,0,0
9309,9:1:7:1:6:1,0,0,0,,,0,0,0,0,0
9310,9:1:7:2:9:2,0,0,0,,,0,0,0,0,0
9311,9:1:7:3:15:3,1,,4,0,0,1,0,0,0,0
9312,9:1:8:0:0:1,0,0,0,,,0,0,0,0,0
9313,9:1:8:1:6:1,0,0,0,,,0,0,0,0,0
9314,9:1:8:2:9:2,0,0,0,,,0,0,0,0,0
9315,9:1:8:3:15:3,1,,4,0,0,1,0,0,0,0
9316,9:1:9:0:0:1,1,1,2,1,1,2,0,0,0,0
9317,9:1:9:1:6:1,1,1,2,1,1,2,0,0,0,0
9318,9:1:9:2:9:2,1,1,2,1,1,2,0,0,0,0
9319,9:1:9:3:15:3,1,,4,0,0,1,0,0,0,0
9320,9:1:10:0:0:1,0,0,0,,,0,0,0,0,0
9321,9:1:10:1:6:1,0,0,0,,,0,0,0,0,0
9322,9:1:10:2:9:2,0,0,0,,,0,0,0,0,0
9323,9:1:10:3:15:3,1,,4,0,0,1,0,0,0,0
9324,9:1:11:0:0:1,0,0,0,,,0,0,0,0,0
9325,9:1:11:1:6:1,0,0,0,,,0,0,0,0,0
9326,9:1:11:2:9:2,0,0,0,,,0,0,0,0,0
9327,9:1:11:3:15:3,1,,4,0,0,1,0,0,0,0
9328,9:1:12:0:0:1,0,0,0,,,0,0,0,0,0
9329,9:1:12:1:6:1,0,0,0,,,0,0,0,0,0
9330,9:1:12:2:9:2,0,0,0,,,0,0,0,0,0
9331,9:1:12:3:15:3,1,,4,0,0,1,0,0,0,0
9332,9:1:13:0:0:1,0,0,0,,,0,0,0,0,0
9333,9:1:13:1:6:1,0,0,0,,,0,0,0,0,0
9334,9:1:13:2:9:2,0,0,0,,,0,0,0,0,0
9335,9:1:13:3:15:3,1,,4,0,0,1,0,0,0,0
9336,9:1:14:0:0:1,0,0,0,,,0,0,0,0,0
9337,9:1:14:1:6:1,0,0,0,,,0,0,0,0,0
9338,9:1:14:2:9:2,0,0,0,,,0,0,0,0,0
9339,9:1:14:3:15:3,1,,4,0,0,1,0,0,0,0
9340,9:1:15:0:0:1,0,0,0,,,0,0,0,0,0
9341,9:1:15:1:6:1,0,0,0,,,0,0,0,0,0
9342,9:1:15:2:9:2,0,0,0,,,0,0,0,0,0
9343,9:1:15:3:15:3,1,,4,0,0,1,0,0,0,0
9344,9:2:0:0:0:1,1,,4,0,0,1,0,0,0,0
9345,9:2:0:1:6:1,1,,4,0,0,1,0,0,0,0
9346,9:2:0:2:9:2,1,,4,0,0,1,0,0,0,0
9347,9:2:0:3:15:3,1,,4,0,0,1,0,0,0,0
9348,9:2:1:0:0:1,1,,4,0,0,1,0,0,0,0
9349,9:2:1:1:6:1,1,,4,0,0,1,0,0,0,0
9350,9:2:1:2:9:2,1,,4,0,0,1,0,0,0,0
9351,9:2:1:3:15:3,1,,4,0,0,1,0,0,0,0
9352,9:2:2:0:0:1,1,,4,0,0,1,0,0,0,0
9353,9:2:2:1:6:1,1,,4,0,0,1,0,0,0,0
9354,9:2:2:2:9:2,1,,4,0,0,1,0,0,0,0
9355,9:2:2:3:15:3,1,,4,0,0,1,0,0,0,0
9356,9:2:3:0:0:1,1,,4,0,0,1,0,0,0,0
9357,9:2:3:1:6:1,1,,4,0,0,1,0,0,0,0
9358,9:2:3:2:9:2,1,,4,0,0,1,0,0,0,0
9359,9:2:3:3:15:3,1,,4,0,0,1,0,0,0,0
9360,9:2:4:0:0:1,0,0,0,,,0,0,0,0,0
9361,9:2:4:1:6:1,0,0,0,,,0,0,0,0,0
9362,9:2:4:2:9:2,0,0,0,,,0,0,0,0,0
9363,9:2:4:3:15:3,1,,4,0,0,1,0,0,0,0
9364,9:2:5:0:0:1,0,0,0,,,0,0,0,0,0
9365,9:2:5:1:6:1,0,0,0,,,0,0,0,0,0
9366,9:2:5:2:9:2,0,0,0,,,0,0,0,0,0
9367,9:2:5:3:15:3,1,,4,0,0,1,0,0,0,0
9368,9:2:6:0:0:1,0,0,0,,,0,0,0,0,0
9369,9:2:6:1:6:1,0,0,0,,,0,0,0,0,0
9370,9:2:6:2:9:2,0,0,0,,,0,0,0,0,0
9371,9:2:6:3:15:3,1,,4,0,0,1,0,0,0,0
9372,9:2:7:0:0:1,0,0,0,,,0,0,0,0,0
9373,9:2:7:1:6:1,0,0,0,,,0,0,0,0,0
9374,9:2:7:2:9:2,0,0,0,,,0,0,0,0,0
9375,9:2:7:3:15:3,1,,4,0,0,1,0,0,0,0
9376,9:2:8:0:0:1,0,0,0,,,0,0,0,0,0
9377,9:2:8:1:6:1,0,0,0,,,0,0,0,0,0
9378,9:2:8:2:9:2,0,0,0,,,0,0,0,0,0
9379,9:2:8:3:15:3,1,,4,0,0,1,0,0,0,0
9380,9:2:9:0:0:1,1,1,2,1,1,2,0,0,0,0
9381,9:2:9:1:6:1,1,1,2,1,1,2,0,0,0,0
9382,9:2:9:2:9:2,1,1,2,1,1,2,0,0,0,0
9383,9:2:9:3:15:3,1,,4,0,0,1,0,0,0,0
9384,9:2:10:0:0:1,0,0,0,,,0,0,0,0,0
9385,9:2:10:1:6:1,0,0,0,,,0,0,0,0,0
9386,9:2:10:2:9:2,0,0,0,,,0,0,0,0,0
9387,9:2:10:3:15:3,1,,4,0,0,1,0,0,0,0
9388,9:2:11:0:0:1,0,0,0,,,0,0,0,0,0
9389,9:2:11:1:6:1,0,0,0,,,0,0,0,0,0
9390,9:2:11:2:9:2,0,0,0,,,0,0,0,0,0
9391,9:2:11:3:15:3,1,,4,0,0,1,0,0,0,0
9392,9:2:12:0:0:1,0,0,0,,,0,0,0,0,0
9393,9:2:12:1:6:1,0,0,0,,,0,0,0,0,0
9394,9:2:12:2:9:2,0,0,0,,,0,0,0,0,0
9395,9:2:12:3:15:3,1,,4,0,0,1,0,0,0,0
9396,9:2:13:0:0:1,0,0,0,,,0,0,0,0,0
9397,9:2:13:1:6:1,0,0,0,,,0,0,0,0,0
9398,9:2:13:2:9:2,0,0,0,,,0,0,0,0,0
9399,9:2:13:3:15:3,1,,4,0,0,1,0,0,0,0
9400,9:2:14:0:0:1,0,0,0,,,0,0,0,0,0
9401,9:2:14:1:6:1,0,0,0,,,0,0,0,0,0
9402,9:2:14:2:9:2,0,0,0,,,0,0,0,0,0
9403,9:2:14:3:15:3,1,,4,0,0,1,0,0,0,0
9404,9:2:15:0:0:1,0,0,0,,,0,0,0,0,0
9405,9:2:15:1:6:1,0,0,0,,,0,0,0,0,0
9406,9:2:15:2:9:2,0,0,0,,,0,0,0,0,0
9407,9:2:15:3:15:3,1,,4,0,0,1,0,0,0,0
9408,9:3:0:0:0:1,1,,4,0,0,1,0,0,0,0
9409,9:3:0:1:6:1,1,,4,0,0,1,0,0,0,0
9410,9:3:0:2:9:2,1,,4,0,0,1,0,0,0,0
9411,9:3:0:3:15:3,1,,4,0,0,1,0,0,0,0
9412,9:3:1:0:0:1,1,,4,0,0,1,0,0,0,0
9413,9:3:1:1:6:1,1,,4,0,0,1,0,0,0,0
9414,9:3:1:2:9:2,1,,4,0,0,1,0,0,0,0
9415,9:3:1:3:15:3,1,,4,0,0,1,0,0,0,0
9416,9:3:2:0:0:1,1,,4,0,0,1,0,0,0,0
9417,9:3:2:1:6:1,1,,4,0,0,1,0,0,0,0
9418,9:3:2:2:9:2,1,,4,0,0,1,0,0,0,0
9419,9:3:2:3:15:3,1,,4,0,0,1,0,0,0,0
9420,9:3:3:0:0:1,1,,4,0,0,1,0,0,0,0
9421,9:3:3:1:6:1,1,,4,0,0,1,0,0,0,0
9422,9:3:3:2:9:2,1,,4,0,0,1,0,0,0,0
9423,9:3:3:3:15:3,1,,4,0,0,1,0,0,0,0
9424,9:3:4:0:0:1,0,0,0,,,0,0,0,0,0
9425,9:3:4:1:6:1,0,0,0,,,0,0,0,0,0
9426,9:3:4:2:9:2,0,0,0,,,0,0,0,0,0
9427,9:3:4:3:15:3,1,,4,0,0,1,0,0,0,0
9428,9:3:5:0:0:1,0,0,0,,,0,0,0,0,0
9429,9:3:5:1:6:1,0,0,0,,,0,0,0,0,0
9430,9:3:5:2:9:2,0,0,0,,,0,0,0,0,0
9431,9:3:5:3:15:3,1,,4,0,0,1,0,0,0,0
9432,9:3:6:0:0:1,0,0,0,,,0,0,0,0,0
9433,9:3:6:1:6:1,0,0,0,,,0,0,0,0,0
9434,9:3:6:2:9:2,0,0,0,,,0,0,0,0,0
9435,9:3:6:3:15:3,1,,4,0,0,1,0,0,0,0
9436,9:3:7:0:0:1,0,0,0,,,0,0,0,0,0
9437,9:3:7:1:6:1,0,0,0,,,0,0,0,0,0
9438,9:3:7:2:9:2,0,0,0,,,0,0,0,0,0
9439,9:3:7:3:15:3,1,,4,0,0,1,0,0,0,0
9440,9:3:8:0:0:1,0,0,0,,,0,0,0,0,0
9441,9:3:8:1:6:1,0,0,0,,,0,0,0,0,0
9442,9:3:8:2:9:2,0,0,0,,,0,0,0,0,0
9443,9:3:8:3:15:3,1,,4,0,0,1,0,0,0,0
9444,9:3:9:0:0:1,1,1,2,1,1,2,0,0,0,0
9445,9:3:9:1:6:1,1,1,2,1,1,2,0,0,0,0
9446,9:3:9:2:9:2,1,1,2,1,1,2,0,0,0,0
9447,9:3:9:3:15:3,1,,4,0,0,1,0,0,0,0
9448,9:3:10:0:0:1,0,0,0,,,0,0,0,0,0
9449,9:3:10:1:6:1,0,0,0,,,0,0,0,0,0
9450,9:3:10:2:9:2,0,0,0,,,0,0,0,0,0
9451,9:3:10:3:15:3,1,,4,0,0,1,0,0,0,0
9452,9:3:11:0:0:1,0,0,0,,,0,0,0,0,0
9453,9:3:11:1:6:1,0,0,0,,,0,0,0,0,0
9454,9:3:11:2:9:2,0,0,0,,,0,0,0,0,0
9455,9:3:11:3:15:3,1,,4,0,0,1,0,0,0,0
9456,9:3:12:0:0:1,0,0,0,,,0,0,0,0,0
9457,9:3:12:1:6:1,0,0,0,,,0,0,0,0,0
9458,9:3:12:2:9:2,0,0,0,,,0,0,0,0,0
9459,9:3:12:3:15:3,1,,4,0,0,1,0,0,0,0
9460,9:3:13:0:0:1,0,0,0,,,0,0,0,0,0
9461,9:3:13:1:6:1,0,0,0,,,0,0,0,0,0
9462,9:3:13:2:9:2,0,0,0,,,0,0,0,0,0
9463,9:3:13:3:15:3,1,,4,0,0,1,0,0,0,0
9464,9:3:14:0:0:1,0,0,0,,,0,0,0,0,0
9465,9:3:14:1:6:1,0,0,0,,,0,0,0,0,0
9466,9:3:14:2:9:2,0,0,0,,,0,0,0,0,0
9467,9:3:14:3:15:3,1,,4,0,0,1,0,0,0,0
9468,9:3:15:0:0:1,0,0,0,,,0,0,0,0,0
9469,9:3:15:1:6:1,0,0,0,,,0,0,0,0,0
9470,9:3:15:2:9:2,0,0,0,,,0,0,0,0,0
9471,9:3:15:3:15:3,1,,4,0,0,1,0,0,0,0
9472,9:4:0:0:0:1,1,,4,0,0,1,0,0,0,0
9473,9:4:0:1:6:1,1,,4,0,0,1,0,0,0,0
9474,9:4:0:2:9:2,1,,4,0,0,1,0,0,0,0
9475,9:4:0:3:15:3,1,,4,0,0,1,0,0,0,0
9476,9:4:1:0:0:1,1,,4,0,0,1,0,0,0,0
9477,9:4:1:1:6:1,1,,4,0,0,1,0,0,0,0
9478,9:4:1:2:9:2,1,,4,0,0,1,0,0,0,0
9479,9:4:1:3:15:3,1,,4,0,0,1,0,0,0,0
9480,9:4:2:0:0:1,1,,4,0,0,1,0,0,0,0
9481,9:4:2:1:6:1,1,,4,0,0,1,0,0,0,0
9482,9:4:2:2:9:2,1,,4,0,0,1,0,0,0,0
9483,9:4:2:3:15:3,1,,4,0,0,1,0,0,0,0
9484,9:4:3:0:0:1,1,,4,0,0,1,0,0,0,0
9485,9:4:3:1:6:1,1,,4,0,0,1,0,0,0,0
9486,9:4:3:2:9:2,1,,4,0,0,1,0,0,0,0
9487,9:4:3:3:15:3,1,,4,0,0,1,0,0,0,0
9488,9:4:4:0:0:1,1,2,2,2,2,2,0,0,0,0
9489,9:4:4:1:6:1,1,2,2,2,2,2,0,0,0,0
9490,9:4:4:2:9:2,1,2,2,2,2,2,0,0,0,0
9491,9:4:4:3:15:3,1,,4,0,0,1,0,0,0,0
9492,9:4:5:0:0:1,0,0,0,,,0,0,0,0,0
9493,9:4:5:1:6:1,0,0,0,,,0,0,0,0,0
9494,9:4:5:2:9:2,0,0,0,,,0,0,0,0,0
9495,9:4:5:3:15:3,1,,4,0,0,1,0,0,0,0
9496,9:4:6:0:0:1,0,0,0,,,0,0,0,0,0
9497,9:4:6:1:6:1,0,0,0,,,0,0,0,0,0
9498,9:4:6:2:9:2,0,0,0,,,0,0,0,0,0
9499,9:4:6:3:15:3,1,,4,0,0,1,0,0,0,0
9500,9:4:7:0:0:1,0,0,0,,,0,0,0,0,0
9501,9:4:7:1:6:1,0,0,0,,,0,0,0,0,0
9502,9:4:7:2:9:2,0,0,0,,,0,0,0,0,0
9503,9:4:7:3:15:3,1,,4,0,0,1,0,0,0,0
9504,9:4:8:0:0:1,0,0,0,,,0,0,0,0,0
9505,9:4:8:1:6:1,0,0,0,,,0,0,0,0,0
9506,9:4:8:2:9:2,0,0,0,,,0,0,0,0,0
9507,9:4:8:3:15:3,1,,4,0,0,1,0,0,0,0
9508,9:4:9:0:0:1,1,1,2,1,1,2,0,0,0,0
9509,9:4:9:1:6:1,1,1,2,1,1,2,0,0,0,0
9510,9:4:9:2:9:2,1,1,2,1,1,2,0,0,0,0
9511,9:4:9:3:15:3,1,,4,0,0,1,0,0,0,0
9512,9:4:10:0:0:1,0,0,0,,,0,0,0,0,0
9513,9:4:10:1:6:1,0,0,0,,,0,0,0,0,0
9514,9:4:10:2:9:2,0,0,0,,,0,0,0,0,0
9515,9:4:10:3:15:3,1,,4,0,0,1,0,0,0,0
9516,9:4:11:0:0:1,0,0,0,,,0,0,0,0,0
9517,9:4:11:1:6:1,0,0,0,,,0,0,0,0,0
9518,9:4:11:2:9:2,0,0,0,,,0,0,0,0,0
9519,9:4:11:3:15:3,1,,4,0,0,1,0,0,0,0
9520,9:4:12:0:0:1,0,0,0,,,0,0,0,0,0
9521,9:4:12:1:6:1,0,0,0,,,0,0,0,0,0
9522,9:4:12:2:9:2,0,0,0,,,0,0,0,0,0
9523,9:4:12:3:15:3,1,,4,0,0,1,0,0,0,0
9524,9:4:13:0:0:1,0,0,0,,,0,0,0,0,0
9525,9:4:13:1:6:1,0,0,0,,,0,0,0,0,0
9526,9:4:13:2:9:2,0,0,0,,,0,0,0,0,0
9527,9:4:13:3:15:3,1,,4,0,0,1,0,0,0,0
9528,9:4:14:0:0:1,0,0,0,,,0,0,0,0,0
9529,9:4:14:1:6:1,0,0,0,,,0,0,0,0,0
9530,9:4:14:2:9:2,0,0,0,,,0,0,0,0,0
9531,9:4:14:3:15:3,1,,4,0,0,1,0,0,0,0
9532,9:4:15:0:0:1,0,0,0,,,0,0,0,0,0
9533,9:4:15:1:6:1,0,0,0,,,0,0,0,0,0
9534,9:4:15:2:9:2,0,0,0,,,0,0,0,0,0
9535,9:4:15:3:15:3,1,,4,0,0,1,0,0,0,0
9536,9:5:0:0:0:1,1,,4,0,0,1,0,0,0,0
9537,9:5:0:1:6:1,1,,4,0,0,1,0,0,0,0
9538,9:5:0:2:9:2,1,,4,0,0,1,0,0,0,0
9539,9:5:0:3:15:3,1,,4,0,0,1,0,0,0,0
9540,9:5:1:0:0:1,1,,4,0,0,1,0,0,0,0
9541,9:5:1:1:6:1,1,,4,0,0,1,0,0,0,0
9542,9:5:1:2:9:2,1,,4,0,0,1,0,0,0,0
9543,9:5:1:3:15:3,1,,4,0,0,1,0,0,0,0
9544,9:5:2:0:0:1,1,,4,0,0,1,0,0,0,0
9545,9:5:2:1:6:1,1,,4,0,0,1,0,0,0,0
9546,9:5:2:2:9:2,1,,4,0,0,1,0,0,0,0
9547,9:5:2:3:15:3,1,,4,0,0,1,0,0,0,0
9548,9:5:3:0:0:1,1,,4,0,0,1,0,0,0,0
9549,9:5:3:1:6:1,1,,4,0,0,1,0,0,0,0
9550,9:5:3:2:9:2,1,,4,0,0,1,0,0,0,0
9551,9:5:3:3:15:3,1,,4,0,0,1,0,0,0,0
9552,9:5:4:0:0:1,0,0,0,,,0,0,0,0,0
9553,9:5:4:1:6:1,0,0,0,,,0,0,0,0,0
9554,9:5:4:2:9:2,0,0,0,,,0,0,0,0,0
9555,9:5:4:3:15:3,1,,4,0,0,1,0,0,0,0
9556,9:5:5:0:0:1,1,2,2,2,2,2,0,0,0,0
9557,9:5:5:1:6:1,1,2,2,2,2,2,0,0,0,0
9558,9:5:5:2:9:2,1,2,2,2,2,2,0,0,0,0
9559,9:5:5:3:15:3,1,,4,0,0,1,0,0,0,0
9560,9:5:6:0:0:1,0,0,0,,,0,0,0,0,0
9561,9:5:6:1:6:1,0,0,0,,,0,0,0,0,0
9562,9:5:6:2:9:2,0,0,0,,,0,0,0,0,0
9563,9:5:6:3:15:3,1,,4,0,0,1,0,0,0,0
9564,9:5:7:0:0:1,0,0,0,,,0,0,0,0,0
9565,9:5:7:1:6:1,0,0,0,,,0,0,0,0,0
9566,9:5:7:2:9:2,0,0,0,,,0,0,0,0,0
9567,9:5:7:3:15:3,1,,4,0,0,1,0,0,0,0
9568,9:5:8:0:0:1,0,0,0,,,0,0,0,0,0
9569,9:5:8:1:6:1,0,0,0,,,0,0,0,0,0
9570,9:5:8:2:9:2,0,0,0,,,0,0,0,0,0
9571,9:5:8:3:15:3,1,,4,0,0,1,0,0,0,0
9572,9:5:9:0:0:1,1,1,2,1,1,2,0,0,0,0
9573,9:5:9:1:6:1,1,1,2,1,1,2,0,0,0,0
9574,9:5:9:2:9:2,1,1,2,1,1,2,0,0,0,0
9575,9:5:9:3:15:3,1,,4,0,0,1,0,0,0,0
9576,9:5:10:0:0:1,0,0,0,,,0,0,0,0,0
9577,9:5:10:1:6:1,0,0,0,,,0,0,0,0,0
9578,9:5:10:2:9:2,0,0,0,,,0,0,0,0,0
9579,9:5:10:3:15:3,1,,4,0,0,1,0,0,0,0
9580,9:5:11:0:0:1,0,0,0,,,0,0,0,0,0
9581,9:5:11:1:6:1,0,0,0,,,0,0,0,0,0
9582,9:5:11:2:9:2,0,0,0,,,0,0,0,0,0
9583,9:5:11:3:15:3,1,,4,0,0,1,0,0,0,0
9584,9:5:12:0:0:1,0,0,0,,,0,0,0,0,0
9585,9:5:12:1:6:1,0,0,0,,,0,0,0,0,0
9586,9:5:12:2:9:2,0,0,0,,,0,0,0,0,0
9587,9:5:12:3:15:3,1,,4,0,0,1,0,0,0,0
9588,9:5:13:0:0:1,0,0,0,,,0,0,0,0,0
9589,9:5:13:1:6:1,0,0,0,,,0,0,0,0,0
9590,9:5:13:2:9:2,0,0,0,,,0,0,0,0,0
9591,9:5:13:3:15:3,1,,4,0,0,1,0,0,0,0
9592,9:5:14:0:0:1,0,0,0,,,0,0,0,0,0
9593,9:5:14:1:6:1,0,0,0,,,0,0,0,0,0
9594,9:5:14:2:9:2,0,0,0,,,0,0,0,0,0
9595,9:5:14:3:15:3,1,,4,0,0,1,0,0,0,0
9596,9:5:15:0:0:1,0,0,0,,,0,0,0,0,0
9597,9:5:15:1:6:1,0,0,0,,,0,0,0,0,0
9598,9:5:15:2:9:2,0,0,0,,,0,0,0,0,0
9599,9:5:15:3:15:3,1,,4,0,0,1,0,0,0,0
9600,9:6:0:0:0:1,1,,4,0,0,1,0,0,0,0
9601,9:6:0:1:6:1,1,,4,0,0,1,0,0,0,0
9602,9:6:0:2:9:2,1,,4,0,0,1,0,0,0,0
9603,9:6:0:3:15:3,1,,4,0,0,1,0,0,0,0
9604,9:6:1:0:0:1,1,,4,0,0,1,0,0,0,0
9605,9:6:1:1:6:1,1,,4,0,0,1,0,0,0,0
9606,9:6:1:2:9:2,1,,4,0,0,1,0,0,0,0
9607,9:6:1:3:15:3,1,,4,0,0,1,0,0,0,0
9608,9:6:2:0:0:1,1,,4,0,0,1,0,0,0,0
9609,9:6:2:1:6:1,1,,4,0,0,1,0,0,0,0
9610,9:6:2:2:9:2,1,,4,0,0,1,0,0,0,0
9611,9:6:2:3:15:3,1,,4,0,0,1,0,0,0,0
9612,9:6:3:0:0:1,1,,4,0,0,1,0,0,0,0
9613,9:6:3:1:6:1,1,,4,0,0,1,0,0,0,0
9614,9:6:3:2:9:2,1,,4,0,0,1,0,0,0,0
9615,9:6:3:3:15:3,1,,4,0,0,1,0,0,0,0
9616,9:6:4:0:0:1,0,0,0,,,0,0,0,0,0
9617,9:6:4:1:6:1,0,0,0,,,0,0,0,0,0
9618,9:6:4:2:9:2,0,0,0,,,0,0,0,0,0
9619,9:6:4:3:15:3,1,,4,0,0,1,0,0,0,0
9620,9:6:5:0:0:1,0,0,0,,,0,0,0,0,0
9621,9:6:5:1:6:1,0,0,0,,,0,0,0,0,0
9622,9:6:5:2:9:2,0,0,0,,,0,0,0,0,0
9623,9:6:5:3:15:3,1,,4,0,0,1,0,0,0,0
9624,9:6:6:0:0:1,1,2,2,2,2,2,0,0,0,0
9625,9:6:6:1:6:1,1,2,2,2,2,2,0,0,0,0
9626,9:6:6:2:9:2,1,2,2,2,2,2,0,0,0,0
9627,9:6:6:3:15:3,1,,4,0,0,1,0,0,0,0
9628,9:6:7:0:0:1,0,0,0,,,0,0,0,0,0
9629,9:6:7:1:6:1,0,0,0,,,0,0,0,0,0
9630,9:6:7:2:9:2,0,0,0,,,0,0,0,0,0
9631,9:6:7:3:15:3,1,,4,0,0,1,0,0,0,0
9632,9:6:8:0:0:1,0,0,0,,,0,0,0,0,0
9633,9:6:8:1:6:1,0,0,0,,,0,0,0,0,0
9634,9:6:8:2:9:2,0,0,0,,,0,0,0,0,0
9635,9:6:8:3:15:3,1,,4,0,0,1,0,0,0,0
9636,9:6:9:0:0:1,1,1,2,1,1,2,0,0,0,0
9637,9:6:9:1:6:1,1,1,2,1,1,2,0,0,0,0
9638,9:6:9:2:9:2,1,1,2,1,1,2,0,0,0,0
9639,9:6:9:3:15:3,1,,4,0,0,1,0,0,0,0
9640,9:6:10:0:0:1,0,0,0,,,0,0,0,0,0
9641,9:6:10:1:6:1,0,0,0,,,0,0,0,0,0
9642,9:6:10:2:9:2,0,0,0,,,0,0,0,0,0
9643,9:6:10:3:15:3,1,,4,0,0,1,0,0,0,0
9644,9:6:11:0:0:1,0,0,0,,,0,0,0,0,0
9645,9:6:11:1:6:1,0,0,0,,,0,0,0,0,0
9646,9:6:11:2:9:2,0,0,0,,,0,0,0,0,0
9647,9:6:11:3:15:3,1,,4,0,0,1,0,0,0,0
9648,9:6:12:0:0:1,1,1;2,1,3,3,3,0,0,0,0
9649,9:6:12:1:6:1,1,1;2,1,3,3,3,0,0,0,0
9650,9:6:12:2:9:2,1,1;2,1,3,3,3,0,0,0,0
9651,9:6:12:3:15:3,1,,4,0,0,1,0,0,0,0
9652,9:6:13:0:0:1,0,0,0,,,0,0,0,0,0
9653,9:6:13:1:6:1,0,0,0,,,0,0,0,0,0
9654,9:6:13:2:9:2,0,0,0,,,0,0,0,0,0
9655,9:6:13:3:15:3,1,,4,0,0,1,0,0,0,0
9656,9:6:14:0:0:1,0,0,0,,,0,0,0,0,0
9657,9:6:14:1:6:1,0,0,0,,,0,0,0,0,0
9658,9:6:14:2:9:2,0,0,0,,,0,0,0,0,0
9659,9:6:14:3:15:3,1,,4,0,0,1,0,0,0,0
9660,9:6:15:0:0:1,0,0,0,,,0,0,0,0,0
9661,9:6:15:1:6:1,0,0,0,,,0,0,0,0,0
9662,9:6:15:2:9:2,0,0,0,,,0,0,0,0,0
9663,9:6:15:3:15:3,1,,4,0,0,1,0,0,0,0
9664,9:7:0:0:0:1,1,,4,0,0,1,0,0,0,0
9665,9:7:0:1:6:1,1,,4,0,0,1,0,0,0,0
9666,9:7:0:2:9:2,1,,4,0,0,1,0,0,0,0
9667,9:7:0:3:15:3,1,,4,0,0,1,0,0,0,0
9668,9:7:1:0:0:1,1,,4,0,0,1,0,0,0,0
9669,9:7:1:1:6:1,1,,4,0,0,1,0,0,0,0
9670,9:7:1:2:9:2,1,,4,0,0,1,0,0,0,0
9671,9:7:1:3:15:3,1,,4,0,0,1,0,0,0,0
9672,9:7:2:0:0:1,1,,4,0,0,1,0,0,0,0
9673,9:7:2:1:6:1,1,,4,0,0,1,0,0,0,0
9674,9:7:2:2:9:2,1,,4,0,0,1,0,0,0,0
9675,9:7:2:3:15:3,1,,4,0,0,1,0,0,0,0
9676,9:7:3:0:0:1,1,,4,0,0,1,0,0,0,0
9677,9:7:3:1:6:1,1,,4,0,0,1,0,0,0,0
9678,9:7:3:2:9:2,1,,4,0,0,1,0,0,0,0
9679,9:7:3:3:15:3,1,,4,0,0,1,0,0,0,0
9680,9:7:4:0:0:1,0,0,0,,,0,0,0,0,0
9681,9:7:4:1:6:1,0,0,0,,,0,0,0,0,0
9682,9:7:4:2:9:2,0,0,0,,,0,0,0,0,0
9683,9:7:4:3:15:3,1,,4,0,0,1,0,0,0,0
9684,9:7:5:0:0:1,0,0,0,,,0,0,0,0,0
9685,9:7:5:1:6:1,0,0,0,,,0,0,0,0,0
9686,9:7:5:2:9:2,0,0,0,,,0,0,0,0,0
9687,9:7:5:3:15:3,1,,4,0,0,1,0,0,0,0
9688,9:7:6:0:0:1,0,0,0,,,0,0,0,0,0
9689,9:7:6:1:6:1,0,0,0,,,0,0,0,0,0
9690,9:7:6:2:9:2,0,0,0,,,0,0,0,0,0
9691,9:7:6:3:15:3,1,,4,0,0,1,0,0,0,0
9692,9:7:7:0:0:1,1,2,2,2,2,2,0,0,0,0
9693,9:7:7:1:6:1,1,2,2,2,2,2,0,0,0,0
9694,9:7:7:2:9:2,1,2,2,2,2,2,0,0,0,0
9695,9:7:7:3:15:3,1,,4,0,0,1,0,0,0,0
9696,9:7:8:0:0:1,0,0,0,,,0,0,0,0,0
9697,9:7:8:1:6:1,0,0,0,,,0,0,0,0,0
9698,9:7:8:2:9:2,0,0,0,,,0,0,0,0,0
9699,9:7:8:3:15:3,1,,4,0,0,1,0,0,0,0
9700,9:7:9:0:0:1,1,1,2,1,1,2,0,0,0,0
9701,9:7:9:1:6:1,1,1,2,1,1,2,0,0,0,0
9702,9:7:9:2:9:2,1,1,2,1,1,2,0,0,0,0
9703,9:7:9:3:15:3,1,,4,0,0,1,0,0,0,0
9704,9:7:10:0:0:1,0,0,0,,,0,0,0,0,0
9705,9:7:10:1:6:1,0,0,0,,,0,0,0,0,0
9706,9:7:10:2:9:2,0,0,0,,,0,0,0,0,0
9707,9:7:10:3:15:3,1,,4,0,0,1,0,0,0,0
9708,9:7:11:0:0:1,0,0,0,,,0,0,0,0,0
9709,9:7:11:1:6:1,0,0,0,,,0,0,0,0,0
9710,9:7:11:2:9:2,0,0,0,,,0,0,0,0,0
9711,9:7:11:3:15:3,1,,4,0,0,1,0,0,0,0
9712,9:7:12:0:0:1,0,0,0,,,0,0,0,0,0
9713,9:7:12:1:6:1,0,0,0,,,0,0,0,0,0
9714,9:7:12:2:9:2,0,0,0,,,0,0,0,0,0
9715,9:7:12:3:15:3,1,,4,0,0,1,0,0,0,0
9716,9:7:13:0:0:1,0,0,0,,,0,0,0,0,0
9717,9:7:13:1:6:1,0,0,0,,,0,0,0,0,0
9718,9:7:13:2:9:2,0,0,0,,,0,0,0,0,0
9719,9:7:13:3:15:3,1,,4,0,0,1,0,0,0,0
9720,9:7:14:0:0:1,0,0,0,,,0,0,0,0,0
9721,9:7:14:1:6:1,0,0,0,,,0,0,0,0,0
9722,9:7:14:2:9:2,0,0,0,,,0,0,0,0,0
9723,9:7:14:3:15:3,1,,4,0,0,1,0,0,0,0
9724,9:7:15:0:0:1,0,0,0,,,0,0,0,0,0
9725,9:7:15:1:6:1,0,0,0,,,0,0,0,0,0
9726,9:7:15:2:9:2,0,0,0,,,0,0,0,0,0
9727,9:7:15:3:15:3,1,,4,0,0,1,0,0,0,0
9728,9:8:0:0:0:1,1,,4,0,0,1,0,0,0,0
9729,9:8:0:1:6:1,1,,4,0,0,1,0,0,0,0
9730,9:8:0:2:9:2,1,,4,0,0,1,0,0,0,0
9731,9:8:0:3:15:3,1,,4,0,0,1,0,0,0,0
9732,9:8:1:0:0:1,1,,4,0,0,1,0,0,0,0
9733,9:8:1:1:6:1,1,,4,0,0,1,0,0,0,0
9734,9:8:1:2:9:2,1,,4,0,0,1,0,0,0,0
9735,9:8:1:3:15:3,1,,4,0,0,1,0,0,0,0
9736,9:8:2:0:0:1,1,,4,0,0,1,0,0,0,0
9737,9:8:2:1:6:1,1,,4,0,0,1,0,0,0,0
9738,9:8:2:2:9:2,1,,4,0,0,1,0,0,0,0
9739,9:8:2:3:15:3,1,,4,0,0,1,0,0,0,0
9740,9:8:3:0:0:1,1,,4,0,0,1,0,0,0,0
9741,9:8:3:1:6:1,1,,4,0,0,1,0,0,0,0
9742,9:8:3:2:9:2,1,,4,0,0,1,0,0,0,0
9743,9:8:3:3:15:3,1,,4,0,0,1,0,0,0,0
9744,9:8:4:0:0:1,0,0,0,,,0,0,0,0,0
9745,9:8:4:1:6:1,0,0,0,,,0,0,0,0,0
9746,9:8:4:2:9:2,0,0,0,,,0,0,0,0,0
9747,9:8:4:3:15:3,1,,4,0,0,1,0,0,0,0
9748,9:8:5:0:0:1,0,0,0,,,0,0,0,0,0
9749,9:8:5:1:6:1,0,0,0,,,0,0,0,0,0
9750,9:8:5:2:9:2,0,0,0,,,0,0,0,0,0
9751,9:8:5:3:15:3,1,,4,0,0,1,0,0,0,0
9752,9:8:6:0:0:1,0,0,0,,,0,0,0,0,0
9753,9:8:6:1:6:1,0,0,0,,,0,0,0,0,0
9754,9:8:6:2:9:2,0,0,0,,,0,0,0,0,0
9755,9:8:6:3:15:3,1,,4,0,0,1,0,0,0,0
9756,9:8:7:0:0:1,0,0,0,,,0,0,0,0,0
9757,9:8:7:1:6:1,0,0,0,,,0,0,0,0,0
9758,9:8:7:2:9:2,0,0,0,,,0,0,0,0,0
9759,9:8:7:3:15:3,1,,4,0,0,1,0,0,0,0
9760,9:8:8:0:0:1,1,2,2,2,2,2,0,0,0,0
9761,9:8:8:1:6:1,1,2,2,2,2,2,0,0,0,0
9762,9:8:8:2:9:2,1,2,2,2,2,2,0,0,0,0
9763,9:8:8:3:15:3,1,,4,0,0,1,0,0,0,0
9764,9:8:9:0:0:1,1,1,2,1,1,2,0,0,0,0
9765,9:8:9:1:6:1,1,1,2,1,1,2,0,0,0,0
9766,9:8:9:2:9:2,1,1,2,1,1,2,0,0,0,0
9767,9:8:9:3:15:3,1,,4,0,0,1,0,0,0,0
9768,9:8:10:0:0:1,0,0,0,,,0,0,0,0,0
9769,9:8:10:1:6:1,0,0,0,,,0,0,0,0,0
9770,9:8:10:2:9:2,0,0,0,,,0,0,0,0,0
9771,9:8:10:3:15:3,1,,4,0,0,1,0,0,0,0
9772,9:8:11:0:0:1,0,0,0,,,0,0,0,0,0
9773,9:8:11:1:6:1,0,0,0,,,0,0,0,0,0
9774,9:8:11:2:9:2,0,0,0,,,0,0,0,0,0
9775,9:8:11:3:15:3,1,,4,0,0,1,0,0,0,0
9776,9:8:12:0:0:1,0,0,0,,,0,0,0,0,0
9777,9:8:12:1:6:1,0,0,0,,,0,0,0,0,0
9778,9:8:12:2:9:2,0,0,0,,,0,0,0,0,0
9779,9:8:12:3:15:3,1,,4,0,0,1,0,0,0,0
9780,9:8:13:0:0:1,0,0,0,,,0,0,0,0,0
9781,9:8:13:1:6:1,0,0,0,,,0,0,0,0,0
9782,9:8:13:2:9:2,0,0,0,,,0,0,0,0,0
9783,9:8:13:3:15:3,1,,4,0,0,1,0,0,0,0
9784,9:8:14:0:0:1,0,0,0,,,0,0,0,0,0
9785,9:8:14:1:6:1,0,0,0,,,0,0,0,0,0
9786,9:8:14:2:9:2,0,0,0,,,0,0,0,0,0
9787,9:8:14:3:15:3,1,,4,0,0,1,0,0,0,0
9788,9:8:15:0:0:1,0,0,0,,,0,0,0,0,0
9789,9:8:15:1:6:1,0,0,0,,,0,0,0,0,0
9790,9:8:15:2:9:2,0,0,0,,,0,0,0,0,0
9791,9:8:15:3:15:3,1,,4,0,0,1,0,0,0,0
9792,9:9:0:0:0:1,1,,4,0,0,1,0,0,0,0
9793,9:9:0:1:6:1,1,,4,0,0,1,0,0,0,0
9794,9:9:0:2:9:2,1,,4,0,0,1,0,0,0,0
9795,9:9:0:3:15:3,1,,4,0,0,1,0,0,0,0
9796,9:9:1:0:0:1,1,,4,0,0,1,0,0,0,0
9797,9:9:1:1:6:1,1,,4,0,0,1,0,0,0,0
9798,9:9:1:2:9:2,1,,4,0,0,1,0,0,0,0
9799,9:9:1:3:15:3,1,,4,0,0,1,0,0,0,0
9800,9:9:2:0:0:1,1,,4,0,0,1,0,0,0,0
9801,9:9:2:1:6:1,1,,4,0,0,1,0,0,0,0
9802,9:9:2:2:9:2,1,,4,0,0,1,0,0,0,0
9803,9:9:2:3:15:3,1,,4,0,0,1,0,0,0,0
9804,9:9:3:0:0:1,1,,4,0,0,1,0,0,0,0
9805,9:9:3:1:6:1,1,,4,0,0,1,0,0,0,0
9806,9:9:3:2:9:2,1,,4,0,0,1,0,0,0,0
9807,9:9:3:3:15:3,1,,4,0,0,1,0,0,0,0
9808,9:9:4:0:0:1,0,0,0,,,0,0,0,0,0
9809,9:9:4:1:6:1,0,0,0,,,0,0,0,0,0
9810,9:9:4:2:9:2,0,0,0,,,0,0,0,0,0
9811,9:9:4:3:15:3,1,,4,0,0,1,0,0,0,0
9812,9:9:5:0:0:1,0,0,0,,,0,0,0,0,0
9813,9:9:5:1:6:1,0,0,0,,,0,0,0,0,0
9814,9:9:5:2:9:2,0,0,0,,,0,0,0,0,0
9815,9:9:5:3:15:3,1,,4,0,0,1,0,0,0,0
9816,9:9:6:0:0:1,0,0,0,,,0,0,0,0,0
9817,9:9:6:1:6:1,0,0,0,,,0,0,0,0,0
9818,9:9:6:2:9:2,0,0,0,,,0,0,0,0,0
9819,9:9:6:3:15:3,1,,4,0,0,1,0,0,0,0
9820,9:9:7:0:0:1,0,0,0,,,0,0,0,0,0
9821,9:9:7:1:6:1,0,0,0,,,0,0,0,0,0
9822,9:9:7:2:9:2,0,0,0,,,0,0,0,0,0
9823,9:9:7:3:15:3,1,,4,0,0,1,0,0,0,0
9824,9:9:8:0:0:1,0,0,0,,,0,0,0,0,0
9825,9:9:8:1:6:1,0,0,0,,,0,0,0,0,0
9826,9:9:8:2:9:2,0,0,0,,,0,0,0,0,0
9827,9:9:8:3:15:3,1,,4,0,0,1,0,0,0,0
9828,9:9:9:0:0:1,1,3,3,1,1,3,0,0,0,0
9829,9:9:9:1:6:1,1,3,3,1,1,3,0,0,0,0
9830,9:9:9:2:9:2,1,3,3,1,1,3,0,0,0,0
9831,9:9:9:3:15:3,1,,4,0,0,1,0,0,0,0
9832,9:9:10:0:0:1,0,0,0,,,0,0,0,0,0
9833,9:9:10:1:6:1,0,0,0,,,0,0,0,0,0
9834,9:9:10:2:9:2,0,0,0,,,0,0,0,0,0
9835,9:9:10:3:15:3,1,,4,0,0,1,0,0,0,0
9836,9:9:11:0:0:1,0,0,0,,,0,0,0,0,0
9837,9:9:11:1:6:1,0,0,0,,,0,0,0,0,0
9838,9:9:11:2:9:2,0,0,0,,,0,0,0,0,0
9839,9:9:11:3:15:3,1,,4,0,0,1,0,0,0,0
9840,9:9:12:0:0:1,0,0,0,,,0,0,0,0,0
9841,9:9:12:1:6:1,0,0,0,,,0,0,0,0,0
9842,9:9:12:2:9:2,0,0,0,,,0,0,0,0,0
9843,9:9:12:3:15:3,1,,4,0,0,1,0,0,0,0
9844,9:9:13:0:0:1,0,0,0,,,0,0,0,0,0
9845,9:9:13:1:6:1,0,0,0,,,0,0,0,0,0
9846,9:9:13:2:9:2,0,0,0,,,0,0,0,0,0
9847,9:9:13:3:15:3,1,,4,0,0,1,0,0,0,0
9848,9:9:14:0:0:1,0,0,0,,,0,0,0,0,0
9849,9:9:14:1:6:1,0,0,0,,,0,0,0,0,0
9850,9:9:14:2:9:2,0,0,0,,,0,0,0,0,0
9851,9:9:14:3:15:3,1,,4,0,0,1,0,0,0,0
9852,9:9:15:0:0:1,0,0,0,,,0,0,0,0,0
9853,9:9:15:1:6:1,0,0,0,,,0,0,0,0,0
9854,9:9:15:2:9:2,0,0,0,,,0,0,0,0,0
9855,9:9:15:3:15:3,1,,4,0,0,1,0,0,0,0
9856,9:10:0:0:0:1,1,,4,0,0,1,0,0,0,0
9857,9:10:0:1:6:1,1,,4,0,0,1,0,0,0,0
9858,9:10:0:2:9:2,1,,4,0,0,1,0,0,0,0
9859,9:10:0:3:15:3,1,,4,0,0,1,0,0,0,0
9860,9:10:1:0:0:1,1,,4,0,0,1,0,0,0,0
9861,9:10:1:1:6:1,1,,4,0,0,1,0,0,0,0
9862,9:10:1:2:9:2,1,,4,0,0,1,0,0,0,0
9863,9:10:1:3:15:3,1,,4,0,0,1,0,0,0,0
9864,9:10:2:0:0:1,1,,4,0,0,1,0,0,0,0
9865,9:10:2:1:6:1,1,,4,0,0,1,0,0,0,0
9866,9:10:2:2:9:2,1,,4,0,0,1,0,0,0,0
9867,9:10:2:3:15:3,1,,4,0,0,1,0,0,0,0
9868,9:10:3:0:0:1,1,,4,0,0,1,0,0,0,0
9869,9:10:3:1:6:1,1,,4,0,0,1,0,0,0,0
9870,9:10:3:2:9:2,1,,4,0,0,1,0,0,0,0
9871,9:10:3:3:15:3,1,,4,0,0,1,0,0,0,0
9872,9:10:4:0:0:1,0,0,0,,,0,0,0,0,0
9873,9:10:4:1:6:1,0,0,0,,,0,0,0,0,0
9874,9:10:4:2:9:2,0,0,0,,,0,0,0,0,0
9875,9:10:4:3:15:3,1,,4,0,0,1,0,0,0,0
9876,9:10:5:0:0:1,0,0,0,,,0,0,0,0,0
9877,9:10:5:1:6:1,0,0,0,,,0,0,0,0,0
9878,9:10:5:2:9:2,0,0,0,,,0,0,0,0,0
9879,9:10:5:3:15:3,1,,4,0,0,1,0,0,0,0
9880,9:10:6:0:0:1,0,0,0,,,0,0,0,0,0
9881,9:10:6:1:6:1,0,0,0,,,0,0,0,0,0
9882,9:10:6:2:9:2,0,0,0,,,0,0,0,0,0
9883,9:10:6:3:15:3,1,,4,0,0,1,0,0,0,0
9884,9:10:7:0:0:1,0,0,0,,,0,0,0,0,0
9885,9:10:7:1:6:1,0,0,0,,,0,0,0,0,0
9886,9:10:7:2:9:2,0,0,0,,,0,0,0,0,0
9887,9:10:7:3:15:3,1,,4,0,0,1,0,0,0,0
9888,9:10:8:0:0:1,0,0,0,,,0,0,0,0,0
9889,9:10:8:1:6:1,0,0,0,,,0,0,0,0,0
9890,9:10:8:2:9:2,0,0,0,,,0,0,0,0,0
9891,9:10:8:3:15:3,1,,4,0,0,1,0,0,0,0
9892,9:10:9:0:0:1,1,1,2,1,1,2,0,0,0,0
9893,9:10:9:1:6:1,1,1,2,1,1,2,0,0,0,0
9894,9:10:9:2:9:2,1,1,2,1,1,2,0,0,0,0
9895,9:10:9:3:15:3,1,,4,0,0,1,0,0,0,0
9896,9:10:10:0:0:1,1,2,2,2,2,2,0,0,0,0
9897,9:10:10:1:6:1,1,2,2,2,2,2,0,0,0,0
9898,9:10:10:2:9:2,1,2,2,2,2,2,0,0,0,0
9899,9:10:10:3:15:3,1,,4,0,0,1,0,0,0,0
9900,9:10:11:0:0:1,0,0,0,,,0,0,0,0,0
9901,9:10:11:1:6:1,0,0,0,,,0,0,0,0,0
9902,9:10:11:2:9:2,0,0,0,,,0,0,0,0,0
9903,9:10:11:3:15:3,1,,4,0,0,1,0,0,0,0
9904,9:10:12:0:0:1,0,0,0,,,0,0,0,0,0
9905,9:10:12:1:6:1,0,0,0,,,0,0,0,0,0
9906,9:10:12:2:9:2,0,0,0,,,0,0,0,0,0
9907,9:10:12:3:15:3,1,,4,0,0,1,0,0,0,0
9908,9:10:13:0:0:1,0,0,0,,,0,0,0,0,0
9909,9:10:13:1:6:1,0,0,0,,,0,0,0,0,0
9910,9:10:13:2:9:2,0,0,0,,,0,0,0,0,0
9911,9:10:13:3:15:3,1,,4,0,0,1,0,0,0,0
9912,9:10:14:0:0:1,0,0,0,,,0,0,0,0,0
9913,9:10:14:1:6:1,0,0,0,,,0,0,0,0,0
9914,9:10:14:2:9:2,0,0,0,,,0,0,0,0,0
9915,9:10:14:3:15:3,1,,4,0,0,1,0,0,0,0
9916,9:10:15:0:0:1,0,0,0,,,0,0,0,0,0
9917,9:10:15:1:6:1,0,0,0,,,0,0,0,0,0
9918,9:10:15:2:9:2,0,0,0,,,0,0,0,0,0
9919,9:10:15:3:15:3,1,,4,0,0,1,0,0,0,0
9920,9:11:0:0:0:1,1,,4,0,0,1,0,0,0,0
9921,9:11:0:1:6:1,1,,4,0,0,1,0,0,0,0
9922,9:11:0:2:9:2,1,,4,0,0,1,0,0,0,0
9923,9:11:0:3:15:3,1,,4,0,0,1,0,0,0,0
9924,9:11:1:0:0:1,1,,4,0,0,1,0,0,0,0
9925,9:11:1:1:6:1,1,,4,0,0,1,0,0,0,0
9926,9:11:1:2:9:2,1,,4,0,0,1,0,0,0,0
9927,9:11:1:3:15:3,1,,4,0,0,1,0,0,0,0
9928,9:11:2:0:0:1,1,,4,0,0,1,0,0,0,0
9929,9:11:2:1:6:1,1,,4,0,0,1,0,0,0,0
9930,9:11:2:2:9:2,1,,4,0,0,1,0,0,0,0
9931,9:11:2:3:15:3,1,,4,0,0,1,0,0,0,0
9932,9:11:3:0:0:1,1,,4,0,0,1,0,0,0,0
9933,9:11:3:1:6:1,1,,4,0,0,1,0,0,0,0
9934,9:11:3:2:9:2,1,,4,0,0,1,0,0,0,0
9935,9:11:3:3:15:3,1,,4,0,0,1,0,0,0,0
9936,9:11:4:0:0:1,0,0,0,,,0,0,0,0,0
9937,9:11:4:1:6:1,0,0,0,,,0,0,0,0,0
9938,9:11:4:2:9:2,0,0,0,,,0,0,0,0,0
9939,9:11:4:3:15:3,1,,4,0,0,1,0,0,0,0
9940,9:11:5:0:0:1,0,0,0,,,0,0,0,0,0
9941,9:11:5:1:6:1,0,0,0,,,0,0,0,0,0
9942,9:11:5:2:9:2,0,0,0,,,0,0,0,0,0
9943,9:11:5:3:15:3,1,,4,0,0,1,0,0,0,0
9944,9:11:6:0:0:1,0,0,0,,,0,0,0,0,0
9945,9:11:6:1:6:1,0,0,0,,,0,0,0,0,0
9946,9:11:6:2:9:2,0,0,0,,,0,0,0,0,0
9947,9:11:6:3:15:3,1,,4,0,0,1,0,0,0,0
9948,9:11:7:0:0:1,0,0,0,,,0,0,0,0,0
9949,9:11:7:1:6:1,0,0,0,,,0,0,0,0,0
9950,9:11:7:2:9:2,0,0,0,,,0,0,0,0,0
9951,9:11:7:3:15:3,1,,4,0,0,1,0,0,0,0
9952,9:11:8:0:0:1,0,0,0,,,0,0,0,0,0
9953,9:11:8:1:6:1,0,0,0,,,0,0,0,0,0
9954,9:11:8:2:9:2,0,0,0,,,0,0,0,0,0
9955,9:11:8:3:15:3,1,,4,0,0,1,0,0,0,0
9956,9:11:9:0:0:1,1,1,2,1,1,2,0,0,0,0
9957,9:11:9:1:6:1,1,1,2,1,1,2,0,0,0,0
9958,9:11:9:2:9:2,1,1,2,1,1,2,0,0,0,0
9959,9:11:9:3:15:3,1,,4,0,0,1,0,0,0,0
9960,9:11:10:0:0:1,0,0,0,,,0,0,0,0,0
9961,9:11:10:1:6:1,0,0,0,,,0,0,0,0,0
9962,9:11:10:2:9:2,0,0,0,,,0,0,0,0,0
9963,9:11:10:3:15:3,1,,4,0,0,1,0,0,0,0
9964,9:11:11:0:0:1,1,2,2,2,2,2,0,0,0,0
9965,9:11:11:1:6:1,1,2,2,2,2,2,0,0,0,0
9966,9:11:11:2:9:2,1,2,2,2,2,2,0,0,0,0
9967,9:11:11:3:15:3,1,,4,0,0,1,0,0,0,0
9968,9:11:12:0:0:1,0,0,0,,,0,0,0,0,0
9969,9:11:12:1:6:1,0,0,0,,,0,0,0,0,0
9970,9:11:12:2:9:2,0,0,0,,,0,0,0,0,0
9971,9:11:12:3:15:3,1,,4,0,0,1,0,0,0,0
9972,9:11:13:0:0:1,0,0,0,,,0,0,0,0,0
9973,9:11:13:1:6:1,0,0,0,,,0,0,0,0,0
9974,9:11:13:2:9:2,0,0,0,,,0,0,0,0,0
9975,9:11:13:3:15:3,1,,4,0,0,1,0,0,0,0
9976,9:11:14:0:0:1,0,0,0,,,0,0,0,0,0
9977,9:11:14:1:6:1,0,0,0,,,0,0,0,0,0
9978,9:11:14:2:9:2,0,0,0,,,0,0,0,0,0
9979,9:11:14:3:15:3,1,,4,0,0,1,0,0,0,0
9980,9:11:15:0:0:1,0,0,0,,,0,0,0,0,0
9981,9:11:15:1:6:1,0,0,0,,,0,0,0,0,0
9982,9:11:15:2:9:2,0,0,0,,,0,0,0,0,0
9983,9:11:15:3:15:3,1,,4,0,0,1,0,0,0,0
9984,9:12:0:0:0:1,1,,4,0,0,1,0,0,0,0
9985,9:12:0:1:6:1,1,,4,0,0,1,0,0,0,0
9986,9:12:0:2:9:2,1,,4,0,0,1,0,0,0,0
9987,9:12:0:3:15:3,1,,4,0,0,1,0,0,0,0
9988,9:12:1:0:0:1,1,,4,0,0,1,0,0,0,0
9989,9:12:1:1:6:1,1,,4,0,0,1,0,0,0,0
9990,9:12:1:2:9:2,1,,4,0,0,1,0,0,0,0
9991,9:12:1:3:15:3,1,,4,0,0,1,0,0,0,0
9992,9:12:2:0:0:1,1,,4,0,0,1,0,0,0,0
9993,9:12:2:1:6:1,1,,4,0,0,1,0,0,0,0
9994,9:12:2:2:9:2,1,,4,0,0,1,0,0,0,0
9995,9:12:2:3:15:3,1,,4,0,0,1,0,0,0,0
9996,9:12:3:0:0:1,1,,4,0,0,1,0,0,0,0
9997,9:12:3:1:6:1,1,,4,0,0,1,0,0,0,0
9998,9:12:3:2:9:2,1,,4,0,0,1,0,0,0,0
9999,9:12:3:3:15:3,1,,4,0,0,1,0,0,0,0
10000,9:12:4:0:0:1,0,0,0,,,0,0,0,0,0
10001,9:12:4:1:6:1,0,0,0,,,0,0,0,0,0
10002,9:12:4:2:9:2,0,0,0,,,0,0,0,0,0
10003,9:12:4:3:15:3,1,,4,0,0,1,0,0,0,0
10004,9:12:5:0:0:1,0,0,0,,,0,0,0,0,0
10005,9:12:5:1:6:1,0,0,0,,,0,0,0,0,0
10006,9:12:5:2:9:2,0,0,0,,,0,0,0,0,0
10007,9:12:5:3:15:3,1,,4,0,0,1,0,0,0,0
10008,9:12:6:0:0:1,1,1;2,1,3,3,3,0,0,0,0
10009,9:12:6:1:6:1,1,1;2,1,3,3,3,0,0,0,0
10010,9:12:6:2:9:2,1,1;2,1,3,3,3,0,0,0,0
10011,9:12:6:3:15:3,1,,4,0,0,1,0,0,0,0
10012,9:12:7:0:0:1,0,0,0,,,0,0,0,0,0
10013,9:12:7:1:6:1,0,0,0,,,0,0,0,0,0
10014,9:12:7:2:9:2,0,0,0,,,0,0,0,0,0
10015,9:12:7:3:15:3,1,,4,0,0,1,0,0,0,0
10016,9:12:8:0:0:1,0,0,0,,,0,0,0,0,0
10017,9:12:8:1:6:1,0,0,0,,,0,0,0,0,0
10018,9:12:8:2:9:2,0,0,0,,,0,0,0,0,0
10019,9:12:8:3:15:3,1,,4,0,0,1,0,0,0,0
10020,9:12:9:0:0:1,1,1,2,1,1,2,0,0,0,0
10021,9:12:9:1:6:1,1,1,2,1,1,2,0,0,0,0
10022,9:12:9:2:9:2,1,1,2,1,1,2,0,0,0,0
10023,9:12:9:3:15:3,1,,4,0,0,1,0,0,0,0
10024,9:12:10:0:0:1,0,0,0,,,0,0,0,0,0
10025,9:12:10:1:6:1,0,0,0,,,0,0,0,0,0
10026,9:12:10:2:9:2,0,0,0,,,0,0,0,0,0
10027,9:12:10:3:15:3,1,,4,0,0,1,0,0,0,0
10028,9:12:11:0:0:1,0,0,0,,,0,0,0,0,0
10029,9:12:11:1:6:1,0,0,0,,,0,0,0,0,0
10030,9:12:11:2:9:2,0,0,0,,,0,0,0,0,0
10031,9:12:11:3:15:3,1,,4,0,0,1,0,0,0,0
10032,9:12:12:0:0:1,1,2,2,2,2,2,0,0,0,0
10033,9:12:12:1:6:1,1,2,2,2,2,2,0,0,0,0
10034,9:12:12:2:9:2,1,2,2,2,2,2,0,0,0,0
10035,9:12:12:3:15:3,1,,4,0,0,1,0,0,0,0
10036,9:12:13:0:0:1,0,0,0,,,0,0,0,0,0
10037,9:12:13:1:6:1,0,0,0,,,0,0,0,0,0
10038,9:12:13:2:9:2,0,0,0,,,0,0,0,0,0
10039,9:12:13:3:15:3,1,,4,0,0,1,0,0,0,0
10040,9:12:14:0:0:1,0,0,0,,,0,0,0,0,0
10041,9:12:14:1:6:1,0,0,0,,,0,0,0,0,0
10042,9:12:14:2:9:2,0,0,0,,,0,0,0,0,0
10043,9:12:14:3:15:3,1,,4,0,0,1,0,0,0,0
10044,9:12:15:0:0:1,0,0,0,,,0,0,0,0,0
10045,9:12:15:1:6:1,0,0,0,,,0,0,0,0,0
10046,9:12:15:2:9:2,0,0,0,,,0,0,0,0,0
10047,9:12:15:3:15:3,1,,4,0,0,1,0,0,0,0
10048,9:13:0:0:0:1,1,,4,0,0,1,0,0,0,0
10049,9:13:0:1:6:1,1,,4,0,0,1,0,0,0,0
10050,9:13:0:2:9:2,1,,4,0,0,1,0,0,0,0
10051,9:13:0:3:15:3,1,,4,0,0,1,0,0,0,0
10052,9:13:1:0:0:1,1,,4,0,0,1,0,0,0,0
10053,9:13:1:1:6:1,1,,4,0,0,1,0,0,0,0
10054,9:13:1:2:9:2,1,,4,0,0,1,0,0,0,0
10055,9:13:1:3:15:3,1,,4,0,0,1,0,0,0,0
10056,9:13:2:0:0:1,1,,4,0,0,1,0,0,0,0
10057,9:13:2:1:6:1,1,,4,0,0,1,0,0,0,0
10058,9:13:2:2:9:2,1,,4,0,0,1,0,0,0,0
10059,9:13:2:3:15:3,1,,4,0,0,1,0,0,0,0
10060,9:13:3:0:0:1,1,,4,0,0,1,0,0,0,0
10061,9:13:3:1:6:1,1,,4,0,0,1,0,0,0,0
10062,9:13:3:2:9:2,1,,4,0,0,1,0,0,0,0
10063,9:13:3:3:15:3,1,,4,0,0,1,0,0,0,0
10064,9:13:4:0:0:1,0,0,0,,,0,0,0,0,0
10065,9:13:4:1:6:1,0,0,0,,,0,0,0,0,0
10066,9:13:4:2:9:2,0,0,0,,,0,0,0,0,0
10067,9:13:4:3:15:3,1,,4,0,0,1,0,0,0,0
10068,9:13:5:0:0:1,0,0,0,,,0,0,0,0,0
10069,9:13:5:1:6:1,0,0,0,,,0,0,0,0,0
10070,9:13:5:2:9:2,0,0,0,,,0,0,0,0,0
10071,9:13:5:3:15:3,1,,4,0,0,1,0,0,0,0
10072,9:13:6:0:0:1,0,0,0,,,0,0,0,0,0
10073,9:13:6:1:6:1,0,0,0,,,0,0,0,0,0
10074,9:13:6:2:9:2,0,0,0,,,0,0,0,0,0
10075,9:13:6:3:15:3,1,,4,0,0,1,0,0,0,0
10076,9:13:7:0:0:1,0,0,0,,,0,0,0,0,0
10077,9:13:7:1:6:1,0,0,0,,,0,0,0,0,0
10078,9:13:7:2:9:2,0,0,0,,,0,0,0,0,0
10079,9:13:7:3:15:3,1,,4,0,0,1,0,0,0,0
10080,9:13:8:0:0:1,0,0,0,,,0,0,0,0,0
10081,9:13:8:1:6:1,0,0,0,,,0,0,0,0,0
10082,9:13:8:2:9:2,0,0,0,,,0,0,0,0,0
10083,9:13:8:3:15:3,1,,4,0,0,1,0,0,0,0
10084,9:13:9:0:0:1,1,1,2,1,1,2,0,0,0,0
10085,9:13:9:1:6:1,1,1,2,1,1,2,0,0,0,0
10086,9:13:9:2:9:2,1,1,2,1,1,2,0,0,0,0
10087,9:13:9:3:15:3,1,,4,0,0,1,0,0,0,0
10088,9:13:10:0:0:1,0,0,0,,,0,0,0,0,0
10089,9:13:10:1:6:1,0,0,0,,,0,0,0,0,0
10090,9:13:10:2:9:2,0,0,0,,,0,0,0,0,0
10091,9:13:10:3:15:3,1,,4,0,0,1,0,0,0,0
10092,9:13:11:0:0:1,0,0,0,,,0,0,0,0,0
10093,9:13:11:1:6:1,0,0,0,,,0,0,0,0,0
10094,9:13:11:2:9:2,0,0,0,,,0,0,0,0,0
10095,9:13:11:3:15:3,1,,4,0,0,1,0,0,0,0
10096,9:13:12:0:0:1,0,0,0,,,0,0,0,0,0
10097,9:13:12:1:6:1,0,0,0,,,0,0,0,0,0
10098,9:13:12:2:9:2,0,0,0,,,0,0,0,0,0
10099,9:13:12:3:15:3,1,,4,0,0,1,0,0,0,0
10100,9:13:13:0:0:1,1,2,2,2,2,2,0,0,0,0
10101,9:13:13:1:6:1,1,2,2,2,2,2,0,0,0,0
10102,9:13:13:2:9:2,1,2,2,2,2,2,0,0,0,0
10103,9:13:13:3:15:3,1,,4,0,0,1,0,0,0,0
10104,9:13:14:0:0:1,0,0,0,,,0,0,0,0,0
10105,9:13:14:1:6:1,0,0,0,,,0,0,0,0,0
10106,9:13:14:2:9:2,0,0,0,,,0,0,0,0,0
10107,9:13:14:3:15:3,1,,4,0,0,1,0,0,0,0
10108,9:13:15:0:0:1,0,0,0,,,0,0,0,0,0
10109,9:13:15:1:6:1,0,0,0,,,0,0,0,0,0
10110,9:13:15:2:9:2,0,0,0,,,0,0,0,0,0
10111,9:13:15:3:15:3,1,,4,0,0,1,0,0,0,0
10112,9:14:0:0:0:1,1,,4,0,0,1,0,0,0,0
10113,9:14:0:1:6:1,1,,4,0,0,1,0,0,0,0
10114,9:14:0:2:9:2,1,,4,0,0,1,0,0,0,0
10115,9:14:0:3:15:3,1,,4,0,0,1,0,0,0,0
10116,9:14:1:0:0:1,1,,4,0,0,1,0,0,0,0
10117,9:14:1:1:6:1,1,,4,0,0,1,0,0,0,0
10118,9:14:1:2:9:2,1,,4,0,0,1,0,0,0,0
10119,9:14:1:3:15:3,1,,4,0,0,1,0,0,0,0
10120,9:14:2:0:0:1,1,,4,0,0,1,0,0,0,0
10121,9:14:2:1:6:1,1,,4,0,0,1,0,0,0,0
10122,9:14:2:2:9:2,1,,4,0,0,1,0,0,0,0
10123,9:14:2:3:15:3,1,,4,0,0,1,0,0,0,0
10124,9:14:3:0:0:1,1,,4,0,0,1,0,0,0,0
10125,9:14:3:1:6:1,1,,4,0,0,1,0,0,0,0
10126,9:14:3:2:9:2,1,,4,0,0,1,0,0,0,0
10127,9:14:3:3:15:3,1,,4,0,0,1,0,0,0,0
10128,9:14:4:0:0:1,0,0,0,,,0,0,0,0,0
10129,9:14:4:1:6:1,0,0,0,,,0,0,0,0,0
10130,9:14:4:2:9:2,0,0,0,,,0,0,0,0,0
10131,9:14:4:3:15:3,1,,4,0,0,1,0,0,0,0
10132,9:14:5:0:0:1,0,0,0,,,0,0,0,0,0
10133,9:14:5:1:6:1,0,0,0,,,0,0,0,0,0
10134,9:14:5:2:9:2,0,0,0,,,0,0,0,0,0
10135,9:14:5:3:15:3,1,,4,0,0,1,0,0,0,0
10136,9:14:6:0:0:1,0,0,0,,,0,0,0,0,0
10137,9:14:6:1:6:1,0,0,0,,,0,0,0,0,0
10138,9:14:6:2:9:2,0,0,0,,,0,0,0,0,0
10139,9:14:6:3:15:3,1,,4,0,0,1,0,0,0,0
10140,9:14:7:0:0:1,0,0,0,,,0,0,0,0,0
10141,9:14:7:1:6:1,0,0,0,,,0,0,0,0,0
10142,9:14:7:2:9:2,0,0,0,,,0,0,0,0,0
10143,9:14:7:3:15:3,1,,4,0,0,1,0,0,0,0
10144,9:14:8:0:0:1,0,0,0,,,0,0,0,0,0
10145,9:14:8:1:6:1,0,0,0,,,0,0,0,0,0
10146,9:14:8:2:9:2,0,0,0,,,0,0,0,0,0
10147,9:14:8:3:15:3,1,,4,0,0,1,0,0,0,0
10148,9:14:9:0:0:1,1,1,2,1,1,2,0,0,0,0
10149,9:14:9:1:6:1,1,1,2,1,1,2,0,0,0,0
10150,9:14:9:2:9:2,1,1,2,1,1,2,0,0,0,0
10151,9:14:9:3:15:3,1,,4,0,0,1,0,0,0,0
10152,9:14:10:0:0:1,0,0,0,,,0,0,0,0,0
10153,9:14:10:1:6:1,0,0,0,,,0,0,0,0,0
10154,9:14:10:2:9:2,0,0,0,,,0,0,0,0,0
10155,9:14:10:3:15:3,1,,4,0,0,1,0,0,0,0
10156,9:14:11:0:0:1,0,0,0,,,0,0,0,0,0
10157,9:14:11:1:6:1,0,0,0,,,0,0,0,0,0
10158,9:14:11:2:9:2,0,0,0,,,0,0,0,0,0
10159,9:14:11:3:15:3,1,,4,0,0,1,0,0,0,0
10160,9:14:12:0:0:1,0,0,0,,,0,0,0,0,0
10161,9:14:12:1:6:1,0,0,0,,,0,0,0,0,0
10162,9:14:12:2:9:2,0,0,0,,,0,0,0,0,0
10163,9:14:12:3:15:3,1,,4,0,0,1,0,0,0,0
10164,9:14:13:0:0:1,0,0,0,,,0,0,0,0,0
10165,9:14:13:1:6:1,0,0,0,,,0,0,0,0,0
10166,9:14:13:2:9:2,0,0,0,,,0,0,0,0,0
10167,9:14:13:3:15:3,1,,4,0,0,1,0,0,0,0
10168,9:14:14:0:0:1,1,2,2,2,2,2,0,0,0,0
10169,9:14:14:1:6:1,1,2,2,2,2,2,0,0,0,0
10170,9:14:14:2:9:2,1,2,2,2,2,2,0,0,0,0
10171,9:14:14:3:15:3,1,,4,0,0,1,0,0,0,0
10172,9:14:15:0:0:1,0,0,0,,,0,0,0,0,0
10173,9:14:15:1:6:1,0,0,0,,,0,0,0,0,0
10174,9:14:15:2:9:2,0,0,0,,,0,0,0,0,0
10175,9:14:15:3:15:3,1,,4,0,0,1,0,0,0,0
10176,9:15:0:0:0:1,1,,4,0,0,1,0,0,0,0
10177,9:15:0:1:6:1,1,,4,0,0,1,0,0,0,0
10178,9:15:0:2:9:2,1,,4,0,0,1,0,0,0,0
10179,9:15:0:3:15:3,1,,4,0,0,1,0,0,0,0
10180,9:15:1:0:0:1,1,,4,0,0,1,0,0,0,0
10181,9:15:1:1:6:1,1,,4,0,0,1,0,0,0,0
10182,9:15:1:2:9:2,1,,4,0,0,1,0,0,0,0
10183,9:15:1:3:15:3,1,,4,0,0,1,0,0,0,0
10184,9:15:2:0:0:1,1,,4,0,0,1,0,0,0,0
10185,9:15:2:1:6:1,1,,4,0,0,1,0,0,0,0
10186,9:15:2:2:9:2,1,,4,0,0,1,0,0,0,0
10187,9:15:2:3:15:3,1,,4,0,0,1,0,0,0,0
10188,9:15:3:0:0:1,1,,4,0,0,1,0,0,0,0
10189,9:15:3:1:6:1,1,,4,0,0,1,0,0,0,0
10190,9:15:3:2:9:2,1,,4,0,0,1,0,0,0,0
10191,9:15:3:3:15:3,1,,4,0,0,1,0,0,0,0
10192,9:15:4:0:0:1,0,0,0,,,0,0,0,0,0
10193,9:15:4:1:6:1,0,0,0,,,0,0,0,0,0
10194,9:15:4:2:9:2,0,0,0,,,0,0,0,0,0
10195,9:15:4:3:15:3,1,,4,0,0,1,0,0,0,0
10196,9:15:5:0:0:1,0,0,0,,,0,0,0,0,0
10197,9:15:5:1:6:1,0,0,0,,,0,0,0,0,0
10198,9:15:5:2:9:2,0,0,0,,,0,0,0,0,0
10199,9:15:5:3:15:3,1,,4,0,0,1,0,0,0,0
10200,9:15:6:0:0:1,0,0,0,,,0,0,0,0,0
10201,9:15:6:1:6:1,0,0,0,,,0,0,0,0,0
10202,9:15:6:2:9:2,0,0,0,,,0,0,0,0,0
10203,9:15:6:3:15:3,1,,4,0,0,1,0,0,0,0
10204,9:15:7:0:0:1,0,0,0,,,0,0,0,0,0
10205,9:15:7:1:6:1,0,0,0,,,0,0,0,0,0
10206,9:15:7:2:9:2,0,0,0,,,0,0,0,0,0
10207,9:15:7:3:15:3,1,,4,0,0,1,0,0,0,0
10208,9:15:8:0:0:1,0,0,0,,,0,0,0,0,0
10209,9:15:8:1:6:1,0,0,0,,,0,0,0,0,0
10210,9:15:8:2:9:2,0,0,0,,,0,0,0,0,0
10211,9:15:8:3:15:3,1,,4,0,0,1,0,0,0,0
10212,9:15:9:0:0:1,1,1,2,1,1,2,0,0,0,0
10213,9:15:9:1:6:1,1,1,2,1,1,2,0,0,0,0
10214,9:15:9:2:9:2,1,1,2,1,1,2,0,0,0,0
10215,9:15:9:3:15:3,1,,4,0,0,1,0,0,0,0
10216,9:15:10:0:0:1,0,0,0,,,0,0,0,0,0
10217,9:15:10:1:6:1,0,0,0,,,0,0,0,0,0
10218,9:15:10:2:9:2,0,0,0,,,0,0,0,0,0
10219,9:15:10:3:15:3,1,,4,0,0,1,0,0,0,0
10220,9:15:11:0:0:1,0,0,0,,,0,0,0,0,0
10221,9:15:11:1:6:1,0,0,0,,,0,0,0,0,0
10222,9:15:11:2:9:2,0,0,0,,,0,0,0,0,0
10223,9:15:11:3:15:3,1,,4,0,0,1,0,0,0,0
10224,9:15:12:0:0:1,0,0,0,,,0,0,0,0,0
10225,9:15:12:1:6:1,0,0,0,,,0,0,0,0,0
10226,9:15:12:2:9:2,0,0,0,,,0,0,0,0,0
10227,9:15:12:3:15:3,1,,4,0,0,1,0,0,0,0
10228,9:15:13:0:0:1,0,0,0,,,0,0,0,0,0
10229,9:15:13:1:6:1,0,0,0,,,0,0,0,0,0
10230,9:15:13:2:9:2,0,0,0,,,0,0,0,0,0
10231,9:15:13:3:15:3,1,,4,0,0,1,0,0,0,0
10232,9:15:14:0:0:1,0,0,0,,,0,0,0,0,0
10233,9:15:14:1:6:1,0,0,0,,,0,0,0,0,0
10234,9:15:14:2:9:2,0,0,0,,,0,0,0,0,0
10235,9:15:14:3:15:3,1,,4,0,0,1,0,0,0,0
10236,9:15:15:0:0:1,1,2,2,2,2,2,0,0,0,0
10237,9:15:15:1:6:1,1,2,2,2,2,2,0,0,0,0
10238,9:15:15:2:9:2,1,2,2,2,2,2,0,0,0,0
10239,9:15:15:3:15:3,1,,4,0,0,1,0,0,0,0
10240,10:0:0:0:0:1,1,,4,0,0,1,0,0,0,0
10241,10:0:0:1:6:1,1,,4,0,0,1,0,0,0,0
10242,10:0:0:2:9:2,1,,4,0,0,1,0,0,0,0
10243,10:0:0:3:15:3,1,,4,0,0,1,0,0,0,0
10244,10:0:1:0:0:1,1,,4,0,0,1,0,0,0,0
10245,10:0:1:1:6:1,1,,4,0,0,1,0,0,0,0
10246,10:0:1:2:9:2,1,,4,0,0,1,0,0,0,0
10247,10:0:1:3:15:3,1,,4,0,0,1,0,0,0,0
10248,10:0:2:0:0:1,1,,4,0,0,1,0,0,0,0
10249,10:0:2:1:6:1,1,,4,0,0,1,0,0,0,0
10250,10:0:2:2:9:2,1,,4,0,0,1,0,0,0,0
10251,10:0:2:3:15:3,1,,4,0,0,1,0,0,0,0
10252,10:0:3:0:0:1,1,,4,0,0,1,0,0,0,0
10253,10:0:3:1:6:1,1,,4,0,0,1,0,0,0,0
10254,10:0:3:2:9:2,1,,4,0,0,1,0,0,0,0
10255,10:0:3:3:15:3,1,,4,0,0,1,0,0,0,0
10256,10:0:4:0:0:1,0,0,0,,,0,0,0,0,0
10257,10:0:4:1:6:1,0,0,0,,,0,0,0,0,0
10258,10:0:4:2:9:2,0,0,0,,,0,0,0,0,0
10259,10:0:4:3:15:3,1,,4,0,0,1,0,0,0,0
10260,10:0:5:0:0:1,0,0,0,,,0,0,0,0,0
10261,10:0:5:1:6:1,0,0,0,,,0,0,0,0,0
10262,10:0:5:2:9:2,0,0,0,,,0,0,0,0,0
10263,10:0:5:3:15:3,1,,4,0,0,1,0,0,0,0
10264,10:0:6:0:0:1,0,0,0,,,0,0,0,0,0
10265,10:0:6:1:6:1,0,0,0,,,0,0,0,0,0
10266,10:0:6:2:9:2,0,0,0,,,0,0,0,0,0
10267,10:0:6:3:15:3,1,,4,0,0,1,0,0,0,0
10268,10:0:7:0:0:1,0,0,0,,,0,0,0,0,0
10269,10:0:7:1:6:1,0,0,0,,,0,0,0,0,0
10270,10:0:7:2:9:2,0,0,0,,,0,0,0,0,0
10271,10:0:7:3:15:3,1,,4,0,0,1,0,0,0,0
10272,10:0:8:0:0:1,0,0,0,,,0,0,0,0,0
10273,10:0:8:1:6:1,0,0,0,,,0,0,0,0,0
10274,10:0:8:2:9:2,0,0,0,,,0,0,0,0,0
10275,10:0:8:3:15:3,1,,4,0,0,1,0,0,0,0
10276,10:0:9:0:0:1,0,0,0,,,0,0,0,0,0
10277,10:0:9:1:6:1,0,0,0,,,0,0,0,0,0
10278,10:0:9:2:9:2,0,0,0,,,0,0,0,0,0
10279,10:0:9:3:15:3,1,,4,0,0,1,0,0,0,0
10280,10:0:10:0:0:1,1,1,2,1,1,2,0,0,0,0
10281,10:0:10:1:6:1,1,1,2,1,1,2,0,0,0,0
10282,10:0:10:2:9:2,1,1,2,1,1,2,0,0,0,0
10283,10:0:10:3:15:3,1,,4,0,0,1,0,0,0,0
10284,10:0:11:0:0:1,0,0,0,,,0,0,0,0,0
10285,10:0:11:1:6:1,0,0,0,,,0,0,0,0,0
10286,10:0:11:2:9:2,0,0,0,,,0,0,0,0,0
10287,10:0:11:3:15:3,1,,4,0,0,1,0,0,0,0
10288,10:0:12:0:0:1,0,0,0,,,0,0,0,0,0
10289,10:0:12:1:6:1,0,0,0,,,0,0,0,0,0
10290,10:0:12:2:9:2,0,0,0,,,0,0,0,0,0
10291,10:0:12:3:15:3,1,,4,0,0,1,0,0,0,0
10292,10:0:13:0:0:1,0,0,0,,,0,0,0,0,0
10293,10:0:13:1:6:1,0,0,0,,,0,0,0,0,0
10294,10:0:13:2:9:2,0,0,0,,,0,0,0,0,0
10295,10:0:13:3:15:3,1,,4,0,0,1,0,0,0,0
10296,10:0:14:0:0:1,0,0,0,,,0,0,0,0,0
10297,10:0:14:1:6:1,0,0,0,,,0,0,0,0,0
10298,10:0:14:2:9:2,0,0,0,,,0,0,0,0,0
10299,10:0:14:3:15:3,1,,4,0,0,1,0,0,0,0
10300,10:0:15:0:0:1,0,0,0,,,0,0,0,0,0
10301,10:0:15:1:6:1,0,0,0,,,0,0,0,0,0
10302,10:0:15:2:9:2,0,0,0,,,0,0,0,0,0
10303,10:0:15:3:15:3,1,,4,0,0,1,0,0,0,0
10304,10:1:0:0:0:1,1,,4,0,0,1,0,0,0,0
10305,10:1:0:1:6:1,1,,4,0,0,1,0,0,0,0
10306,10:1:0:2:9:2,1,,4,0,0,1,0,0,0,0
10307,10:1:0:3:15:3,1,,4,0,0,1,0,0,0,0
10308,10:1:1:0:0:1,1,,4,0,0,1,0,0,0,0
10309,10:1:1:1:6:1,1,,4,0,0,1,0,0,0,0
10310,10:1:1:2:9:2,1,,4,0,0,1,0,0,0,0
10311,10:1:1:3:15:3,1,,4,0,0,1,0,0,0,0
10312,10:1:2:0:0:1,1,,4,0,0,1,0,0,0,0
10313,10:1:2:1:6:1,1,,4,0,0,1,0,0,0,0
10314,10:1:2:2:9:2,1,,4,0,0,1,0,0,0,0
10315,10:1:2:3:15:3,1,,4,0,0,1,0,0,0,0
10316,10:1:3:0:0:1,1,,4,0,0,1,0,0,0,0
10317,10:1:3:1:6:1,1,,4,0,0,1,0,0,0,0
10318,10:1:3:2:9:2,1,,4,0,0,1,0,0,0,0
10319,10:1:3:3:15:3,1,,4,0,0,1,0,0,0,0
10320,10:1:4:0:0:1,0,0,0,,,0,0,0,0,0
10321,10:1:4:1:6:1,0,0,0,,,0,0,0,0,0
10322,10:1:4:2:9:2,0,0,0,,,0,0,0,0,0
10323,10:1:4:3:15:3,1,,4,0,0,1,0,0,0,0
10324,10:1:5:0:0:1,0,0,0,,,0,0,0,0,0
10325,10:1:5:1:6:1,0,0,0,,,0,0,0,0,0
10326,10:1:5:2:9:2,0,0,0,,,0,0,0,0,0
10327,10:1:5:3:15:3,1,,4,0,0,1,0,0,0,0
10328,10:1:6:0:0:1,0,0,0,,,0,0,0,0,0
10329,10:1:6:1:6:1,0,0,0,,,0,0,0,0,0
10330,10:1:6:2:9:2,0,0,0,,,0,0,0,0,0
10331,10:1:6:3:15:3,1,,4,0,0,1,0,0,0,0
10332,10:1:7:0:0:1,0,0,0,,,0,0,0,0,0
10333,10:1:7:1:6:1,0,0,0,,,0,0,0,0,0
10334,10:1:7:2:9:2,0,0,0,,,0,0,0,0,0
10335,10:1:7:3:15:3,1,,4,0,0,1,0,0,0,0
10336,10:1:8:0:0:1,0,0,0,,,0,0,0,0,0
10337,10:1:8:1:6:1,0,0,0,,,0,0,0,0,0
10338,10:1:8:2:9:2,0,0,0,,,0,0,0,0,0
10339,10:1:8:3:15:3,1,,4,0,0,1,0,0,0,0
10340,10:1:9:0:0:1,0,0,0,,,0,0,0,0,0
10341,10:1:9:1:6:1,0,0,0,,,0,0,0,0,0
10342,10:1:9:2:9:2,0,0,0,,,0,0,0,0,0
10343,10:1:9:3:15:3,1,,4,0,0,1,0,0,0,0
10344,10:1:10:0:0:1,1,1,2,1,1,2,0,0,0,0
10345,10:1:10:1:6:1,1,1,2,1,1,2,0,0,0,0
10346,10:1:10:2:9:2,1,1,2,1,1,2,0,0,0,0
10347,10:1:10:3:15:3,1,,4,0,0,1,0,0,0,0
10348,10:1:11:0:0:1,0,0,0,,,0,0,0,0,0
10349,10:1:11:1:6:1,0,0,0,,,0,0,0,0,0
10350,10:1:11:2:9:2,0,0,0,,,0,0,0,0,0
10351,10:1:11:3:15:3,1,,4,0,0,1,0,0,0,0
10352,10:1:12:0:0:1,0,0,0,,,0,0,0,0,0
10353,10:1:12:1:6:1,0,0,0,,,0,0,0,0,0
10354,10:1:12:2:9:2,0,0,0,,,0,0,0,0,0
10355,10:1:12:3:15:3,1,,4,0,0,1,0,0,0,0
10356,10:1:13:0:0:1,0,0,0,,,0,0,0,0,0
10357,10:1:13:1:6:1,0,0,0,,,0,0,0,0,0
10358,10:1:13:2:9:2,0,0,0,,,0,0,0,0,0
10359,10:1:13:3:15:3,1,,4,0,0,1,0,0,0,0
10360,10:1:14:0:0:1,0,0,0,,,0,0,0,0,0
10361,10:1:14:1:6:1,0,0,0,,,0,0,0,0,0
10362,10:1:14:2:9:2,0,0,0,,,0,0,0,0,0
10363,10:1:14:3:15:3,1,,4,0,0,1,0,0,0,0
10364,10:1:15:0:0:1,0,0,0,,,0,0,0,0,0
10365,10:1:15:1:6:1,0,0,0,,,0,0,0,0,0
10366,10:1:15:2:9:2,0,0,0,,,0,0,0,0,0
10367,10:1:15:3:15:3,1,,4,0,0,1,0,0,0,0
10368,10:2:0:0:0:1,1,,4,0,0,1,0,0,0,0
10369,10:2:0:1:6:1,1,,4,0,0,1,0,0,0,0
10370,10:2:0:2:9:2,1,,4,0,0,1,0,0,0,0
10371,10:2:0:3:15:3,1,,4,0,0,1,0,0,0,0
10372,10:2:1:0:0:1,1,,4,0,0,1,0,0,0,0
10373,10:2:1:1:6:1,1,,4,0,0,1,0,0,0,0
10374,10:2:1:2:9:2,1,,4,0,0,1,0,0,0,0
10375,10:2:1:3:15:3,1,,4,0,0,1,0,0,0,0
10376,10:2:2:0:0:1,1,,4,0,0,1,0,0,0,0
10377,10:2:2:1:6:1,1,,4,0,0,1,0,0,0,0
10378,10:2:2:2:9:2,1,,4,0,0,1,0,0,0,0
10379,10:2:2:3:15:3,1,,4,0,0,1,0,0,0,0
10380,10:2:3:0:0:1,1,,4,0,0,1,0,0,0,0
10381,10:2:3:1:6:1,1,,4,0,0,1,0,0,0,0
10382,10:2:3:2:9:2,1,,4,0,0,1,0,0,0,0
10383,10:2:3:3:15:3,1,,4,0,0,1,0,0,0,0
10384,10:2:4:0:0:1,0,0,0,,,0,0,0,0,0
10385,10:2:4:1:6:1,0,0,0,,,0,0,0,0,0
10386,10:2:4:2:9:2,0,0,0,,,0,0,0,0,0
10387,10:2:4:3:15:3,1,,4,0,0,1,0,0,0,0
10388,10:2:5:0:0:1,0,0,0,,,0,0,0,0,0
10389,10:2:5:1:6:1,0,0,0,,,0,0,0,0,0
10390,10:2:5:2:9:2,0,0,0,,,0,0,0,0,0
10391,10:2:5:3:15:3,1,,4,0,0,1,0,0,0,0
10392,10:2:6:0:0:1,0,0,0,,,0,0,0,0,0
10393,10:2:6:1:6:1,0,0,0,,,0,0,0,0,0
10394,10:2:6:2:9:2,0,0,0,,,0,0,0,0,0
10395,10:2:6:3:15:3,1,,4,0,0,1,0,0,0,0
10396,10:2:7:0:0:1,0,0,0,,,0,0,0,0,0
10397,10:2:7:1:6:1,0,0,0,,,0,0,0,0,0
10398,10:2:7:2:9:2,0,0,0,,,0,0,0,0,0
10399,10:2:7:3:15:3,1,,4,0,0,1,0,0,0,0
10400,10:2:8:0:0:1,0,0,0,,,0,0,0,0,0
10401,10:2:8:1:6:1,0,0,0,,,0,0,0,0,0
10402,10:2:8:2:9:2,0,0,0,,,0,0,0,0,0
10403,10:2:8:3:15:3,1,,4,0,0,1,0,0,0,0
10404,10:2:9:0:0:1,0,0,0,,,0,0,0,0,0
10405,10:2:9:1:6:1,0,0,0,,,0,0,0,0,0
10406,10:2:9:2:9:2,0,0,0,,,0,0,0,0,0
10407,10:2:9:3:15:3,1,,4,0,0,1,0,0,0,0
10408,10:2:10:0:0:1,1,1,2,1,1,2,0,0,0,0
10409,10:2:10:1:6:1,1,1,2,1,1,2,0,0,0,0
10410,10:2:10:2:9:2,1,1,2,1,1,2,0,0,0,0
10411,10:2:10:3:15:3,1,,4,0,0,1,0,0,0,0
10412,10:2:11:0:0:1,0,0,0,,,0,0,0,0,0
10413,10:2:11:1:6:1,0,0,0,,,0,0,0,0,0
10414,10:2:11:2:9:2,0,0,0,,,0,0,0,0,0
10415,10:2:11:3:15:3,1,,4,0,0,1,0,0,0,0
10416,10:2:12:0:0:1,0,0,0,,,0,0,0,0,0
10417,10:2:12:1:6:1,0,0,0,,,0,0,0,0,0
10418,10:2:12:2:9:2,0,0,0,,,0,0,0,0,0
10419,10:2:12:3:15:3,1,,4,0,0,1,0,0,0,0
10420,10:2:13:0:0:1,0,0,0,,,0,0,0,0,0
10421,10:2:13:1:6:1,0,0,0,,,0,0,0,0,0
10422,10:2:13:2:9:2,0,0,0,,,0,0,0,0,0
10423,10:2:13:3:15:3,1,,4,0,0,1,0,0,0,0
10424,10:2:14:0:0:1,0,0,0,,,0,0,0,0,0
10425,10:2:14:1:6:1,0,0,0,,,0,0,0,0,0
10426,10:2:14:2:9:2,0,0,0,,,0,0,0,0,0
10427,10:2:14:3:15:3,1,,4,0,0,1,0,0,0,0
10428,10:2:15:0:0:1,0,0,0,,,0,0,0,0,0
10429,10:2:15:1:6:1,0,0,0,,,0,0,0,0,0
10430,10:2:15:2:9:2,0,0,0,,,0,0,0,0,0
10431,10:2:15:3:15:3,1,,4,0,0,1,0,0,0,0
10432,10:3:0:0:0:1,1,,4,0,0,1,0,0,0,0
10433,10:3:0:1:6:1,1,,4,0,0,1,0,0,0,0
10434,10:3:0:2:9:2,1,,4,0,0,1,0,0,0,0
10435,10:3:0:3:15:3,1,,4,0,0,1,0,0,0,0
10436,10:3:1:0:0:1,1,,4,0,0,1,0,0,0,0
10437,10:3:1:1:6:1,1,,4,0,0,1,0,0,0,0
10438,10:3:1:2:9:2,1,,4,0,0,1,0,0,0,0
10439,10:3:1:3:15:3,1,,4,0,0,1,0,0,0,0
10440,10:3:2:0:0:1,1,,4,0,0,1,0,0,0,0
10441,10:3:2:1:6:1,1,,4,0,0,1,0,0,0,0
10442,10:3:2:2:9:2,1,,4,0,0,1,0,0,0,0
10443,10:3:2:3:15:3,1,,4,0,0,1,0,0,0,0
10444,10:3:3:0:0:1,1,,4,0,0,1,0,0,0,0
10445,10:3:3:1:6:1,1,,4,0,0,1,0,0,0,0
10446,10:3:3:2:9:2,1,,4,0,0,1,0,0,0,0
10447,10:3:3:3:15:3,1,,4,0,0,1,0,0,0,0
10448,10:3:4:0:0:1,0,0,0,,,0,0,0,0,0
10449,10:3:4:1:6:1,0,0,0,,,0,0,0,0,0
10450,10:3:4:2:9:2,0,0,0,,,0,0,0,0,0
10451,10:3:4:3:15:3,1,,4,0,0,1,0,0,0,0
10452,10:3:5:0:0:1,0,0,0,,,0,0,0,0,0
10453,10:3:5:1:6:1,0,0,0,,,0,0,0,0,0
10454,10:3:5:2:9:2,0,0,0,,,0,0,0,0,0
10455,10:3:5:3:15:3,1,,4,0,0,1,0,0,0,0
10456,10:3:6:0:0:1,0,0,0,,,0,0,0,0,0
10457,10:3:6:1:6:1,0,0,0,,,0,0,0,0,0
10458,10:3:6:2:9:2,0,0,0,,,0,0,0,0,0
10459,10:3:6:3:15:3,1,,4,0,0,1,0,0,0,0
10460,10:3:7:0:0:1,0,0,0,,,0,0,0,0,0
10461,10:3:7:1:6:1,0,0,0,,,0,0,0,0,0
10462,10:3:7:2:9:2,0,0,0,,,0,0,0,0,0
10463,10:3:7:3:15:3,1,,4,0,0,1,0,0,0,0
10464,10:3:8:0:0:1,0,0,0,,,0,0,0,0,0
10465,10:3:8:1:6:1,0,0,0,,,0,0,0,0,0
10466,10:3:8:2:9:2,0,0,0,,,0,0,0,0,0
10467,10:3:8:3:15:3,1,,4,0,0,1,0,0,0,0
10468,10:3:9:0:0:1,0,0,0,,,0,0,0,0,0
10469,10:3:9:1:6:1,0,0,0,,,0,0,0,0,0
10470,10:3:9:2:9:2,0,0,0,,,0,0,0,0,0
10471,10:3:9:3:15:3,1,,4,0,0,1,0,0,0,0
10472,10:3:10:0:0:1,1,1,2,1,1,2,0,0,0,0
10473,10:3:10:1:6:1,1,1,2,1,1,2,0,0,0,0
10474,10:3:10:2:9:2,1,1,2,1,1,2,0,0,0,0
10475,10:3:10:3:15:3,1,,4,0,0,1,0,0,0,0
10476,10:3:11:0:0:1,0,0,0,,,0,0,0,0,0
10477,10:3:11:1:6:1,0,0,0,,,0,0,0,0,0
10478,10:3:11:2:9:2,0,0,0,,,0,0,0,0,0
10479,10:3:11:3:15:3,1,,4,0,0,1,0,0,0,0
10480,10:3:12:0:0:1,0,0,0,,,0,0,0,0,0
10481,10:3:12:1:6:1,0,0,0,,,0,0,0,0,0
10482,10:3:12:2:9:2,0,0,0,,,0,0,0,0,0
10483,10:3:12:3:15:3,1,,4,0,0,1,0,0,0,0
10484,10:3:13:0:0:1,0,0,0,,,0,0,0,0,0
10485,10:3:13:1:6:1,0,0,0,,,0,0,0,0,0
10486,10:3:13:2:9:2,0,0,0,,,0,0,0,0,0
10487,10:3:13:3:15:3,1,,4,0,0,1,0,0,0,0
10488,10:3:14:0:0:1,0,0,0,,,0,0,0,0,0
10489,10:3:14:1:6:1,0,0,0,,,0,0,0,0,0
10490,10:3:14:2:9:2,0,0,0,,,0,0,0,0,0
10491,10:3:14:3:15:3,1,,4,0,0,1,0,0,0,0
10492,10:3:15:0:0:1,0,0,0,,,0,0,0,0,0
10493,10:3:15:1:6:1,0,0,0,,,0,0,0,0,0
10494,10:3:15:2:9:2,0,0,0,,,0,0,0,0,0
10495,10:3:15:3:15:3,1,,4,0,0,1,0,0,0,0
10496,10:4:0:0:0:1,1,,4,0,0,1,0,0,0,0
10497,10:4:0:1:6:1,1,,4,0,0,1,0,0,0,0
10498,10:4:0:2:9:2,1,,4,0,0,1,0,0,0,0
10499,10:4:0:3:15:3,1,,4,0,0,1,0,0,0,0
10500,10:4:1:0:0:1,1,,4,0,0,1,0,0,0,0
10501,10:4:1:1:6:1,1,,4,0,0,1,0,0,0,0
10502,10:4:1:2:9:2,1,,4,0,0,1,0,0,0,0
10503,10:4:1:3:15:3,1,,4,0,0,1,0,0,0,0
10504,10:4:2:0:0:1,1,,4,0,0,1,0,0,0,0
10505,10:4:2:1:6:1,1,,4,0,0,1,0,0,0,0
10506,10:4:2:2:9:2,1,,4,0,0,1,0,0,0,0
10507,10:4:2:3:15:3,1,,4,0,0,1,0,0,0,0
10508,10:4:3:0:0:1,1,,4,0,0,1,0,0,0,0
10509,10:4:3:1:6:1,1,,4,0,0,1,0,0,0,0
10510,10:4:3:2:9:2,1,,4,0,0,1,0,0,0,0
10511,10:4:3:3:15:3,1,,4,0,0,1,0,0,0,0
10512,10:4:4:0:0:1,1,2,2,2,2,2,0,0,0,0
10513,10:4:4:1:6:1,1,2,2,2,2,2,0,0,0,0
10514,10:4:4:2:9:2,1,2,2,2,2,2,0,0,0,0
10515,10:4:4:3:15:3,1,,4,0,0,1,0,0,0,0
10516,10:4:5:0:0:1,0,0,0,,,0,0,0,0,0
10517,10:4:5:1:6:1,0,0,0,,,0,0,0,0,0
10518,10:4:5:2:9:2,0,0,0,,,0,0,0,0,0
10519,10:4:5:3:15:3,1,,4,0,0,1,0,0,0,0
10520,10:4:6:0:0:1,0,0,0,,,0,0,0,0,0
10521,10:4:6:1:6:1,0,0,0,,,0,0,0,0,0
10522,10:4:6:2:9:2,0,0,0,,,0,0,0,0,0
10523,10:4:6:3:15:3,1,,4,0,0,1,0,0,0,0
10524,10:4:7:0:0:1,0,0,0,,,0,0,0,0,0
10525,10:4:7:1:6:1,0,0,0,,,0,0,0,0,0
10526,10:4:7:2:9:2,0,0,0,,,0,0,0,0,0
10527,10:4:7:3:15:3,1,,4,0,0,1,0,0,0,0
10528,10:4:8:0:0:1,0,0,0,,,0,0,0,0,0
10529,10:4:8:1:6:1,0,0,0,,,0,0,0,0,0
10530,10:4:8:2:9:2,0,0,0,,,0,0,0,0,0
10531,10:4:8:3:15:3,1,,4,0,0,1,0,0,0,0
10532,10:4:9:0:0:1,0,0,0,,,0,0,0,0,0
10533,10:4:9:1:6:1,0,0,0,,,0,0,0,0,0
10534,10:4:9:2:9:2,0,0,0,,,0,0,0,0,0
10535,10:4:9:3:15:3,1,,4,0,0,1,0,0,0,0
10536,10:4:10:0:0:1,1,1,2,1,1,2,0,0,0,0
10537,10:4:10:1:6:1,1,1,2,1,1,2,0,0,0,0
10538,10:4:10:2:9:2,1,1,2,1,1,2,0,0,0,0
10539,10:4:10:3:15:3,1,,4,0,0,1,0,0,0,0
10540,10:4:11:0:0:1,0,0,0,,,0,0,0,0,0
10541,10:4:11:1:6:1,0,0,0,,,0,0,0,0,0
10542,10:4:11:2:9:2,0,0,0,,,0,0,0,0,0
10543,10:4:11:3:15:3,1,,4,0,0,1,0,0,0,0
10544,10:4:12:0:0:1,0,0,0,,,0,0,0,0,0
10545,10:4:12:1:6:1,0,0,0,,,0,0,0,0,0
10546,10:4:12:2:9:2,0,0,0,,,0,0,0,0,0
10547,10:4:12:3:15:3,1,,4,0,0,1,0,0,0,0
10548,10:4:13:0:0:1,0,0,0,,,0,0,0,0,0
10549,10:4:13:1:6:1,0,0,0,,,0,0,0,0,0
10550,10:4:13:2:9:2,0,0,0,,,0,0,0,0,0
10551,10:4:13:3:15:3,1,,4,0,0,1,0,0,0,0
10552,10:4:14:0:0:1,0,0,0,,,0,0,0,0,0
10553,10:4:14:1:6:1,0,0,0,,,0,0,0,0,0
10554,10:4:14:2:9:2,0,0,0,,,0,0,0,0,0
10555,10:4:14:3:15:3,1,,4,0,0,1,0,0,0,0
10556,10:4:15:0:0:1,0,0,0,,,0,0,0,0,0
10557,10:4:15:1:6:1,0,0,0,,,0,0,0,0,0
10558,10:4:15:2:9:2,0,0,0,,,0,0,0,0,0
10559,10:4:15:3:15:3,1,,4,0,0,1,0,0,0,0
10560,10:5:0:0:0:1,1,,4,0,0,1,0,0,0,0
10561,10:5:0:1:6:1,1,,4,0,0,1,0,0,0,0
10562,10:5:0:2:9:2,1,,4,0,0,1,0,0,0,0
10563,10:5:0:3:15:3,1,,4,0,0,1,0,0,0,0
10564,10:5:1:0:0:1,1,,4,0,0,1,0,0,0,0
10565,10:5:1:1:6:1,1,,4,0,0,1,0,0,0,0
10566,10:5:1:2:9:2,1,,4,0,0,1,0,0,0,0
10567,10:5:1:3:15:3,1,,4,0,0,1,0,0,0,0
10568,10:5:2:0:0:1,1,,4,0,0,1,0,0,0,0
10569,10:5:2:1:6:1,1,,4,0,0,1,0,0,0,0
10570,10:5:2:2:9:2,1,,4,0,0,1,0,0,0,0
10571,10:5:2:3:15:3,1,,4,0,0,1,0,0,0,0
10572,10:5:3:0:0:1,1,,4,0,0,1,0,0,0,0
10573,10:5:3:1:6:1,1,,4,0,0,1,0,0,0,0
10574,10:5:3:2:9:2,1,,4,0,0,1,0,0,0,0
10575,10:5:3:3:15:3,1,,4,0,0,1,0,0,0,0
10576,10:5:4:0:0:1,0,0,0,,,0,0,0,0,0
10577,10:5:4:1:6:1,0,0,0,,,0,0,0,0,0
10578,10:5:4:2:9:2,0,0,0,,,0,0,0,0,0
10579,10:5:4:3:15:3,1,,4,0,0,1,0,0,0,0
10580,10:5:5:0:0:1,1,2,2,2,2,2,0,0,0,0
10581,10:5:5:1:6:1,1,2,2,2,2,2,0,0,0,0
10582,10:5:5:2:9:2,1,2,2,2,2,2,0,0,0,0
10583,10:5:5:3:15:3,1,,4,0,0,1,0,0,0,0
10584,10:5:6:0:0:1,0,0,0,,,0,0,0,0,0
10585,10:5:6:1:6:1,0,0,0,,,0,0,0,0,0
10586,10:5:6:2:9:2,0,0,0,,,0,0,0,0,0
10587,10:5:6:3:15:3,1,,4,0,0,1,0,0,0,0
10588,10:5:7:0:0:1,0,0,0,,,0,0,0,0,0
10589,10:5:7:1:6:1,0,0,0,,,0,0,0,0,0
10590,10:5:7:2:9:2,0,0,0,,,0,0,0,0,0
10591,10:5:7:3:15:3,1,,4,0,0,1,0,0,0,0
10592,10:5:8:0:0:1,0,0,0,,,0,0,0,0,0
10593,10:5:8:1:6:1,0,0,0,,,0,0,0,0,0
10594,10:5:8:2:9:2,0,0,0,,,0,0,0,0,0
10595,10:5:8:3:15:3,1,,4,0,0,1,0,0,0,0
10596,10:5:9:0:0:1,0,0,0,,,0,0,0,0,0
10597,10:5:9:1:6:1,0,0,0,,,0,0,0,0,0
10598,10:5:9:2:9:2,0,0,0,,,0,0,0,0,0
10599,10:5:9:3:15:3,1,,4,0,0,1,0,0,0,0
10600,10:5:10:0:0:1,1,1,2,1,1,2,0,0,0,0
10601,10:5:10:1:6:1,1,1,2,1,1,2,0,0,0,0
10602,10:5:10:2:9:2,1,1,2,1,1,2,0,0,0,0
10603,10:5:10:3:15:3,1,,4,0,0,1,0,0,0,0
10604,10:5:11:0:0:1,0,0,0,,,0,0,0,0,0
10605,10:5:11:1:6:1,0,0,0,,,0,0,0,0,0
10606,10:5:11:2:9:2,0,0,0,,,0,0,0,0,0
10607,10:5:11:3:15:3,1,,4,0,0,1,0,0,0,0
10608,10:5:12:0:0:1,0,0,0,,,0,0,0,0,0
10609,10:5:12:1:6:1,0,0,0,,,0,0,0,0,0
10610,10:5:12:2:9:2,0,0,0,,,0,0,0,0,0
10611,10:5:12:3:15:3,1,,4,0,0,1,0,0,0,0
10612,10:5:13:0:0:1,0,0,0,,,0,0,0,0,0
10613,10:5:13:1:6:1,0,0,0,,,0,0,0,0,0
10614,10:5:13:2:9:2,0,0,0,,,0,0,0,0,0
10615,10:5:13:3:15:3,1,,4,0,0,1,0,0,0,0
10616,10:5:14:0:0:1,0,0,0,,,0,0,0,0,0
10617,10:5:14:1:6:1,0,0,0,,,0,0,0,0,0
10618,10:5:14:2:9:2,0,0,0,,,0,0,0,0,0
10619,10:5:14:3:15:3,1,,4,0,0,1,0,0,0,0
10620,10:5:15:0:0:1,1,1;2,1,3,3,3,0,0,0,0
10621,10:5:15:1:6:1,1,1;2,1,3,3,3,0,0,0,0
10622,10:5:15:2:9:2,1,1;2,1,3,3,3,0,0,0,0
10623,10:5:15:3:15:3,1,,4,0,0,1,0,0,0,0
10624,10:6:0:0:0:1,1,,4,0,0,1,0,0,0,0
10625,10:6:0:1:6:1,1,,4,0,0,1,0,0,0,0
10626,10:6:0:2:9:2,1,,4,0,0,1,0,0,0,0
10627,10:6:0:3:15:3,1,,4,0,0,1,0,0,0,0
10628,10:6:1:0:0:1,1,,4,0,0,1,0,0,0,0
10629,10:6:1:1:6:1,1,,4,0,0,1,0,0,0,0
10630,10:6:1:2:9:2,1,,4,0,0,1,0,0,0,0
10631,10:6:1:3:15:3,1,,4,0,0,1,0,0,0,0
10632,10:6:2:0:0:1,1,,4,0,0,1,0,0,0,0
10633,10:6:2:1:6:1,1,,4,0,0,1,0,0,0,0
10634,10:6:2:2:9:2,1,,4,0,0,1,0,0,0,0
10635,10:6:2:3:15:3,1,,4,0,0,1,0,0,0,0
10636,10:6:3:0:0:1,1,,4,0,0,1,0,0,0,0
10637,10:6:3:1:6:1,1,,4,0,0,1,0,0,0,0
10638,10:6:3:2:9:2,1,,4,0,0,1,0,0,0,0
10639,10:6:3:3:15:3,1,,4,0,0,1,0,0,0,0
10640,10:6:4:0:0:1,0,0,0,,,0,0,0,0,0
10641,10:6:4:1:6:1,0,0,0,,,0,0,0,0,0
10642,10:6:4:2:9:2,0,0,0,,,0,0,0,0,0
10643,10:6:4:3:15:3,1,,4,0,0,1,0,0,0,0
10644,10:6:5:0:0:1,0,0,0,,,0,0,0,0,0
10645,10:6:5:1:6:1,0,0,0,,,0,0,0,0,0
10646,10:6:5:2:9:2,0,0,0,,,0,0,0,0,0
10647,10:6:5:3:15:3,1,,4,0,0,1,0,0,0,0
10648,10:6:6:0:0:1,1,2,2,2,2,2,0,0,0,0
10649,10:6:6:1:6:1,1,2,2,2,2,2,0,0,0,0
10650,10:6:6:2:9:2,1,2,2,2,2,2,0,0,0,0
10651,10:6:6:3:15:3,1,,4,0,0,1,0,0,0,0
10652,10:6:7:0:0:1,0,0,0,,,0,0,0,0,0
10653,10:6:7:1:6:1,0,0,0,,,0,0,0,0,0
10654,10:6:7:2:9:2,0,0,0,,,0,0,0,0,0
10655,10:6:7:3:15:3,1,,4,0,0,1,0,0,0,0
10656,10:6:8:0:0:1,0,0,0,,,0,0,0,0,0
10657,10:6:8:1:6:1,0,0,0,,,0,0,0,0,0
10658,10:6:8:2:9:2,0,0,0,,,0,0,0,0,0
10659,10:6:8:3:15:3,1,,4,0,0,1,0,0,0,0
10660,10:6:9:0:0:1,0,0,0,,,0,0,0,0,0
10661,10:6:9:1:6:1,0,0,0,,,0,0,0,0,0
10662,10:6:9:2:9:2,0,0,0,,,0,0,0,0,0
10663,10:6:9:3:15:3,1,,4,0,0,1,0,0,0,0
10664,10:6:10:0:0:1,1,1,2,1,1,2,0,0,0,0
10665,10:6:10:1:6:1,1,1,2,1,1,2,0,0,0,0
10666,10:6:10:2:9:2,1,1,2,1,1,2,0,0,0,0
10667,10:6:10:3:15:3,1,,4,0,0,1,0,0,0,0
10668,10:6:11:0:0:1,0,0,0,,,0,0,0,0,0
10669,10:6:11:1:6:1,0,0,0,,,0,0,0,0,0
10670,10:6:11:2:9:2,0,0,0,,,0,0,0,0,0
10671,10:6:11:3:15:3,1,,4,0,0,1,0,0,0,0
10672,10:6:12:0:0:1,0,0,0,,,0,0,0,0,0
10673,10:6:12:1:6:1,0,0,0,,,0,0,0,0,0
10674,10:6:12:2:9:2,0,0,0,,,0,0,0,0,0
10675,10:6:12:3:15:3,1,,4,0,0,1,0,0,0,0
10676,10:6:13:0:0:1,0,0,0,,,0,0,0,0,0
10677,10:6:13:1:6:1,0,0,0,,,0,0,0,0,0
10678,10:6:13:2:9:2,0,0,0,,,0,0,0,0,0
10679,10:6:13:3:15:3,1,,4,0,0,1,0,0,0,0
10680,10:6:14:0:0:1,0,0,0,,,0,0,0,0,0
10681,10:6:14:1:6:1,0,0,0,,,0,0,0,0,0
10682,10:6:14:2:9:2,0,0,0,,,0,0,0,0,0
10683,10:6:14:3:15:3,1,,4,0,0,1,0,0,0,0
10684,10:6:15:0:0:1,0,0,0,,,0,0,0,0,0
10685,10:6:15:1:6:1,0,0,0,,,0,0,0,0,0
10686,10:6:15:2:9:2,0,0,0,,,0,0,0,0,0
10687,10:6:15:3:15:3,1,,4,0,0,1,0,0,0,0
10688,10:7:0:0:0:1,1,,4,0,0,1,0,0,0,0
10689,10:7:0:1:6:1,1,,4,0,0,1,0,0,0,0
10690,10:7:0:2:9:2,1,,4,0,0,1,0,0,0,0
10691,10:7:0:3:15:3,1,,4,0,0,1,0,0,0,0
10692,10:7:1:0:0:1,1,,4,0,0,1,0,0,0,0
10693,10:7:1:1:6:1,1,,4,0,0,1,0,0,0,0
10694,10:7:1:2:9:2,1,,4,0,0,1,0,0,0,0
10695,10:7:1:3:15:3,1,,4,0,0,1,0,0,0,0
10696,10:7:2:0:0:1,1,,4,0,0,1,0,0,0,0
10697,10:7:2:1:6:1,1,,4,0,0,1,0,0,0,0
10698,10:7:2:2:9:2,1,,4,0,0,1,0,0,0,0
10699,10:7:2:3:15:3,1,,4,0,0,1,0,0,0,0
10700,10:7:3:0:0:1,1,,4,0,0,1,0,0,0,0
10701,10:7:3:1:6:1,1,,4,0,0,1,0,0,0,0
10702,10:7:3:2:9:2,1,,4,0,0,1,0,0,0,0
10703,10:7:3:3:15:3,1,,4,0,0,1,0,0,0,0
10704,10:7:4:0:0:1,0,0,0,,,0,0,0,0,0
10705,10:7:4:1:6:1,0,0,0,,,0,0,0,0,0
10706,10:7:4:2:9:2,0,0,0,,,0,0,0,0,0
10707,10:7:4:3:15:3,1,,4,0,0,1,0,0,0,0
10708,10:7:5:0:0:1,1,1;2,1,3,3,3,0,0,0,0
10709,10:7:5:1:6:1,1,1;2,1,3,3,3,0,0,0,0
10710,10:7:5:2:9:2,1,1;2,1,3,3,3,0,0,0,0
10711,10:7:5:3:15:3,1,,4,0,0,1,0,0,0,0
10712,10:7:6:0:0:1,0,0,0,,,0,0,0,0,0
10713,10:7:6:1:6:1,0,0,0,,,0,0,0,0,0
10714,10:7:6:2:9:2,0,0,0,,,0,0,0,0,0
10715,10:7:6:3:15:3,1,,4,0,0,1,0,0,0,0
10716,10:7:7:0:0:1,1,2,2,2,2,2,0,0,0,0
10717,10:7:7:1:6:1,1,2,2,2,2,2,0,0,0,0
10718,10:7:7:2:9:2,1,2,2,2,2,2,0,0,0,0
10719,10:7:7:3:15:3,1,,4,0,0,1,0,0,0,0
10720,10:7:8:0:0:1,0,0,0,,,0,0,0,0,0
10721,10:7:8:1:6:1,0,0,0,,,0,0,0,0,0
10722,10:7:8:2:9:2,0,0,0,,,0,0,0,0,0
10723,10:7:8:3:15:3,1,,4,0,0,1,0,0,0,0
10724,10:7:9:0:0:1,0,0,0,,,0,0,0,0,0
10725,10:7:9:1:6:1,0,0,0,,,0,0,0,0,0
10726,10:7:9:2:9:2,0,0,0,,,0,0,0,0,0
10727,10:7:9:3:15:3,1,,4,0,0,1,0,0,0,0
10728,10:7:10:0:0:1,1,1,2,1,1,2,0,0,0,0
10729,10:7:10:1:6:1,1,1,2,1,1,2,0,0,0,0
10730,10:7:10:2:9:2,1,1,2,1,1,2,0,0,0,0
10731,10:7:10:3:15:3,1,,4,0,0,1,0,0,0,0
10732,10:7:11:0:0:1,0,0,0,,,0,0,0,0,0
10733,10:7:11:1:6:1,0,0,0,,,0,0,0,0,0
10734,10:7:11:2:9:2,0,0,0,,,0,0,0,0,0
10735,10:7:11:3:15:3,1,,4,0,0,1,0,0,0,0
10736,10:7:12:0:0:1,0,0,0,,,0,0,0,0,0
10737,10:7:12:1:6:1,0,0,0,,,0,0,0,0,0
10738,10:7:12:2:9:2,0,0,0,,,0,0,0,0,0
10739,10:7:12:3:15:3,1,,4,0,0,1,0,0,0,0
10740,10:7:13:0:0:1,0,0,0,,,0,0,0,0,0
10741,10:7:13:1:6:1,0,0,0,,,0,0,0,0,0
10742,10:7:13:2:9:2,0,0,0,,,0,0,0,0,0
10743,10:7:13:3:15:3,1,,4,0,0,1,0,0,0,0
10744,10:7:14:0:0:1,0,0,0,,,0,0,0,0,0
10745,10:7:14:1:6:1,0,0,0,,,0,0,0,0,0
10746,10:7:14:2:9:2,0,0,0,,,0,0,0,0,0
10747,10:7:14:3:15:3,1,,4,0,0,1,0,0,0,0
10748,10:7:15:0:0:1,1,1;2,1,3,3,3,0,0,0,0
10749,10:7:15:1:6:1,1,1;2,1,3,3,3,0,0,0,0
10750,10:7:15:2:9:2,1,1;2,1,3,3,3,0,0,0,0
10751,10:7:15:3:15:3,1,,4,0,0,1,0,0,0,0
10752,10:8:0:0:0:1,1,,4,0,0,1,0,0,0,0
10753,10:8:0:1:6:1,1,,4,0,0,1,0,0,0,0
10754,10:8:0:2:9:2,1,,4,0,0,1,0,0,0,0
10755,10:8:0:3:15:3,1,,4,0,0,1,0,0,0,0
10756,10:8:1:0:0:1,1,,4,0,0,1,0,0,0,0
10757,10:8:1:1:6:1,1,,4,0,0,1,0,0,0,0
10758,10:8:1:2:9:2,1,,4,0,0,1,0,0,0,0
10759,10:8:1:3:15:3,1,,4,0,0,1,0,0,0,0
10760,10:8:2:0:0:1,1,,4,0,0,1,0,0,0,0
10761,10:8:2:1:6:1,1,,4,0,0,1,0,0,0,0
10762,10:8:2:2:9:2,1,,4,0,0,1,0,0,0,0
10763,10:8:2:3:15:3,1,,4,0,0,1,0,0,0,0
10764,10:8:3:0:0:1,1,,4,0,0,1,0,0,0,0
10765,10:8:3:1:6:1,1,,4,0,0,1,0,0,0,0
10766,10:8:3:2:9:2,1,,4,0,0,1,0,0,0,0
10767,10:8:3:3:15:3,1,,4,0,0,1,0,0,0,0
10768,10:8:4:0:0:1,0,0,0,,,0,0,0,0,0
10769,10:8:4:1:6:1,0,0,0,,,0,0,0,0,0
10770,10:8:4:2:9:2,0,0,0,,,0,0,0,0,0
10771,10:8:4:3:15:3,1,,4,0,0,1,0,0,0,0
10772,10:8:5:0:0:1,0,0,0,,,0,0,0,0,0
10773,10:8:5:1:6:1,0,0,0,,,0,0,0,0,0
10774,10:8:5:2:9:2,0,0,0,,,0,0,0,0,0
10775,10:8:5:3:15:3,1,,4,0,0,1,0,0,0,0
10776,10:8:6:0:0:1,0,0,0,,,0,0,0,0,0
10777,10:8:6:1:6:1,0,0,0,,,0,0,0,0,0
10778,10:8:6:2:9:2,0,0,0,,,0,0,0,0,0
10779,10:8:6:3:15:3,1,,4,0,0,1,0,0,0,0
10780,10:8:7:0:0:1,0,0,0,,,0,0,0,0,0
10781,10:8:7:1:6:1,0,0,0,,,0,0,0,0,0
10782,10:8:7:2:9:2,0,0,0,,,0,0,0,0,0
10783,10:8:7:3:15:3,1,,4,0,0,1,0,0,0,0
10784,10:8:8:0:0:1,1,2,2,2,2,2,0,0,0,0
10785,10:8:8:1:6:1,1,2,2,2,2,2,0,0,0,0
10786,10:8:8:2:9:2,1,2,2,2,2,2,0,0,0,0
10787,10:8:8:3:15:3,1,,4,0,0,1,0,0,0,0
10788,10:8:9:0:0:1,0,0,0,,,0,0,0,0,0
10789,10:8:9:1:6:1,0,0,0,,,0,0,0,0,0
10790,10:8:9:2:9:2,0,0,0,,,0,0,0,0,0
10791,10:8:9:3:15:3,1,,4,0,0,1,0,0,0,0
10792,10:8:10:0:0:1,1,1,2,1,1,2,0,0,0,0
10793,10:8:10:1:6:1,1,1,2,1,1,2,0,0,0,0
10794,10:8:10:2:9:2,1,1,2,1,1,2,0,0,0,0
10795,10:8:10:3:15:3,1,,4,0,0,1,0,0,0,0
10796,10:8:11:0:0:1,0,0,0,,,0,0,0,0,0
10797,10:8:11:1:6:1,0,0,0,,,0,0,0,0,0
10798,10:8:11:2:9:2,0,0,0,,,0,0,0,0,0
10799,10:8:11:3:15:3,1,,4,0,0,1,0,0,0,0
10800,10:8:12:0:0:1,0,0,0,,,0,0,0,0,0
10801,10:8:12:1:6:1,0,0,0,,,0,0,0,0,0
10802,10:8:12:2:9:2,0,0,0,,,0,0,0,0,0
10803,10:8:12:3:15:3,1,,4,0,0,1,0,0,0,0
10804,10:8:13:0:0:1,0,0,0,,,0,0,0,0,0
10805,10:8:13:1:6:1,0,0,0,,,0,0,0,0,0
10806,10:8:13:2:9:2,0,0,0,,,0,0,0,0,0
10807,10:8:13:3:15:3,1,,4,0,0,1,0,0,0,0
10808,10:8:14:0:0:1,0,0,0,,,0,0,0,0,0
10809,10:8:14:1:6:1,0,0,0,,,0,0,0,0,0
10810,10:8:14:2:9:2,0,0,0,,,0,0,0,0,0
10811,10:8:14:3:15:3,1,,4,0,0,1,0,0,0,0
10812,10:8:15:0:0:1,0,0,0,,,0,0,0,0,0
10813,10:8:15:1:6:1,0,0,0,,,0,0,0,0,0
10814,10:8:15:2:9:2,0,0,0,,,0,0,0,0,0
10815,10:8:15:3:15:3,1,,4,0,0,1,0,0,0,0
10816,10:9:0:0:0:1,1,,4,0,0,1,0,0,0,0
10817,10:9:0:1:6:1,1,,4,0,0,1,0,0,0,0
10818,10:9:0:2:9:2,1,,4,0,0,1,0,0,0,0
10819,10:9:0:3:15:3,1,,4,0,0,1,0,0,0,0
10820,10:9:1:0:0:1,1,,4,0,0,1,0,0,0,0
10821,10:9:1:1:6:1,1,,4,0,0,1,0,0,0,0
10822,10:9:1:2:9:2,1,,4,0,0,1,0,0,0,0
10823,10:9:1:3:15:3,1,,4,0,0,1,0,0,0,0
10824,10:9:2:0:0:1,1,,4,0,0,1,0,0,0,0
10825,10:9:2:1:6:1,1,,4,0,0,1,0,0,0,0
10826,10:9:2:2:9:2,1,,4,0,0,1,0,0,0,0
10827,10:9:2:3:15:3,1,,4,0,0,1,0,0,0,0
10828,10:9:3:0:0:1,1,,4,0,0,1,0,0,0,0
10829,10:9:3:1:6:1,1,,4,0,0,1,0,0,0,0
10830,10:9:3:2:9:2,1,,4,0,0,1,0,0,0,0
10831,10:9:3:3:15:3,1,,4,0,0,1,0,0,0,0
10832,10:9:4:0:0:1,0,0,0,,,0,0,0,0,0
10833,10:9:4:1:6:1,0,0,0,,,0,0,0,0,0
10834,10:9:4:2:9:2,0,0,0,,,0,0,0,0,0
10835,10:9:4:3:15:3,1,,4,0,0,1,0,0,0,0
10836,10:9:5:0:0:1,0,0,0,,,0,0,0,0,0
10837,10:9:5:1:6:1,0,0,0,,,0,0,0,0,0
10838,10:9:5:2:9:2,0,0,0,,,0,0,0,0,0
10839,10:9:5:3:15:3,1,,4,0,0,1,0,0,0,0
10840,10:9:6:0:0:1,0,0,0,,,0,0,0,0,0
10841,10:9:6:1:6:1,0,0,0,,,0,0,0,0,0
10842,10:9:6:2:9:2,0,0,0,,,0,0,0,0,0
10843,10:9:6:3:15:3,1,,4,0,0,1,0,0,0,0
10844,10:9:7:0:0:1,0,0,0,,,0,0,0,0,0
10845,10:9:7:1:6:1,0,0,0,,,0,0,0,0,0
10846,10:9:7:2:9:2,0,0,0,,,0,0,0,0,0
10847,10:9:7:3:15:3,1,,4,0,0,1,0,0,0,0
10848,10:9:8:0:0:1,0,0,0,,,0,0,0,0,0
10849,10:9:8:1:6:1,0,0,0,,,0,0,0,0,0
10850,10:9:8:2:9:2,0,0,0,,,0,0,0,0,0
10851,10:9:8:3:15:3,1,,4,0,0,1,0,0,0,0
10852,10:9:9:0:0:1,1,2,2,2,2,2,0,0,0,0
10853,10:9:9:1:6:1,1,2,2,2,2,2,0,0,0,0
10854,10:9:9:2:9:2,1,2,2,2,2,2,0,0,0,0
10855,10:9:9:3:15:3,1,,4,0,0,1,0,0,0,0
10856,10:9:10:0:0:1,1,1,2,1,1,2,0,0,0,0
10857,10:9:10:1:6:1,1,1,2,1,1,2,0,0,0,0
10858,10:9:10:2:9:2,1,1,2,1,1,2,0,0,0,0
10859,10:9:10:3:15:3,1,,4,0,0,1,0,0,0,0
10860,10:9:11:0:0:1,0,0,0,,,0,0,0,0,0
10861,10:9:11:1:6:1,0,0,0,,,0,0,0,0,0
10862,10:9:11:2:9:2,0,0,0,,,0,0,0,0,0
10863,10:9:11:3:15:3,1,,4,0,0,1,0,0,0,0
10864,10:9:12:0:0:1,0,0,0,,,0,0,0,0,0
10865,10:9:12:1:6:1,0,0,0,,,0,0,0,0,0
10866,10:9:12:2:9:2,0,0,0,,,0,0,0,0,0
10867,10:9:12:3:15:3,1,,4,0,0,1,0,0,0,0
10868,10:9:13:0:0:1,0,0,0,,,0,0,0,0,0
10869,10:9:13:1:6:1,0,0,0,,,0,0,0,0,0
10870,10:9:13:2:9:2,0,0,0,,,0,0,0,0,0
10871,10:9:13:3:15:3,1,,4,0,0,1,0,0,0,0
10872,10:9:14:0:0:1,0,0,0,,,0,0,0,0,0
10873,10:9:14:1:6:1,0,0,0,,,0,0,0,0,0
10874,10:9:14:2:9:2,0,0,0,,,0,0,0,0,0
10875,10:9:14:3:15:3,1,,4,0,0,1,0,0,0,0
10876,10:9:15:0:0:1,0,0,0,,,0,0,0,0,0
10877,10:9:15:1:6:1,0,0,0,,,0,0,0,0,0
10878,10:9:15:2:9:2,0,0,0,,,0,0,0,0,0
10879,10:9:15:3:15:3,1,,4,0,0,1,0,0,0,0
10880,10:10:0:0:0:1,1,,4,0,0,1,0,0,0,0
10881,10:10:0:1:6:1,1,,4,0,0,1,0,0,0,0
10882,10:10:0:2:9:2,1,,4,0,0,1,0,0,0,0
10883,10:10:0:3:15:3,1,,4,0,0,1,0,0,0,0
10884,10:10:1:0:0:1,1,,4,0,0,1,0,0,0,0
10885,10:10:1:1:6:1,1,,4,0,0,1,0,0,0,0
10886,10:10:1:2:9:2,1,,4,0,0,1,0,0,0,0
10887,10:10:1:3:15:3,1,,4,0,0,1,0,0,0,0
10888,10:10:2:0:0:1,1,,4,0,0,1,0,0,0,0
10889,10:10:2:1:6:1,1,,4,0,0,1,0,0,0,0
10890,10:10:2:2:9:2,1,,4,0,0,1,0,0,0,0
10891,10:10:2:3:15:3,1,,4,0,0,1,0,0,0,0
10892,10:10:3:0:0:1,1,,4,0,0,1,0,0,0,0
10893,10:10:3:1:6:1,1,,4,0,0,1,0,0,0,0
10894,10:10:3:2:9:2,1,,4,0,0,1,0,0,0,0
10895,10:10:3:3:15:3,1,,4,0,0,1,0,0,0,0
10896,10:10:4:0:0:1,0,0,0,,,0,0,0,0,0
10897,10:10:4:1:6:1,0,0,0,,,0,0,0,0,0
10898,10:10:4:2:9:2,0,0,0,,,0,0,0,0,0
10899,10:10:4:3:15:3,1,,4,0,0,1,0,0,0,0
10900,10:10:5:0:0:1,0,0,0,,,0,0,0,0,0
10901,10:10:5:1:6:1,0,0,0,,,0,0,0,0,0
10902,10:10:5:2:9:2,0,0,0,,,0,0,0,0,0
10903,10:10:5:3:15:3,1,,4,0,0,1,0,0,0,0
10904,10:10:6:0:0:1,0,0,0,,,0,0,0,0,0
10905,10:10:6:1:6:1,0,0,0,,,0,0,0,0,0
10906,10:10:6:2:9:2,0,0,0,,,0,0,0,0,0
10907,10:10:6:3:15:3,1,,4,0,0,1,0,0,0,0
10908,10:10:7:0:0:1,0,0,0,,,0,0,0,0,0
10909,10:10:7:1:6:1,0,0,0,,,0,0,0,0,0
10910,10:10:7:2:9:2,0,0,0,,,0,0,0,0,0
10911,10:10:7:3:15:3,1,,4,0,0,1,0,0,0,0
10912,10:10:8:0:0:1,0,0,0,,,0,0,0,0,0
10913,10:10:8:1:6:1,0,0,0,,,0,0,0,0,0
10914,10:10:8:2:9:2,0,0,0,,,0,0,0,0,0
10915,10:10:8:3:15:3,1,,4,0,0,1,0,0,0,0
10916,10:10:9:0:0:1,0,0,0,,,0,0,0,0,0
10917,10:10:9:1:6:1,0,0,0,,,0,0,0,0,0
10918,10:10:9:2:9:2,0,0,0,,,0,0,0,0,0
10919,10:10:9:3:15:3,1,,4,0,0,1,0,0,0,0
10920,10:10:10:0:0:1,1,3,3,1,1,3,0,0,0,0
10921,10:10:10:1:6:1,1,3,3,1,1,3,0,0,0,0
10922,10:10:10:2:9:2,1,3,3,1,1,3,0,0,0,0
10923,10:10:10:3:15:3,1,,4,0,0,1,0,0,0,0
10924,10:10:11:0:0:1,0,0,0,,,0,0,0,0,0
10925,10:10:11:1:6:1,0,0,0,,,0,0,0,0,0
10926,10:10:11:2:9:2,0,0,0,,,0,0,0,0,0
10927,10:10:11:3:15:3,1,,4,0,0,1,0,0,0,0
10928,10:10:12:0:0:1,0,0,0,,,0,0,0,0,0
10929,10:10:12:1:6:1,0,0,0,,,0,0,0,0,0
10930,10:10:12:2:9:2,0,0,0,,,0,0,0,0,0
10931,10:10:12:3:15:3,1,,4,0,0,1,0,0,0,0
10932,10:10:13:0:0:1,0,0,0,,,0,0,0,0,0
10933,10:10:13:1:6:1,0,0,0,,,0,0,0,0,0
10934,10:10:13:2:9:2,0,0,0,,,0,0,0,0,0
10935,10:10:13:3:15:3,1,,4,0,0,1,0,0,0,0
10936,10:10:14:0:0:1,0,0,0,,,0,0,0,0,0
10937,10:10:14:1:6:1,0,0,0,,,0,0,0,0,0
10938,10:10:14:2:9:2,0,0,0,,,0,0,0,0,0
10939,10:10:14:3:15:3,1,,4,0,0,1,0,0,0,0
10940,10:10:15:0:0:1,0,0,0,,,0,0,0,0,0
10941,10:10:15:1:6:1,0,0,0,,,0,0,0,0,0
10942,10:10:15:2:9:2,0,0,0,,,0,0,0,0,0
10943,10:10:15:3:15:3,1,,4,0,0,1,0,0,0,0
10944,10:11:0:0:0:1,1,,4,0,0,1,0,0,0,0
10945,10:11:0:1:6:1,1,,4,0,0,1,0,0,0,0
10946,10:11:0:2:9:2,1,,4,0,0,1,0,0,0,0
10947,10:11:0:3:15:3,1,,4,0,0,1,0,0,0,0
10948,10:11:1:0:0:1,1,,4,0,0,1,0,0,0,0
10949,10:11:1:1:6:1,1,,4,0,0,1,0,0,0,0
10950,10:11:1:2:9:2,1,,4,0,0,1,0,0,0,0
10951,10:11:1:3:15:3,1,,4,0,0,1,0,0,0,0
10952,10:11:2:0:0:1,1,,4,0,0,1,0,0,0,0
10953,10:11:2:1:6:1,1,,4,0,0,1,0,0,0,0
10954,10:11:2:2:9:2,1,,4,0,0,1,0,0,0,0
10955,10:11:2:3:15:3,1,,4,0,0,1,0,0,0,0
10956,10:11:3:0:0:1,1,,4,0,0,1,0,0,0,0
10957,10:11:3:1:6:1,1,,4,0,0,1,0,0,0,0
10958,10:11:3:2:9:2,1,,4,0,0,1,0,0,0,0
10959,10:11:3:3:15:3,1,,4,0,0,1,0,0,0,0
10960,10:11:4:0:0:1,0,0,0,,,0,0,0,0,0
10961,10:11:4:1:6:1,0,0,0,,,0,0,0,0,0
10962,10:11:4:2:9:2,0,0,0,,,0,0,0,0,0
10963,10:11:4:3:15:3,1,,4,0,0,1,0,0,0,0
10964,10:11:5:0:0:1,0,0,0,,,0,0,0,0,0
10965,10:11:5:1:6:1,0,0,0,,,0,0,0,0,0
10966,10:11:5:2:9:2,0,0,0,,,0,0,0,0,0
10967,10:11:5:3:15:3,1,,4,0,0,1,0,0,0,0
10968,10:11:6:0:0:1,0,0,0,,,0,0,0,0,0
10969,10:11:6:1:6:1,0,0,0,,,0,0,0,0,0
10970,10:11:6:2:9:2,0,0,0,,,0,0,0,0,0
10971,10:11:6:3:15:3,1,,4,0,0,1,0,0,0,0
10972,10:11:7:0:0:1,0,0,0,,,0,0,0,0,0
10973,10:11:7:1:6:1,0,0,0,,,0,0,0,0,0
10974,10:11:7:2:9:2,0,0,0,,,0,0,0,0,0
10975,10:11:7:3:15:3,1,,4,0,0,1,0,0,0,0
10976,10:11:8:0:0:1,0,0,0,,,0,0,0,0,0
10977,10:11:8:1:6:1,0,0,0,,,0,0,0,0,0
10978,10:11:8:2:9:2,0,0,0,,,0,0,0,0,0
10979,10:11:8:3:15:3,1,,4,0,0,1,0,0,0,0
10980,10:11:9:0:0:1,0,0,0,,,0,0,0,0,0
10981,10:11:9:1:6:1,0,0,0,,,0,0,0,0,0
10982,10:11:9:2:9:2,0,0,0,,,0,0,0,0,0
10983,10:11:9:3:15:3,1,,4,0,0,1,0,0,0,0
10984,10:11:10:0:0:1,1,1,2,1,1,2,0,0,0,0
10985,10:11:10:1:6:1,1,1,2,1,1,2,0,0,0,0
10986,10:11:10:2:9:2,1,1,2,1,1,2,0,0,0,0
10987,10:11:10:3:15:3,1,,4,0,0,1,0,0,0,0
10988,10:11:11:0:0:1,1,2,2,2,2,2,0,0,0,0
10989,10:11:11:1:6:1,1,2,2,2,2,2,0,0,0,0
10990,10:11:11:2:9:2,1,2,2,2,2,2,0,0,0,0
10991,10:11:11:3:15:3,1,,4,0,0,1,0,0,0,0
10992,10:11:12:0:0:1,0,0,0,,,0,0,0,0,0
10993,10:11:12:1:6:1,0,0,0,,,0,0,0,0,0
10994,10:11:12:2:9:2,0,0,0,,,0,0,0,0,0
10995,10:11:12:3:15:3,1,,4,0,0,1,0,0,0,0
10996,10:11:13:0:0:1,0,0,0,,,0,0,0,0,0
10997,10:11:13:1:6:1,0,0,0,,,0,0,0,0,0
10998,10:11:13:2:9:2,0,0,0,,,0,0,0,0,0
10999,10:11:13:3:15:3,1,,4,0,0,1,0,0,0,0
11000,10:11:14:0:0:1,0,0,0,,,0,0,0,0,0
11001,10:11:14:1:6:1,0,0,0,,,0,0,0,0,0
11002,10:11:14:2:9:2,0,0,0,,,0,0,0,0,0
11003,10:11:14:3:15:3,1,,4,0,0,1,0,0,0,0
11004,10:11:15:0:0:1,0,0,0,,,0,0,0,0,0
11005,10:11:15:1:6:1,0,0,0,,,0,0,0,0,0
11006,10:11:15:2:9:2,0,0,0,,,0,0,0,0,0
11007,10:11:15:3:15:3,1,,4,0,0,1,0,0,0,0
11008,10:12:0:0:0:1,1,,4,0,0,1,0,0,0,0
11009,10:12:0:1:6:1,1,,4,0,0,1,0,0,0,0
11010,10:12:0:2:9:2,1,,4,0,0,1,0,0,0,0
11011,10:12:0:3:15:3,1,,4,0,0,1,0,0,0,0
11012,10:12:1:0:0:1,1,,4,0,0,1,0,0,0,0
11013,10:12:1:1:6:1,1,,4,0,0,1,0,0,0,0
11014,10:12:1:2:9:2,1,,4,0,0,1,0,0,0,0
11015,10:12:1:3:15:3,1,,4,0,0,1,0,0,0,0
11016,10:12:2:0:0:1,1,,4,0,0,1,0,0,0,0
11017,10:12:2:1:6:1,1,,4,0,0,1,0,0,0,0
11018,10:12:2:2:9:2,1,,4,0,0,1,0,0,0,0
11019,10:12:2:3:15:3,1,,4,0,0,1,0,0,0,0
11020,10:12:3:0:0:1,1,,4,0,0,1,0,0,0,0
11021,10:12:3:1:6:1,1,,4,0,0,1,0,0,0,0
11022,10:12:3:2:9:2,1,,4,0,0,1,0,0,0,0
11023,10:12:3:3:15:3,1,,4,0,0,1,0,0,0,0
11024,10:12:4:0:0:1,0,0,0,,,0,0,0,0,0
11025,10:12:4:1:6:1,0,0,0,,,0,0,0,0,0
11026,10:12:4:2:9:2,0,0,0,,,0,0,0,0,0
11027,10:12:4:3:15:3,1,,4,0,0,1,0,0,0,0
11028,10:12:5:0:0:1,0,0,0,,,0,0,0,0,0
11029,10:12:5:1:6:1,0,0,0,,,0,0,0,0,0
11030,10:12:5:2:9:2,0,0,0,,,0,0,0,0,0
11031,10:12:5:3:15:3,1,,4,0,0,1,0,0,0,0
11032,10:12:6:0:0:1,0,0,0,,,0,0,0,0,0
11033,10:12:6:1:6:1,0,0,0,,,0,0,0,0,0
11034,10:12:6:2:9:2,0,0,0,,,0,0,0,0,0
11035,10:12:6:3:15:3,1,,4,0,0,1,0,0,0,0
11036,10:12:7:0:0:1,0,0,0,,,0,0,0,0,0
11037,10:12:7:1:6:1,0,0,0,,,0,0,0,0,0
11038,10:12:7:2:9:2,0,0,0,,,0,0,0,0,0
11039,10:12:7:3:15:3,1,,4,0,0,1,0,0,0,0
11040,10:12:8:0:0:1,0,0,0,,,0,0,0,0,0
11041,10:12:8:1:6:1,0,0,0,,,0,0,0,0,0
11042,10:12:8:2:9:2,0,0,0,,,0,0,0,0,0
11043,10:12:8:3:15:3,1,,4,0,0,1,0,0,0,0
11044,10:12:9:0:0:1,0,0,0,,,0,0,0,0,0
11045,10:12:9:1:6:1,0,0,0,,,0,0,0,0,0
11046,10:12:9:2:9:2,0,0,0,,,0,0,0,0,0
11047,10:12:9:3:15:3,1,,4,0,0,1,0,0,0,0
11048,10:12:10:0:0:1,1,1,2,1,1,2,0,0,0,0
11049,10:12:10:1:6:1,1,1,2,1,1,2,0,0,0,0
11050,10:12:10:2:9:2,1,1,2,1,1,2,0,0,0,0
11051,10:12:10:3:15:3,1,,4,0,0,1,0,0,0,0
11052,10:12:11:0:0:1,0,0,0,,,0,0,0,0,0
11053,10:12:11:1:6:1,0,0,0,,,0,0,0,0,0
11054,10:12:11:2:9:2,0,0,0,,,0,0,0,0,0
11055,10:12:11:3:15:3,1,,4,0,0,1,0,0,0,0
11056,10:12:12:0:0:1,1,2,2,2,2,2,0,0,0,0
11057,10:12:12:1:6:1,1,2,2,2,2,2,0,0,0,0
11058,10:12:12:2:9:2,1,2,2,2,2,2,0,0,0,0
11059,10:12:12:3:15:3,1,,4,0,0,1,0,0,0,0
11060,10:12:13:0:0:1,0,0,0,,,0,0,0,0,0
11061,10:12:13:1:6:1,0,0,0,,,0,0,0,0,0
11062,10:12:13:2:9:2,0,0,0,,,0,0,0,0,0
11063,10:12:13:3:15:3,1,,4,0,0,1,0,0,0,0
11064,10:12:14:0:0:1,0,0,0,,,0,0,0,0,0
11065,10:12:14:1:6:1,0,0,0,,,0,0,0,0,0
11066,10:12:14:2:9:2,0,0,0,,,0,0,0,0,0
11067,10:12:14:3:15:3,1,,4,0,0,1,0,0,0,0
11068,10:12:15:0:0:1,0,0,0,,,0,0,0,0,0
11069,10:12:15:1:6:1,0,0,0,,,0,0,0,0,0
11070,10:12:15:2:9:2,0,0,0,,,0,0,0,0,0
11071,10:12:15:3:15:3,1,,4,0,0,1,0,0,0,0
11072,10:13:0:0:0:1,1,,4,0,0,1,0,0,0,0
11073,10:13:0:1:6:1,1,,4,0,0,1,0,0,0,0
11074,10:13:0:2:9:2,1,,4,0,0,1,0,0,0,0
11075,10:13:0:3:15:3,1,,4,0,0,1,0,0,0,0
11076,10:13:1:0:0:1,1,,4,0,0,1,0,0,0,0
11077,10:13:1:1:6:1,1,,4,0,0,1,0,0,0,0
11078,10:13:1:2:9:2,1,,4,0,0,1,0,0,0,0
11079,10:13:1:3:15:3,1,,4,0,0,1,0,0,0,0
11080,10:13:2:0:0:1,1,,4,0,0,1,0,0,0,0
11081,10:13:2:1:6:1,1,,4,0,0,1,0,0,0,0
11082,10:13:2:2:9:2,1,,4,0,0,1,0,0,0,0
11083,10:13:2:3:15:3,1,,4,0,0,1,0,0,0,0
11084,10:13:3:0:0:1,1,,4,0,0,1,0,0,0,0
11085,10:13:3:1:6:1,1,,4,0,0,1,0,0,0,0
11086,10:13:3:2:9:2,1,,4,0,0,1,0,0,0,0
11087,10:13:3:3:15:3,1,,4,0,0,1,0,0,0,0
11088,10:13:4:0:0:1,0,0,0,,,0,0,0,0,0
11089,10:13:4:1:6:1,0,0,0,,,0,0,0,0,0
11090,10:13:4:2:9:2,0,0,0,,,0,0,0,0,0
11091,10:13:4:3:15:3,1,,4,0,0,1,0,0,0,0
11092,10:13:5:0:0:1,1,1;2,1,3,3,3,0,0,0,0
11093,10:13:5:1:6:1,1,1;2,1,3,3,3,0,0,0,0
11094,10:13:5:2:9:2,1,1;2,1,3,3,3,0,0,0,0
11095,10:13:5:3:15:3,1,,4,0,0,1,0,0,0,0
11096,10:13:6:0:0:1,0,0,0,,,0,0,0,0,0
11097,10:13:6:1:6:1,0,0,0,,,0,0,0,0,0
11098,10:13:6:2:9:2,0,0,0,,,0,0,0,0,0
11099,10:13:6:3:15:3,1,,4,0,0,1,0,0,0,0
11100,10:13:7:0:0:1,0,0,0,,,0,0,0,0,0
11101,10:13:7:1:6:1,0,0,0,,,0,0,0,0,0
11102,10:13:7:2:9:2,0,0,0,,,0,0,0,0,0
11103,10:13:7:3:15:3,1,,4,0,0,1,0,0,0,0
11104,10:13:8:0:0:1,0,0,0,,,0,0,0,0,0
11105,10:13:8:1:6:1,0,0,0,,,0,0,0,0,0
11106,10:13:8:2:9:2,0,0,0,,,0,0,0,0,0
11107,10:13:8:3:15:3,1,,4,0,0,1,0,0,0,0
11108,10:13:9:0:0:1,0,0,0,,,0,0,0,0,0
11109,10:13:9:1:6:1,0,0,0,,,0,0,0,0,0
11110,10:13:9:2:9:2,0,0,0,,,0,0,0,0,0
11111,10:13:9:3:15:3,1,,4,0,0,1,0,0,0,0
11112,10:13:10:0:0:1,1,1,2,1,1,2,0,0,0,0
11113,10:13:10:1:6:1,1,1,2,1,1,2,0,0,0,0
11114,10:13:10:2:9:2,1,1,2,1,1,2,0,0,0,0
11115,10:13:10:3:15:3,1,,4,0,0,1,0,0,0,0
11116,10:13:11:0:0:1,0,0,0,,,0,0,0,0,0
11117,10:13:11:1:6:1,0,0,0,,,0,0,0,0,0
11118,10:13:11:2:9:2,0,0,0,,,0,0,0,0,0
11119,10:13:11:3:15:3,1,,4,0,0,1,0,0,0,0
11120,10:13:12:0:0:1,0,0,0,,,0,0,0,0,0
11121,10:13:12:1:6:1,0,0,0,,,0,0,0,0,0
11122,10:13:12:2:9:2,0,0,0,,,0,0,0,0,0
11123,10:13:12:3:15:3,1,,4,0,0,1,0,0,0,0
11124,10:13:13:0:0:1,1,2,2,2,2,2,0,0,0,0
11125,10:13:13:1:6:1,1,2,2,2,2,2,0,0,0,0
11126,10:13:13:2:9:2,1,2,2,2,2,2,0,0,0,0
11127,10:13:13:3:15:3,1,,4,0,0,1,0,0,0,0
11128,10:13:14:0:0:1,0,0,0,,,0,0,0,0,0
11129,10:13:14:1:6:1,0,0,0,,,0,0,0,0,0
11130,10:13:14:2:9:2,0,0,0,,,0,0,0,0,0
11131,10:13:14:3:15:3,1,,4,0,0,1,0,0,0,0
11132,10:13:15:0:0:1,1,1;2,1,3,3,3,0,0,0,0
11133,10:13:15:1:6:1,1,1;2,1,3,3,3,0,0,0,0
11134,10:13:15:2:9:2,1,1;2,1,3,3,3,0,0,0,0
11135,10:13:15:3:15:3,1,,4,0,0,1,0,0,0,0
11136,10:14:0:0:0:1,1,,4,0,0,1,0,0,0,0
11137,10:14:0:1:6:1,1,,4,0,0,1,0,0,0,0
11138,10:14:0:2:9:2,1,,4,0,0,1,0,0,0,0
11139,10:14:0:3:15:3,1,,4,0,0,1,0,0,0,0
11140,10:14:1:0:0:1,1,,4,0,0,1,0,0,0,0
11141,10:14:1:1:6:1,1,,4,0,0,1,0,0,0,0
11142,10:14:1:2:9:2,1,,4,0,0,1,0,0,0,0
11143,10:14:1:3:15:3,1,,4,0,0,1,0,0,0,0
11144,10:14:2:0:0:1,1,,4,0,0,1,0,0,0,0
11145,10:14:2:1:6:1,1,,4,0,0,1,0,0,0,0
11146,10:14:2:2:9:2,1,,4,0,0,1,0,0,0,0
11147,10:14:2:3:15:3,1,,4,0,0,1,0,0,0,0
11148,10:14:3:0:0:1,1,,4,0,0,1,0,0,0,0
11149,10:14:3:1:6:1,1,,4,0,0,1,0,0,0,0
11150,10:14:3:2:9:2,1,,4,0,0,1,0,0,0,0
11151,10:14:3:3:15:3,1,,4,0,0,1,0,0,0,0
11152,10:14:4:0:0:1,0,0,0,,,0,0,0,0,0
11153,10:14:4:1:6:1,0,0,0,,,0,0,0,0,0
11154,10:14:4:2:9:2,0,0,0,,,0,0,0,0,0
11155,10:14:4:3:15:3,1,,4,0,0,1,0,0,0,0
11156,10:14:5:0:0:1,0,0,0,,,0,0,0,0,0
11157,10:14:5:1:6:1,0,0,0,,,0,0,0,0,0
11158,10:14:5:2:9:2,0,0,0,,,0,0,0,0,0
11159,10:14:5:3:15:3,1,,4,0,0,1,0,0,0,0
11160,10:14:6:0:0:1,0,0,0,,,0,0,0,0,0
11161,10:14:6:1:6:1,0,0,0,,,0,0,0,0,0
11162,10:14:6:2:9:2,0,0,0,,,0,0,0,0,0
11163,10:14:6:3:15:3,1,,4,0,0,1,0,0,0,0
11164,10:14:7:0:0:1,0,0,0,,,0,0,0,0,0
11165,10:14:7:1:6:1,0,0,0,,,0,0,0,0,0
11166,10:14:7:2:9:2,0,0,0,,,0,0,0,0,0
11167,10:14:7:3:15:3,1,,4,0,0,1,0,0,0,0
11168,10:14:8:0:0:1,0,0,0,,,0,0,0,0,0
11169,10:14:8:1:6:1,0,0,0,,,0,0,0,0,0
11170,10:14:8:2:9:2,0,0,0,,,0,0,0,0,0
11171,10:14:8:3:15:3,1,,4,0,0,1,0,0,0,0
11172,10:14:9:0:0:1,0,0,0,,,0,0,0,0,0
11173,10:14:9:1:6:1,0,0,0,,,0,0,0,0,0
11174,10:14:9:2:9:2,0,0,0,,,0,0,0,0,0
11175,10:14:9:3:15:3,1,,4,0,0,1,0,0,0,0
11176,10:14:10:0:0:1,1,1,2,1,1,2,0,0,0,0
11177,10:14:10:1:6:1,1,1,2,1,1,2,0,0,0,0
11178,10:14:10:2:9:2,1,1,2,1,1,2,0,0,0,0
11179,10:14:10:3:15:3,1,,4,0,0,1,0,0,0,0
11180,10:14:11:0:0:1,0,0,0,,,0,0,0,0,0
11181,10:14:11:1:6:1,0,0,0,,,0,0,0,0,0
11182,10:14:11:2:9:2,0,0,0,,,0,0,0,0,0
11183,10:14:11:3:15:3,1,,4,0,0,1,0,0,0,0
11184,10:14:12:0:0:1,0,0,0,,,0,0,0,0,0
11185,10:14:12:1:6:1,0,0,0,,,0,0,0,0,0
11186,10:14:12:2:9:2,0,0,0,,,0,0,0,0,0
11187,10:14:12:3:15:3,1,,4,0,0,1,0,0,0,0
11188,10:14:13:0:0:1,0,0,0,,,0,0,0,0,0
11189,10:14:13:1:6:1,0,0,0,,,0,0,0,0,0
11190,10:14:13:2:9:2,0,0,0,,,0,0,0,0,0
11191,10:14:13:3:15:3,1,,4,0,0,1,0,0,0,0
11192,10:14:14:0:0:1,1,2,2,2,2,2,0,0,0,0
11193,10:14:14:1:6:1,1,2,2,2,2,2,0,0,0,0
11194,10:14:14:2:9:2,1,2,2,2,2,2,0,0,0,0
11195,10:14:14:3:15:3,1,,4,0,0,1,0,0,0,0
11196,10:14:15:0:0:1,0,0,0,,,0,0,0,0,0
11197,10:14:15:1:6:1,0,0,0,,,0,0,0,0,0
11198,10:14:15:2:9:2,0,0,0,,,0,0,0,0,0
11199,10:14:15:3:15:3,1,,4,0,0,1,0,0,0,0
11200,10:15:0:0:0:1,1,,4,0,0,1,0,0,0,0
11201,10:15:0:1:6:1,1,,4,0,0,1,0,0,0,0
11202,10:15:0:2:9:2,1,,4,0,0,1,0,0,0,0
11203,10:15:0:3:15:3,1,,4,0,0,1,0,0,0,0
11204,10:15:1:0:0:1,1,,4,0,0,1,0,0,0,0
11205,10:15:1:1:6:1,1,,4,0,0,1,0,0,0,0
11206,10:15:1:2:9:2,1,,4,0,0,1,0,0,0,0
11207,10:15:1:3:15:3,1,,4,0,0,1,0,0,0,0
11208,10:15:2:0:0:1,1,,4,0,0,1,0,0,0,0
11209,10:15:2:1:6:1,1,,4,0,0,1,0,0,0,0
11210,10:15:2:2:9:2,1,,4,0,0,1,0,0,0,0
11211,10:15:2:3:15:3,1,,4,0,0,1,0,0,0,0
11212,10:15:3:0:0:1,1,,4,0,0,1,0,0,0,0
11213,10:15:3:1:6:1,1,,4,0,0,1,0,0,0,0
11214,10:15:3:2:9:2,1,,4,0,0,1,0,0,0,0
11215,10:15:3:3:15:3,1,,4,0,0,1,0,0,0,0
11216,10:15:4:0:0:1,0,0,0,,,0,0,0,0,0
11217,10:15:4:1:6:1,0,0,0,,,0,0,0,0,0
11218,10:15:4:2:9:2,0,0,0,,,0,0,0,0,0
11219,10:15:4:3:15:3,1,,4,0,0,1,0,0,0,0
11220,10:15:5:0:0:1,1,1;2,1,3,3,3,0,0,0,0
11221,10:15:5:1:6:1,1,1;2,1,3,3,3,0,0,0,0
11222,10:15:5:2:9:2,1,1;2,1,3,3,3,0,0,0,0
11223,10:15:5:3:15:3,1,,4,0,0,1,0,0,0,0
11224,10:15:6:0:0:1,0,0,0,,,0,0,0,0,0
11225,10:15:6:1:6:1,0,0,0,,,0,0,0,0,0
11226,10:15:6:2:9:2,0,0,0,,,0,0,0,0,0
11227,10:15:6:3:15:3,1,,4,0,0,1,0,0,0,0
11228,10:15:7:0:0:1,0,0,0,,,0,0,0,0,0
11229,10:15:7:1:6:1,0,0,0,,,0,0,0,0,0
11230,10:15:7:2:9:2,0,0,0,,,0,0,0,0,0
11231,10:15:7:3:15:3,1,,4,0,0,1,0,0,0,0
11232,10:15:8:0:0:1,0,0,0,,,0,0,0,0,0
11233,10:15:8:1:6:1,0,0,0,,,0,0,0,0,0
11234,10:15:8:2:9:2,0,0,0,,,0,0,0,0,0
11235,10:15:8:3:15:3,1,,4,0,0,1,0,0,0,0
11236,10:15:9:0:0:1,0,0,0,,,0,0,0,0,0
11237,10:15:9:1:6:1,0,0,0,,,0,0,0,0,0
11238,10:15:9:2:9:2,0,0,0,,,0,0,0,0,0
11239,10:15:9:3:15:3,1,,4,0,0,1,0,0,0,0
11240,10:15:10:0:0:1,1,1,2,1,1,2,0,0,0,0
11241,10:15:10:1:6:1,1,1,2,1,1,2,0,0,0,0
11242,10:15:10:2:9:2,1,1,2,1,1,2,0,0,0,0
11243,10:15:10:3:15:3,1,,4,0,0,1,0,0,0,0
11244,10:15:11:0:0:1,0,0,0,,,0,0,0,0,0
11245,10:15:11:1:6:1,0,0,0,,,0,0,0,0,0
11246,10:15:11:2:9:2,0,0,0,,,0,0,0,0,0
11247,10:15:11:3:15:3,1,,4,0,0,1,0,0,0,0
11248,10:15:12:0:0:1,0,0,0,,,0,0,0,0,0
11249,10:15:12:1:6:1,0,0,0,,,0,0,0,0,0
11250,10:15:12:2:9:2,0,0,0,,,0,0,0,0,0
11251,10:15:12:3:15:3,1,,4,0,0,1,0,0,0,0
11252,10:15:13:0:0:1,0,0,0,,,0,0,0,0,0
11253,10:15:13:1:6:1,0,0,0,,,0,0,0,0,0
11254,10:15:13:2:9:2,0,0,0,,,0,0,0,0,0
11255,10:15:13:3:15:3,1,,4,0,0,1,0,0,0,0
11256,10:15:14:0:0:1,0,0,0,,,0,0,0,0,0
11257,10:15:14:1:6:1,0,0,0,,,0,0,0,0,0
11258,10:15:14:2:9:2,0,0,0,,,0,0,0,0,0
11259,10:15:14:3:15:3,1,,4,0,0,1,0,0,0,0
11260,10:15:15:0:0:1,1,2,2,2,2,2,0,0,0,0
11261,10:15:15:1:6:1,1,2,2,2,2,2,0,0,0,0
11262,10:15:15:2:9:2,1,2,2,2,2,2,0,0,0,0
11263,10:15:15:3:15:3,1,,4,0,0,1,0,0,0,0
11264,11:0:0:0:0:1,1,,4,0,0,1,0,0,0,0
11265,11:0:0:1:6:1,1,,4,0,0,1,0,0,0,0
11266,11:0:0:2:9:2,1,,4,0,0,1,0,0,0,0
11267,11:0:0:3:15:3,1,,4,0,0,1,0,0,0,0
11268,11:0:1:0:0:1,1,,4,0,0,1,0,0,0,0
11269,11:0:1:1:6:1,1,,4,0,0,1,0,0,0,0
11270,11:0:1:2:9:2,1,,4,0,0,1,0,0,0,0
11271,11:0:1:3:15:3,1,,4,0,0,1,0,0,0,0
11272,11:0:2:0:0:1,1,,4,0,0,1,0,0,0,0
11273,11:0:2:1:6:1,1,,4,0,0,1,0,0,0,0
11274,11:0:2:2:9:2,1,,4,0,0,1,0,0,0,0
11275,11:0:2:3:15:3,1,,4,0,0,1,0,0,0,0
11276,11:0:3:0:0:1,1,,4,0,0,1,0,0,0,0
11277,11:0:3:1:6:1,1,,4,0,0,1,0,0,0,0
11278,11:0:3:2:9:2,1,,4,0,0,1,0,0,0,0
11279,11:0:3:3:15:3,1,,4,0,0,1,0,0,0,0
11280,11:0:4:0:0:1,0,0,0,,,0,0,0,0,0
11281,11:0:4:1:6:1,0,0,0,,,0,0,0,0,0
11282,11:0:4:2:9:2,0,0,0,,,0,0,0,0,0
11283,11:0:4:3:15:3,1,,4,0,0,1,0,0,0,0
11284,11:0:5:0:0:1,0,0,0,,,0,0,0,0,0
11285,11:0:5:1:6:1,0,0,0,,,0,0,0,0,0
11286,11:0:5:2:9:2,0,0,0,,,0,0,0,0,0
11287,11:0:5:3:15:3,1,,4,0,0,1,0,0,0,0
11288,11:0:6:0:0:1,0,0,0,,,0,0,0,0,0
11289,11:0:6:1:6:1,0,0,0,,,0,0,0,0,0
11290,11:0:6:2:9:2,0,0,0,,,0,0,0,0,0
11291,11:0:6:3:15:3,1,,4,0,0,1,0,0,0,0
11292,11:0:7:0:0:1,0,0,0,,,0,0,0,0,0
11293,11:0:7:1:6:1,0,0,0,,,0,0,0,0,0
11294,11:0:7:2:9:2,0,0,0,,,0,0,0,0,0
11295,11:0:7:3:15:3,1,,4,0,0,1,0,0,0,0
11296,11:0:8:0:0:1,0,0,0,,,0,0,0,0,0
11297,11:0:8:1:6:1,0,0,0,,,0,0,0,0,0
11298,11:0:8:2:9:2,0,0,0,,,0,0,0,0,0
11299,11:0:8:3:15:3,1,,4,0,0,1,0,0,0,0
11300,11:0:9:0:0:1,0,0,0,,,0,0,0,0,0
11301,11:0:9:1:6:1,0,0,0,,,0,0,0,0,0
11302,11:0:9:2:9:2,0,0,0,,,0,0,0,0,0
11303,11:0:9:3:15:3,1,,4,0,0,1,0,0,0,0
11304,11:0:10:0:0:1,0,0,0,,,0,0,0,0,0
11305,11:0:10:1:6:1,0,0,0,,,0,0,0,0,0
11306,11:0:10:2:9:2,0,0,0,,,0,0,0,0,0
11307,11:0:10:3:15:3,1,,4,0,0,1,0,0,0,0
11308,11:0:11:0:0:1,1,1,2,1,1,2,0,0,0,0
11309,11:0:11:1:6:1,1,1,2,1,1,2,0,0,0,0
11310,11:0:11:2:9:2,1,1,2,1,1,2,0,0,0,0
11311,11:0:11:3:15:3,1,,4,0,0,1,0,0,0,0
11312,11:0:12:0:0:1,0,0,0,,,0,0,0,0,0
11313,11:0:12:1:6:1,0,0,0,,,0,0,0,0,0
11314,11:0:12:2:9:2,0,0,0,,,0,0,0,0,0
11315,11:0:12:3:15:3,1,,4,0,0,1,0,0,0,0
11316,11:0:13:0:0:1,0,0,0,,,0,0,0,0,0
11317,11:0:13:1:6:1,0,0,0,,,0,0,0,0,0
11318,11:0:13:2:9:2,0,0,0,,,0,0,0,0,0
11319,11:0:13:3:15:3,1,,4,0,0,1,0,0,0,0
11320,11:0:14:0:0:1,0,0,0,,,0,0,0,0,0
11321,11:0:14:1:6:1,0,0,0,,,0,0,0,0,0
11322,11:0:14:2:9:2,0,0,0,,,0,0,0,0,0
11323,11:0:14:3:15:3,1,,4,0,0,1,0,0,0,0
11324,11:0:15:0:0:1,0,0,0,,,0,0,0,0,0
11325,11:0:15:1:6:1,0,0,0,,,0,0,0,0,0
11326,11:0:15:2:9:2,0,0,0,,,0,0,0,0,0
11327,11:0:15:3:15:3,1,,4,0,0,1,0,0,0,0
11328,11:1:0:0:0:1,1,,4,0,0,1,0,0,0,0
11329,11:1:0:1:6:1,1,,4,0,0,1,0,0,0,0
11330,11:1:0:2:9:2,1,,4,0,0,1,0,0,0,0
11331,11:1:0:3:15:3,1,,4,0,0,1,0,0,0,0
11332,11:1:1:0:0:1,1,,4,0,0,1,0,0,0,0
11333,11:1:1:1:6:1,1,,4,0,0,1,0,0,0,0
11334,11:1:1:2:9:2,1,,4,0,0,1,0,0,0,0
11335,11:1:1:3:15:3,1,,4,0,0,1,0,0,0,0
11336,11:1:2:0:0:1,1,,4,0,0,1,0,0,0,0
11337,11:1:2:1:6:1,1,,4,0,0,1,0,0,0,0
11338,11:1:2:2:9:2,1,,4,0,0,1,0,0,0,0
11339,11:1:2:3:15:3,1,,4,0,0,1,0,0,0,0
11340,11:1:3:0:0:1,1,,4,0,0,1,0,0,0,0
11341,11:1:3:1:6:1,1,,4,0,0,1,0,0,0,0
11342,11:1:3:2:9:2,1,,4,0,0,1,0,0,0,0
11343,11:1:3:3:15:3,1,,4,0,0,1,0,0,0,0
11344,11:1:4:0:0:1,0,0,0,,,0,0,0,0,0
11345,11:1:4:1:6:1,0,0,0,,,0,0,0,0,0
11346,11:1:4:2:9:2,0,0,0,,,0,0,0,0,0
11347,11:1:4:3:15:3,1,,4,0,0,1,0,0,0,0
11348,11:1:5:0:0:1,0,0,0,,,0,0,0,0,0
11349,11:1:5:1:6:1,0,0,0,,,0,0,0,0,0
11350,11:1:5:2:9:2,0,0,0,,,0,0,0,0,0
11351,11:1:5:3:15:3,1,,4,0,0,1,0,0,0,0
11352,11:1:6:0:0:1,0,0,0,,,0,0,0,0,0
11353,11:1:6:1:6:1,0,0,0,,,0,0,0,0,0
11354,11:1:6:2:9:2,0,0,0,,,0,0,0,0,0
11355,11:1:6:3:15:3,1,,4,0,0,1,0,0,0,0
11356,11:1:7:0:0:1,0,0,0,,,0,0,0,0,0
11357,11:1:7:1:6:1,0,0,0,,,0,0,0,0,0
11358,11:1:7:2:9:2,0,0,0,,,0,0,0,0,0
11359,11:1:7:3:15:3,1,,4,0,0,1,0,0,0,0
11360,11:1:8:0:0:1,0,0,0,,,0,0,0,0,0
11361,11:1:8:1:6:1,0,0,0,,,0,0,0,0,0
11362,11:1:8:2:9:2,0,0,0,,,0,0,0,0,0
11363,11:1:8:3:15:3,1,,4,0,0,1,0,0,0,0
11364,11:1:9:0:0:1,0,0,0,,,0,0,0,0,0
11365,11:1:9:1:6:1,0,0,0,,,0,0,0,0,0
11366,11:1:9:2:9:2,0,0,0,,,0,0,0,0,0
11367,11:1:9:3:15:3,1,,4,0,0,1,0,0,0,0
11368,11:1:10:0:0:1,0,0,0,,,0,0,0,0,0
11369,11:1:10:1:6:1,0,0,0,,,0,0,0,0,0
11370,11:1:10:2:9:2,0,0,0,,,0,0,0,0,0
11371,11:1:10:3:15:3,1,,4,0,0,1,0,0,0,0
11372,11:1:11:0:0:1,1,1,2,1,1,2,0,0,0,0
11373,11:1:11:1:6:1,1,1,2,1,1,2,0,0,0,0
11374,11:1:11:2:9:2,1,1,2,1,1,2,0,0,0,0
11375,11:1:11:3:15:3,1,,4,0,0,1,0,0,0,0
11376,11:1:12:0:0:1,0,0,0,,,0,0,0,0,0
11377,11:1:12:1:6:1,0,0,0,,,0,0,0,0,0
11378,11:1:12:2:9:2,0,0,0,,,0,0,0,0,0
11379,11:1:12:3:15:3,1,,4,0,0,1,0,0,0,0
11380,11:1:13:0:0:1,0,0,0,,,0,0,0,0,0
11381,11:1:13:1:6:1,0,0,0,,,0,0,0,0,0
11382,11:1:13:2:9:2,0,0,0,,,0,0,0,0,0
11383,11:1:13:3:15:3,1,,4,0,0,1,0,0,0,0
11384,11:1:14:0:0:1,0,0,0,,,0,0,0,0,0
11385,11:1:14:1:6:1,0,0,0,,,0,0,0,0,0
11386,11:1:14:2:9:2,0,0,0,,,0,0,0,0,0
11387,11:1:14:3:15:3,1,,4,0,0,1,0,0,0,0
11388,11:1:15:0:0:1,0,0,0,,,0,0,0,0,0
11389,11:1:15:1:6:1,0,0,0,,,0,0,0,0,0
11390,11:1:15:2:9:2,0,0,0,,,0,0,0,0,0
11391,11:1:15:3:15:3,1,,4,0,0,1,0,0,0,0
11392,11:2:0:0:0:1,1,,4,0,0,1,0,0,0,0
11393,11:2:0:1:6:1,1,,4,0,0,1,0,0,0,0
11394,11:2:0:2:9:2,1,,4,0,0,1,0,0,0,0
11395,11:2:0:3:15:3,1,,4,0,0,1,0,0,0,0
11396,11:2:1:0:0:1,1,,4,0,0,1,0,0,0,0
11397,11:2:1:1:6:1,1,,4,0,0,1,0,0,0,0
11398,11:2:1:2:9:2,1,,4,0,0,1,0,0,0,0
11399,11:2:1:3:15:3,1,,4,0,0,1,0,0,0,0
11400,11:2:2:0:0:1,1,,4,0,0,1,0,0,0,0
11401,11:2:2:1:6:1,1,,4,0,0,1,0,0,0,0
11402,11:2:2:2:9:2,1,,4,0,0,1,0,0,0,0
11403,11:2:2:3:15:3,1,,4,0,0,1,0,0,0,0
11404,11:2:3:0:0:1,1,,4,0,0,1,0,0,0,0
11405,11:2:3:1:6:1,1,,4,0,0,1,0,0,0,0
11406,11:2:3:2:9:2,1,,4,0,0,1,0,0,0,0
11407,11:2:3:3:15:3,1,,4,0,0,1,0,0,0,0
11408,11:2:4:0:0:1,0,0,0,,,0,0,0,0,0
11409,11:2:4:1:6:1,0,0,0,,,0,0,0,0,0
11410,11:2:4:2:9:2,0,0,0,,,0,0,0,0,0
11411,11:2:4:3:15:3,1,,4,0,0,1,0,0,0,0
11412,11:2:5:0:0:1,0,0,0,,,0,0,0,0,0
11413,11:2:5:1:6:1,0,0,0,,,0,0,0,0,0
11414,11:2:5:2:9:2,0,0,0,,,0,0,0,0,0
11415,11:2:5:3:15:3,1,,4,0,0,1,0,0,0,0
11416,11:2:6:0:0:1,0,0,0,,,0,0,0,0,0
11417,11:2:6:1:6:1,0,0,0,,,0,0,0,0,0
11418,11:2:6:2:9:2,0,0,0,,,0,0,0,0,0
11419,11:2:6:3:15:3,1,,4,0,0,1,0,0,0,0
11420,11:2:7:0:0:1,0,0,0,,,0,0,0,0,0
11421,11:2:7:1:6:1,0,0,0,,,0,0,0,0,0
11422,11:2:7:2:9:2,0,0,0,,,0,0,0,0,0
11423,11:2:7:3:15:3,1,,4,0,0,1,0,0,0,0
11424,11:2:8:0:0:1,0,0,0,,,0,0,0,0,0
11425,11:2:8:1:6:1,0,0,0,,,0,0,0,0,0
11426,11:2:8:2:9:2,0,0,0,,,0,0,0,0,0
11427,11:2:8:3:15:3,1,,4,0,0,1,0,0,0,0
11428,11:2:9:0:0:1,0,0,0,,,0,0,0,0,0
11429,11:2:9:1:6:1,0,0,0,,,0,0,0,0,0
11430,11:2:9:2:9:2,0,0,0,,,0,0,0,0,0
11431,11:2:9:3:15:3,1,,4,0,0,1,0,0,0,0
11432,11:2:10:0:0:1,0,0,0,,,0,0,0,0,0
11433,11:2:10:1:6:1,0,0,0,,,0,0,0,0,0
11434,11:2:10:2:9:2,0,0,0,,,0,0,0,0,0
11435,11:2:10:3:15:3,1,,4,0,0,1,0,0,0,0
11436,11:2:11:0:0:1,1,1,2,1,1,2,0,0,0,0
11437,11:2:11:1:6:1,1,1,2,1,1,2,0,0,0,0
11438,11:2:11:2:9:2,1,1,2,1,1,2,0,0,0,0
11439,11:2:11:3:15:3,1,,4,0,0,1,0,0,0,0
11440,11:2:12:0:0:1,0,0,0,,,0,0,0,0,0
11441,11:2:12:1:6:1,0,0,0,,,0,0,0,0,0
11442,11:2:12:2:9:2,0,0,0,,,0,0,0,0,0
11443,11:2:12:3:15:3,1,,4,0,0,1,0,0,0,0
11444,11:2:13:0:0:1,0,0,0,,,0,0,0,0,0
11445,11:2:13:1:6:1,0,0,0,,,0,0,0,0,0
11446,11:2:13:2:9:2,0,0,0,,,0,0,0,0,0
11447,11:2:13:3:15:3,1,,4,0,0,1,0,0,0,0
11448,11:2:14:0:0:1,0,0,0,,,0,0,0,0,0
11449,11:2:14:1:6:1,0,0,0,,,0,0,0,0,0
11450,11:2:14:2:9:2,0,0,0,,,0,0,0,0,0
11451,11:2:14:3:15:3,1,,4,0,0,1,0,0,0,0
11452,11:2:15:0:0:1,0,0,0,,,0,0,0,0,0
11453,11:2:15:1:6:1,0,0,0,,,0,0,0,0,0
11454,11:2:15:2:9:2,0,0,0,,,0,0,0,0,0
11455,11:2:15:3:15:3,1,,4,0,0,1,0,0,0,0
11456,11:3:0:0:0:1,1,,4,0,0,1,0,0,0,0
11457,11:3:0:1:6:1,1,,4,0,0,1,0,0,0,0
11458,11:3:0:2:9:2,1,,4,0,0,1,0,0,0,0
11459,11:3:0:3:15:3,1,,4,0,0,1,0,0,0,0
11460,11:3:1:0:0:1,1,,4,0,0,1,0,0,0,0
11461,11:3:1:1:6:1,1,,4,0,0,1,0,0,0,0
11462,11:3:1:2:9:2,1,,4,0,0,1,0,0,0,0
11463,11:3:1:3:15:3,1,,4,0,0,1,0,0,0,0
11464,11:3:2:0:0:1,1,,4,0,0,1,0,0,0,0
11465,11:3:2:1:6:1,1,,4,0,0,1,0,0,0,0
11466,11:3:2:2:9:2,1,,4,0,0,1,0,0,0,0
11467,11:3:2:3:15:3,1,,4,0,0,1,0,0,0,0
11468,11:3:3:0:0:1,1,,4,0,0,1,0,0,0,0
11469,11:3:3:1:6:1,1,,4,0,0,1,0,0,0,0
11470,11:3:3:2:9:2,1,,4,0,0,1,0,0,0,0
11471,11:3:3:3:15:3,1,,4,0,0,1,0,0,0,0
11472,11:3:4:0:0:1,0,0,0,,,0,0,0,0,0
11473,11:3:4:1:6:1,0,0,0,,,0,0,0,0,0
11474,11:3:4:2:9:2,0,0,0,,,0,0,0,0,0
11475,11:3:4:3:15:3,1,,4,0,0,1,0,0,0,0
11476,11:3:5:0:0:1,0,0,0,,,0,0,0,0,0
11477,11:3:5:1:6:1,0,0,0,,,0,0,0,0,0
11478,11:3:5:2:9:2,0,0,0,,,0,0,0,0,0
11479,11:3:5:3:15:3,1,,4,0,0,1,0,0,0,0
11480,11:3:6:0:0:1,0,0,0,,,0,0,0,0,0
11481,11:3:6:1:6:1,0,0,0,,,0,0,0,0,0
11482,11:3:6:2:9:2,0,0,0,,,0,0,0,0,0
11483,11:3:6:3:15:3,1,,4,0,0,1,0,0,0,0
11484,11:3:7:0:0:1,0,0,0,,,0,0,0,0,0
11485,11:3:7:1:6:1,0,0,0,,,0,0,0,0,0
11486,11:3:7:2:9:2,0,0,0,,,0,0,0,0,0
11487,11:3:7:3:15:3,1,,4,0,0,1,0,0,0,0
11488,11:3:8:0:0:1,0,0,0,,,0,0,0,0,0
11489,11:3:8:1:6:1,0,0,0,,,0,0,0,0,0
11490,11:3:8:2:9:2,0,0,0,,,0,0,0,0,0
11491,11:3:8:3:15:3,1,,4,0,0,1,0,0,0,0
11492,11:3:9:0:0:1,0,0,0,,,0,0,0,0,0
11493,11:3:9:1:6:1,0,0,0,,,0,0,0,0,0
11494,11:3:9:2:9:2,0,0,0,,,0,0,0,0,0
11495,11:3:9:3:15:3,1,,4,0,0,1,0,0,0,0
11496,11:3:10:0:0:1,0,0,0,,,0,0,0,0,0
11497,11:3:10:1:6:1,0,0,0,,,0,0,0,0,0
11498,11:3:10:2:9:2,0,0,0,,,0,0,0,0,0
11499,11:3:10:3:15:3,1,,4,0,0,1,0,0,0,0
11500,11:3:11:0:0:1,1,1,2,1,1,2,0,0,0,0
11501,11:3:11:1:6:1,1,1,2,1,1,2,0,0,0,0
11502,11:3:11:2:9:2,1,1,2,1,1,2,0,0,0,0
11503,11:3:11:3:15:3,1,,4,0,0,1,0,0,0,0
11504,11:3:12:0:0:1,0,0,0,,,0,0,0,0,0
11505,11:3:12:1:6:1,0,0,0,,,0,0,0,0,0
11506,11:3:12:2:9:2,0,0,0,,,0,0,0,0,0
11507,11:3:12:3:15:3,1,,4,0,0,1,0,0,0,0
11508,11:3:13:0:0:1,0,0,0,,,0,0,0,0,0
11509,11:3:13:1:6:1,0,0,0,,,0,0,0,0,0
11510,11:3:13:2:9:2,0,0,0,,,0,0,0,0,0
11511,11:3:13:3:15:3,1,,4,0,0,1,0,0,0,0
11512,11:3:14:0:0:1,0,0,0,,,0,0,0,0,0
11513,11:3:14:1:6:1,0,0,0,,,0,0,0,0,0
11514,11:3:14:2:9:2,0,0,0,,,0,0,0,0,0
11515,11:3:14:3:15:3,1,,4,0,0,1,0,0,0,0
11516,11:3:15:0:0:1,0,0,0,,,0,0,0,0,0
11517,11:3:15:1:6:1,0,0,0,,,0,0,0,0,0
11518,11:3:15:2:9:2,0,0,0,,,0,0,0,0,0
11519,11:3:15:3:15:3,1,,4,0,0,1,0,0,0,0
11520,11:4:0:0:0:1,1,,4,0,0,1,0,0,0,0
11521,11:4:0:1:6:1,1,,4,0,0,1,0,0,0,0
11522,11:4:0:2:9:2,1,,4,0,0,1,0,0,0,0
11523,11:4:0:3:15:3,1,,4,0,0,1,0,0,0,0
11524,11:4:1:0:0:1,1,,4,0,0,1,0,0,0,0
11525,11:4:1:1:6:1,1,,4,0,0,1,0,0,0,0
11526,11:4:1:2:9:2,1,,4,0,0,1,0,0,0,0
11527,11:4:1:3:15:3,1,,4,0,0,1,0,0,0,0
11528,11:4:2:0:0:1,1,,4,0,0,1,0,0,0,0
11529,11:4:2:1:6:1,1,,4,0,0,1,0,0,0,0
11530,11:4:2:2:9:2,1,,4,0,0,1,0,0,0,0
11531,11:4:2:3:15:3,1,,4,0,0,1,0,0,0,0
11532,11:4:3:0:0:1,1,,4,0,0,1,0,0,0,0
11533,11:4:3:1:6:1,1,,4,0,0,1,0,0,0,0
11534,11:4:3:2:9:2,1,,4,0,0,1,0,0,0,0
11535,11:4:3:3:15:3,1,,4,0,0,1,0,0,0,0
11536,11:4:4:0:0:1,1,2,2,2,2,2,0,0,0,0
11537,11:4:4:1:6:1,1,2,2,2,2,2,0,0,0,0
11538,11:4:4:2:9:2,1,2,2,2,2,2,0,0,0,0
11539,11:4:4:3:15:3,1,,4,0,0,1,0,0,0,0
11540,11:4:5:0:0:1,0,0,0,,,0,0,0,0,0
11541,11:4:5:1:6:1,0,0,0,,,0,0,0,0,0
11542,11:4:5:2:9:2,0,0,0,,,0,0,0,0,0
11543,11:4:5:3:15:3,1,,4,0,0,1,0,0,0,0
11544,11:4:6:0:0:1,0,0,0,,,0,0,0,0,0
11545,11:4:6:1:6:1,0,0,0,,,0,0,0,0,0
11546,11:4:6:2:9:2,0,0,0,,,0,0,0,0,0
11547,11:4:6:3:15:3,1,,4,0,0,1,0,0,0,0
11548,11:4:7:0:0:1,0,0,0,,,0,0,0,0,0
11549,11:4:7:1:6:1,0,0,0,,,0,0,0,0,0
11550,11:4:7:2:9:2,0,0,0,,,0,0,0,0,0
11551,11:4:7:3:15:3,1,,4,0,0,1,0,0,0,0
11552,11:4:8:0:0:1,0,0,0,,,0,0,0,0,0
11553,11:4:8:1:6:1,0,0,0,,,0,0,0,0,0
11554,11:4:8:2:9:2,0,0,0,,,0,0,0,0,0
11555,11:4:8:3:15:3,1,,4,0,0,1,0,0,0,0
11556,11:4:9:0:0:1,0,0,0,,,0,0,0,0,0
11557,11:4:9:1:6:1,0,0,0,,,0,0,0,0,0
11558,11:4:9:2:9:2,0,0,0,,,0,0,0,0,0
11559,11:4:9:3:15:3,1,,4,0,0,1,0,0,0,0
11560,11:4:10:0:0:1,0,0,0,,,0,0,0,0,0
11561,11:4:10:1:6:1,0,0,0,,,0,0,0,0,0
11562,11:4:10:2:9:2,0,0,0,,,0,0,0,0,0
11563,11:4:10:3:15:3,1,,4,0,0,1,0,0,0,0
11564,11:4:11:0:0:1,1,1,2,1,1,2,0,0,0,0
11565,11:4:11:1:6:1,1,1,2,1,1,2,0,0,0,0
11566,11:4:11:2:9:2,1,1,2,1,1,2,0,0,0,0
11567,11:4:11:3:15:3,1,,4,0,0,1,0,0,0,0
11568,11:4:12:0:0:1,0,0,0,,,0,0,0,0,0
11569,11:4:12:1:6:1,0,0,0,,,0,0,0,0,0
11570,11:4:12:2:9:2,0,0,0,,,0,0,0,0,0
11571,11:4:12:3:15:3,1,,4,0,0,1,0,0,0,0
11572,11:4:13:0:0:1,0,0,0,,,0,0,0,0,0
11573,11:4:13:1:6:1,0,0,0,,,0,0,0,0,0
11574,11:4:13:2:9:2,0,0,0,,,0,0,0,0,0
11575,11:4:13:3:15:3,1,,4,0,0,1,0,0,0,0
11576,11:4:14:0:0:1,1,1;2,1,3,3,3,0,0,0,0
11577,11:4:14:1:6:1,1,1;2,1,3,3,3,0,0,0,0
11578,11:4:14:2:9:2,1,1;2,1,3,3,3,0,0,0,0
11579,11:4:14:3:15:3,1,,4,0,0,1,0,0,0,0
11580,11:4:15:0:0:1,0,0,0,,,0,0,0,0,0
11581,11:4:15:1:6:1,0,0,0,,,0,0,0,0,0
11582,11:4:15:2:9:2,0,0,0,,,0,0,0,0,0
11583,11:4:15:3:15:3,1,,4,0,0,1,0,0,0,0
11584,11:5:0:0:0:1,1,,4,0,0,1,0,0,0,0
11585,11:5:0:1:6:1,1,,4,0,0,1,0,0,0,0
11586,11:5:0:2:9:2,1,,4,0,0,1,0,0,0,0
11587,11:5:0:3:15:3,1,,4,0,0,1,0,0,0,0
11588,11:5:1:0:0:1,1,,4,0,0,1,0,0,0,0
11589,11:5:1:1:6:1,1,,4,0,0,1,0,0,0,0
11590,11:5:1:2:9:2,1,,4,0,0,1,0,0,0,0
11591,11:5:1:3:15:3,1,,4,0,0,1,0,0,0,0
11592,11:5:2:0:0:1,1,,4,0,0,1,0,0,0,0
11593,11:5:2:1:6:1,1,,4,0,0,1,0,0,0,0
11594,11:5:2:2:9:2,1,,4,0,0,1,0,0,0,0
11595,11:5:2:3:15:3,1,,4,0,0,1,0,0,0,0
11596,11:5:3:0:0:1,1,,4,0,0,1,0,0,0,0
11597,11:5:3:1:6:1,1,,4,0,0,1,0,0,0,0
11598,11:5:3:2:9:2,1,,4,0,0,1,0,0,0,0
11599,11:5:3:3:15:3,1,,4,0,0,1,0,0,0,0
11600,11:5:4:0:0:1,0,0,0,,,0,0,0,0,0
11601,11:5:4:1:6:1,0,0,0,,,0,0,0,0,0
11602,11:5:4:2:9:2,0,0,0,,,0,0,0,0,0
11603,11:5:4:3:15:3,1,,4,0,0,1,0,0,0,0
11604,11:5:5:0:0:1,1,2,2,2,2,2,0,0,0,0
11605,11:5:5:1:6:1,1,2,2,2,2,2,0,0,0,0
11606,11:5:5:2:9:2,1,2,2,2,2,2,0,0,0,0
11607,11:5:5:3:15:3,1,,4,0,0,1,0,0,0,0
11608,11:5:6:0:0:1,0,0,0,,,0,0,0,0,0
11609,11:5:6:1:6:1,0,0,0,,,0,0,0,0,0
11610,11:5:6:2:9:2,0,0,0,,,0,0,0,0,0
11611,11:5:6:3:15:3,1,,4,0,0,1,0,0,0,0
11612,11:5:7:0:0:1,0,0,0,,,0,0,0,0,0
11613,11:5:7:1:6:1,0,0,0,,,0,0,0,0,0
11614,11:5:7:2:9:2,0,0,0,,,0,0,0,0,0
11615,11:5:7:3:15:3,1,,4,0,0,1,0,0,0,0
11616,11:5:8:0:0:1,0,0,0,,,0,0,0,0,0
11617,11:5:8:1:6:1,0,0,0,,,0,0,0,0,0
11618,11:5:8:2:9:2,0,0,0,,,0,0,0,0,0
11619,11:5:8:3:15:3,1,,4,0,0,1,0,0,0,0
11620,11:5:9:0:0:1,0,0,0,,,0,0,0,0,0
11621,11:5:9:1:6:1,0,0,0,,,0,0,0,0,0
11622,11:5:9:2:9:2,0,0,0,,,0,0,0,0,0
11623,11:5:9:3:15:3,1,,4,0,0,1,0,0,0,0
11624,11:5:10:0:0:1,1,1;2,1,3,3,3,0,0,0,0
11625,11:5:10:1:6:1,1,1;2,1,3,3,3,0,0,0,0
11626,11:5:10:2:9:2,1,1;2,1,3,3,3,0,0,0,0
11627,11:5:10:3:15:3,1,,4,0,0,1,0,0,0,0
11628,11:5:11:0:0:1,1,1,2,1,1,2,0,0,0,0
11629,11:5:11:1:6:1,1,1,2,1,1,2,0,0,0,0
11630,11:5:11:2:9:2,1,1,2,1,1,2,0,0,0,0
11631,11:5:11:3:15:3,1,,4,0,0,1,0,0,0,0
11632,11:5:12:0:0:1,0,0,0,,,0,0,0,0,0
11633,11:5:12:1:6:1,0,0,0,,,0,0,0,0,0
11634,11:5:12:2:9:2,0,0,0,,,0,0,0,0,0
11635,11:5:12:3:15:3,1,,4,0,0,1,0,0,0,0
11636,11:5:13:0:0:1,0,0,0,,,0,0,0,0,0
11637,11:5:13:1:6:1,0,0,0,,,0,0,0,0,0
11638,11:5:13:2:9:2,0,0,0,,,0,0,0,0,0
11639,11:5:13:3:15:3,1,,4,0,0,1,0,0,0,0
11640,11:5:14:0:0:1,0,0,0,,,0,0,0,0,0
11641,11:5:14:1:6:1,0,0,0,,,0,0,0,0,0
11642,11:5:14:2:9:2,0,0,0,,,0,0,0,0,0
11643,11:5:14:3:15:3,1,,4,0,0,1,0,0,0,0
11644,11:5:15:0:0:1,1,1;2,1,3,3,3,0,0,0,0
11645,11:5:15:1:6:1,1,1;2,1,3,3,3,0,0,0,0
11646,11:5:15:2:9:2,1,1;2,1,3,3,3,0,0,0,0
11647,11:5:15:3:15:3,1,,4,0,0,1,0,0,0,0
11648,11:6:0:0:0:1,1,,4,0,0,1,0,0,0,0
11649,11:6:0:1:6:1,1,,4,0,0,1,0,0,0,0
11650,11:6:0:2:9:2,1,,4,0,0,1,0,0,0,0
11651,11:6:0:3:15:3,1,,4,0,0,1,0,0,0,0
11652,11:6:1:0:0:1,1,,4,0,0,1,0,0,0,0
11653,11:6:1:1:6:1,1,,4,0,0,1,0,0,0,0
11654,11:6:1:2:9:2,1,,4,0,0,1,0,0,0,0
11655,11:6:1:3:15:3,1,,4,0,0,1,0,0,0,0
11656,11:6:2:0:0:1,1,,4,0,0,1,0,0,0,0
11657,11:6:2:1:6:1,1,,4,0,0,1,0,0,0,0
11658,11:6:2:2:9:2,1,,4,0,0,1,0,0,0,0
11659,11:6:2:3:15:3,1,,4,0,0,1,0,0,0,0
11660,11:6:3:0:0:1,1,,4,0,0,1,0,0,0,0
11661,11:6:3:1:6:1,1,,4,0,0,1,0,0,0,0
11662,11:6:3:2:9:2,1,,4,0,0,1,0,0,0,0
11663,11:6:3:3:15:3,1,,4,0,0,1,0,0,0,0
11664,11:6:4:0:0:1,0,0,0,,,0,0,0,0,0
11665,11:6:4:1:6:1,0,0,0,,,0,0,0,0,0
11666,11:6:4:2:9:2,0,0,0,,,0,0,0,0,0
11667,11:6:4:3:15:3,1,,4,0,0,1,0,0,0,0
11668,11:6:5:0:0:1,0,0,0,,,0,0,0,0,0
11669,11:6:5:1:6:1,0,0,0,,,0,0,0,0,0
11670,11:6:5:2:9:2,0,0,0,,,0,0,0,0,0
11671,11:6:5:3:15:3,1,,4,0,0,1,0,0,0,0
11672,11:6:6:0:0:1,1,2,2,2,2,2,0,0,0,0
11673,11:6:6:1:6:1,1,2,2,2,2,2,0,0,0,0
11674,11:6:6:2:9:2,1,2,2,2,2,2,0,0,0,0
11675,11:6:6:3:15:3,1,,4,0,0,1,0,0,0,0
11676,11:6:7:0:0:1,0,0,0,,,0,0,0,0,0
11677,11:6:7:1:6:1,0,0,0,,,0,0,0,0,0
11678,11:6:7:2:9:2,0,0,0,,,0,0,0,0,0
11679,11:6:7:3:15:3,1,,4,0,0,1,0,0,0,0
11680,11:6:8:0:0:1,0,0,0,,,0,0,0,0,0
11681,11:6:8:1:6:1,0,0,0,,,0,0,0,0,0
11682,11:6:8:2:9:2,0,0,0,,,0,0,0,0,0
11683,11:6:8:3:15:3,1,,4,0,0,1,0,0,0,0
11684,11:6:9:0:0:1,0,0,0,,,0,0,0,0,0
11685,11:6:9:1:6:1,0,0,0,,,0,0,0,0,0
11686,11:6:9:2:9:2,0,0,0,,,0,0,0,0,0
11687,11:6:9:3:15:3,1,,4,0,0,1,0,0,0,0
11688,11:6:10:0:0:1,0,0,0,,,0,0,0,0,0
11689,11:6:10:1:6:1,0,0,0,,,0,0,0,0,0
11690,11:6:10:2:9:2,0,0,0,,,0,0,0,0,0
11691,11:6:10:3:15:3,1,,4,0,0,1,0,0,0,0
11692,11:6:11:0:0:1,1,1,2,1,1,2,0,0,0,0
11693,11:6:11:1:6:1,1,1,2,1,1,2,0,0,0,0
11694,11:6:11:2:9:2,1,1,2,1,1,2,0,0,0,0
11695,11:6:11:3:15:3,1,,4,0,0,1,0,0,0,0
11696,11:6:12:0:0:1,0,0,0,,,0,0,0,0,0
11697,11:6:12:1:6:1,0,0,0,,,0,0,0,0,0
11698,11:6:12:2:9:2,0,0,0,,,0,0,0,0,0
11699,11:6:12:3:15:3,1,,4,0,0,1,0,0,0,0
11700,11:6:13:0:0:1,0,0,0,,,0,0,0,0,0
11701,11:6:13:1:6:1,0,0,0,,,0,0,0,0,0
11702,11:6:13:2:9:2,0,0,0,,,0,0,0,0,0
11703,11:6:13:3:15:3,1,,4,0,0,1,0,0,0,0
11704,11:6:14:0:0:1,0,0,0,,,0,0,0,0,0
11705,11:6:14:1:6:1,0,0,0,,,0,0,0,0,0
11706,11:6:14:2:9:2,0,0,0,,,0,0,0,0,0
11707,11:6:14:3:15:3,1,,4,0,0,1,0,0,0,0
11708,11:6:15:0:0:1,0,0,0,,,0,0,0,0,0
11709,11:6:15:1:6:1,0,0,0,,,0,0,0,0,0
11710,11:6:15:2:9:2,0,0,0,,,0,0,0,0,0
11711,11:6:15:3:15:3,1,,4,0,0,1,0,0,0,0
11712,11:7:0:0:0:1,1,,4,0,0,1,0,0,0,0
11713,11:7:0:1:6:1,1,,4,0,0,1,0,0,0,0
11714,11:7:0:2:9:2,1,,4,0,0,1,0,0,0,0
11715,11:7:0:3:15:3,1,,4,0,0,1,0,0,0,0
11716,11:7:1:0:0:1,1,,4,0,0,1,0,0,0,0
11717,11:7:1:1:6:1,1,,4,0,0,1,0,0,0,0
11718,11:7:1:2:9:2,1,,4,0,0,1,0,0,0,0
11719,11:7:1:3:15:3,1,,4,0,0,1,0,0,0,0
11720,11:7:2:0:0:1,1,,4,0,0,1,0,0,0,0
11721,11:7:2:1:6:1,1,,4,0,0,1,0,0,0,0
11722,11:7:2:2:9:2,1,,4,0,0,1,0,0,0,0
11723,11:7:2:3:15:3,1,,4,0,0,1,0,0,0,0
11724,11:7:3:0:0:1,1,,4,0,0,1,0,0,0,0
11725,11:7:3:1:6:1,1,,4,0,0,1,0,0,0,0
11726,11:7:3:2:9:2,1,,4,0,0,1,0,0,0,0
11727,11:7:3:3:15:3,1,,4,0,0,1,0,0,0,0
11728,11:7:4:0:0:1,0,0,0,,,0,0,0,0,0
11729,11:7:4:1:6:1,0,0,0,,,0,0,0,0,0
11730,11:7:4:2:9:2,0,0,0,,,0,0,0,0,0
11731,11:7:4:3:15:3,1,,4,0,0,1,0,0,0,0
11732,11:7:5:0:0:1,0,0,0,,,0,0,0,0,0
11733,11:7:5:1:6:1,0,0,0,,,0,0,0,0,0
11734,11:7:5:2:9:2,0,0,0,,,0,0,0,0,0
11735,11:7:5:3:15:3,1,,4,0,0,1,0,0,0,0
11736,11:7:6:0:0:1,0,0,0,,,0,0,0,0,0
11737,11:7:6:1:6:1,0,0,0,,,0,0,0,0,0
11738,11:7:6:2:9:2,0,0,0,,,0,0,0,0,0
11739,11:7:6:3:15:3,1,,4,0,0,1,0,0,0,0
11740,11:7:7:0:0:1,1,2,2,2,2,2,0,0,0,0
11741,11:7:7:1:6:1,1,2,2,2,2,2,0,0,0,0
11742,11:7:7:2:9:2,1,2,2,2,2,2,0,0,0,0
11743,11:7:7:3:15:3,1,,4,0,0,1,0,0,0,0
11744,11:7:8:0:0:1,0,0,0,,,0,0,0,0,0
11745,11:7:8:1:6:1,0,0,0,,,0,0,0,0,0
11746,11:7:8:2:9:2,0,0,0,,,0,0,0,0,0
11747,11:7:8:3:15:3,1,,4,0,0,1,0,0,0,0
11748,11:7:9:0:0:1,0,0,0,,,0,0,0,0,0
11749,11:7:9:1:6:1,0,0,0,,,0,0,0,0,0
11750,11:7:9:2:9:2,0,0,0,,,0,0,0,0,0
11751,11:7:9:3:15:3,1,,4,0,0,1,0,0,0,0
11752,11:7:10:0:0:1,0,0,0,,,0,0,0,0,0
11753,11:7:10:1:6:1,0,0,0,,,0,0,0,0,0
11754,11:7:10:2:9:2,0,0,0,,,0,0,0,0,0
11755,11:7:10:3:15:3,1,,4,0,0,1,0,0,0,0
11756,11:7:11:0:0:1,1,1,2,1,1,2,0,0,0,0
11757,11:7:11:1:6:1,1,1,2,1,1,2,0,0,0,0
11758,11:7:11:2:9:2,1,1,2,1,1,2,0,0,0,0
11759,11:7:11:3:15:3,1,,4,0,0,1,0,0,0,0
11760,11:7:12:0:0:1,0,0,0,,,0,0,0,0,0
11761,11:7:12:1:6:1,0,0,0,,,0,0,0,0,0
11762,11:7:12:2:9:2,0,0,0,,,0,0,0,0,0
11763,11:7:12:3:15:3,1,,4,0,0,1,0,0,0,0
11764,11:7:13:0:0:1,0,0,0,,,0,0,0,0,0
11765,11:7:13:1:6:1,0,0,0,,,0,0,0,0,0
11766,11:7:13:2:9:2,0,0,0,,,0,0,0,0,0
11767,11:7:13:3:15:3,1,,4,0,0,1,0,0,0,0
11768,11:7:14:0:0:1,0,0,0,,,0,0,0,0,0
11769,11:7:14:1:6:1,0,0,0,,,0,0,0,0,0
11770,11:7:14:2:9:2,0,0,0,,,0,0,0,0,0
11771,11:7:14:3:15:3,1,,4,0,0,1,0,0,0,0
11772,11:7:15:0:0:1,1,1;2,1,3,3,3,0,0,0,0
11773,11:7:15:1:6:1,1,1;2,1,3,3,3,0,0,0,0
11774,11:7:15:2:9:2,1,1;2,1,3,3,3,0,0,0,0
11775,11:7:15:3:15:3,1,,4,0,0,1,0,0,0,0
11776,11:8:0:0:0:1,1,,4,0,0,1,0,0,0,0
11777,11:8:0:1:6:1,1,,4,0,0,1,0,0,0,0
11778,11:8:0:2:9:2,1,,4,0,0,1,0,0,0,0
11779,11:8:0:3:15:3,1,,4,0,0,1,0,0,0,0
11780,11:8:1:0:0:1,1,,4,0,0,1,0,0,0,0
11781,11:8:1:1:6:1,1,,4,0,0,1,0,0,0,0
11782,11:8:1:2:9:2,1,,4,0,0,1,0,0,0,0
11783,11:8:1:3:15:3,1,,4,0,0,1,0,0,0,0
11784,11:8:2:0:0:1,1,,4,0,0,1,0,0,0,0
11785,11:8:2:1:6:1,1,,4,0,0,1,0,0,0,0
11786,11:8:2:2:9:2,1,,4,0,0,1,0,0,0,0
11787,11:8:2:3:15:3,1,,4,0,0,1,0,0,0,0
11788,11:8:3:0:0:1,1,,4,0,0,1,0,0,0,0
11789,11:8:3:1:6:1,1,,4,0,0,1,0,0,0,0
11790,11:8:3:2:9:2,1,,4,0,0,1,0,0,0,0
11791,11:8:3:3:15:3,1,,4,0,0,1,0,0,0,0
11792,11:8:4:0:0:1,0,0,0,,,0,0,0,0,0
11793,11:8:4:1:6:1,0,0,0,,,0,0,0,0,0
11794,11:8:4:2:9:2,0,0,0,,,0,0,0,0,0
11795,11:8:4:3:15:3,1,,4,0,0,1,0,0,0,0
11796,11:8:5:0:0:1,0,0,0,,,0,0,0,0,0
11797,11:8:5:1:6:1,0,0,0,,,0,0,0,0,0
11798,11:8:5:2:9:2,0,0,0,,,0,0,0,0,0
11799,11:8:5:3:15:3,1,,4,0,0,1,0,0,0,0
11800,11:8:6:0:0:1,0,0,0,,,0,0,0,0,0
11801,11:8:6:1:6:1,0,0,0,,,0,0,0,0,0
11802,11:8:6:2:9:2,0,0,0,,,0,0,0,0,0
11803,11:8:6:3:15:3,1,,4,0,0,1,0,0,0,0
11804,11:8:7:0:0:1,0,0,0,,,0,0,0,0,0
11805,11:8:7:1:6:1,0,0,0,,,0,0,0,0,0
11806,11:8:7:2:9:2,0,0,0,,,0,0,0,0,0
11807,11:8:7:3:15:3,1,,4,0,0,1,0,0,0,0
11808,11:8:8:0:0:1,1,2,2,2,2,2,0,0,0,0
11809,11:8:8:1:6:1,1,2,2,2,2,2,0,0,0,0
11810,11:8:8:2:9:2,1,2,2,2,2,2,0,0,0,0
11811,11:8:8:3:15:3,1,,4,0,0,1,0,0,0,0
11812,11:8:9:0:0:1,0,0,0,,,0,0,0,0,0
11813,11:8:9:1:6:1,0,0,0,,,0,0,0,0,0
11814,11:8:9:2:9:2,0,0,0,,,0,0,0,0,0
11815,11:8:9:3:15:3,1,,4,0,0,1,0,0,0,0
11816,11:8:10:0:0:1,0,0,0,,,0,0,0,0,0
11817,11:8:10:1:6:1,0,0,0,,,0,0,0,0,0
11818,11:8:10:2:9:2,0,0,0,,,0,0,0,0,0
11819,11:8:10:3:15:3,1,,4,0,0,1,0,0,0,0
11820,11:8:11:0:0:1,1,1,2,1,1,2,0,0,0,0
11821,11:8:11:1:6:1,1,1,2,1,1,2,0,0,0,0
11822,11:8:11:2:9:2,1,1,2,1,1,2,0,0,0,0
11823,11:8:11:3:15:3,1,,4,0,0,1,0,0,0,0
11824,11:8:12:0:0:1,0,0,0,,,0,0,0,0,0
11825,11:8:12:1:6:1,0,0,0,,,0,0,0,0,0
11826,11:8:12:2:9:2,0,0,0,,,0,0,0,0,0
11827,11:8:12:3:15:3,1,,4,0,0,1,0,0,0,0
11828,11:8:13:0:0:1,0,0,0,,,0,0,0,0,0
11829,11:8:13:1:6:1,0,0,0,,,0,0,0,0,0
11830,11:8:13:2:9:2,0,0,0,,,0,0,0,0,0
11831,11:8:13:3:15:3,1,,4,0,0,1,0,0,0,0
11832,11:8:14:0:0:1,0,0,0,,,0,0,0,0,0
11833,11:8:14:1:6:1,0,0,0,,,0,0,0,0,0
11834,11:8:14:2:9:2,0,0,0,,,0,0,0,0,0
11835,11:8:14:3:15:3,1,,4,0,0,1,0,0,0,0
11836,11:8:15:0:0:1,0,0,0,,,0,0,0,0,0
11837,11:8:15:1:6:1,0,0,0,,,0,0,0,0,0
11838,11:8:15:2:9:2,0,0,0,,,0,0,0,0,0
11839,11:8:15:3:15:3,1,,4,0,0,1,0,0,0,0
11840,11:9:0:0:0:1,1,,4,0,0,1,0,0,0,0
11841,11:9:0:1:6:1,1,,4,0,0,1,0,0,0,0
11842,11:9:0:2:9:2,1,,4,0,0,1,0,0,0,0
11843,11:9:0:3:15:3,1,,4,0,0,1,0,0,0,0
11844,11:9:1:0:0:1,1,,4,0,0,1,0,0,0,0
11845,11:9:1:1:6:1,1,,4,0,0,1,0,0,0,0
11846,11:9:1:2:9:2,1,,4,0,0,1,0,0,0,0
11847,11:9:1:3:15:3,1,,4,0,0,1,0,0,0,0
11848,11:9:2:0:0:1,1,,4,0,0,1,0,0,0,0
11849,11:9:2:1:6:1,1,,4,0,0,1,0,0,0,0
11850,11:9:2:2:9:2,1,,4,0,0,1,0,0,0,0
11851,11:9:2:3:15:3,1,,4,0,0,1,0,0,0,0
11852,11:9:3:0:0:1,1,,4,0,0,1,0,0,0,0
11853,11:9:3:1:6:1,1,,4,0,0,1,0,0,0,0
11854,11:9:3:2:9:2,1,,4,0,0,1,0,0,0,0
11855,11:9:3:3:15:3,1,,4,0,0,1,0,0,0,0
11856,11:9:4:0:0:1,0,0,0,,,0,0,0,0,0
11857,11:9:4:1:6:1,0,0,0,,,0,0,0,0,0
11858,11:9:4:2:9:2,0,0,0,,,0,0,0,0,0
11859,11:9:4:3:15:3,1,,4,0,0,1,0,0,0,0
11860,11:9:5:0:0:1,0,0,0,,,0,0,0,0,0
11861,11:9:5:1:6:1,0,0,0,,,0,0,0,0,0
11862,11:9:5:2:9:2,0,0,0,,,0,0,0,0,0
11863,11:9:5:3:15:3,1,,4,0,0,1,0,0,0,0
11864,11:9:6:0:0:1,0,0,0,,,0,0,0,0,0
11865,11:9:6:1:6:1,0,0,0,,,0,0,0,0,0
11866,11:9:6:2:9:2,0,0,0,,,0,0,0,0,0
11867,11:9:6:3:15:3,1,,4,0,0,1,0,0,0,0
11868,11:9:7:0:0:1,0,0,0,,,0,0,0,0,0
11869,11:9:7:1:6:1,0,0,0,,,0,0,0,0,0
11870,11:9:7:2:9:2,0,0,0,,,0,0,0,0,0
11871,11:9:7:3:15:3,1,,4,0,0,1,0,0,0,0
11872,11:9:8:0:0:1,0,0,0,,,0,0,0,0,0
11873,11:9:8:1:6:1,0,0,0,,,0,0,0,0,0
11874,11:9:8:2:9:2,0,0,0,,,0,0,0,0,0
11875,11:9:8:3:15:3,1,,4,0,0,1,0,0,0,0
11876,11:9:9:0:0:1,1,2,2,2,2,2,0,0,0,0
11877,11:9:9:1:6:1,1,2,2,2,2,2,0,0,0,0
11878,11:9:9:2:9:2,1,2,2,2,2,2,0,0,0,0
11879,11:9:9:3:15:3,1,,4,0,0,1,0,0,0,0
11880,11:9:10:0:0:1,0,0,0,,,0,0,0,0,0
11881,11:9:10:1:6:1,0,0,0,,,0,0,0,0,0
11882,11:9:10:2:9:2,0,0,0,,,0,0,0,0,0
11883,11:9:10:3:15:3,1,,4,0,0,1,0,0,0,0
11884,11:9:11:0:0:1,1,1,2,1,1,2,0,0,0,0
11885,11:9:11:1:6:1,1,1,2,1,1,2,0,0,0,0
11886,11:9:11:2:9:2,1,1,2,1,1,2,0,0,0,0
11887,11:9:11:3:15:3,1,,4,0,0,1,0,0,0,0
11888,11:9:12:0:0:1,0,0,0,,,0,0,0,0,0
11889,11:9:12:1:6:1,0,0,0,,,0,0,0,0,0
11890,11:9:12:2:9:2,0,0,0,,,0,0,0,0,0
11891,11:9:12:3:15:3,1,,4,0,0,1,0,0,0,0
11892,11:9:13:0:0:1,0,0,0,,,0,0,0,0,0
11893,11:9:13:1:6:1,0,0,0,,,0,0,0,0,0
11894,11:9:13:2:9:2,0,0,0,,,0,0,0,0,0
11895,11:9:13:3:15:3,1,,4,0,0,1,0,0,0,0
11896,11:9:14:0:0:1,0,0,0,,,0,0,0,0,0
11897,11:9:14:1:6:1,0,0,0,,,0,0,0,0,0
11898,11:9:14:2:9:2,0,0,0,,,0,0,0,0,0
11899,11:9:14:3:15:3,1,,4,0,0,1,0,0,0,0
11900,11:9:15:0:0:1,0,0,0,,,0,0,0,0,0
11901,11:9:15:1:6:1,0,0,0,,,0,0,0,0,0
11902,11:9:15:2:9:2,0,0,0,,,0,0,0,0,0
11903,11:9:15:3:15:3,1,,4,0,0,1,0,0,0,0
11904,11:10:0:0:0:1,1,,4,0,0,1,0,0,0,0
11905,11:10:0:1:6:1,1,,4,0,0,1,0,0,0,0
11906,11:10:0:2:9:2,1,,4,0,0,1,0,0,0,0
11907,11:10:0:3:15:3,1,,4,0,0,1,0,0,0,0
11908,11:10:1:0:0:1,1,,4,0,0,1,0,0,0,0
11909,11:10:1:1:6:1,1,,4,0,0,1,0,0,0,0
11910,11:10:1:2:9:2,1,,4,0,0,1,0,0,0,0
11911,11:10:1:3:15:3,1,,4,0,0,1,0,0,0,0
11912,11:10:2:0:0:1,1,,4,0,0,1,0,0,0,0
11913,11:10:2:1:6:1,1,,4,0,0,1,0,0,0,0
11914,11:10:2:2:9:2,1,,4,0,0,1,0,0,0,0
11915,11:10:2:3:15:3,1,,4,0,0,1,0,0,0,0
11916,11:10:3:0:0:1,1,,4,0,0,1,0,0,0,0
11917,11:10:3:1:6:1,1,,4,0,0,1,0,0,0,0
11918,11:10:3:2:9:2,1,,4,0,0,1,0,0,0,0
11919,11:10:3:3:15:3,1,,4,0,0,1,0,0,0,0
11920,11:10:4:0:0:1,0,0,0,,,0,0,0,0,0
11921,11:10:4:1:6:1,0,0,0,,,0,0,0,0,0
11922,11:10:4:2:9:2,0,0,0,,,0,0,0,0,0
11923,11:10:4:3:15:3,1,,4,0,0,1,0,0,0,0
11924,11:10:5:0:0:1,0,0,0,,,0,0,0,0,0
11925,11:10:5:1:6:1,0,0,0,,,0,0,0,0,0
11926,11:10:5:2:9:2,0,0,0,,,0,0,0,0,0
11927,11:10:5:3:15:3,1,,4,0,0,1,0,0,0,0
11928,11:10:6:0:0:1,0,0,0,,,0,0,0,0,0
11929,11:10:6:1:6:1,0,0,0,,,0,0,0,0,0
11930,11:10:6:2:9:2,0,0,0,,,0,0,0,0,0
11931,11:10:6:3:15:3,1,,4,0,0,1,0,0,0,0
11932,11:10:7:0:0:1,0,0,0,,,0,0,0,0,0
11933,11:10:7:1:6:1,0,0,0,,,0,0,0,0,0
11934,11:10:7:2:9:2,0,0,0,,,0,0,0,0,0
11935,11:10:7:3:15:3,1,,4,0,0,1,0,0,0,0
11936,11:10:8:0:0:1,0,0,0,,,0,0,0,0,0
11937,11:10:8:1:6:1,0,0,0,,,0,0,0,0,0
11938,11:10:8:2:9:2,0,0,0,,,0,0,0,0,0
11939,11:10:8:3:15:3,1,,4,0,0,1,0,0,0,0
11940,11:10:9:0:0:1,0,0,0,,,0,0,0,0,0
11941,11:10:9:1:6:1,0,0,0,,,0,0,0,0,0
11942,11:10:9:2:9:2,0,0,0,,,0,0,0,0,0
11943,11:10:9:3:15:3,1,,4,0,0,1,0,0,0,0
11944,11:10:10:0:0:1,1,2,2,2,2,2,0,0,0,0
11945,11:10:10:1:6:1,1,2,2,2,2,2,0,0,0,0
11946,11:10:10:2:9:2,1,2,2,2,2,2,0,0,0,0
11947,11:10:10:3:15:3,1,,4,0,0,1,0,0,0,0
11948,11:10:11:0:0:1,1,1,2,1,1,2,0,0,0,0
11949,11:10:11:1:6:1,1,1,2,1,1,2,0,0,0,0
11950,11:10:11:2:9:2,1,1,2,1,1,2,0,0,0,0
11951,11:10:11:3:15:3,1,,4,0,0,1,0,0,0,0
11952,11:10:12:0:0:1,0,0,0,,,0,0,0,0,0
11953,11:10:12:1:6:1,0,0,0,,,0,0,0,0,0
11954,11:10:12:2:9:2,0,0,0,,,0,0,0,0,0
11955,11:10:12:3:15:3,1,,4,0,0,1,0,0,0,0
11956,11:10:13:0:0:1,0,0,0,,,0,0,0,0,0
11957,11:10:13:1:6:1,0,0,0,,,0,0,0,0,0
11958,11:10:13:2:9:2,0,0,0,,,0,0,0,0,0
11959,11:10:13:3:15:3,1,,4,0,0,1,0,0,0,0
11960,11:10:14:0:0:1,0,0,0,,,0,0,0,0,0
11961,11:10:14:1:6:1,0,0,0,,,0,0,0,0,0
11962,11:10:14:2:9:2,0,0,0,,,0,0,0,0,0
11963,11:10:14:3:15:3,1,,4,0,0,1,0,0,0,0
11964,11:10:15:0:0:1,0,0,0,,,0,0,0,0,0
11965,11:10:15:1:6:1,0,0,0,,,0,0,0,0,0
11966,11:10:15:2:9:2,0,0,0,,,0,0,0,0,0
11967,11:10:15:3:15:3,1,,4,0,0,1,0,0,0,0
11968,11:11:0:0:0:1,1,,4,0,0,1,0,0,0,0
11969,11:11:0:1:6:1,1,,4,0,0,1,0,0,0,0
11970,11:11:0:2:9:2,1,,4,0,0,1,0,0,0,0
11971,11:11:0:3:15:3,1,,4,0,0,1,0,0,0,0
11972,11:11:1:0:0:1,1,,4,0,0,1,0,0,0,0
11973,11:11:1:1:6:1,1,,4,0,0,1,0,0,0,0
11974,11:11:1:2:9:2,1,,4,0,0,1,0,0,0,0
11975,11:11:1:3:15:3,1,,4,0,0,1,0,0,0,0
11976,11:11:2:0:0:1,1,,4,0,0,1,0,0,0,0
11977,11:11:2:1:6:1,1,,4,0,0,1,0,0,0,0
11978,11:11:2:2:9:2,1,,4,0,0,1,0,0,0,0
11979,11:11:2:3:15:3,1,,4,0,0,1,0,0,0,0
11980,11:11:3:0:0:1,1,,4,0,0,1,0,0,0,0
11981,11:11:3:1:6:1,1,,4,0,0,1,0,0,0,0
11982,11:11:3:2:9:2,1,,4,0,0,1,0,0,0,0
11983,11:11:3:3:15:3,1,,4,0,0,1,0,0,0,0
11984,11:11:4:0:0:1,0,0,0,,,0,0,0,0,0
11985,11:11:4:1:6:1,0,0,0,,,0,0,0,0,0
11986,11:11:4:2:9:2,0,0,0,,,0,0,0,0,0
11987,11:11:4:3:15:3,1,,4,0,0,1,0,0,0,0
11988,11:11:5:0:0:1,0,0,0,,,0,0,0,0,0
11989,11:11:5:1:6:1,0,0,0,,,0,0,0,0,0
11990,11:11:5:2:9:2,0,0,0,,,0,0,0,0,0
11991,11:11:5:3:15:3,1,,4,0,0,1,0,0,0,0
11992,11:11:6:0:0:1,0,0,0,,,0,0,0,0,0
11993,11:11:6:1:6:1,0,0,0,,,0,0,0,0,0
11994,11:11:6:2:9:2,0,0,0,,,0,0,0,0,0
11995,11:11:6:3:15:3,1,,4,0,0,1,0,0,0,0
11996,11:11:7:0:0:1,0,0,0,,,0,0,0,0,0
11997,11:11:7:1:6:1,0,0,0,,,0,0,0,0,0
11998,11:11:7:2:9:2,0,0,0,,,0,0,0,0,0
11999,11:11:7:3:15:3,1,,4,0,0,1,0,0,0,0
12000,11:11:8:0:0:1,0,0,0,,,0,0,0,0,0
12001,11:11:8:1:6:1,0,0,0,,,0,0,0,0,0
12002,11:11:8:2:9:2,0,0,0,,,0,0,0,0,0
12003,11:11:8:3:15:3,1,,4,0,0,1,0,0,0,0
12004,11:11:9:0:0:1,0,0,0,,,0,0,0,0,0
12005,11:11:9:1:6:1,0,0,0,,,0,0,0,0,0
12006,11:11:9:2:9:2,0,0,0,,,0,0,0,0,0
12007,11:11:9:3:15:3,1,,4,0,0,1,0,0,0,0
12008,11:11:10:0:0:1,0,0,0,,,0,0,0,0,0
12009,11:11:10:1:6:1,0,0,0,,,0,0,0,0,0
12010,11:11:10:2:9:2,0,0,0,,,0,0,0,0,0
12011,11:11:10:3:15:3,1,,4,0,0,1,0,0,0,0
12012,11:11:11:0:0:1,1,3,3,1,1,3,0,0,0,0
12013,11:11:11:1:6:1,1,3,3,1,1,3,0,0,0,0
12014,11:11:11:2:9:2,1,3,3,1,1,3,0,0,0,0
12015,11:11:11:3:15:3,1,,4,0,0,1,0,0,0,0
12016,11:11:12:0:0:1,0,0,0,,,0,0,0,0,0
12017,11:11:12:1:6:1,0,0,0,,,0,0,0,0,0
12018,11:11:12:2:9:2,0,0,0,,,0,0,0,0,0
12019,11:11:12:3:15:3,1,,4,0,0,1,0,0,0,0
12020,11:11:13:0:0:1,0,0,0,,,0,0,0,0,0
12021,11:11:13:1:6:1,0,0,0,,,0,0,0,0,0
12022,11:11:13:2:9:2,0,0,0,,,0,0,0,0,0
12023,11:11:13:3:15:3,1,,4,0,0,1,0,0,0,0
12024,11:11:14:0:0:1,0,0,0,,,0,0,0,0,0
12025,11:11:14:1:6:1,0,0,0,,,0,0,0,0,0
12026,11:11:14:2:9:2,0,0,0,,,0,0,0,0,0
12027,11:11:14:3:15:3,1,,4,0,0,1,0,0,0,0
12028,11:11:15:0:0:1,0,0,0,,,0,0,0,0,0
12029,11:11:15:1:6:1,0,0,0,,,0,0,0,0,0
12030,11:11:15:2:9:2,0,0,0,,,0,0,0,0,0
12031,11:11:15:3:15:3,1,,4,0,0,1,0,0,0,0
12032,11:12:0:0:0:1,1,,4,0,0,1,0,0,0,0
12033,11:12:0:1:6:1,1,,4,0,0,1,0,0,0,0
12034,11:12:0:2:9:2,1,,4,0,0,1,0,0,0,0
12035,11:12:0:3:15:3,1,,4,0,0,1,0,0,0,0
12036,11:12:1:0:0:1,1,,4,0,0,1,0,0,0,0
12037,11:12:1:1:6:1,1,,4,0,0,1,0,0,0,0
12038,11:12:1:2:9:2,1,,4,0,0,1,0,0,0,0
12039,11:12:1:3:15:3,1,,4,0,0,1,0,0,0,0
12040,11:12:2:0:0:1,1,,4,0,0,1,0,0,0,0
12041,11:12:2:1:6:1,1,,4,0,0,1,0,0,0,0
12042,11:12:2:2:9:2,1,,4,0,0,1,0,0,0,0
12043,11:12:2:3:15:3,1,,4,0,0,1,0,0,0,0
12044,11:12:3:0:0:1,1,,4,0,0,1,0,0,0,0
12045,11:12:3:1:6:1,1,,4,0,0,1,0,0,0,0
12046,11:12:3:2:9:2,1,,4,0,0,1,0,0,0,0
12047,11:12:3:3:15:3,1,,4,0,0,1,0,0,0,0
12048,11:12:4:0:0:1,0,0,0,,,0,0,0,0,0
12049,11:12:4:1:6:1,0,0,0,,,0,0,0,0,0
12050,11:12:4:2:9:2,0,0,0,,,0,0,0,0,0
12051,11:12:4:3:15:3,1,,4,0,0,1,0,0,0,0
12052,11:12:5:0:0:1,0,0,0,,,0,0,0,0,0
12053,11:12:5:1:6:1,0,0,0,,,0,0,0,0,0
12054,11:12:5:2:9:2,0,0,0,,,0,0,0,0,0
12055,11:12:5:3:15:3,1,,4,0,0,1,0,0,0,0
12056,11:12:6:0:0:1,0,0,0,,,0,0,0,0,0
12057,11:12:6:1:6:1,0,0,0,,,0,0,0,0,0
12058,11:12:6:2:9:2,0,0,0,,,0,0,0,0,0
12059,11:12:6:3:15:3,1,,4,0,0,1,0,0,0,0
12060,11:12:7:0:0:1,0,0,0,,,0,0,0,0,0
12061,11:12:7:1:6:1,0,0,0,,,0,0,0,0,0
12062,11:12:7:2:9:2,0,0,0,,,0,0,0,0,0
12063,11:12:7:3:15:3,1,,4,0,0,1,0,0,0,0
12064,11:12:8:0:0:1,0,0,0,,,0,0,0,0,0
12065,11:12:8:1:6:1,0,0,0,,,0,0,0,0,0
12066,11:12:8:2:9:2,0,0,0,,,0,0,0,0,0
12067,11:12:8:3:15:3,1,,4,0,0,1,0,0,0,0
12068,11:12:9:0:0:1,0,0,0,,,0,0,0,0,0
12069,11:12:9:1:6:1,0,0,0,,,0,0,0,0,0
12070,11:12:9:2:9:2,0,0,0,,,0,0,0,0,0
12071,11:12:9:3:15:3,1,,4,0,0,1,0,0,0,0
12072,11:12:10:0:0:1,0,0,0,,,0,0,0,0,0
12073,11:12:10:1:6:1,0,0,0,,,0,0,0,0,0
12074,11:12:10:2:9:2,0,0,0,,,0,0,0,0,0
12075,11:12:10:3:15:3,1,,4,0,0,1,0,0,0,0
12076,11:12:11:0:0:1,1,1,2,1,1,2,0,0,0,0
12077,11:12:11:1:6:1,1,1,2,1,1,2,0,0,0,0
12078,11:12:11:2:9:2,1,1,2,1,1,2,0,0,0,0
12079,11:12:11:3:15:3,1,,4,0,0,1,0,0,0,0
12080,11:12:12:0:0:1,1,2,2,2,2,2,0,0,0,0
12081,11:12:12:1:6:1,1,2,2,2,2,2,0,0,0,0
12082,11:12:12:2:9:2,1,2,2,2,2,2,0,0,0,0
12083,11:12:12:3:15:3,1,,4,0,0,1,0,0,0,0
12084,11:12:13:0:0:1,0,0,0,,,0,0,0,0,0
12085,11:12:13:1:6:1,0,0,0,,,0,0,0,0,0
12086,11:12:13:2:9:2,0,0,0,,,0,0,0,0,0
12087,11:12:13:3:15:3,1,,4,0,0,1,0,0,0,0
12088,11:12:14:0:0:1,0,0,0,,,0,0,0,0,0
12089,11:12:14:1:6:1,0,0,0,,,0,0,0,0,0
12090,11:12:14:2:9:2,0,0,0,,,0,0,0,0,0
12091,11:12:14:3:15:3,1,,4,0,0,1,0,0,0,0
12092,11:12:15:0:0:1,0,0,0,,,0,0,0,0,0
12093,11:12:15:1:6:1,0,0,0,,,0,0,0,0,0
12094,11:12:15:2:9:2,0,0,0,,,0,0,0,0,0
12095,11:12:15:3:15:3,1,,4,0,0,1,0,0,0,0
12096,11:13:0:0:0:1,1,,4,0,0,1,0,0,0,0
12097,11:13:0:1:6:1,1,,4,0,0,1,0,0,0,0
12098,11:13:0:2:9:2,1,,4,0,0,1,0,0,0,0
12099,11:13:0:3:15:3,1,,4,0,0,1,0,0,0,0
12100,11:13:1:0:0:1,1,,4,0,0,1,0,0,0,0
12101,11:13:1:1:6:1,1,,4,0,0,1,0,0,0,0
12102,11:13:1:2:9:2,1,,4,0,0,1,0,0,0,0
12103,11:13:1:3:15:3,1,,4,0,0,1,0,0,0,0
12104,11:13:2:0:0:1,1,,4,0,0,1,0,0,0,0
12105,11:13:2:1:6:1,1,,4,0,0,1,0,0,0,0
12106,11:13:2:2:9:2,1,,4,0,0,1,0,0,0,0
12107,11:13:2:3:15:3,1,,4,0,0,1,0,0,0,0
12108,11:13:3:0:0:1,1,,4,0,0,1,0,0,0,0
12109,11:13:3:1:6:1,1,,4,0,0,1,0,0,0,0
12110,11:13:3:2:9:2,1,,4,0,0,1,0,0,0,0
12111,11:13:3:3:15:3,1,,4,0,0,1,0,0,0,0
12112,11:13:4:0:0:1,0,0,0,,,0,0,0,0,0
12113,11:13:4:1:6:1,0,0,0,,,0,0,0,0,0
12114,11:13:4:2:9:2,0,0,0,,,0,0,0,0,0
12115,11:13:4:3:15:3,1,,4,0,0,1,0,0,0,0
12116,11:13:5:0:0:1,0,0,0,,,0,0,0,0,0
12117,11:13:5:1:6:1,0,0,0,,,0,0,0,0,0
12118,11:13:5:2:9:2,0,0,0,,,0,0,0,0,0
12119,11:13:5:3:15:3,1,,4,0,0,1,0,0,0,0
12120,11:13:6:0:0:1,0,0,0,,,0,0,0,0,0
12121,11:13:6:1:6:1,0,0,0,,,0,0,0,0,0
12122,11:13:6:2:9:2,0,0,0,,,0,0,0,0,0
12123,11:13:6:3:15:3,1,,4,0,0,1,0,0,0,0
12124,11:13:7:0:0:1,0,0,0,,,0,0,0,0,0
12125,11:13:7:1:6:1,0,0,0,,,0,0,0,0,0
12126,11:13:7:2:9:2,0,0,0,,,0,0,0,0,0
12127,11:13:7:3:15:3,1,,4,0,0,1,0,0,0,0
12128,11:13:8:0:0:1,0,0,0,,,0,0,0,0,0
12129,11:13:8:1:6:1,0,0,0,,,0,0,0,0,0
12130,11:13:8:2:9:2,0,0,0,,,0,0,0,0,0
12131,11:13:8:3:15:3,1,,4,0,0,1,0,0,0,0
12132,11:13:9:0:0:1,0,0,0,,,0,0,0,0,0
12133,11:13:9:1:6:1,0,0,0,,,0,0,0,0,0
12134,11:13:9:2:9:2,0,0,0,,,0,0,0,0,0
12135,11:13:9:3:15:3,1,,4,0,0,1,0,0,0,0
12136,11:13:10:0:0:1,0,0,0,,,0,0,0,0,0
12137,11:13:10:1:6:1,0,0,0,,,0,0,0,0,0
12138,11:13:10:2:9:2,0,0,0,,,0,0,0,0,0
12139,11:13:10:3:15:3,1,,4,0,0,1,0,0,0,0
12140,11:13:11:0:0:1,1,1,2,1,1,2,0,0,0,0
12141,11:13:11:1:6:1,1,1,2,1,1,2,0,0,0,0
12142,11:13:11:2:9:2,1,1,2,1,1,2,0,0,0,0
12143,11:13:11:3:15:3,1,,4,0,0,1,0,0,0,0
12144,11:13:12:0:0:1,0,0,0,,,0,0,0,0,0
12145,11:13:12:1:6:1,0,0,0,,,0,0,0,0,0
12146,11:13:12:2:9:2,0,0,0,,,0,0,0,0,0
12147,11:13:12:3:15:3,1,,4,0,0,1,0,0,0,0
12148,11:13:13:0:0:1,1,2,2,2,2,2,0,0,0,0
12149,11:13:13:1:6:1,1,2,2,2,2,2,0,0,0,0
12150,11:13:13:2:9:2,1,2,2,2,2,2,0,0,0,0
12151,11:13:13:3:15:3,1,,4,0,0,1,0,0,0,0
12152,11:13:14:0:0:1,0,0,0,,,0,0,0,0,0
12153,11:13:14:1:6:1,0,0,0,,,0,0,0,0,0
12154,11:13:14:2:9:2,0,0,0,,,0,0,0,0,0
12155,11:13:14:3:15:3,1,,4,0,0,1,0,0,0,0
12156,11:13:15:0:0:1,1,1;2,1,3,3,3,0,0,0,0
12157,11:13:15:1:6:1,1,1;2,1,3,3,3,0,0,0,0
12158,11:13:15:2:9:2,1,1;2,1,3,3,3,0,0,0,0
12159,11:13:15:3:15:3,1,,4,0,0,1,0,0,0,0
12160,11:14:0:0:0:1,1,,4,0,0,1,0,0,0,0
12161,11:14:0:1:6:1,1,,4,0,0,1,0,0,0,0
12162,11:14:0:2:9:2,1,,4,0,0,1,0,0,0,0
12163,11:14:0:3:15:3,1,,4,0,0,1,0,0,0,0
12164,11:14:1:0:0:1,1,,4,0,0,1,0,0,0,0
12165,11:14:1:1:6:1,1,,4,0,0,1,0,0,0,0
12166,11:14:1:2:9:2,1,,4,0,0,1,0,0,0,0
12167,11:14:1:3:15:3,1,,4,0,0,1,0,0,0,0
12168,11:14:2:0:0:1,1,,4,0,0,1,0,0,0,0
12169,11:14:2:1:6:1,1,,4,0,0,1,0,0,0,0
12170,11:14:2:2:9:2,1,,4,0,0,1,0,0,0,0
12171,11:14:2:3:15:3,1,,4,0,0,1,0,0,0,0
12172,11:14:3:0:0:1,1,,4,0,0,1,0,0,0,0
12173,11:14:3:1:6:1,1,,4,0,0,1,0,0,0,0
12174,11:14:3:2:9:2,1,,4,0,0,1,0,0,0,0
12175,11:14:3:3:15:3,1,,4,0,0,1,0,0,0,0
12176,11:14:4:0:0:1,1,1;2,1,3,3,3,0,0,0,0
12177,11:14:4:1:6:1,1,1;2,1,3,3,3,0,0,0,0
12178,11:14:4:2:9:2,1,1;2,1,3,3,3,0,0,0,0
12179,11:14:4:3:15:3,1,,4,0,0,1,0,0,0,0
12180,11:14:5:0:0:1,0,0,0,,,0,0,0,0,0
12181,11:14:5:1:6:1,0,0,0,,,0,0,0,0,0
12182,11:14:5:2:9:2,0,0,0,,,0,0,0,0,0
12183,11:14:5:3:15:3,1,,4,0,0,1,0,0,0,0
12184,11:14:6:0:0:1,0,0,0,,,0,0,0,0,0
12185,11:14:6:1:6:1,0,0,0,,,0,0,0,0,0
12186,11:14:6:2:9:2,0,0,0,,,0,0,0,0,0
12187,11:14:6:3:15:3,1,,4,0,0,1,0,0,0,0
12188,11:14:7:0:0:1,0,0,0,,,0,0,0,0,0
12189,11:14:7:1:6:1,0,0,0,,,0,0,0,0,0
12190,11:14:7:2:9:2,0,0,0,,,0,0,0,0,0
12191,11:14:7:3:15:3,1,,4,0,0,1,0,0,0,0
12192,11:14:8:0:0:1,0,0,0,,,0,0,0,0,0
12193,11:14:8:1:6:1,0,0,0,,,0,0,0,0,0
12194,11:14:8:2:9:2,0,0,0,,,0,0,0,0,0
12195,11:14:8:3:15:3,1,,4,0,0,1,0,0,0,0
12196,11:14:9:0:0:1,0,0,0,,,0,0,0,0,0
12197,11:14:9:1:6:1,0,0,0,,,0,0,0,0,0
12198,11:14:9:2:9:2,0,0,0,,,0,0,0,0,0
12199,11:14:9:3:15:3,1,,4,0,0,1,0,0,0,0
12200,11:14:10:0:0:1,0,0,0,,,0,0,0,0,0
12201,11:14:10:1:6:1,0,0,0,,,0,0,0,0,0
12202,11:14:10:2:9:2,0,0,0,,,0,0,0,0,0
12203,11:14:10:3:15:3,1,,4,0,0,1,0,0,0,0
12204,11:14:11:0:0:1,1,1,2,1,1,2,0,0,0,0
12205,11:14:11:1:6:1,1,1,2,1,1,2,0,0,0,0
12206,11:14:11:2:9:2,1,1,2,1,1,2,0,0,0,0
12207,11:14:11:3:15:3,1,,4,0,0,1,0,0,0,0
12208,11:14:12:0:0:1,0,0,0,,,0,0,0,0,0
12209,11:14:12:1:6:1,0,0,0,,,0,0,0,0,0
12210,11:14:12:2:9:2,0,0,0,,,0,0,0,0,0
12211,11:14:12:3:15:3,1,,4,0,0,1,0,0,0,0
12212,11:14:13:0:0:1,0,0,0,,,0,0,0,0,0
12213,11:14:13:1:6:1,0,0,0,,,0,0,0,0,0
12214,11:14:13:2:9:2,0,0,0,,,0,0,0,0,0
12215,11:14:13:3:15:3,1,,4,0,0,1,0,0,0,0
12216,11:14:14:0:0:1,1,2,2,2,2,2,0,0,0,0
12217,11:14:14:1:6:1,1,2,2,2,2,2,0,0,0,0
12218,11:14:14:2:9:2,1,2,2,2,2,2,0,0,0,0
12219,11:14:14:3:15:3,1,,4,0,0,1,0,0,0,0
12220,11:14:15:0:0:1,0,0,0,,,0,0,0,0,0
12221,11:14:15:1:6:1,0,0,0,,,0,0,0,0,0
12222,11:14:15:2:9:2,0,0,0,,,0,0,0,0,0
12223,11:14:15:3:15:3,1,,4,0,0,1,0,0,0,0
12224,11:15:0:0:0:1,1,,4,0,0,1,0,0,0,0
12225,11:15:0:1:6:1,1,,4,0,0,1,0,0,0,0
12226,11:15:0:2:9:2,1,,4,0,0,1,0,0,0,0
12227,11:15:0:3:15:3,1,,4,0,0,1,0,0,0,0
12228,11:15:1:0:0:1,1,,4,0,0,1,0,0,0,0
12229,11:15:1:1:6:1,1,,4,0,0,1,0,0,0,0
12230,11:15:1:2:9:2,1,,4,0,0,1,0,0,0,0
12231,11:15:1:3:15:3,1,,4,0,0,1,0,0,0,0
12232,11:15:2:0:0:1,1,,4,0,0,1,0,0,0,0
12233,11:15:2:1:6:1,1,,4,0,0,1,0,0,0,0
12234,11:15:2:2:9:2,1,,4,0,0,1,0,0,0,0
12235,11:15:2:3:15:3,1,,4,0,0,1,0,0,0,0
12236,11:15:3:0:0:1,1,,4,0,0,1,0,0,0,0
12237,11:15:3:1:6:1,1,,4,0,0,1,0,0,0,0
12238,11:15:3:2:9:2,1,,4,0,0,1,0,0,0,0
12239,11:15:3:3:15:3,1,,4,0,0,1,0,0,0,0
12240,11:15:4:0:0:1,0,0,0,,,0,0,0,0,0
12241,11:15:4:1:6:1,0,0,0,,,0,0,0,0,0
12242,11:15:4:2:9:2,0,0,0,,,0,0,0,0,0
12243,11:15:4:3:15:3,1,,4,0,0,1,0,0,0,0
12244,11:15:5:0:0:1,0,0,0,,,0,0,0,0,0
12245,11:15:5:1:6:1,0,0,0,,,0,0,0,0,0
12246,11:15:5:2:9:2,0,0,0,,,0,0,0,0,0
12247,11:15:5:3:15:3,1,,4,0,0,1,0,0,0,0
12248,11:15:6:0:0:1,0,0,0,,,0,0,0,0,0
12249,11:15:6:1:6:1,0,0,0,,,0,0,0,0,0
12250,11:15:6:2:9:2,0,0,0,,,0,0,0,0,0
12251,11:15:6:3:15:3,1,,4,0,0,1,0,0,0,0
12252,11:15:7:0:0:1,0,0,0,,,0,0,0,0,0
12253,11:15:7:1:6:1,0,0,0,,,0,0,0,0,0
12254,11:15:7:2:9:2,0,0,0,,,0,0,0,0,0
12255,11:15:7:3:15:3,1,,4,0,0,1,0,0,0,0
12256,11:15:8:0:0:1,0,0,0,,,0,0,0,0,0
12257,11:15:8:1:6:1,0,0,0,,,0,0,0,0,0
12258,11:15:8:2:9:2,0,0,0,,,0,0,0,0,0
12259,11:15:8:3:15:3,1,,4,0,0,1,0,0,0,0
12260,11:15:9:0:0:1,0,0,0,,,0,0,0,0,0
12261,11:15:9:1:6:1,0,0,0,,,0,0,0,0,0
12262,11:15:9:2:9:2,0,0,0,,,0,0,0,0,0
12263,11:15:9:3:15:3,1,,4,0,0,1,0,0,0,0
12264,11:15:10:0:0:1,0,0,0,,,0,0,0,0,0
12265,11:15:10:1:6:1,0,0,0,,,0,0,0,0,0
12266,11:15:10:2:9:2,0,0,0,,,0,0,0,0,0
12267,11:15:10:3:15:3,1,,4,0,0,1,0,0,0,0
12268,11:15:11:0:0:1,1,1,2,1,1,2,0,0,0,0
12269,11:15:11:1:6:1,1,1,2,1,1,2,0,0,0,0
12270,11:15:11:2:9:2,1,1,2,1,1,2,0,0,0,0
12271,11:15:11:3:15:3,1,,4,0,0,1,0,0,0,0
12272,11:15:12:0:0:1,0,0,0,,,0,0,0,0,0
12273,11:15:12:1:6:1,0,0,0,,,0,0,0,0,0
12274,11:15:12:2:9:2,0,0,0,,,0,0,0,0,0
12275,11:15:12:3:15:3,1,,4,0,0,1,0,0,0,0
12276,11:15:13:0:0:1,0,0,0,,,0,0,0,0,0
12277,11:15:13:1:6:1,0,0,0,,,0,0,0,0,0
12278,11:15:13:2:9:2,0,0,0,,,0,0,0,0,0
12279,11:15:13:3:15:3,1,,4,0,0,1,0,0,0,0
12280,11:15:14:0:0:1,0,0,0,,,0,0,0,0,0
12281,11:15:14:1:6:1,0,0,0,,,0,0,0,0,0
12282,11:15:14:2:9:2,0,0,0,,,0,0,0,0,0
12283,11:15:14:3:15:3,1,,4,0,0,1,0,0,0,0
12284,11:15:15:0:0:1,1,2,2,2,2,2,0,0,0,0
12285,11:15:15:1:6:1,1,2,2,2,2,2,0,0,0,0
12286,11:15:15:2:9:2,1,2,2,2,2,2,0,0,0,0
12287,11:15:15:3:15:3,1,,4,0,0,1,0,0,0,0
12288,12:0:0:0:0:1,1,,4,0,0,1,0,0,0,0
12289,12:0:0:1:6:1,1,,4,0,0,1,0,0,0,0
12290,12:0:0:2:9:2,1,,4,0,0,1,0,0,0,0
12291,12:0:0:3:15:3,1,,4,0,0,1,0,0,0,0
12292,12:0:1:0:0:1,1,,4,0,0,1,0,0,0,0
12293,12:0:1:1:6:1,1,,4,0,0,1,0,0,0,0
12294,12:0:1:2:9:2,1,,4,0,0,1,0,0,0,0
12295,12:0:1:3:15:3,1,,4,0,0,1,0,0,0,0
12296,12:0:2:0:0:1,1,,4,0,0,1,0,0,0,0
12297,12:0:2:1:6:1,1,,4,0,0,1,0,0,0,0
12298,12:0:2:2:9:2,1,,4,0,0,1,0,0,0,0
12299,12:0:2:3:15:3,1,,4,0,0,1,0,0,0,0
12300,12:0:3:0:0:1,1,,4,0,0,1,0,0,0,0
12301,12:0:3:1:6:1,1,,4,0,0,1,0,0,0,0
12302,12:0:3:2:9:2,1,,4,0,0,1,0,0,0,0
12303,12:0:3:3:15:3,1,,4,0,0,1,0,0,0,0
12304,12:0:4:0:0:1,0,0,0,,,0,0,0,0,0
12305,12:0:4:1:6:1,0,0,0,,,0,0,0,0,0
12306,12:0:4:2:9:2,0,0,0,,,0,0,0,0,0
12307,12:0:4:3:15:3,1,,4,0,0,1,0,0,0,0
12308,12:0:5:0:0:1,0,0,0,,,0,0,0,0,0
12309,12:0:5:1:6:1,0,0,0,,,0,0,0,0,0
12310,12:0:5:2:9:2,0,0,0,,,0,0,0,0,0
12311,12:0:5:3:15:3,1,,4,0,0,1,0,0,0,0
12312,12:0:6:0:0:1,0,0,0,,,0,0,0,0,0
12313,12:0:6:1:6:1,0,0,0,,,0,0,0,0,0
12314,12:0:6:2:9:2,0,0,0,,,0,0,0,0,0
12315,12:0:6:3:15:3,1,,4,0,0,1,0,0,0,0
12316,12:0:7:0:0:1,0,0,0,,,0,0,0,0,0
12317,12:0:7:1:6:1,0,0,0,,,0,0,0,0,0
12318,12:0:7:2:9:2,0,0,0,,,0,0,0,0,0
12319,12:0:7:3:15:3,1,,4,0,0,1,0,0,0,0
12320,12:0:8:0:0:1,0,0,0,,,0,0,0,0,0
12321,12:0:8:1:6:1,0,0,0,,,0,0,0,0,0
12322,12:0:8:2:9:2,0,0,0,,,0,0,0,0,0
12323,12:0:8:3:15:3,1,,4,0,0,1,0,0,0,0
12324,12:0:9:0:0:1,0,0,0,,,0,0,0,0,0
12325,12:0:9:1:6:1,0,0,0,,,0,0,0,0,0
12326,12:0:9:2:9:2,0,0,0,,,0,0,0,0,0
12327,12:0:9:3:15:3,1,,4,0,0,1,0,0,0,0
12328,12:0:10:0:0:1,0,0,0,,,0,0,0,0,0
12329,12:0:10:1:6:1,0,0,0,,,0,0,0,0,0
12330,12:0:10:2:9:2,0,0,0,,,0,0,0,0,0
12331,12:0:10:3:15:3,1,,4,0,0,1,0,0,0,0
12332,12:0:11:0:0:1,0,0,0,,,0,0,0,0,0
12333,12:0:11:1:6:1,0,0,0,,,0,0,0,0,0
12334,12:0:11:2:9:2,0,0,0,,,0,0,0,0,0
12335,12:0:11:3:15:3,1,,4,0,0,1,0,0,0,0
12336,12:0:12:0:0:1,1,1,2,1,1,2,0,0,0,0
12337,12:0:12:1:6:1,1,1,2,1,1,2,0,0,0,0
12338,12:0:12:2:9:2,1,1,2,1,1,2,0,0,0,0
12339,12:0:12:3:15:3,1,,4,0,0,1,0,0,0,0
12340,12:0:13:0:0:1,0,0,0,,,0,0,0,0,0
12341,12:0:13:1:6:1,0,0,0,,,0,0,0,0,0
12342,12:0:13:2:9:2,0,0,0,,,0,0,0,0,0
12343,12:0:13:3:15:3,1,,4,0,0,1,0,0,0,0
12344,12:0:14:0:0:1,0,0,0,,,0,0,0,0,0
12345,12:0:14:1:6:1,0,0,0,,,0,0,0,0,0
12346,12:0:14:2:9:2,0,0,0,,,0,0,0,0,0
12347,12:0:14:3:15:3,1,,4,0,0,1,0,0,0,0
12348,12:0:15:0:0:1,0,0,0,,,0,0,0,0,0
12349,12:0:15:1:6:1,0,0,0,,,0,0,0,0,0
12350,12:0:15:2:9:2,0,0,0,,,0,0,0,0,0
12351,12:0:15:3:15:3,1,,4,0,0,1,0,0,0,0
12352,12:1:0:0:0:1,1,,4,0,0,1,0,0,0,0
12353,12:1:0:1:6:1,1,,4,0,0,1,0,0,0,0
12354,12:1:0:2:9:2,1,,4,0,0,1,0,0,0,0
12355,12:1:0:3:15:3,1,,4,0,0,1,0,0,0,0
12356,12:1:1:0:0:1,1,,4,0,0,1,0,0,0,0
12357,12:1:1:1:6:1,1,,4,0,0,1,0,0,0,0
12358,12:1:1:2:9:2,1,,4,0,0,1,0,0,0,0
12359,12:1:1:3:15:3,1,,4,0,0,1,0,0,0,0
12360,12:1:2:0:0:1,1,,4,0,0,1,0,0,0,0
12361,12:1:2:1:6:1,1,,4,0,0,1,0,0,0,0
12362,12:1:2:2:9:2,1,,4,0,0,1,0,0,0,0
12363,12:1:2:3:15:3,1,,4,0,0,1,0,0,0,0
12364,12:1:3:0:0:1,1,,4,0,0,1,0,0,0,0
12365,12:1:3:1:6:1,1,,4,0,0,1,0,0,0,0
12366,12:1:3:2:9:2,1,,4,0,0,1,0,0,0,0
12367,12:1:3:3:15:3,1,,4,0,0,1,0,0,0,0
12368,12:1:4:0:0:1,0,0,0,,,0,0,0,0,0
12369,12:1:4:1:6:1,0,0,0,,,0,0,0,0,0
12370,12:1:4:2:9:2,0,0,0,,,0,0,0,0,0
12371,12:1:4:3:15:3,1,,4,0,0,1,0,0,0,0
12372,12:1:5:0:0:1,0,0,0,,,0,0,0,0,0
12373,12:1:5:1:6:1,0,0,0,,,0,0,0,0,0
12374,12:1:5:2:9:2,0,0,0,,,0,0,0,0,0
12375,12:1:5:3:15:3,1,,4,0,0,1,0,0,0,0
12376,12:1:6:0:0:1,0,0,0,,,0,0,0,0,0
12377,12:1:6:1:6:1,0,0,0,,,0,0,0,0,0
12378,12:1:6:2:9:2,0,0,0,,,0,0,0,0,0
12379,12:1:6:3:15:3,1,,4,0,0,1,0,0,0,0
12380,12:1:7:0:0:1,0,0,0,,,0,0,0,0,0
12381,12:1:7:1:6:1,0,0,0,,,0,0,0,0,0
12382,12:1:7:2:9:2,0,0,0,,,0,0,0,0,0
12383,12:1:7:3:15:3,1,,4,0,0,1,0,0,0,0
12384,12:1:8:0:0:1,0,0,0,,,0,0,0,0,0
12385,12:1:8:1:6:1,0,0,0,,,0,0,0,0,0
12386,12:1:8:2:9:2,0,0,0,,,0,0,0,0,0
12387,12:1:8:3:15:3,1,,4,0,0,1,0,0,0,0
12388,12:1:9:0:0:1,0,0,0,,,0,0,0,0,0
12389,12:1:9:1:6:1,0,0,0,,,0,0,0,0,0
12390,12:1:9:2:9:2,0,0,0,,,0,0,0,0,0
12391,12:1:9:3:15:3,1,,4,0,0,1,0,0,0,0
12392,12:1:10:0:0:1,0,0,0,,,0,0,0,0,0
12393,12:1:10:1:6:1,0,0,0,,,0,0,0,0,0
12394,12:1:10:2:9:2,0,0,0,,,0,0,0,0,0
12395,12:1:10:3:15:3,1,,4,0,0,1,0,0,0,0
12396,12:1:11:0:0:1,0,0,0,,,0,0,0,0,0
12397,12:1:11:1:6:1,0,0,0,,,0,0,0,0,0
12398,12:1:11:2:9:2,0,0,0,,,0,0,0,0,0
12399,12:1:11:3:15:3,1,,4,0,0,1,0,0,0,0
12400,12:1:12:0:0:1,1,1,2,1,1,2,0,0,0,0
12401,12:1:12:1:6:1,1,1,2,1,1,2,0,0,0,0
12402,12:1:12:2:9:2,1,1,2,1,1,2,0,0,0,0
12403,12:1:12:3:15:3,1,,4,0,0,1,0,0,0,0
12404,12:1:13:0:0:1,0,0,0,,,0,0,0,0,0
12405,12:1:13:1:6:1,0,0,0,,,0,0,0,0,0
12406,12:1:13:2:9:2,0,0,0,,,0,0,0,0,0
12407,12:1:13:3:15:3,1,,4,0,0,1,0,0,0,0
12408,12:1:14:0:0:1,0,0,0,,,0,0,0,0,0
12409,12:1:14:1:6:1,0,0,0,,,0,0,0,0,0
12410,12:1:14:2:9:2,0,0,0,,,0,0,0,0,0
12411,12:1:14:3:15:3,1,,4,0,0,1,0,0,0,0
12412,12:1:15:0:0:1,0,0,0,,,0,0,0,0,0
12413,12:1:15:1:6:1,0,0,0,,,0,0,0,0,0
12414,12:1:15:2:9:2,0,0,0,,,0,0,0,0,0
12415,12:1:15:3:15:3,1,,4,0,0,1,0,0,0,0
12416,12:2:0:0:0:1,1,,4,0,0,1,0,0,0,0
12417,12:2:0:1:6:1,1,,4,0,0,1,0,0,0,0
12418,12:2:0:2:9:2,1,,4,0,0,1,0,0,0,0
12419,12:2:0:3:15:3,1,,4,0,0,1,0,0,0,0
12420,12:2:1:0:0:1,1,,4,0,0,1,0,0,0,0
12421,12:2:1:1:6:1,1,,4,0,0,1,0,0,0,0
12422,12:2:1:2:9:2,1,,4,0,0,1,0,0,0,0
12423,12:2:1:3:15:3,1,,4,0,0,1,0,0,0,0
12424,12:2:2:0:0:1,1,,4,0,0,1,0,0,0,0
12425,12:2:2:1:6:1,1,,4,0,0,1,0,0,0,0
12426,12:2:2:2:9:2,1,,4,0,0,1,0,0,0,0
12427,12:2:2:3:15:3,1,,4,0,0,1,0,0,0,0
12428,12:2:3:0:0:1,1,,4,0,0,1,0,0,0,0
12429,12:2:3:1:6:1,1,,4,0,0,1,0,0,0,0
12430,12:2:3:2:9:2,1,,4,0,0,1,0,0,0,0
12431,12:2:3:3:15:3,1,,4,0,0,1,0,0,0,0
12432,12:2:4:0:0:1,0,0,0,,,0,0,0,0,0
12433,12:2:4:1:6:1,0,0,0,,,0,0,0,0,0
12434,12:2:4:2:9:2,0,0,0,,,0,0,0,0,0
12435,12:2:4:3:15:3,1,,4,0,0,1,0,0,0,0
12436,12:2:5:0:0:1,0,0,0,,,0,0,0,0,0
12437,12:2:5:1:6:1,0,0,0,,,0,0,0,0,0
12438,12:2:5:2:9:2,0,0,0,,,0,0,0,0,0
12439,12:2:5:3:15:3,1,,4,0,0,1,0,0,0,0
12440,12:2:6:0:0:1,0,0,0,,,0,0,0,0,0
12441,12:2:6:1:6:1,0,0,0,,,0,0,0,0,0
12442,12:2:6:2:9:2,0,0,0,,,0,0,0,0,0
12443,12:2:6:3:15:3,1,,4,0,0,1,0,0,0,0
12444,12:2:7:0:0:1,0,0,0,,,0,0,0,0,0
12445,12:2:7:1:6:1,0,0,0,,,0,0,0,0,0
12446,12:2:7:2:9:2,0,0,0,,,0,0,0,0,0
12447,12:2:7:3:15:3,1,,4,0,0,1,0,0,0,0
12448,12:2:8:0:0:1,0,0,0,,,0,0,0,0,0
12449,12:2:8:1:6:1,0,0,0,,,0,0,0,0,0
12450,12:2:8:2:9:2,0,0,0,,,0,0,0,0,0
12451,12:2:8:3:15:3,1,,4,0,0,1,0,0,0,0
12452,12:2:9:0:0:1,0,0,0,,,0,0,0,0,0
12453,12:2:9:1:6:1,0,0,0,,,0,0,0,0,0
12454,12:2:9:2:9:2,0,0,0,,,0,0,0,0,0
12455,12:2:9:3:15:3,1,,4,0,0,1,0,0,0,0
12456,12:2:10:0:0:1,0,0,0,,,0,0,0,0,0
12457,12:2:10:1:6:1,0,0,0,,,0,0,0,0,0
12458,12:2:10:2:9:2,0,0,0,,,0,0,0,0,0
12459,12:2:10:3:15:3,1,,4,0,0,1,0,0,0,0
12460,12:2:11:0:0:1,0,0,0,,,0,0,0,0,0
12461,12:2:11:1:6:1,0,0,0,,,0,0,0,0,0
12462,12:2:11:2:9:2,0,0,0,,,0,0,0,0,0
12463,12:2:11:3:15:3,1,,4,0,0,1,0,0,0,0
12464,12:2:12:0:0:1,1,1,2,1,1,2,0,0,0,0
12465,12:2:12:1:6:1,1,1,2,1,1,2,0,0,0,0
12466,12:2:12:2:9:2,1,1,2,1,1,2,0,0,0,0
12467,12:2:12:3:15:3,1,,4,0,0,1,0,0,0,0
12468,12:2:13:0:0:1,0,0,0,,,0,0,0,0,0
12469,12:2:13:1:6:1,0,0,0,,,0,0,0,0,0
12470,12:2:13:2:9:2,0,0,0,,,0,0,0,0,0
12471,12:2:13:3:15:3,1,,4,0,0,1,0,0,0,0
12472,12:2:14:0:0:1,0,0,0,,,0,0,0,0,0
12473,12:2:14:1:6:1,0,0,0,,,0,0,0,0,0
12474,12:2:14:2:9:2,0,0,0,,,0,0,0,0,0
12475,12:2:14:3:15:3,1,,4,0,0,1,0,0,0,0
12476,12:2:15:0:0:1,0,0,0,,,0,0,0,0,0
12477,12:2:15:1:6:1,0,0,0,,,0,0,0,0,0
12478,12:2:15:2:9:2,0,0,0,,,0,0,0,0,0
12479,12:2:15:3:15:3,1,,4,0,0,1,0,0,0,0
12480,12:3:0:0:0:1,1,,4,0,0,1,0,0,0,0
12481,12:3:0:1:6:1,1,,4,0,0,1,0,0,0,0
12482,12:3:0:2:9:2,1,,4,0,0,1,0,0,0,0
12483,12:3:0:3:15:3,1,,4,0,0,1,0,0,0,0
12484,12:3:1:0:0:1,1,,4,0,0,1,0,0,0,0
12485,12:3:1:1:6:1,1,,4,0,0,1,0,0,0,0
12486,12:3:1:2:9:2,1,,4,0,0,1,0,0,0,0
12487,12:3:1:3:15:3,1,,4,0,0,1,0,0,0,0
12488,12:3:2:0:0:1,1,,4,0,0,1,0,0,0,0
12489,12:3:2:1:6:1,1,,4,0,0,1,0,0,0,0
12490,12:3:2:2:9:2,1,,4,0,0,1,0,0,0,0
12491,12:3:2:3:15:3,1,,4,0,0,1,0,0,0,0
12492,12:3:3:0:0:1,1,,4,0,0,1,0,0,0,0
12493,12:3:3:1:6:1,1,,4,0,0,1,0,0,0,0
12494,12:3:3:2:9:2,1,,4,0,0,1,0,0,0,0
12495,12:3:3:3:15:3,1,,4,0,0,1,0,0,0,0
12496,12:3:4:0:0:1,0,0,0,,,0,0,0,0,0
12497,12:3:4:1:6:1,0,0,0,,,0,0,0,0,0
12498,12:3:4:2:9:2,0,0,0,,,0,0,0,0,0
12499,12:3:4:3:15:3,1,,4,0,0,1,0,0,0,0
12500,12:3:5:0:0:1,0,0,0,,,0,0,0,0,0
12501,12:3:5:1:6:1,0,0,0,,,0,0,0,0,0
12502,12:3:5:2:9:2,0,0,0,,,0,0,0,0,0
12503,12:3:5:3:15:3,1,,4,0,0,1,0,0,0,0
12504,12:3:6:0:0:1,0,0,0,,,0,0,0,0,0
12505,12:3:6:1:6:1,0,0,0,,,0,0,0,0,0
12506,12:3:6:2:9:2,0,0,0,,,0,0,0,0,0
12507,12:3:6:3:15:3,1,,4,0,0,1,0,0,0,0
12508,12:3:7:0:0:1,0,0,0,,,0,0,0,0,0
12509,12:3:7:1:6:1,0,0,0,,,0,0,0,0,0
12510,12:3:7:2:9:2,0,0,0,,,0,0,0,0,0
12511,12:3:7:3:15:3,1,,4,0,0,1,0,0,0,0
12512,12:3:8:0:0:1,0,0,0,,,0,0,0,0,0
12513,12:3:8:1:6:1,0,0,0,,,0,0,0,0,0
12514,12:3:8:2:9:2,0,0,0,,,0,0,0,0,0
12515,12:3:8:3:15:3,1,,4,0,0,1,0,0,0,0
12516,12:3:9:0:0:1,0,0,0,,,0,0,0,0,0
12517,12:3:9:1:6:1,0,0,0,,,0,0,0,0,0
12518,12:3:9:2:9:2,0,0,0,,,0,0,0,0,0
12519,12:3:9:3:15:3,1,,4,0,0,1,0,0,0,0
12520,12:3:10:0:0:1,0,0,0,,,0,0,0,0,0
12521,12:3:10:1:6:1,0,0,0,,,0,0,0,0,0
12522,12:3:10:2:9:2,0,0,0,,,0,0,0,0,0
12523,12:3:10:3:15:3,1,,4,0,0,1,0,0,0,0
12524,12:3:11:0:0:1,0,0,0,,,0,0,0,0,0
12525,12:3:11:1:6:1,0,0,0,,,0,0,0,0,0
12526,12:3:11:2:9:2,0,0,0,,,0,0,0,0,0
12527,12:3:11:3:15:3,1,,4,0,0,1,0,0,0,0
12528,12:3:12:0:0:1,1,1,2,1,1,2,0,0,0,0
12529,12:3:12:1:6:1,1,1,2,1,1,2,0,0,0,0
12530,12:3:12:2:9:2,1,1,2,1,1,2,0,0,0,0
12531,12:3:12:3:15:3,1,,4,0,0,1,0,0,0,0
12532,12:3:13:0:0:1,0,0,0,,,0,0,0,0,0
12533,12:3:13:1:6:1,0,0,0,,,0,0,0,0,0
12534,12:3:13:2:9:2,0,0,0,,,0,0,0,0,0
12535,12:3:13:3:15:3,1,,4,0,0,1,0,0,0,0
12536,12:3:14:0:0:1,0,0,0,,,0,0,0,0,0
12537,12:3:14:1:6:1,0,0,0,,,0,0,0,0,0
12538,12:3:14:2:9:2,0,0,0,,,0,0,0,0,0
12539,12:3:14:3:15:3,1,,4,0,0,1,0,0,0,0
12540,12:3:15:0:0:1,0,0,0,,,0,0,0,0,0
12541,12:3:15:1:6:1,0,0,0,,,0,0,0,0,0
12542,12:3:15:2:9:2,0,0,0,,,0,0,0,0,0
12543,12:3:15:3:15:3,1,,4,0,0,1,0,0,0,0
12544,12:4:0:0:0:1,1,,4,0,0,1,0,0,0,0
12545,12:4:0:1:6:1,1,,4,0,0,1,0,0,0,0
12546,12:4:0:2:9:2,1,,4,0,0,1,0,0,0,0
12547,12:4:0:3:15:3,1,,4,0,0,1,0,0,0,0
12548,12:4:1:0:0:1,1,,4,0,0,1,0,0,0,0
12549,12:4:1:1:6:1,1,,4,0,0,1,0,0,0,0
12550,12:4:1:2:9:2,1,,4,0,0,1,0,0,0,0
12551,12:4:1:3:15:3,1,,4,0,0,1,0,0,0,0
12552,12:4:2:0:0:1,1,,4,0,0,1,0,0,0,0
12553,12:4:2:1:6:1,1,,4,0,0,1,0,0,0,0
12554,12:4:2:2:9:2,1,,4,0,0,1,0,0,0,0
12555,12:4:2:3:15:3,1,,4,0,0,1,0,0,0,0
12556,12:4:3:0:0:1,1,,4,0,0,1,0,0,0,0
12557,12:4:3:1:6:1,1,,4,0,0,1,0,0,0,0
12558,12:4:3:2:9:2,1,,4,0,0,1,0,0,0,0
12559,12:4:3:3:15:3,1,,4,0,0,1,0,0,0,0
12560,12:4:4:0:0:1,1,2,2,2,2,2,0,0,0,0
12561,12:4:4:1:6:1,1,2,2,2,2,2,0,0,0,0
12562,12:4:4:2:9:2,1,2,2,2,2,2,0,0,0,0
12563,12:4:4:3:15:3,1,,4,0,0,1,0,0,0,0
12564,12:4:5:0:0:1,0,0,0,,,0,0,0,0,0
12565,12:4:5:1:6:1,0,0,0,,,0,0,0,0,0
12566,12:4:5:2:9:2,0,0,0,,,0,0,0,0,0
12567,12:4:5:3:15:3,1,,4,0,0,1,0,0,0,0
12568,12:4:6:0:0:1,0,0,0,,,0,0,0,0,0
12569,12:4:6:1:6:1,0,0,0,,,0,0,0,0,0
12570,12:4:6:2:9:2,0,0,0,,,0,0,0,0,0
12571,12:4:6:3:15:3,1,,4,0,0,1,0,0,0,0
12572,12:4:7:0:0:1,0,0,0,,,0,0,0,0,0
12573,12:4:7:1:6:1,0,0,0,,,0,0,0,0,0
12574,12:4:7:2:9:2,0,0,0,,,0,0,0,0,0
12575,12:4:7:3:15:3,1,,4,0,0,1,0,0,0,0
12576,12:4:8:0:0:1,0,0,0,,,0,0,0,0,0
12577,12:4:8:1:6:1,0,0,0,,,0,0,0,0,0
12578,12:4:8:2:9:2,0,0,0,,,0,0,0,0,0
12579,12:4:8:3:15:3,1,,4,0,0,1,0,0,0,0
12580,12:4:9:0:0:1,0,0,0,,,0,0,0,0,0
12581,12:4:9:1:6:1,0,0,0,,,0,0,0,0,0
12582,12:4:9:2:9:2,0,0,0,,,0,0,0,0,0
12583,12:4:9:3:15:3,1,,4,0,0,1,0,0,0,0
12584,12:4:10:0:0:1,0,0,0,,,0,0,0,0,0
12585,12:4:10:1:6:1,0,0,0,,,0,0,0,0,0
12586,12:4:10:2:9:2,0,0,0,,,0,0,0,0,0
12587,12:4:10:3:15:3,1,,4,0,0,1,0,0,0,0
12588,12:4:11:0:0:1,0,0,0,,,0,0,0,0,0
12589,12:4:11:1:6:1,0,0,0,,,0,0,0,0,0
12590,12:4:11:2:9:2,0,0,0,,,0,0,0,0,0
12591,12:4:11:3:15:3,1,,4,0,0,1,0,0,0,0
12592,12:4:12:0:0:1,1,1,2,1,1,2,0,0,0,0
12593,12:4:12:1:6:1,1,1,2,1,1,2,0,0,0,0
12594,12:4:12:2:9:2,1,1,2,1,1,2,0,0,0,0
12595,12:4:12:3:15:3,1,,4,0,0,1,0,0,0,0
12596,12:4:13:0:0:1,0,0,0,,,0,0,0,0,0
12597,12:4:13:1:6:1,0,0,0,,,0,0,0,0,0
12598,12:4:13:2:9:2,0,0,0,,,0,0,0,0,0
12599,12:4:13:3:15:3,1,,4,0,0,1,0,0,0,0
12600,12:4:14:0:0:1,0,0,0,,,0,0,0,0,0
12601,12:4:14:1:6:1,0,0,0,,,0,0,0,0,0
12602,12:4:14:2:9:2,0,0,0,,,0,0,0,0,0
12603,12:4:14:3:15:3,1,,4,0,0,1,0,0,0,0
12604,12:4:15:0:0:1,0,0,0,,,0,0,0,0,0
12605,12:4:15:1:6:1,0,0,0,,,0,0,0,0,0
12606,12:4:15:2:9:2,0,0,0,,,0,0,0,0,0
12607,12:4:15:3:15:3,1,,4,0,0,1,0,0,0,0
12608,12:5:0:0:0:1,1,,4,0,0,1,0,0,0,0
12609,12:5:0:1:6:1,1,,4,0,0,1,0,0,0,0
12610,12:5:0:2:9:2,1,,4,0,0,1,0,0,0,0
12611,12:5:0:3:15:3,1,,4,0,0,1,0,0,0,0
12612,12:5:1:0:0:1,1,,4,0,0,1,0,0,0,0
12613,12:5:1:1:6:1,1,,4,0,0,1,0,0,0,0
12614,12:5:1:2:9:2,1,,4,0,0,1,0,0,0,0
12615,12:5:1:3:15:3,1,,4,0,0,1,0,0,0,0
12616,12:5:2:0:0:1,1,,4,0,0,1,0,0,0,0
12617,12:5:2:1:6:1,1,,4,0,0,1,0,0,0,0
12618,12:5:2:2:9:2,1,,4,0,0,1,0,0,0,0
12619,12:5:2:3:15:3,1,,4,0,0,1,0,0,0,0
12620,12:5:3:0:0:1,1,,4,0,0,1,0,0,0,0
12621,12:5:3:1:6:1,1,,4,0,0,1,0,0,0,0
12622,12:5:3:2:9:2,1,,4,0,0,1,0,0,0,0
12623,12:5:3:3:15:3,1,,4,0,0,1,0,0,0,0
12624,12:5:4:0:0:1,0,0,0,,,0,0,0,0,0
12625,12:5:4:1:6:1,0,0,0,,,0,0,0,0,0
12626,12:5:4:2:9:2,0,0,0,,,0,0,0,0,0
12627,12:5:4:3:15:3,1,,4,0,0,1,0,0,0,0
12628,12:5:5:0:0:1,1,2,2,2,2,2,0,0,0,0
12629,12:5:5:1:6:1,1,2,2,2,2,2,0,0,0,0
12630,12:5:5:2:9:2,1,2,2,2,2,2,0,0,0,0
12631,12:5:5:3:15:3,1,,4,0,0,1,0,0,0,0
12632,12:5:6:0:0:1,0,0,0,,,0,0,0,0,0
12633,12:5:6:1:6:1,0,0,0,,,0,0,0,0,0
12634,12:5:6:2:9:2,0,0,0,,,0,0,0,0,0
12635,12:5:6:3:15:3,1,,4,0,0,1,0,0,0,0
12636,12:5:7:0:0:1,0,0,0,,,0,0,0,0,0
12637,12:5:7:1:6:1,0,0,0,,,0,0,0,0,0
12638,12:5:7:2:9:2,0,0,0,,,0,0,0,0,0
12639,12:5:7:3:15:3,1,,4,0,0,1,0,0,0,0
12640,12:5:8:0:0:1,0,0,0,,,0,0,0,0,0
12641,12:5:8:1:6:1,0,0,0,,,0,0,0,0,0
12642,12:5:8:2:9:2,0,0,0,,,0,0,0,0,0
12643,12:5:8:3:15:3,1,,4,0,0,1,0,0,0,0
12644,12:5:9:0:0:1,0,0,0,,,0,0,0,0,0
12645,12:5:9:1:6:1,0,0,0,,,0,0,0,0,0
12646,12:5:9:2:9:2,0,0,0,,,0,0,0,0,0
12647,12:5:9:3:15:3,1,,4,0,0,1,0,0,0,0
12648,12:5:10:0:0:1,0,0,0,,,0,0,0,0,0
12649,12:5:10:1:6:1,0,0,0,,,0,0,0,0,0
12650,12:5:10:2:9:2,0,0,0,,,0,0,0,0,0
12651,12:5:10:3:15:3,1,,4,0,0,1,0,0,0,0
12652,12:5:11:0:0:1,0,0,0,,,0,0,0,0,0
12653,12:5:11:1:6:1,0,0,0,,,0,0,0,0,0
12654,12:5:11:2:9:2,0,0,0,,,0,0,0,0,0
12655,12:5:11:3:15:3,1,,4,0,0,1,0,0,0,0
12656,12:5:12:0:0:1,1,1,2,1,1,2,0,0,0,0
12657,12:5:12:1:6:1,1,1,2,1,1,2,0,0,0,0
12658,12:5:12:2:9:2,1,1,2,1,1,2,0,0,0,0
12659,12:5:12:3:15:3,1,,4,0,0,1,0,0,0,0
12660,12:5:13:0:0:1,0,0,0,,,0,0,0,0,0
12661,12:5:13:1:6:1,0,0,0,,,0,0,0,0,0
12662,12:5:13:2:9:2,0,0,0,,,0,0,0,0,0
12663,12:5:13:3:15:3,1,,4,0,0,1,0,0,0,0
12664,12:5:14:0:0:1,0,0,0,,,0,0,0,0,0
12665,12:5:14:1:6:1,0,0,0,,,0,0,0,0,0
12666,12:5:14:2:9:2,0,0,0,,,0,0,0,0,0
12667,12:5:14:3:15:3,1,,4,0,0,1,0,0,0,0
12668,12:5:15:0:0:1,0,0,0,,,0,0,0,0,0
12669,12:5:15:1:6:1,0,0,0,,,0,0,0,0,0
12670,12:5:15:2:9:2,0,0,0,,,0,0,0,0,0
12671,12:5:15:3:15:3,1,,4,0,0,1,0,0,0,0
12672,12:6:0:0:0:1,1,,4,0,0,1,0,0,0,0
12673,12:6:0:1:6:1,1,,4,0,0,1,0,0,0,0
12674,12:6:0:2:9:2,1,,4,0,0,1,0,0,0,0
12675,12:6:0:3:15:3,1,,4,0,0,1,0,0,0,0
12676,12:6:1:0:0:1,1,,4,0,0,1,0,0,0,0
12677,12:6:1:1:6:1,1,,4,0,0,1,0,0,0,0
12678,12:6:1:2:9:2,1,,4,0,0,1,0,0,0,0
12679,12:6:1:3:15:3,1,,4,0,0,1,0,0,0,0
12680,12:6:2:0:0:1,1,,4,0,0,1,0,0,0,0
12681,12:6:2:1:6:1,1,,4,0,0,1,0,0,0,0
12682,12:6:2:2:9:2,1,,4,0,0,1,0,0,0,0
12683,12:6:2:3:15:3,1,,4,0,0,1,0,0,0,0
12684,12:6:3:0:0:1,1,,4,0,0,1,0,0,0,0
12685,12:6:3:1:6:1,1,,4,0,0,1,0,0,0,0
12686,12:6:3:2:9:2,1,,4,0,0,1,0,0,0,0
12687,12:6:3:3:15:3,1,,4,0,0,1,0,0,0,0
12688,12:6:4:0:0:1,0,0,0,,,0,0,0,0,0
12689,12:6:4:1:6:1,0,0,0,,,0,0,0,0,0
12690,12:6:4:2:9:2,0,0,0,,,0,0,0,0,0
12691,12:6:4:3:15:3,1,,4,0,0,1,0,0,0,0
12692,12:6:5:0:0:1,0,0,0,,,0,0,0,0,0
12693,12:6:5:1:6:1,0,0,0,,,0,0,0,0,0
12694,12:6:5:2:9:2,0,0,0,,,0,0,0,0,0
12695,12:6:5:3:15:3,1,,4,0,0,1,0,0,0,0
12696,12:6:6:0:0:1,1,2,2,2,2,2,0,0,0,0
12697,12:6:6:1:6:1,1,2,2,2,2,2,0,0,0,0
12698,12:6:6:2:9:2,1,2,2,2,2,2,0,0,0,0
12699,12:6:6:3:15:3,1,,4,0,0,1,0,0,0,0
12700,12:6:7:0:0:1,0,0,0,,,0,0,0,0,0
12701,12:6:7:1:6:1,0,0,0,,,0,0,0,0,0
12702,12:6:7:2:9:2,0,0,0,,,0,0,0,0,0
12703,12:6:7:3:15:3,1,,4,0,0,1,0,0,0,0
12704,12:6:8:0:0:1,0,0,0,,,0,0,0,0,0
12705,12:6:8:1:6:1,0,0,0,,,0,0,0,0,0
12706,12:6:8:2:9:2,0,0,0,,,0,0,0,0,0
12707,12:6:8:3:15:3,1,,4,0,0,1,0,0,0,0
12708,12:6:9:0:0:1,1,1;2,1,3,3,3,0,0,0,0
12709,12:6:9:1:6:1,1,1;2,1,3,3,3,0,0,0,0
12710,12:6:9:2:9:2,1,1;2,1,3,3,3,0,0,0,0
12711,12:6:9:3:15:3,1,,4,0,0,1,0,0,0,0
12712,12:6:10:0:0:1,0,0,0,,,0,0,0,0,0
12713,12:6:10:1:6:1,0,0,0,,,0,0,0,0,0
12714,12:6:10:2:9:2,0,0,0,,,0,0,0,0,0
12715,12:6:10:3:15:3,1,,4,0,0,1,0,0,0,0
12716,12:6:11:0:0:1,0,0,0,,,0,0,0,0,0
12717,12:6:11:1:6:1,0,0,0,,,0,0,0,0,0
12718,12:6:11:2:9:2,0,0,0,,,0,0,0,0,0
12719,12:6:11:3:15:3,1,,4,0,0,1,0,0,0,0
12720,12:6:12:0:0:1,1,1,2,1,1,2,0,0,0,0
12721,12:6:12:1:6:1,1,1,2,1,1,2,0,0,0,0
12722,12:6:12:2:9:2,1,1,2,1,1,2,0,0,0,0
12723,12:6:12:3:15:3,1,,4,0,0,1,0,0,0,0
12724,12:6:13:0:0:1,0,0,0,,,0,0,0,0,0
12725,12:6:13:1:6:1,0,0,0,,,0,0,0,0,0
12726,12:6:13:2:9:2,0,0,0,,,0,0,0,0,0
12727,12:6:13:3:15:3,1,,4,0,0,1,0,0,0,0
12728,12:6:14:0:0:1,0,0,0,,,0,0,0,0,0
12729,12:6:14:1:6:1,0,0,0,,,0,0,0,0,0
12730,12:6:14:2:9:2,0,0,0,,,0,0,0,0,0
12731,12:6:14:3:15:3,1,,4,0,0,1,0,0,0,0
12732,12:6:15:0:0:1,0,0,0,,,0,0,0,0,0
12733,12:6:15:1:6:1,0,0,0,,,0,0,0,0,0
12734,12:6:15:2:9:2,0,0,0,,,0,0,0,0,0
12735,12:6:15:3:15:3,1,,4,0,0,1,0,0,0,0
12736,12:7:0:0:0:1,1,,4,0,0,1,0,0,0,0
12737,12:7:0:1:6:1,1,,4,0,0,1,0,0,0,0
12738,12:7:0:2:9:2,1,,4,0,0,1,0,0,0,0
12739,12:7:0:3:15:3,1,,4,0,0,1,0,0,0,0
12740,12:7:1:0:0:1,1,,4,0,0,1,0,0,0,0
12741,12:7:1:1:6:1,1,,4,0,0,1,0,0,0,0
12742,12:7:1:2:9:2,1,,4,0,0,1,0,0,0,0
12743,12:7:1:3:15:3,1,,4,0,0,1,0,0,0,0
12744,12:7:2:0:0:1,1,,4,0,0,1,0,0,0,0
12745,12:7:2:1:6:1,1,,4,0,0,1,0,0,0,0
12746,12:7:2:2:9:2,1,,4,0,0,1,0,0,0,0
12747,12:7:2:3:15:3,1,,4,0,0,1,0,0,0,0
12748,12:7:3:0:0:1,1,,4,0,0,1,0,0,0,0
12749,12:7:3:1:6:1,1,,4,0,0,1,0,0,0,0
12750,12:7:3:2:9:2,1,,4,0,0,1,0,0,0,0
12751,12:7:3:3:15:3,1,,4,0,0,1,0,0,0,0
12752,12:7:4:0:0:1,0,0,0,,,0,0,0,0,0
12753,12:7:4:1:6:1,0,0,0,,,0,0,0,0,0
12754,12:7:4:2:9:2,0,0,0,,,0,0,0,0,0
12755,12:7:4:3:15:3,1,,4,0,0,1,0,0,0,0
12756,12:7:5:0:0:1,0,0,0,,,0,0,0,0,0
12757,12:7:5:1:6:1,0,0,0,,,0,0,0,0,0
12758,12:7:5:2:9:2,0,0,0,,,0,0,0,0,0
12759,12:7:5:3:15:3,1,,4,0,0,1,0,0,0,0
12760,12:7:6:0:0:1,0,0,0,,,0,0,0,0,0
12761,12:7:6:1:6:1,0,0,0,,,0,0,0,0,0
12762,12:7:6:2:9:2,0,0,0,,,0,0,0,0,0
12763,12:7:6:3:15:3,1,,4,0,0,1,0,0,0,0
12764,12:7:7:0:0:1,1,2,2,2,2,2,0,0,0,0
12765,12:7:7:1:6:1,1,2,2,2,2,2,0,0,0,0
12766,12:7:7:2:9:2,1,2,2,2,2,2,0,0,0,0
12767,12:7:7:3:15:3,1,,4,0,0,1,0,0,0,0
12768,12:7:8:0:0:1,0,0,0,,,0,0,0,0,0
12769,12:7:8:1:6:1,0,0,0,,,0,0,0,0,0
12770,12:7:8:2:9:2,0,0,0,,,0,0,0,0,0
12771,12:7:8:3:15:3,1,,4,0,0,1,0,0,0,0
12772,12:7:9:0:0:1,0,0,0,,,0,0,0,0,0
12773,12:7:9:1:6:1,0,0,0,,,0,0,0,0,0
12774,12:7:9:2:9:2,0,0,0,,,0,0,0,0,0
12775,12:7:9:3:15:3,1,,4,0,0,1,0,0,0,0
12776,12:7:10:0:0:1,0,0,0,,,0,0,0,0,0
12777,12:7:10:1:6:1,0,0,0,,,0,0,0,0,0
12778,12:7:10:2:9:2,0,0,0,,,0,0,0,0,0
12779,12:7:10:3:15:3,1,,4,0,0,1,0,0,0,0
12780,12:7:11:0:0:1,0,0,0,,,0,0,0,0,0
12781,12:7:11:1:6:1,0,0,0,,,0,0,0,0,0
12782,12:7:11:2:9:2,0,0,0,,,0,0,0,0,0
12783,12:7:11:3:15:3,1,,4,0,0,1,0,0,0,0
12784,12:7:12:0:0:1,1,1,2,1,1,2,0,0,0,0
12785,12:7:12:1:6:1,1,1,2,1,1,2,0,0,0,0
12786,12:7:12:2:9:2,1,1,2,1,1,2,0,0,0,0
12787,12:7:12:3:15:3,1,,4,0,0,1,0,0,0,0
12788,12:7:13:0:0:1,0,0,0,,,0,0,0,0,0
12789,12:7:13:1:6:1,0,0,0,,,0,0,0,0,0
12790,12:7:13:2:9:2,0,0,0,,,0,0,0,0,0
12791,12:7:13:3:15:3,1,,4,0,0,1,0,0,0,0
12792,12:7:14:0:0:1,0,0,0,,,0,0,0,0,0
12793,12:7:14:1:6:1,0,0,0,,,0,0,0,0,0
12794,12:7:14:2:9:2,0,0,0,,,0,0,0,0,0
12795,12:7:14:3:15:3,1,,4,0,0,1,0,0,0,0
12796,12:7:15:0:0:1,0,0,0,,,0,0,0,0,0
12797,12:7:15:1:6:1,0,0,0,,,0,0,0,0,0
12798,12:7:15:2:9:2,0,0,0,,,0,0,0,0,0
12799,12:7:15:3:15:3,1,,4,0,0,1,0,0,0,0
12800,12:8:0:0:0:1,1,,4,0,0,1,0,0,0,0
12801,12:8:0:1:6:1,1,,4,0,0,1,0,0,0,0
12802,12:8:0:2:9:2,1,,4,0,0,1,0,0,0,0
12803,12:8:0:3:15:3,1,,4,0,0,1,0,0,0,0
12804,12:8:1:0:0:1,1,,4,0,0,1,0,0,0,0
12805,12:8:1:1:6:1,1,,4,0,0,1,0,0,0,0
12806,12:8:1:2:9:2,1,,4,0,0,1,0,0,0,0
12807,12:8:1:3:15:3,1,,4,0,0,1,0,0,0,0
12808,12:8:2:0:0:1,1,,4,0,0,1,0,0,0,0
12809,12:8:2:1:6:1,1,,4,0,0,1,0,0,0,0
12810,12:8:2:2:9:2,1,,4,0,0,1,0,0,0,0
12811,12:8:2:3:15:3,1,,4,0,0,1,0,0,0,0
12812,12:8:3:0:0:1,1,,4,0,0,1,0,0,0,0
12813,12:8:3:1:6:1,1,,4,0,0,1,0,0,0,0
12814,12:8:3:2:9:2,1,,4,0,0,1,0,0,0,0
12815,12:8:3:3:15:3,1,,4,0,0,1,0,0,0,0
12816,12:8:4:0:0:1,0,0,0,,,0,0,0,0,0
12817,12:8:4:1:6:1,0,0,0,,,0,0,0,0,0
12818,12:8:4:2:9:2,0,0,0,,,0,0,0,0,0
12819,12:8:4:3:15:3,1,,4,0,0,1,0,0,0,0
12820,12:8:5:0:0:1,0,0,0,,,0,0,0,0,0
12821,12:8:5:1:6:1,0,0,0,,,0,0,0,0,0
12822,12:8:5:2:9:2,0,0,0,,,0,0,0,0,0
12823,12:8:5:3:15:3,1,,4,0,0,1,0,0,0,0
12824,12:8:6:0:0:1,0,0,0,,,0,0,0,0,0
12825,12:8:6:1:6:1,0,0,0,,,0,0,0,0,0
12826,12:8:6:2:9:2,0,0,0,,,0,0,0,0,0
12827,12:8:6:3:15:3,1,,4,0,0,1,0,0,0,0
12828,12:8:7:0:0:1,0,0,0,,,0,0,0,0,0
12829,12:8:7:1:6:1,0,0,0,,,0,0,0,0,0
12830,12:8:7:2:9:2,0,0,0,,,0,0,0,0,0
12831,12:8:7:3:15:3,1,,4,0,0,1,0,0,0,0
12832,12:8:8:0:0:1,1,2,2,2,2,2,0,0,0,0
12833,12:8:8:1:6:1,1,2,2,2,2,2,0,0,0,0
12834,12:8:8:2:9:2,1,2,2,2,2,2,0,0,0,0
12835,12:8:8:3:15:3,1,,4,0,0,1,0,0,0,0
12836,12:8:9:0:0:1,0,0,0,,,0,0,0,0,0
12837,12:8:9:1:6:1,0,0,0,,,0,0,0,0,0
12838,12:8:9:2:9:2,0,0,0,,,0,0,0,0,0
12839,12:8:9:3:15:3,1,,4,0,0,1,0,0,0,0
12840,12:8:10:0:0:1,0,0,0,,,0,0,0,0,0
12841,12:8:10:1:6:1,0,0,0,,,0,0,0,0,0
12842,12:8:10:2:9:2,0,0,0,,,0,0,0,0,0
12843,12:8:10:3:15:3,1,,4,0,0,1,0,0,0,0
12844,12:8:11:0:0:1,0,0,0,,,0,0,0,0,0
12845,12:8:11:1:6:1,0,0,0,,,0,0,0,0,0
12846,12:8:11:2:9:2,0,0,0,,,0,0,0,0,0
12847,12:8:11:3:15:3,1,,4,0,0,1,0,0,0,0
12848,12:8:12:0:0:1,1,1,2,1,1,2,0,0,0,0
12849,12:8:12:1:6:1,1,1,2,1,1,2,0,0,0,0
12850,12:8:12:2:9:2,1,1,2,1,1,2,0,0,0,0
12851,12:8:12:3:15:3,1,,4,0,0,1,0,0,0,0
12852,12:8:13:0:0:1,0,0,0,,,0,0,0,0,0
12853,12:8:13:1:6:1,0,0,0,,,0,0,0,0,0
12854,12:8:13:2:9:2,0,0,0,,,0,0,0,0,0
12855,12:8:13:3:15:3,1,,4,0,0,1,0,0,0,0
12856,12:8:14:0:0:1,0,0,0,,,0,0,0,0,0
12857,12:8:14:1:6:1,0,0,0,,,0,0,0,0,0
12858,12:8:14:2:9:2,0,0,0,,,0,0,0,0,0
12859,12:8:14:3:15:3,1,,4,0,0,1,0,0,0,0
12860,12:8:15:0:0:1,0,0,0,,,0,0,0,0,0
12861,12:8:15:1:6:1,0,0,0,,,0,0,0,0,0
12862,12:8:15:2:9:2,0,0,0,,,0,0,0,0,0
12863,12:8:15:3:15:3,1,,4,0,0,1,0,0,0,0
12864,12:9:0:0:0:1,1,,4,0,0,1,0,0,0,0
12865,12:9:0:1:6:1,1,,4,0,0,1,0,0,0,0
12866,12:9:0:2:9:2,1,,4,0,0,1,0,0,0,0
12867,12:9:0:3:15:3,1,,4,0,0,1,0,0,0,0
12868,12:9:1:0:0:1,1,,4,0,0,1,0,0,0,0
12869,12:9:1:1:6:1,1,,4,0,0,1,0,0,0,0
12870,12:9:1:2:9:2,1,,4,0,0,1,0,0,0,0
12871,12:9:1:3:15:3,1,,4,0,0,1,0,0,0,0
12872,12:9:2:0:0:1,1,,4,0,0,1,0,0,0,0
12873,12:9:2:1:6:1,1,,4,0,0,1,0,0,0,0
12874,12:9:2:2:9:2,1,,4,0,0,1,0,0,0,0
12875,12:9:2:3:15:3,1,,4,0,0,1,0,0,0,0
12876,12:9:3:0:0:1,1,,4,0,0,1,0,0,0,0
12877,12:9:3:1:6:1,1,,4,0,0,1,0,0,0,0
12878,12:9:3:2:9:2,1,,4,0,0,1,0,0,0,0
12879,12:9:3:3:15:3,1,,4,0,0,1,0,0,0,0
12880,12:9:4:0:0:1,0,0,0,,,0,0,0,0,0
12881,12:9:4:1:6:1,0,0,0,,,0,0,0,0,0
12882,12:9:4:2:9:2,0,0,0,,,0,0,0,0,0
12883,12:9:4:3:15:3,1,,4,0,0,1,0,0,0,0
12884,12:9:5:0:0:1,0,0,0,,,0,0,0,0,0
12885,12:9:5:1:6:1,0,0,0,,,0,0,0,0,0
12886,12:9:5:2:9:2,0,0,0,,,0,0,0,0,0
12887,12:9:5:3:15:3,1,,4,0,0,1,0,0,0,0
12888,12:9:6:0:0:1,1,1;2,1,3,3,3,0,0,0,0
12889,12:9:6:1:6:1,1,1;2,1,3,3,3,0,0,0,0
12890,12:9:6:2:9:2,1,1;2,1,3,3,3,0,0,0,0
12891,12:9:6:3:15:3,1,,4,0,0,1,0,0,0,0
12892,12:9:7:0:0:1,0,0,0,,,0,0,0,0,0
12893,12:9:7:1:6:1,0,0,0,,,0,0,0,0,0
12894,12:9:7:2:9:2,0,0,0,,,0,0,0,0,0
12895,12:9:7:3:15:3,1,,4,0,0,1,0,0,0,0
12896,12:9:8:0:0:1,0,0,0,,,0,0,0,0,0
12897,12:9:8:1:6:1,0,0,0,,,0,0,0,0,0
12898,12:9:8:2:9:2,0,0,0,,,0,0,0,0,0
12899,12:9:8:3:15:3,1,,4,0,0,1,0,0,0,0
12900,12:9:9:0:0:1,1,2,2,2,2,2,0,0,0,0
12901,12:9:9:1:6:1,1,2,2,2,2,2,0,0,0,0
12902,12:9:9:2:9:2,1,2,2,2,2,2,0,0,0,0
12903,12:9:9:3:15:3,1,,4,0,0,1,0,0,0,0
12904,12:9:10:0:0:1,0,0,0,,,0,0,0,0,0
12905,12:9:10:1:6:1,0,0,0,,,0,0,0,0,0
12906,12:9:10:2:9:2,0,0,0,,,0,0,0,0,0
12907,12:9:10:3:15:3,1,,4,0,0,1,0,0,0,0
12908,12:9:11:0:0:1,0,0,0,,,0,0,0,0,0
12909,12:9:11:1:6:1,0,0,0,,,0,0,0,0,0
12910,12:9:11:2:9:2,0,0,0,,,0,0,0,0,0
12911,12:9:11:3:15:3,1,,4,0,0,1,0,0,0,0
12912,12:9:12:0:0:1,1,1,2,1,1,2,0,0,0,0
12913,12:9:12:1:6:1,1,1,2,1,1,2,0,0,0,0
12914,12:9:12:2:9:2,1,1,2,1,1,2,0,0,0,0
12915,12:9:12:3:15:3,1,,4,0,0,1,0,0,0,0
12916,12:9:13:0:0:1,0,0,0,,,0,0,0,0,0
12917,12:9:13:1:6:1,0,0,0,,,0,0,0,0,0
12918,12:9:13:2:9:2,0,0,0,,,0,0,0,0,0
12919,12:9:13:3:15:3,1,,4,0,0,1,0,0,0,0
12920,12:9:14:0:0:1,0,0,0,,,0,0,0,0,0
12921,12:9:14:1:6:1,0,0,0,,,0,0,0,0,0
12922,12:9:14:2:9:2,0,0,0,,,0,0,0,0,0
12923,12:9:14:3:15:3,1,,4,0,0,1,0,0,0,0
12924,12:9:15:0:0:1,0,0,0,,,0,0,0,0,0
12925,12:9:15:1:6:1,0,0,0,,,0,0,0,0,0
12926,12:9:15:2:9:2,0,0,0,,,0,0,0,0,0
12927,12:9:15:3:15:3,1,,4,0,0,1,0,0,0,0
12928,12:10:0:0:0:1,1,,4,0,0,1,0,0,0,0
12929,12:10:0:1:6:1,1,,4,0,0,1,0,0,0,0
12930,12:10:0:2:9:2,1,,4,0,0,1,0,0,0,0
12931,12:10:0:3:15:3,1,,4,0,0,1,0,0,0,0
12932,12:10:1:0:0:1,1,,4,0,0,1,0,0,0,0
12933,12:10:1:1:6:1,1,,4,0,0,1,0,0,0,0
12934,12:10:1:2:9:2,1,,4,0,0,1,0,0,0,0
12935,12:10:1:3:15:3,1,,4,0,0,1,0,0,0,0
12936,12:10:2:0:0:1,1,,4,0,0,1,0,0,0,0
12937,12:10:2:1:6:1,1,,4,0,0,1,0,0,0,0
12938,12:10:2:2:9:2,1,,4,0,0,1,0,0,0,0
12939,12:10:2:3:15:3,1,,4,0,0,1,0,0,0,0
12940,12:10:3:0:0:1,1,,4,0,0,1,0,0,0,0
12941,12:10:3:1:6:1,1,,4,0,0,1,0,0,0,0
12942,12:10:3:2:9:2,1,,4,0,0,1,0,0,0,0
12943,12:10:3:3:15:3,1,,4,0,0,1,0,0,0,0
12944,12:10:4:0:0:1,0,0,0,,,0,0,0,0,0
12945,12:10:4:1:6:1,0,0,0,,,0,0,0,0,0
12946,12:10:4:2:9:2,0,0,0,,,0,0,0,0,0
12947,12:10:4:3:15:3,1,,4,0,0,1,0,0,0,0
12948,12:10:5:0:0:1,0,0,0,,,0,0,0,0,0
12949,12:10:5:1:6:1,0,0,0,,,0,0,0,0,0
12950,12:10:5:2:9:2,0,0,0,,,0,0,0,0,0
12951,12:10:5:3:15:3,1,,4,0,0,1,0,0,0,0
12952,12:10:6:0:0:1,0,0,0,,,0,0,0,0,0
12953,12:10:6:1:6:1,0,0,0,,,0,0,0,0,0
12954,12:10:6:2:9:2,0,0,0,,,0,0,0,0,0
12955,12:10:6:3:15:3,1,,4,0,0,1,0,0,0,0
12956,12:10:7:0:0:1,0,0,0,,,0,0,0,0,0
12957,12:10:7:1:6:1,0,0,0,,,0,0,0,0,0
12958,12:10:7:2:9:2,0,0,0,,,0,0,0,0,0
12959,12:10:7:3:15:3,1,,4,0,0,1,0,0,0,0
12960,12:10:8:0:0:1,0,0,0,,,0,0,0,0,0
12961,12:10:8:1:6:1,0,0,0,,,0,0,0,0,0
12962,12:10:8:2:9:2,0,0,0,,,0,0,0,0,0
12963,12:10:8:3:15:3,1,,4,0,0,1,0,0,0,0
12964,12:10:9:0:0:1,0,0,0,,,0,0,0,0,0
12965,12:10:9:1:6:1,0,0,0,,,0,0,0,0,0
12966,12:10:9:2:9:2,0,0,0,,,0,0,0,0,0
12967,12:10:9:3:15:3,1,,4,0,0,1,0,0,0,0
12968,12:10:10:0:0:1,1,2,2,2,2,2,0,0,0,0
12969,12:10:10:1:6:1,1,2,2,2,2,2,0,0,0,0
12970,12:10:10:2:9:2,1,2,2,2,2,2,0,0,0,0
12971,12:10:10:3:15:3,1,,4,0,0,1,0,0,0,0
12972,12:10:11:0:0:1,0,0,0,,,0,0,0,0,0
12973,12:10:11:1:6:1,0,0,0,,,0,0,0,0,0
12974,12:10:11:2:9:2,0,0,0,,,0,0,0,0,0
12975,12:10:11:3:15:3,1,,4,0,0,1,0,0,0,0
12976,12:10:12:0:0:1,1,1,2,1,1,2,0,0,0,0
12977,12:10:12:1:6:1,1,1,2,1,1,2,0,0,0,0
12978,12:10:12:2:9:2,1,1,2,1,1,2,0,0,0,0
12979,12:10:12:3:15:3,1,,4,0,0,1,0,0,0,0
12980,12:10:13:0:0:1,0,0,0,,,0,0,0,0,0
12981,12:10:13:1:6:1,0,0,0,,,0,0,0,0,0
12982,12:10:13:2:9:2,0,0,0,,,0,0,0,0,0
12983,12:10:13:3:15:3,1,,4,0,0,1,0,0,0,0
12984,12:10:14:0:0:1,0,0,0,,,0,0,0,0,0
12985,12:10:14:1:6:1,0,0,0,,,0,0,0,0,0
12986,12:10:14:2:9:2,0,0,0,,,0,0,0,0,0
12987,12:10:14:3:15:3,1,,4,0,0,1,0,0,0,0
12988,12:10:15:0:0:1,0,0,0,,,0,0,0,0,0
12989,12:10:15:1:6:1,0,0,0,,,0,0,0,0,0
12990,12:10:15:2:9:2,0,0,0,,,0,0,0,0,0
12991,12:10:15:3:15:3,1,,4,0,0,1,0,0,0,0
12992,12:11:0:0:0:1,1,,4,0,0,1,0,0,0,0
12993,12:11:0:1:6:1,1,,4,0,0,1,0,0,0,0
12994,12:11:0:2:9:2,1,,4,0,0,1,0,0,0,0
12995,12:11:0:3:15:3,1,,4,0,0,1,0,0,0,0
12996,12:11:1:0:0:1,1,,4,0,0,1,0,0,0,0
12997,12:11:1:1:6:1,1,,4,0,0,1,0,0,0,0
12998,12:11:1:2:9:2,1,,4,0,0,1,0,0,0,0
12999,12:11:1:3:15:3,1,,4,0,0,1,0,0,0,0
13000,12:11:2:0:0:1,1,,4,0,0,1,0,0,0,0
13001,12:11:2:1:6:1,1,,4,0,0,1,0,0,0,0
13002,12:11:2:2:9:2,1,,4,0,0,1,0,0,0,0
13003,12:11:2:3:15:3,1,,4,0,0,1,0,0,0,0
13004,12:11:3:0:0:1,1,,4,0,0,1,0,0,0,0
13005,12:11:3:1:6:1,1,,4,0,0,1,0,0,0,0
13006,12:11:3:2:9:2,1,,4,0,0,1,0,0,0,0
13007,12:11:3:3:15:3,1,,4,0,0,1,0,0,0,0
13008,12:11:4:0:0:1,0,0,0,,,0,0,0,0,0
13009,12:11:4:1:6:1,0,0,0,,,0,0,0,0,0
13010,12:11:4:2:9:2,0,0,0,,,0,0,0,0,0
13011,12:11:4:3:15:3,1,,4,0,0,1,0,0,0,0
13012,12:11:5:0:0:1,0,0,0,,,0,0,0,0,0
13013,12:11:5:1:6:1,0,0,0,,,0,0,0,0,0
13014,12:11:5:2:9:2,0,0,0,,,0,0,0,0,0
13015,12:11:5:3:15:3,1,,4,0,0,1,0,0,0,0
13016,12:11:6:0:0:1,0,0,0,,,0,0,0,0,0
13017,12:11:6:1:6:1,0,0,0,,,0,0,0,0,0
13018,12:11:6:2:9:2,0,0,0,,,0,0,0,0,0
13019,12:11:6:3:15:3,1,,4,0,0,1,0,0,0,0
13020,12:11:7:0:0:1,0,0,0,,,0,0,0,0,0
13021,12:11:7:1:6:1,0,0,0,,,0,0,0,0,0
13022,12:11:7:2:9:2,0,0,0,,,0,0,0,0,0
13023,12:11:7:3:15:3,1,,4,0,0,1,0,0,0,0
13024,12:11:8:0:0:1,0,0,0,,,0,0,0,0,0
13025,12:11:8:1:6:1,0,0,0,,,0,0,0,0,0
13026,12:11:8:2:9:2,0,0,0,,,0,0,0,0,0
13027,12:11:8:3:15:3,1,,4,0,0,1,0,0,0,0
13028,12:11:9:0:0:1,0,0,0,,,0,0,0,0,0
13029,12:11:9:1:6:1,0,0,0,,,0,0,0,0,0
13030,12:11:9:2:9:2,0,0,0,,,0,0,0,0,0
13031,12:11:9:3:15:3,1,,4,0,0,1,0,0,0,0
13032,12:11:10:0:0:1,0,0,0,,,0,0,0,0,0
13033,12:11:10:1:6:1,0,0,0,,,0,0,0,0,0
13034,12:11:10:2:9:2,0,0,0,,,0,0,0,0,0
13035,12:11:10:3:15:3,1,,4,0,0,1,0,0,0,0
13036,12:11:11:0:0:1,1,2,2,2,2,2,0,0,0,0
13037,12:11:11:1:6:1,1,2,2,2,2,2,0,0,0,0
13038,12:11:11:2:9:2,1,2,2,2,2,2,0,0,0,0
13039,12:11:11:3:15:3,1,,4,0,0,1,0,0,0,0
13040,12:11:12:0:0:1,1,1,2,1,1,2,0,0,0,0
13041,12:11:12:1:6:1,1,1,2,1,1,2,0,0,0,0
13042,12:11:12:2:9:2,1,1,2,1,1,2,0,0,0,0
13043,12:11:12:3:15:3,1,,4,0,0,1,0,0,0,0
13044,12:11:13:0:0:1,0,0,0,,,0,0,0,0,0
13045,12:11:13:1:6:1,0,0,0,,,0,0,0,0,0
13046,12:11:13:2:9:2,0,0,0,,,0,0,0,0,0
13047,12:11:13:3:15:3,1,,4,0,0,1,0,0,0,0
13048,12:11:14:0:0:1,0,0,0,,,0,0,0,0,0
13049,12:11:14:1:6:1,0,0,0,,,0,0,0,0,0
13050,12:11:14:2:9:2,0,0,0,,,0,0,0,0,0
13051,12:11:14:3:15:3,1,,4,0,0,1,0,0,0,0
13052,12:11:15:0:0:1,0,0,0,,,0,0,0,0,0
13053,12:11:15:1:6:1,0,0,0,,,0,0,0,0,0
13054,12:11:15:2:9:2,0,0,0,,,0,0,0,0,0
13055,12:11:15:3:15:3,1,,4,0,0,1,0,0,0,0
13056,12:12:0:0:0:1,1,,4,0,0,1,0,0,0,0
13057,12:12:0:1:6:1,1,,4,0,0,1,0,0,0,0
13058,12:12:0:2:9:2,1,,4,0,0,1,0,0,0,0
13059,12:12:0:3:15:3,1,,4,0,0,1,0,0,0,0
13060,12:12:1:0:0:1,1,,4,0,0,1,0,0,0,0
13061,12:12:1:1:6:1,1,,4,0,0,1,0,0,0,0
13062,12:12:1:2:9:2,1,,4,0,0,1,0,0,0,0
13063,12:12:1:3:15:3,1,,4,0,0,1,0,0,0,0
13064,12:12:2:0:0:1,1,,4,0,0,1,0,0,0,0
13065,12:12:2:1:6:1,1,,4,0,0,1,0,0,0,0
13066,12:12:2:2:9:2,1,,4,0,0,1,0,0,0,0
13067,12:12:2:3:15:3,1,,4,0,0,1,0,0,0,0
13068,12:12:3:0:0:1,1,,4,0,0,1,0,0,0,0
13069,12:12:3:1:6:1,1,,4,0,0,1,0,0,0,0
13070,12:12:3:2:9:2,1,,4,0,0,1,0,0,0,0
13071,12:12:3:3:15:3,1,,4,0,0,1,0,0,0,0
13072,12:12:4:0:0:1,0,0,0,,,0,0,0,0,0
13073,12:12:4:1:6:1,0,0,0,,,0,0,0,0,0
13074,12:12:4:2:9:2,0,0,0,,,0,0,0,0,0
13075,12:12:4:3:15:3,1,,4,0,0,1,0,0,0,0
13076,12:12:5:0:0:1,0,0,0,,,0,0,0,0,0
13077,12:12:5:1:6:1,0,0,0,,,0,0,0,0,0
13078,12:12:5:2:9:2,0,0,0,,,0,0,0,0,0
13079,12:12:5:3:15:3,1,,4,0,0,1,0,0,0,0
13080,12:12:6:0:0:1,0,0,0,,,0,0,0,0,0
13081,12:12:6:1:6:1,0,0,0,,,0,0,0,0,0
13082,12:12:6:2:9:2,0,0,0,,,0,0,0,0,0
13083,12:12:6:3:15:3,1,,4,0,0,1,0,0,0,0
13084,12:12:7:0:0:1,0,0,0,,,0,0,0,0,0
13085,12:12:7:1:6:1,0,0,0,,,0,0,0,0,0
13086,12:12:7:2:9:2,0,0,0,,,0,0,0,0,0
13087,12:12:7:3:15:3,1,,4,0,0,1,0,0,0,0
13088,12:12:8:0:0:1,0,0,0,,,0,0,0,0,0
13089,12:12:8:1:6:1,0,0,0,,,0,0,0,0,0
13090,12:12:8:2:9:2,0,0,0,,,0,0,0,0,0
13091,12:12:8:3:15:3,1,,4,0,0,1,0,0,0,0
13092,12:12:9:0:0:1,0,0,0,,,0,0,0,0,0
13093,12:12:9:1:6:1,0,0,0,,,0,0,0,0,0
13094,12:12:9:2:9:2,0,0,0,,,0,0,0,0,0
13095,12:12:9:3:15:3,1,,4,0,0,1,0,0,0,0
13096,12:12:10:0:0:1,0,0,0,,,0,0,0,0,0
13097,12:12:10:1:6:1,0,0,0,,,0,0,0,0,0
13098,12:12:10:2:9:2,0,0,0,,,0,0,0,0,0
13099,12:12:10:3:15:3,1,,4,0,0,1,0,0,0,0
13100,12:12:11:0:0:1,0,0,0,,,0,0,0,0,0
13101,12:12:11:1:6:1,0,0,0,,,0,0,0,0,0
13102,12:12:11:2:9:2,0,0,0,,,0,0,0,0,0
13103,12:12:11:3:15:3,1,,4,0,0,1,0,0,0,0
13104,12:12:12:0:0:1,1,3,3,1,1,3,0,0,0,0
13105,12:12:12:1:6:1,1,3,3,1,1,3,0,0,0,0
13106,12:12:12:2:9:2,1,3,3,1,1,3,0,0,0,0
13107,12:12:12:3:15:3,1,,4,0,0,1,0,0,0,0
13108,12:12:13:0:0:1,0,0,0,,,0,0,0,0,0
13109,12:12:13:1:6:1,0,0,0,,,0,0,0,0,0
13110,12:12:13:2:9:2,0,0,0,,,0,0,0,0,0
13111,12:12:13:3:15:3,1,,4,0,0,1,0,0,0,0
13112,12:12:14:0:0:1,0,0,0,,,0,0,0,0,0
13113,12:12:14:1:6:1,0,0,0,,,0,0,0,0,0
13114,12:12:14:2:9:2,0,0,0,,,0,0,0,0,0
13115,12:12:14:3:15:3,1,,4,0,0,1,0,0,0,0
13116,12:12:15:0:0:1,0,0,0,,,0,0,0,0,0
13117,12:12:15:1:6:1,0,0,0,,,0,0,0,0,0
13118,12:12:15:2:9:2,0,0,0,,,0,0,0,0,0
13119,12:12:15:3:15:3,1,,4,0,0,1,0,0,0,0
13120,12:13:0:0:0:1,1,,4,0,0,1,0,0,0,0
13121,12:13:0:1:6:1,1,,4,0,0,1,0,0,0,0
13122,12:13:0:2:9:2,1,,4,0,0,1,0,0,0,0
13123,12:13:0:3:15:3,1,,4,0,0,1,0,0,0,0
13124,12:13:1:0:0:1,1,,4,0,0,1,0,0,0,0
13125,12:13:1:1:6:1,1,,4,0,0,1,0,0,0,0
13126,12:13:1:2:9:2,1,,4,0,0,1,0,0,0,0
13127,12:13:1:3:15:3,1,,4,0,0,1,0,0,0,0
13128,12:13:2:0:0:1,1,,4,0,0,1,0,0,0,0
13129,12:13:2:1:6:1,1,,4,0,0,1,0,0,0,0
13130,12:13:2:2:9:2,1,,4,0,0,1,0,0,0,0
13131,12:13:2:3:15:3,1,,4,0,0,1,0,0,0,0
13132,12:13:3:0:0:1,1,,4,0,0,1,0,0,0,0
13133,12:13:3:1:6:1,1,,4,0,0,1,0,0,0,0
13134,12:13:3:2:9:2,1,,4,0,0,1,0,0,0,0
13135,12:13:3:3:15:3,1,,4,0,0,1,0,0,0,0
13136,12:13:4:0:0:1,0,0,0,,,0,0,0,0,0
13137,12:13:4:1:6:1,0,0,0,,,0,0,0,0,0
13138,12:13:4:2:9:2,0,0,0,,,0,0,0,0,0
13139,12:13:4:3:15:3,1,,4,0,0,1,0,0,0,0
13140,12:13:5:0:0:1,0,0,0,,,0,0,0,0,0
13141,12:13:5:1:6:1,0,0,0,,,0,0,0,0,0
13142,12:13:5:2:9:2,0,0,0,,,0,0,0,0,0
13143,12:13:5:3:15:3,1,,4,0,0,1,0,0,0,0
13144,12:13:6:0:0:1,0,0,0,,,0,0,0,0,0
13145,12:13:6:1:6:1,0,0,0,,,0,0,0,0,0
13146,12:13:6:2:9:2,0,0,0,,,0,0,0,0,0
13147,12:13:6:3:15:3,1,,4,0,0,1,0,0,0,0
13148,12:13:7:0:0:1,0,0,0,,,0,0,0,0,0
13149,12:13:7:1:6:1,0,0,0,,,0,0,0,0,0
13150,12:13:7:2:9:2,0,0,0,,,0,0,0,0,0
13151,12:13:7:3:15:3,1,,4,0,0,1,0,0,0,0
13152,12:13:8:0:0:1,0,0,0,,,0,0,0,0,0
13153,12:13:8:1:6:1,0,0,0,,,0,0,0,0,0
13154,12:13:8:2:9:2,0,0,0,,,0,0,0,0,0
13155,12:13:8:3:15:3,1,,4,0,0,1,0,0,0,0
13156,12:13:9:0:0:1,0,0,0,,,0,0,0,0,0
13157,12:13:9:1:6:1,0,0,0,,,0,0,0,0,0
13158,12:13:9:2:9:2,0,0,0,,,0,0,0,0,0
13159,12:13:9:3:15:3,1,,4,0,0,1,0,0,0,0
13160,12:13:10:0:0:1,0,0,0,,,0,0,0,0,0
13161,12:13:10:1:6:1,0,0,0,,,0,0,0,0,0
13162,12:13:10:2:9:2,0,0,0,,,0,0,0,0,0
13163,12:13:10:3:15:3,1,,4,0,0,1,0,0,0,0
13164,12:13:11:0:0:1,0,0,0,,,0,0,0,0,0
13165,12:13:11:1:6:1,0,0,0,,,0,0,0,0,0
13166,12:13:11:2:9:2,0,0,0,,,0,0,0,0,0
13167,12:13:11:3:15:3,1,,4,0,0,1,0,0,0,0
13168,12:13:12:0:0:1,1,1,2,1,1,2,0,0,0,0
13169,12:13:12:1:6:1,1,1,2,1,1,2,0,0,0,0
13170,12:13:12:2:9:2,1,1,2,1,1,2,0,0,0,0
13171,12:13:12:3:15:3,1,,4,0,0,1,0,0,0,0
13172,12:13:13:0:0:1,1,2,2,2,2,2,0,0,0,0
13173,12:13:13:1:6:1,1,2,2,2,2,2,0,0,0,0
13174,12:13:13:2:9:2,1,2,2,2,2,2,0,0,0,0
13175,12:13:13:3:15:3,1,,4,0,0,1,0,0,0,0
13176,12:13:14:0:0:1,0,0,0,,,0,0,0,0,0
13177,12:13:14:1:6:1,0,0,0,,,0,0,0,0,0
13178,12:13:14:2:9:2,0,0,0,,,0,0,0,0,0
13179,12:13:14:3:15:3,1,,4,0,0,1,0,0,0,0
13180,12:13:15:0:0:1,0,0,0,,,0,0,0,0,0
13181,12:13:15:1:6:1,0,0,0,,,0,0,0,0,0
13182,12:13:15:2:9:2,0,0,0,,,0,0,0,0,0
13183,12:13:15:3:15:3,1,,4,0,0,1,0,0,0,0
13184,12:14:0:0:0:1,1,,4,0,0,1,0,0,0,0
13185,12:14:0:1:6:1,1,,4,0,0,1,0,0,0,0
13186,12:14:0:2:9:2,1,,4,0,0,1,0,0,0,0
13187,12:14:0:3:15:3,1,,4,0,0,1,0,0,0,0
13188,12:14:1:0:0:1,1,,4,0,0,1,0,0,0,0
13189,12:14:1:1:6:1,1,,4,0,0,1,0,0,0,0
13190,12:14:1:2:9:2,1,,4,0,0,1,0,0,0,0
13191,12:14:1:3:15:3,1,,4,0,0,1,0,0,0,0
13192,12:14:2:0:0:1,1,,4,0,0,1,0,0,0,0
13193,12:14:2:1:6:1,1,,4,0,0,1,0,0,0,0
13194,12:14:2:2:9:2,1,,4,0,0,1,0,0,0,0
13195,12:14:2:3:15:3,1,,4,0,0,1,0,0,0,0
13196,12:14:3:0:0:1,1,,4,0,0,1,0,0,0,0
13197,12:14:3:1:6:1,1,,4,0,0,1,0,0,0,0
13198,12:14:3:2:9:2,1,,4,0,0,1,0,0,0,0
13199,12:14:3:3:15:3,1,,4,0,0,1,0,0,0,0
13200,12:14:4:0:0:1,0,0,0,,,0,0,0,0,0
13201,12:14:4:1:6:1,0,0,0,,,0,0,0,0,0
13202,12:14:4:2:9:2,0,0,0,,,0,0,0,0,0
13203,12:14:4:3:15:3,1,,4,0,0,1,0,0,0,0
13204,12:14:5:0:0:1,0,0,0,,,0,0,0,0,0
13205,12:14:5:1:6:1,0,0,0,,,0,0,0,0,0
13206,12:14:5:2:9:2,0,0,0,,,0,0,0,0,0
13207,12:14:5:3:15:3,1,,4,0,0,1,0,0,0,0
13208,12:14:6:0:0:1,0,0,0,,,0,0,0,0,0
13209,12:14:6:1:6:1,0,0,0,,,0,0,0,0,0
13210,12:14:6:2:9:2,0,0,0,,,0,0,0,0,0
13211,12:14:6:3:15:3,1,,4,0,0,1,0,0,0,0
13212,12:14:7:0:0:1,0,0,0,,,0,0,0,0,0
13213,12:14:7:1:6:1,0,0,0,,,0,0,0,0,0
13214,12:14:7:2:9:2,0,0,0,,,0,0,0,0,0
13215,12:14:7:3:15:3,1,,4,0,0,1,0,0,0,0
13216,12:14:8:0:0:1,0,0,0,,,0,0,0,0,0
13217,12:14:8:1:6:1,0,0,0,,,0,0,0,0,0
13218,12:14:8:2:9:2,0,0,0,,,0,0,0,0,0
13219,12:14:8:3:15:3,1,,4,0,0,1,0,0,0,0
13220,12:14:9:0:0:1,0,0,0,,,0,0,0,0,0
13221,12:14:9:1:6:1,0,0,0,,,0,0,0,0,0
13222,12:14:9:2:9:2,0,0,0,,,0,0,0,0,0
13223,12:14:9:3:15:3,1,,4,0,0,1,0,0,0,0
13224,12:14:10:0:0:1,0,0,0,,,0,0,0,0,0
13225,12:14:10:1:6:1,0,0,0,,,0,0,0,0,0
13226,12:14:10:2:9:2,0,0,0,,,0,0,0,0,0
13227,12:14:10:3:15:3,1,,4,0,0,1,0,0,0,0
13228,12:14:11:0:0:1,0,0,0,,,0,0,0,0,0
13229,12:14:11:1:6:1,0,0,0,,,0,0,0,0,0
13230,12:14:11:2:9:2,0,0,0,,,0,0,0,0,0
13231,12:14:11:3:15:3,1,,4,0,0,1,0,0,0,0
13232,12:14:12:0:0:1,1,1,2,1,1,2,0,0,0,0
13233,12:14:12:1:6:1,1,1,2,1,1,2,0,0,0,0
13234,12:14:12:2:9:2,1,1,2,1,1,2,0,0,0,0
13235,12:14:12:3:15:3,1,,4,0,0,1,0,0,0,0
13236,12:14:13:0:0:1,0,0,0,,,0,0,0,0,0
13237,12:14:13:1:6:1,0,0,0,,,0,0,0,0,0
13238,12:14:13:2:9:2,0,0,0,,,0,0,0,0,0
13239,12:14:13:3:15:3,1,,4,0,0,1,0,0,0,0
13240,12:14:14:0:0:1,1,2,2,2,2,2,0,0,0,0
13241,12:14:14:1:6:1,1,2,2,2,2,2,0,0,0,0
13242,12:14:14:2:9:2,1,2,2,2,2,2,0,0,0,0
13243,12:14:14:3:15:3,1,,4,0,0,1,0,0,0,0
13244,12:14:15:0:0:1,0,0,0,,,0,0,0,0,0
13245,12:14:15:1:6:1,0,0,0,,,0,0,0,0,0
13246,12:14:15:2:9:2,0,0,0,,,0,0,0,0,0
13247,12:14:15:3:15:3,1,,4,0,0,1,0,0,0,0
13248,12:15:0:0:0:1,1,,4,0,0,1,0,0,0,0
13249,12:15:0:1:6:1,1,,4,0,0,1,0,0,0,0
13250,12:15:0:2:9:2,1,,4,0,0,1,0,0,0,0
13251,12:15:0:3:15:3,1,,4,0,0,1,0,0,0,0
13252,12:15:1:0:0:1,1,,4,0,0,1,0,0,0,0
13253,12:15:1:1:6:1,1,,4,0,0,1,0,0,0,0
13254,12:15:1:2:9:2,1,,4,0,0,1,0,0,0,0
13255,12:15:1:3:15:3,1,,4,0,0,1,0,0,0,0
13256,12:15:2:0:0:1,1,,4,0,0,1,0,0,0,0
13257,12:15:2:1:6:1,1,,4,0,0,1,0,0,0,0
13258,12:15:2:2:9:2,1,,4,0,0,1,0,0,0,0
13259,12:15:2:3:15:3,1,,4,0,0,1,0,0,0,0
13260,12:15:3:0:0:1,1,,4,0,0,1,0,0,0,0
13261,12:15:3:1:6:1,1,,4,0,0,1,0,0,0,0
13262,12:15:3:2:9:2,1,,4,0,0,1,0,0,0,0
13263,12:15:3:3:15:3,1,,4,0,0,1,0,0,0,0
13264,12:15:4:0:0:1,0,0,0,,,0,0,0,0,0
13265,12:15:4:1:6:1,0,0,0,,,0,0,0,0,0
13266,12:15:4:2:9:2,0,0,0,,,0,0,0,0,0
13267,12:15:4:3:15:3,1,,4,0,0,1,0,0,0,0
13268,12:15:5:0:0:1,0,0,0,,,0,0,0,0,0
13269,12:15:5:1:6:1,0,0,0,,,0,0,0,0,0
13270,12:15:5:2:9:2,0,0,0,,,0,0,0,0,0
13271,12:15:5:3:15:3,1,,4,0,0,1,0,0,0,0
13272,12:15:6:0:0:1,0,0,0,,,0,0,0,0,0
13273,12:15:6:1:6:1,0,0,0,,,0,0,0,0,0
13274,12:15:6:2:9:2,0,0,0,,,0,0,0,0,0
13275,12:15:6:3:15:3,1,,4,0,0,1,0,0,0,0
13276,12:15:7:0:0:1,0,0,0,,,0,0,0,0,0
13277,12:15:7:1:6:1,0,0,0,,,0,0,0,0,0
13278,12:15:7:2:9:2,0,0,0,,,0,0,0,0,0
13279,12:15:7:3:15:3,1,,4,0,0,1,0,0,0,0
13280,12:15:8:0:0:1,0,0,0,,,0,0,0,0,0
13281,12:15:8:1:6:1,0,0,0,,,0,0,0,0,0
13282,12:15:8:2:9:2,0,0,0,,,0,0,0,0,0
13283,12:15:8:3:15:3,1,,4,0,0,1,0,0,0,0
13284,12:15:9:0:0:1,0,0,0,,,0,0,0,0,0
13285,12:15:9:1:6:1,0,0,0,,,0,0,0,0,0
13286,12:15:9:2:9:2,0,0,0,,,0,0,0,0,0
13287,12:15:9:3:15:3,1,,4,0,0,1,0,0,0,0
13288,12:15:10:0:0:1,0,0,0,,,0,0,0,0,0
13289,12:15:10:1:6:1,0,0,0,,,0,0,0,0,0
13290,12:15:10:2:9:2,0,0,0,,,0,0,0,0,0
13291,12:15:10:3:15:3,1,,4,0,0,1,0,0,0,0
13292,12:15:11:0:0:1,0,0,0,,,0,0,0,0,0
13293,12:15:11:1:6:1,0,0,0,,,0,0,0,0,0
13294,12:15:11:2:9:2,0,0,0,,,0,0,0,0,0
13295,12:15:11:3:15:3,1,,4,0,0,1,0,0,0,0
13296,12:15:12:0:0:1,1,1,2,1,1,2,0,0,0,0
13297,12:15:12:1:6:1,1,1,2,1,1,2,0,0,0,0
13298,12:15:12:2:9:2,1,1,2,1,1,2,0,0,0,0
13299,12:15:12:3:15:3,1,,4,0,0,1,0,0,0,0
13300,12:15:13:0:0:1,0,0,0,,,0,0,0,0,0
13301,12:15:13:1:6:1,0,0,0,,,0,0,0,0,0
13302,12:15:13:2:9:2,0,0,0,,,0,0,0,0,0
13303,12:15:13:3:15:3,1,,4,0,0,1,0,0,0,0
13304,12:15:14:0:0:1,0,0,0,,,0,0,0,0,0
13305,12:15:14:1:6:1,0,0,0,,,0,0,0,0,0
13306,12:15:14:2:9:2,0,0,0,,,0,0,0,0,0
13307,12:15:14:3:15:3,1,,4,0,0,1,0,0,0,0
13308,12:15:15:0:0:1,1,2,2,2,2,2,0,0,0,0
13309,12:15:15:1:6:1,1,2,2,2,2,2,0,0,0,0
13310,12:15:15:2:9:2,1,2,2,2,2,2,0,0,0,0
13311,12:15:15:3:15:3,1,,4,0,0,1,0,0,0,0
13312,13:0:0:0:0:1,1,,4,0,0,1,0,0,0,0
13313,13:0:0:1:6:1,1,,4,0,0,1,0,0,0,0
13314,13:0:0:2:9:2,1,,4,0,0,1,0,0,0,0
13315,13:0:0:3:15:3,1,,4,0,0,1,0,0,0,0
13316,13:0:1:0:0:1,1,,4,0,0,1,0,0,0,0
13317,13:0:1:1:6:1,1,,4,0,0,1,0,0,0,0
13318,13:0:1:2:9:2,1,,4,0,0,1,0,0,0,0
13319,13:0:1:3:15:3,1,,4,0,0,1,0,0,0,0
13320,13:0:2:0:0:1,1,,4,0,0,1,0,0,0,0
13321,13:0:2:1:6:1,1,,4,0,0,1,0,0,0,0
13322,13:0:2:2:9:2,1,,4,0,0,1,0,0,0,0
13323,13:0:2:3:15:3,1,,4,0,0,1,0,0,0,0
13324,13:0:3:0:0:1,1,,4,0,0,1,0,0,0,0
13325,13:0:3:1:6:1,1,,4,0,0,1,0,0,0,0
13326,13:0:3:2:9:2,1,,4,0,0,1,0,0,0,0
13327,13:0:3:3:15:3,1,,4,0,0,1,0,0,0,0
13328,13:0:4:0:0:1,0,0,0,,,0,0,0,0,0
13329,13:0:4:1:6:1,0,0,0,,,0,0,0,0,0
13330,13:0:4:2:9:2,0,0,0,,,0,0,0,0,0
13331,13:0:4:3:15:3,1,,4,0,0,1,0,0,0,0
13332,13:0:5:0:0:1,0,0,0,,,0,0,0,0,0
13333,13:0:5:1:6:1,0,0,0,,,0,0,0,0,0
13334,13:0:5:2:9:2,0,0,0,,,0,0,0,0,0
13335,13:0:5:3:15:3,1,,4,0,0,1,0,0,0,0
13336,13:0:6:0:0:1,0,0,0,,,0,0,0,0,0
13337,13:0:6:1:6:1,0,0,0,,,0,0,0,0,0
13338,13:0:6:2:9:2,0,0,0,,,0,0,0,0,0
13339,13:0:6:3:15:3,1,,4,0,0,1,0,0,0,0
13340,13:0:7:0:0:1,0,0,0,,,0,0,0,0,0
13341,13:0:7:1:6:1,0,0,0,,,0,0,0,0,0
13342,13:0:7:2:9:2,0,0,0,,,0,0,0,0,0
13343,13:0:7:3:15:3,1,,4,0,0,1,0,0,0,0
13344,13:0:8:0:0:1,0,0,0,,,0,0,0,0,0
13345,13:0:8:1:6:1,0,0,0,,,0,0,0,0,0
13346,13:0:8:2:9:2,0,0,0,,,0,0,0,0,0
13347,13:0:8:3:15:3,1,,4,0,0,1,0,0,0,0
13348,13:0:9:0:0:1,0,0,0,,,0,0,0,0,0
13349,13:0:9:1:6:1,0,0,0,,,0,0,0,0,0
13350,13:0:9:2:9:2,0,0,0,,,0,0,0,0,0
13351,13:0:9:3:15:3,1,,4,0,0,1,0,0,0,0
13352,13:0:10:0:0:1,0,0,0,,,0,0,0,0,0
13353,13:0:10:1:6:1,0,0,0,,,0,0,0,0,0
13354,13:0:10:2:9:2,0,0,0,,,0,0,0,0,0
13355,13:0:10:3:15:3,1,,4,0,0,1,0,0,0,0
13356,13:0:11:0:0:1,0,0,0,,,0,0,0,0,0
13357,13:0:11:1:6:1,0,0,0,,,0,0,0,0,0
13358,13:0:11:2:9:2,0,0,0,,,0,0,0,0,0
13359,13:0:11:3:15:3,1,,4,0,0,1,0,0,0,0
13360,13:0:12:0:0:1,0,0,0,,,0,0,0,0,0
13361,13:0:12:1:6:1,0,0,0,,,0,0,0,0,0
13362,13:0:12:2:9:2,0,0,0,,,0,0,0,0,0
13363,13:0:12:3:15:3,1,,4,0,0,1,0,0,0,0
13364,13:0:13:0:0:1,1,1,2,1,1,2,0,0,0,0
13365,13:0:13:1:6:1,1,1,2,1,1,2,0,0,0,0
13366,13:0:13:2:9:2,1,1,2,1,1,2,0,0,0,0
13367,13:0:13:3:15:3,1,,4,0,0,1,0,0,0,0
13368,13:0:14:0:0:1,0,0,0,,,0,0,0,0,0
13369,13:0:14:1:6:1,0,0,0,,,0,0,0,0,0
13370,13:0:14:2:9:2,0,0,0,,,0,0,0,0,0
13371,13:0:14:3:15:3,1,,4,0,0,1,0,0,0,0
13372,13:0:15:0:0:1,0,0,0,,,0,0,0,0,0
13373,13:0:15:1:6:1,0,0,0,,,0,0,0,0,0
13374,13:0:15:2:9:2,0,0,0,,,0,0,0,0,0
13375,13:0:15:3:15:3,1,,4,0,0,1,0,0,0,0
13376,13:1:0:0:0:1,1,,4,0,0,1,0,0,0,0
13377,13:1:0:1:6:1,1,,4,0,0,1,0,0,0,0
13378,13:1:0:2:9:2,1,,4,0,0,1,0,0,0,0
13379,13:1:0:3:15:3,1,,4,0,0,1,0,0,0,0
13380,13:1:1:0:0:1,1,,4,0,0,1,0,0,0,0
13381,13:1:1:1:6:1,1,,4,0,0,1,0,0,0,0
13382,13:1:1:2:9:2,1,,4,0,0,1,0,0,0,0
13383,13:1:1:3:15:3,1,,4,0,0,1,0,0,0,0
13384,13:1:2:0:0:1,1,,4,0,0,1,0,0,0,0
13385,13:1:2:1:6:1,1,,4,0,0,1,0,0,0,0
13386,13:1:2:2:9:2,1,,4,0,0,1,0,0,0,0
13387,13:1:2:3:15:3,1,,4,0,0,1,0,0,0,0
13388,13:1:3:0:0:1,1,,4,0,0,1,0,0,0,0
13389,13:1:3:1:6:1,1,,4,0,0,1,0,0,0,0
13390,13:1:3:2:9:2,1,,4,0,0,1,0,0,0,0
13391,13:1:3:3:15:3,1,,4,0,0,1,0,0,0,0
13392,13:1:4:0:0:1,0,0,0,,,0,0,0,0,0
13393,13:1:4:1:6:1,0,0,0,,,0,0,0,0,0
13394,13:1:4:2:9:2,0,0,0,,,0,0,0,0,0
13395,13:1:4:3:15:3,1,,4,0,0,1,0,0,0,0
13396,13:1:5:0:0:1,0,0,0,,,0,0,0,0,0
13397,13:1:5:1:6:1,0,0,0,,,0,0,0,0,0
13398,13:1:5:2:9:2,0,0,0,,,0,0,0,0,0
13399,13:1:5:3:15:3,1,,4,0,0,1,0,0,0,0
13400,13:1:6:0:0:1,0,0,0,,,0,0,0,0,0
13401,13:1:6:1:6:1,0,0,0,,,0,0,0,0,0
13402,13:1:6:2:9:2,0,0,0,,,0,0,0,0,0
13403,13:1:6:3:15:3,1,,4,0,0,1,0,0,0,0
13404,13:1:7:0:0:1,0,0,0,,,0,0,0,0,0
13405,13:1:7:1:6:1,0,0,0,,,0,0,0,0,0
13406,13:1:7:2:9:2,0,0,0,,,0,0,0,0,0
13407,13:1:7:3:15:3,1,,4,0,0,1,0,0,0,0
13408,13:1:8:0:0:1,0,0,0,,,0,0,0,0,0
13409,13:1:8:1:6:1,0,0,0,,,0,0,0,0,0
13410,13:1:8:2:9:2,0,0,0,,,0,0,0,0,0
13411,13:1:8:3:15:3,1,,4,0,0,1,0,0,0,0
13412,13:1:9:0:0:1,0,0,0,,,0,0,0,0,0
13413,13:1:9:1:6:1,0,0,0,,,0,0,0,0,0
13414,13:1:9:2:9:2,0,0,0,,,0,0,0,0,0
13415,13:1:9:3:15:3,1,,4,0,0,1,0,0,0,0
13416,13:1:10:0:0:1,0,0,0,,,0,0,0,0,0
13417,13:1:10:1:6:1,0,0,0,,,0,0,0,0,0
13418,13:1:10:2:9:2,0,0,0,,,0,0,0,0,0
13419,13:1:10:3:15:3,1,,4,0,0,1,0,0,0,0
13420,13:1:11:0:0:1,0,0,0,,,0,0,0,0,0
13421,13:1:11:1:6:1,0,0,0,,,0,0,0,0,0
13422,13:1:11:2:9:2,0,0,0,,,0,0,0,0,0
13423,13:1:11:3:15:3,1,,4,0,0,1,0,0,0,0
13424,13:1:12:0:0:1,0,0,0,,,0,0,0,0,0
13425,13:1:12:1:6:1,0,0,0,,,0,0,0,0,0
13426,13:1:12:2:9:2,0,0,0,,,0,0,0,0,0
13427,13:1:12:3:15:3,1,,4,0,0,1,0,0,0,0
13428,13:1:13:0:0:1,1,1,2,1,1,2,0,0,0,0
13429,13:1:13:1:6:1,1,1,2,1,1,2,0,0,0,0
13430,13:1:13:2:9:2,1,1,2,1,1,2,0,0,0,0
13431,13:1:13:3:15:3,1,,4,0,0,1,0,0,0,0
13432,13:1:14:0:0:1,0,0,0,,,0,0,0,0,0
13433,13:1:14:1:6:1,0,0,0,,,0,0,0,0,0
13434,13:1:14:2:9:2,0,0,0,,,0,0,0,0,0
13435,13:1:14:3:15:3,1,,4,0,0,1,0,0,0,0
13436,13:1:15:0:0:1,0,0,0,,,0,0,0,0,0
13437,13:1:15:1:6:1,0,0,0,,,0,0,0,0,0
13438,13:1:15:2:9:2,0,0,0,,,0,0,0,0,0
13439,13:1:15:3:15:3,1,,4,0,0,1,0,0,0,0
13440,13:2:0:0:0:1,1,,4,0,0,1,0,0,0,0
13441,13:2:0:1:6:1,1,,4,0,0,1,0,0,0,0
13442,13:2:0:2:9:2,1,,4,0,0,1,0,0,0,0
13443,13:2:0:3:15:3,1,,4,0,0,1,0,0,0,0
13444,13:2:1:0:0:1,1,,4,0,0,1,0,0,0,0
13445,13:2:1:1:6:1,1,,4,0,0,1,0,0,0,0
13446,13:2:1:2:9:2,1,,4,0,0,1,0,0,0,0
13447,13:2:1:3:15:3,1,,4,0,0,1,0,0,0,0
13448,13:2:2:0:0:1,1,,4,0,0,1,0,0,0,0
13449,13:2:2:1:6:1,1,,4,0,0,1,0,0,0,0
13450,13:2:2:2:9:2,1,,4,0,0,1,0,0,0,0
13451,13:2:2:3:15:3,1,,4,0,0,1,0,0,0,0
13452,13:2:3:0:0:1,1,,4,0,0,1,0,0,0,0
13453,13:2:3:1:6:1,1,,4,0,0,1,0,0,0,0
13454,13:2:3:2:9:2,1,,4,0,0,1,0,0,0,0
13455,13:2:3:3:15:3,1,,4,0,0,1,0,0,0,0
13456,13:2:4:0:0:1,0,0,0,,,0,0,0,0,0
13457,13:2:4:1:6:1,0,0,0,,,0,0,0,0,0
13458,13:2:4:2:9:2,0,0,0,,,0,0,0,0,0
13459,13:2:4:3:15:3,1,,4,0,0,1,0,0,0,0
13460,13:2:5:0:0:1,0,0,0,,,0,0,0,0,0
13461,13:2:5:1:6:1,0,0,0,,,0,0,0,0,0
13462,13:2:5:2:9:2,0,0,0,,,0,0,0,0,0
13463,13:2:5:3:15:3,1,,4,0,0,1,0,0,0,0
13464,13:2:6:0:0:1,0,0,0,,,0,0,0,0,0
13465,13:2:6:1:6:1,0,0,0,,,0,0,0,0,0
13466,13:2:6:2:9:2,0,0,0,,,0,0,0,0,0
13467,13:2:6:3:15:3,1,,4,0,0,1,0,0,0,0
13468,13:2:7:0:0:1,0,0,0,,,0,0,0,0,0
13469,13:2:7:1:6:1,0,0,0,,,0,0,0,0,0
13470,13:2:7:2:9:2,0,0,0,,,0,0,0,0,0
13471,13:2:7:3:15:3,1,,4,0,0,1,0,0,0,0
13472,13:2:8:0:0:1,0,0,0,,,0,0,0,0,0
13473,13:2:8:1:6:1,0,0,0,,,0,0,0,0,0
13474,13:2:8:2:9:2,0,0,0,,,0,0,0,0,0
13475,13:2:8:3:15:3,1,,4,0,0,1,0,0,0,0
13476,13:2:9:0:0:1,0,0,0,,,0,0,0,0,0
13477,13:2:9:1:6:1,0,0,0,,,0,0,0,0,0
13478,13:2:9:2:9:2,0,0,0,,,0,0,0,0,0
13479,13:2:9:3:15:3,1,,4,0,0,1,0,0,0,0
13480,13:2:10:0:0:1,0,0,0,,,0,0,0,0,0
13481,13:2:10:1:6:1,0,0,0,,,0,0,0,0,0
13482,13:2:10:2:9:2,0,0,0,,,0,0,0,0,0
13483,13:2:10:3:15:3,1,,4,0,0,1,0,0,0,0
13484,13:2:11:0:0:1,0,0,0,,,0,0,0,0,0
13485,13:2:11:1:6:1,0,0,0,,,0,0,0,0,0
13486,13:2:11:2:9:2,0,0,0,,,0,0,0,0,0
13487,13:2:11:3:15:3,1,,4,0,0,1,0,0,0,0
13488,13:2:12:0:0:1,0,0,0,,,0,0,0,0,0
13489,13:2:12:1:6:1,0,0,0,,,0,0,0,0,0
13490,13:2:12:2:9:2,0,0,0,,,0,0,0,0,0
13491,13:2:12:3:15:3,1,,4,0,0,1,0,0,0,0
13492,13:2:13:0:0:1,1,1,2,1,1,2,0,0,0,0
13493,13:2:13:1:6:1,1,1,2,1,1,2,0,0,0,0
13494,13:2:13:2:9:2,1,1,2,1,1,2,0,0,0,0
13495,13:2:13:3:15:3,1,,4,0,0,1,0,0,0,0
13496,13:2:14:0:0:1,0,0,0,,,0,0,0,0,0
13497,13:2:14:1:6:1,0,0,0,,,0,0,0,0,0
13498,13:2:14:2:9:2,0,0,0,,,0,0,0,0,0
13499,13:2:14:3:15:3,1,,4,0,0,1,0,0,0,0
13500,13:2:15:0:0:1,0,0,0,,,0,0,0,0,0
13501,13:2:15:1:6:1,0,0,0,,,0,0,0,0,0
13502,13:2:15:2:9:2,0,0,0,,,0,0,0,0,0
13503,13:2:15:3:15:3,1,,4,0,0,1,0,0,0,0
13504,13:3:0:0:0:1,1,,4,0,0,1,0,0,0,0
13505,13:3:0:1:6:1,1,,4,0,0,1,0,0,0,0
13506,13:3:0:2:9:2,1,,4,0,0,1,0,0,0,0
13507,13:3:0:3:15:3,1,,4,0,0,1,0,0,0,0
13508,13:3:1:0:0:1,1,,4,0,0,1,0,0,0,0
13509,13:3:1:1:6:1,1,,4,0,0,1,0,0,0,0
13510,13:3:1:2:9:2,1,,4,0,0,1,0,0,0,0
13511,13:3:1:3:15:3,1,,4,0,0,1,0,0,0,0
13512,13:3:2:0:0:1,1,,4,0,0,1,0,0,0,0
13513,13:3:2:1:6:1,1,,4,0,0,1,0,0,0,0
13514,13:3:2:2:9:2,1,,4,0,0,1,0,0,0,0
13515,13:3:2:3:15:3,1,,4,0,0,1,0,0,0,0
13516,13:3:3:0:0:1,1,,4,0,0,1,0,0,0,0
13517,13:3:3:1:6:1,1,,4,0,0,1,0,0,0,0
13518,13:3:3:2:9:2,1,,4,0,0,1,0,0,0,0
13519,13:3:3:3:15:3,1,,4,0,0,1,0,0,0,0
13520,13:3:4:0:0:1,0,0,0,,,0,0,0,0,0
13521,13:3:4:1:6:1,0,0,0,,,0,0,0,0,0
13522,13:3:4:2:9:2,0,0,0,,,0,0,0,0,0
13523,13:3:4:3:15:3,1,,4,0,0,1,0,0,0,0
13524,13:3:5:0:0:1,0,0,0,,,0,0,0,0,0
13525,13:3:5:1:6:1,0,0,0,,,0,0,0,0,0
13526,13:3:5:2:9:2,0,0,0,,,0,0,0,0,0
13527,13:3:5:3:15:3,1,,4,0,0,1,0,0,0,0
13528,13:3:6:0:0:1,0,0,0,,,0,0,0,0,0
13529,13:3:6:1:6:1,0,0,0,,,0,0,0,0,0
13530,13:3:6:2:9:2,0,0,0,,,0,0,0,0,0
13531,13:3:6:3:15:3,1,,4,0,0,1,0,0,0,0
13532,13:3:7:0:0:1,0,0,0,,,0,0,0,0,0
13533,13:3:7:1:6:1,0,0,0,,,0,0,0,0,0
13534,13:3:7:2:9:2,0,0,0,,,0,0,0,0,0
13535,13:3:7:3:15:3,1,,4,0,0,1,0,0,0,0
13536,13:3:8:0:0:1,0,0,0,,,0,0,0,0,0
13537,13:3:8:1:6:1,0,0,0,,,0,0,0,0,0
13538,13:3:8:2:9:2,0,0,0,,,0,0,0,0,0
13539,13:3:8:3:15:3,1,,4,0,0,1,0,0,0,0
13540,13:3:9:0:0:1,0,0,0,,,0,0,0,0,0
13541,13:3:9:1:6:1,0,0,0,,,0,0,0,0,0
13542,13:3:9:2:9:2,0,0,0,,,0,0,0,0,0
13543,13:3:9:3:15:3,1,,4,0,0,1,0,0,0,0
13544,13:3:10:0:0:1,0,0,0,,,0,0,0,0,0
13545,13:3:10:1:6:1,0,0,0,,,0,0,0,0,0
13546,13:3:10:2:9:2,0,0,0,,,0,0,0,0,0
13547,13:3:10:3:15:3,1,,4,0,0,1,0,0,0,0
13548,13:3:11:0:0:1,0,0,0,,,0,0,0,0,0
13549,13:3:11:1:6:1,0,0,0,,,0,0,0,0,0
13550,13:3:11:2:9:2,0,0,0,,,0,0,0,0,0
13551,13:3:11:3:15:3,1,,4,0,0,1,0,0,0,0
13552,13:3:12:0:0:1,0,0,0,,,0,0,0,0,0
13553,13:3:12:1:6:1,0,0,0,,,0,0,0,0,0
13554,13:3:12:2:9:2,0,0,0,,,0,0,0,0,0
13555,13:3:12:3:15:3,1,,4,0,0,1,0,0,0,0
13556,13:3:13:0:0:1,1,1,2,1,1,2,0,0,0,0
13557,13:3:13:1:6:1,1,1,2,1,1,2,0,0,0,0
13558,13:3:13:2:9:2,1,1,2,1,1,2,0,0,0,0
13559,13:3:13:3:15:3,1,,4,0,0,1,0,0,0,0
13560,13:3:14:0:0:1,0,0,0,,,0,0,0,0,0
13561,13:3:14:1:6:1,0,0,0,,,0,0,0,0,0
13562,13:3:14:2:9:2,0,0,0,,,0,0,0,0,0
13563,13:3:14:3:15:3,1,,4,0,0,1,0,0,0,0
13564,13:3:15:0:0:1,0,0,0,,,0,0,0,0,0
13565,13:3:15:1:6:1,0,0,0,,,0,0,0,0,0
13566,13:3:15:2:9:2,0,0,0,,,0,0,0,0,0
13567,13:3:15:3:15:3,1,,4,0,0,1,0,0,0,0
13568,13:4:0:0:0:1,1,,4,0,0,1,0,0,0,0
13569,13:4:0:1:6:1,1,,4,0,0,1,0,0,0,0
13570,13:4:0:2:9:2,1,,4,0,0,1,0,0,0,0
13571,13:4:0:3:15:3,1,,4,0,0,1,0,0,0,0
13572,13:4:1:0:0:1,1,,4,0,0,1,0,0,0,0
13573,13:4:1:1:6:1,1,,4,0,0,1,0,0,0,0
13574,13:4:1:2:9:2,1,,4,0,0,1,0,0,0,0
13575,13:4:1:3:15:3,1,,4,0,0,1,0,0,0,0
13576,13:4:2:0:0:1,1,,4,0,0,1,0,0,0,0
13577,13:4:2:1:6:1,1,,4,0,0,1,0,0,0,0
13578,13:4:2:2:9:2,1,,4,0,0,1,0,0,0,0
13579,13:4:2:3:15:3,1,,4,0,0,1,0,0,0,0
13580,13:4:3:0:0:1,1,,4,0,0,1,0,0,0,0
13581,13:4:3:1:6:1,1,,4,0,0,1,0,0,0,0
13582,13:4:3:2:9:2,1,,4,0,0,1,0,0,0,0
13583,13:4:3:3:15:3,1,,4,0,0,1,0,0,0,0
13584,13:4:4:0:0:1,1,2,2,2,2,2,0,0,0,0
13585,13:4:4:1:6:1,1,2,2,2,2,2,0,0,0,0
13586,13:4:4:2:9:2,1,2,2,2,2,2,0,0,0,0
13587,13:4:4:3:15:3,1,,4,0,0,1,0,0,0,0
13588,13:4:5:0:0:1,0,0,0,,,0,0,0,0,0
13589,13:4:5:1:6:1,0,0,0,,,0,0,0,0,0
13590,13:4:5:2:9:2,0,0,0,,,0,0,0,0,0
13591,13:4:5:3:15:3,1,,4,0,0,1,0,0,0,0
13592,13:4:6:0:0:1,0,0,0,,,0,0,0,0,0
13593,13:4:6:1:6:1,0,0,0,,,0,0,0,0,0
13594,13:4:6:2:9:2,0,0,0,,,0,0,0,0,0
13595,13:4:6:3:15:3,1,,4,0,0,1,0,0,0,0
13596,13:4:7:0:0:1,0,0,0,,,0,0,0,0,0
13597,13:4:7:1:6:1,0,0,0,,,0,0,0,0,0
13598,13:4:7:2:9:2,0,0,0,,,0,0,0,0,0
13599,13:4:7:3:15:3,1,,4,0,0,1,0,0,0,0
13600,13:4:8:0:0:1,0,0,0,,,0,0,0,0,0
13601,13:4:8:1:6:1,0,0,0,,,0,0,0,0,0
13602,13:4:8:2:9:2,0,0,0,,,0,0,0,0,0
13603,13:4:8:3:15:3,1,,4,0,0,1,0,0,0,0
13604,13:4:9:0:0:1,0,0,0,,,0,0,0,0,0
13605,13:4:9:1:6:1,0,0,0,,,0,0,0,0,0
13606,13:4:9:2:9:2,0,0,0,,,0,0,0,0,0
13607,13:4:9:3:15:3,1,,4,0,0,1,0,0,0,0
13608,13:4:10:0:0:1,0,0,0,,,0,0,0,0,0
13609,13:4:10:1:6:1,0,0,0,,,0,0,0,0,0
13610,13:4:10:2:9:2,0,0,0,,,0,0,0,0,0
13611,13:4:10:3:15:3,1,,4,0,0,1,0,0,0,0
13612,13:4:11:0:0:1,0,0,0,,,0,0,0,0,0
13613,13:4:11:1:6:1,0,0,0,,,0,0,0,0,0
13614,13:4:11:2:9:2,0,0,0,,,0,0,0,0,0
13615,13:4:11:3:15:3,1,,4,0,0,1,0,0,0,0
13616,13:4:12:0:0:1,0,0,0,,,0,0,0,0,0
13617,13:4:12:1:6:1,0,0,0,,,0,0,0,0,0
13618,13:4:12:2:9:2,0,0,0,,,0,0,0,0,0
13619,13:4:12:3:15:3,1,,4,0,0,1,0,0,0,0
13620,13:4:13:0:0:1,1,1,2,1,1,2,0,0,0,0
13621,13:4:13:1:6:1,1,1,2,1,1,2,0,0,0,0
13622,13:4:13:2:9:2,1,1,2,1,1,2,0,0,0,0
13623,13:4:13:3:15:3,1,,4,0,0,1,0,0,0,0
13624,13:4:14:0:0:1,0,0,0,,,0,0,0,0,0
13625,13:4:14:1:6:1,0,0,0,,,0,0,0,0,0
13626,13:4:14:2:9:2,0,0,0,,,0,0,0,0,0
13627,13:4:14:3:15:3,1,,4,0,0,1,0,0,0,0
13628,13:4:15:0:0:1,0,0,0,,,0,0,0,0,0
13629,13:4:15:1:6:1,0,0,0,,,0,0,0,0,0
13630,13:4:15:2:9:2,0,0,0,,,0,0,0,0,0
13631,13:4:15:3:15:3,1,,4,0,0,1,0,0,0,0
13632,13:5:0:0:0:1,1,,4,0,0,1,0,0,0,0
13633,13:5:0:1:6:1,1,,4,0,0,1,0,0,0,0
13634,13:5:0:2:9:2,1,,4,0,0,1,0,0,0,0
13635,13:5:0:3:15:3,1,,4,0,0,1,0,0,0,0
13636,13:5:1:0:0:1,1,,4,0,0,1,0,0,0,0
13637,13:5:1:1:6:1,1,,4,0,0,1,0,0,0,0
13638,13:5:1:2:9:2,1,,4,0,0,1,0,0,0,0
13639,13:5:1:3:15:3,1,,4,0,0,1,0,0,0,0
13640,13:5:2:0:0:1,1,,4,0,0,1,0,0,0,0
13641,13:5:2:1:6:1,1,,4,0,0,1,0,0,0,0
13642,13:5:2:2:9:2,1,,4,0,0,1,0,0,0,0
13643,13:5:2:3:15:3,1,,4,0,0,1,0,0,0,0
13644,13:5:3:0:0:1,1,,4,0,0,1,0,0,0,0
13645,13:5:3:1:6:1,1,,4,0,0,1,0,0,0,0
13646,13:5:3:2:9:2,1,,4,0,0,1,0,0,0,0
13647,13:5:3:3:15:3,1,,4,0,0,1,0,0,0,0
13648,13:5:4:0:0:1,0,0,0,,,0,0,0,0,0
13649,13:5:4:1:6:1,0,0,0,,,0,0,0,0,0
13650,13:5:4:2:9:2,0,0,0,,,0,0,0,0,0
13651,13:5:4:3:15:3,1,,4,0,0,1,0,0,0,0
13652,13:5:5:0:0:1,1,2,2,2,2,2,0,0,0,0
13653,13:5:5:1:6:1,1,2,2,2,2,2,0,0,0,0
13654,13:5:5:2:9:2,1,2,2,2,2,2,0,0,0,0
13655,13:5:5:3:15:3,1,,4,0,0,1,0,0,0,0
13656,13:5:6:0:0:1,0,0,0,,,0,0,0,0,0
13657,13:5:6:1:6:1,0,0,0,,,0,0,0,0,0
13658,13:5:6:2:9:2,0,0,0,,,0,0,0,0,0
13659,13:5:6:3:15:3,1,,4,0,0,1,0,0,0,0
13660,13:5:7:0:0:1,0,0,0,,,0,0,0,0,0
13661,13:5:7:1:6:1,0,0,0,,,0,0,0,0,0
13662,13:5:7:2:9:2,0,0,0,,,0,0,0,0,0
13663,13:5:7:3:15:3,1,,4,0,0,1,0,0,0,0
13664,13:5:8:0:0:1,0,0,0,,,0,0,0,0,0
13665,13:5:8:1:6:1,0,0,0,,,0,0,0,0,0
13666,13:5:8:2:9:2,0,0,0,,,0,0,0,0,0
13667,13:5:8:3:15:3,1,,4,0,0,1,0,0,0,0
13668,13:5:9:0:0:1,0,0,0,,,0,0,0,0,0
13669,13:5:9:1:6:1,0,0,0,,,0,0,0,0,0
13670,13:5:9:2:9:2,0,0,0,,,0,0,0,0,0
13671,13:5:9:3:15:3,1,,4,0,0,1,0,0,0,0
13672,13:5:10:0:0:1,0,0,0,,,0,0,0,0,0
13673,13:5:10:1:6:1,0,0,0,,,0,0,0,0,0
13674,13:5:10:2:9:2,0,0,0,,,0,0,0,0,0
13675,13:5:10:3:15:3,1,,4,0,0,1,0,0,0,0
13676,13:5:11:0:0:1,0,0,0,,,0,0,0,0,0
13677,13:5:11:1:6:1,0,0,0,,,0,0,0,0,0
13678,13:5:11:2:9:2,0,0,0,,,0,0,0,0,0
13679,13:5:11:3:15:3,1,,4,0,0,1,0,0,0,0
13680,13:5:12:0:0:1,0,0,0,,,0,0,0,0,0
13681,13:5:12:1:6:1,0,0,0,,,0,0,0,0,0
13682,13:5:12:2:9:2,0,0,0,,,0,0,0,0,0
13683,13:5:12:3:15:3,1,,4,0,0,1,0,0,0,0
13684,13:5:13:0:0:1,1,1,2,1,1,2,0,0,0,0
13685,13:5:13:1:6:1,1,1,2,1,1,2,0,0,0,0
13686,13:5:13:2:9:2,1,1,2,1,1,2,0,0,0,0
13687,13:5:13:3:15:3,1,,4,0,0,1,0,0,0,0
13688,13:5:14:0:0:1,0,0,0,,,0,0,0,0,0
13689,13:5:14:1:6:1,0,0,0,,,0,0,0,0,0
13690,13:5:14:2:9:2,0,0,0,,,0,0,0,0,0
13691,13:5:14:3:15:3,1,,4,0,0,1,0,0,0,0
13692,13:5:15:0:0:1,0,0,0,,,0,0,0,0,0
13693,13:5:15:1:6:1,0,0,0,,,0,0,0,0,0
13694,13:5:15:2:9:2,0,0,0,,,0,0,0,0,0
13695,13:5:15:3:15:3,1,,4,0,0,1,0,0,0,0
13696,13:6:0:0:0:1,1,,4,0,0,1,0,0,0,0
13697,13:6:0:1:6:1,1,,4,0,0,1,0,0,0,0
13698,13:6:0:2:9:2,1,,4,0,0,1,0,0,0,0
13699,13:6:0:3:15:3,1,,4,0,0,1,0,0,0,0
13700,13:6:1:0:0:1,1,,4,0,0,1,0,0,0,0
13701,13:6:1:1:6:1,1,,4,0,0,1,0,0,0,0
13702,13:6:1:2:9:2,1,,4,0,0,1,0,0,0,0
13703,13:6:1:3:15:3,1,,4,0,0,1,0,0,0,0
13704,13:6:2:0:0:1,1,,4,0,0,1,0,0,0,0
13705,13:6:2:1:6:1,1,,4,0,0,1,0,0,0,0
13706,13:6:2:2:9:2,1,,4,0,0,1,0,0,0,0
13707,13:6:2:3:15:3,1,,4,0,0,1,0,0,0,0
13708,13:6:3:0:0:1,1,,4,0,0,1,0,0,0,0
13709,13:6:3:1:6:1,1,,4,0,0,1,0,0,0,0
13710,13:6:3:2:9:2,1,,4,0,0,1,0,0,0,0
13711,13:6:3:3:15:3,1,,4,0,0,1,0,0,0,0
13712,13:6:4:0:0:1,0,0,0,,,0,0,0,0,0
13713,13:6:4:1:6:1,0,0,0,,,0,0,0,0,0
13714,13:6:4:2:9:2,0,0,0,,,0,0,0,0,0
13715,13:6:4:3:15:3,1,,4,0,0,1,0,0,0,0
13716,13:6:5:0:0:1,0,0,0,,,0,0,0,0,0
13717,13:6:5:1:6:1,0,0,0,,,0,0,0,0,0
13718,13:6:5:2:9:2,0,0,0,,,0,0,0,0,0
13719,13:6:5:3:15:3,1,,4,0,0,1,0,0,0,0
13720,13:6:6:0:0:1,1,2,2,2,2,2,0,0,0,0
13721,13:6:6:1:6:1,1,2,2,2,2,2,0,0,0,0
13722,13:6:6:2:9:2,1,2,2,2,2,2,0,0,0,0
13723,13:6:6:3:15:3,1,,4,0,0,1,0,0,0,0
13724,13:6:7:0:0:1,0,0,0,,,0,0,0,0,0
13725,13:6:7:1:6:1,0,0,0,,,0,0,0,0,0
13726,13:6:7:2:9:2,0,0,0,,,0,0,0,0,0
13727,13:6:7:3:15:3,1,,4,0,0,1,0,0,0,0
13728,13:6:8:0:0:1,0,0,0,,,0,0,0,0,0
13729,13:6:8:1:6:1,0,0,0,,,0,0,0,0,0
13730,13:6:8:2:9:2,0,0,0,,,0,0,0,0,0
13731,13:6:8:3:15:3,1,,4,0,0,1,0,0,0,0
13732,13:6:9:0:0:1,0,0,0,,,0,0,0,0,0
13733,13:6:9:1:6:1,0,0,0,,,0,0,0,0,0
13734,13:6:9:2:9:2,0,0,0,,,0,0,0,0,0
13735,13:6:9:3:15:3,1,,4,0,0,1,0,0,0,0
13736,13:6:10:0:0:1,0,0,0,,,0,0,0,0,0
13737,13:6:10:1:6:1,0,0,0,,,0,0,0,0,0
13738,13:6:10:2:9:2,0,0,0,,,0,0,0,0,0
13739,13:6:10:3:15:3,1,,4,0,0,1,0,0,0,0
13740,13:6:11:0:0:1,0,0,0,,,0,0,0,0,0
13741,13:6:11:1:6:1,0,0,0,,,0,0,0,0,0
13742,13:6:11:2:9:2,0,0,0,,,0,0,0,0,0
13743,13:6:11:3:15:3,1,,4,0,0,1,0,0,0,0
13744,13:6:12:0:0:1,0,0,0,,,0,0,0,0,0
13745,13:6:12:1:6:1,0,0,0,,,0,0,0,0,0
13746,13:6:12:2:9:2,0,0,0,,,0,0,0,0,0
13747,13:6:12:3:15:3,1,,4,0,0,1,0,0,0,0
13748,13:6:13:0:0:1,1,1,2,1,1,2,0,0,0,0
13749,13:6:13:1:6:1,1,1,2,1,1,2,0,0,0,0
13750,13:6:13:2:9:2,1,1,2,1,1,2,0,0,0,0
13751,13:6:13:3:15:3,1,,4,0,0,1,0,0,0,0
13752,13:6:14:0:0:1,0,0,0,,,0,0,0,0,0
13753,13:6:14:1:6:1,0,0,0,,,0,0,0,0,0
13754,13:6:14:2:9:2,0,0,0,,,0,0,0,0,0
13755,13:6:14:3:15:3,1,,4,0,0,1,0,0,0,0
13756,13:6:15:0:0:1,0,0,0,,,0,0,0,0,0
13757,13:6:15:1:6:1,0,0,0,,,0,0,0,0,0
13758,13:6:15:2:9:2,0,0,0,,,0,0,0,0,0
13759,13:6:15:3:15:3,1,,4,0,0,1,0,0,0,0
13760,13:7:0:0:0:1,1,,4,0,0,1,0,0,0,0
13761,13:7:0:1:6:1,1,,4,0,0,1,0,0,0,0
13762,13:7:0:2:9:2,1,,4,0,0,1,0,0,0,0
13763,13:7:0:3:15:3,1,,4,0,0,1,0,0,0,0
13764,13:7:1:0:0:1,1,,4,0,0,1,0,0,0,0
13765,13:7:1:1:6:1,1,,4,0,0,1,0,0,0,0
13766,13:7:1:2:9:2,1,,4,0,0,1,0,0,0,0
13767,13:7:1:3:15:3,1,,4,0,0,1,0,0,0,0
13768,13:7:2:0:0:1,1,,4,0,0,1,0,0,0,0
13769,13:7:2:1:6:1,1,,4,0,0,1,0,0,0,0
13770,13:7:2:2:9:2,1,,4,0,0,1,0,0,0,0
13771,13:7:2:3:15:3,1,,4,0,0,1,0,0,0,0
13772,13:7:3:0:0:1,1,,4,0,0,1,0,0,0,0
13773,13:7:3:1:6:1,1,,4,0,0,1,0,0,0,0
13774,13:7:3:2:9:2,1,,4,0,0,1,0,0,0,0
13775,13:7:3:3:15:3,1,,4,0,0,1,0,0,0,0
13776,13:7:4:0:0:1,0,0,0,,,0,0,0,0,0
13777,13:7:4:1:6:1,0,0,0,,,0,0,0,0,0
13778,13:7:4:2:9:2,0,0,0,,,0,0,0,0,0
13779,13:7:4:3:15:3,1,,4,0,0,1,0,0,0,0
13780,13:7:5:0:0:1,0,0,0,,,0,0,0,0,0
13781,13:7:5:1:6:1,0,0,0,,,0,0,0,0,0
13782,13:7:5:2:9:2,0,0,0,,,0,0,0,0,0
13783,13:7:5:3:15:3,1,,4,0,0,1,0,0,0,0
13784,13:7:6:0:0:1,0,0,0,,,0,0,0,0,0
13785,13:7:6:1:6:1,0,0,0,,,0,0,0,0,0
13786,13:7:6:2:9:2,0,0,0,,,0,0,0,0,0
13787,13:7:6:3:15:3,1,,4,0,0,1,0,0,0,0
13788,13:7:7:0:0:1,1,2,2,2,2,2,0,0,0,0
13789,13:7:7:1:6:1,1,2,2,2,2,2,0,0,0,0
13790,13:7:7:2:9:2,1,2,2,2,2,2,0,0,0,0
13791,13:7:7:3:15:3,1,,4,0,0,1,0,0,0,0
13792,13:7:8:0:0:1,1,1;2,1,3,3,3,0,0,0,0
13793,13:7:8:1:6:1,1,1;2,1,3,3,3,0,0,0,0
13794,13:7:8:2:9:2,1,1;2,1,3,3,3,0,0,0,0
13795,13:7:8:3:15:3,1,,4,0,0,1,0,0,0,0
13796,13:7:9:0:0:1,0,0,0,,,0,0,0,0,0
13797,13:7:9:1:6:1,0,0,0,,,0,0,0,0,0
13798,13:7:9:2:9:2,0,0,0,,,0,0,0,0,0
13799,13:7:9:3:15:3,1,,4,0,0,1,0,0,0,0
13800,13:7:10:0:0:1,0,0,0,,,0,0,0,0,0
13801,13:7:10:1:6:1,0,0,0,,,0,0,0,0,0
13802,13:7:10:2:9:2,0,0,0,,,0,0,0,0,0
13803,13:7:10:3:15:3,1,,4,0,0,1,0,0,0,0
13804,13:7:11:0:0:1,0,0,0,,,0,0,0,0,0
13805,13:7:11:1:6:1,0,0,0,,,0,0,0,0,0
13806,13:7:11:2:9:2,0,0,0,,,0,0,0,0,0
13807,13:7:11:3:15:3,1,,4,0,0,1,0,0,0,0
13808,13:7:12:0:0:1,0,0,0,,,0,0,0,0,0
13809,13:7:12:1:6:1,0,0,0,,,0,0,0,0,0
13810,13:7:12:2:9:2,0,0,0,,,0,0,0,0,0
13811,13:7:12:3:15:3,1,,4,0,0,1,0,0,0,0
13812,13:7:13:0:0:1,1,1,2,1,1,2,0,0,0,0
13813,13:7:13:1:6:1,1,1,2,1,1,2,0,0,0,0
13814,13:7:13:2:9:2,1,1,2,1,1,2,0,0,0,0
13815,13:7:13:3:15:3,1,,4,0,0,1,0,0,0,0
13816,13:7:14:0:0:1,0,0,0,,,0,0,0,0,0
13817,13:7:14:1:6:1,0,0,0,,,0,0,0,0,0
13818,13:7:14:2:9:2,0,0,0,,,0,0,0,0,0
13819,13:7:14:3:15:3,1,,4,0,0,1,0,0,0,0
13820,13:7:15:0:0:1,0,0,0,,,0,0,0,0,0
13821,13:7:15:1:6:1,0,0,0,,,0,0,0,0,0
13822,13:7:15:2:9:2,0,0,0,,,0,0,0,0,0
13823,13:7:15:3:15:3,1,,4,0,0,1,0,0,0,0
13824,13:8:0:0:0:1,1,,4,0,0,1,0,0,0,0
13825,13:8:0:1:6:1,1,,4,0,0,1,0,0,0,0
13826,13:8:0:2:9:2,1,,4,0,0,1,0,0,0,0
13827,13:8:0:3:15:3,1,,4,0,0,1,0,0,0,0
13828,13:8:1:0:0:1,1,,4,0,0,1,0,0,0,0
13829,13:8:1:1:6:1,1,,4,0,0,1,0,0,0,0
13830,13:8:1:2:9:2,1,,4,0,0,1,0,0,0,0
13831,13:8:1:3:15:3,1,,4,0,0,1,0,0,0,0
13832,13:8:2:0:0:1,1,,4,0,0,1,0,0,0,0
13833,13:8:2:1:6:1,1,,4,0,0,1,0,0,0,0
13834,13:8:2:2:9:2,1,,4,0,0,1,0,0,0,0
13835,13:8:2:3:15:3,1,,4,0,0,1,0,0,0,0
13836,13:8:3:0:0:1,1,,4,0,0,1,0,0,0,0
13837,13:8:3:1:6:1,1,,4,0,0,1,0,0,0,0
13838,13:8:3:2:9:2,1,,4,0,0,1,0,0,0,0
13839,13:8:3:3:15:3,1,,4,0,0,1,0,0,0,0
13840,13:8:4:0:0:1,0,0,0,,,0,0,0,0,0
13841,13:8:4:1:6:1,0,0,0,,,0,0,0,0,0
13842,13:8:4:2:9:2,0,0,0,,,0,0,0,0,0
13843,13:8:4:3:15:3,1,,4,0,0,1,0,0,0,0
13844,13:8:5:0:0:1,0,0,0,,,0,0,0,0,0
13845,13:8:5:1:6:1,0,0,0,,,0,0,0,0,0
13846,13:8:5:2:9:2,0,0,0,,,0,0,0,0,0
13847,13:8:5:3:15:3,1,,4,0,0,1,0,0,0,0
13848,13:8:6:0:0:1,0,0,0,,,0,0,0,0,0
13849,13:8:6:1:6:1,0,0,0,,,0,0,0,0,0
13850,13:8:6:2:9:2,0,0,0,,,0,0,0,0,0
13851,13:8:6:3:15:3,1,,4,0,0,1,0,0,0,0
13852,13:8:7:0:0:1,1,1;2,1,3,3,3,0,0,0,0
13853,13:8:7:1:6:1,1,1;2,1,3,3,3,0,0,0,0
13854,13:8:7:2:9:2,1,1;2,1,3,3,3,0,0,0,0
13855,13:8:7:3:15:3,1,,4,0,0,1,0,0,0,0
13856,13:8:8:0:0:1,1,2,2,2,2,2,0,0,0,0
13857,13:8:8:1:6:1,1,2,2,2,2,2,0,0,0,0
13858,13:8:8:2:9:2,1,2,2,2,2,2,0,0,0,0
13859,13:8:8:3:15:3,1,,4,0,0,1,0,0,0,0
13860,13:8:9:0:0:1,0,0,0,,,0,0,0,0,0
13861,13:8:9:1:6:1,0,0,0,,,0,0,0,0,0
13862,13:8:9:2:9:2,0,0,0,,,0,0,0,0,0
13863,13:8:9:3:15:3,1,,4,0,0,1,0,0,0,0
13864,13:8:10:0:0:1,0,0,0,,,0,0,0,0,0
13865,13:8:10:1:6:1,0,0,0,,,0,0,0,0,0
13866,13:8:10:2:9:2,0,0,0,,,0,0,0,0,0
13867,13:8:10:3:15:3,1,,4,0,0,1,0,0,0,0
13868,13:8:11:0:0:1,0,0,0,,,0,0,0,0,0
13869,13:8:11:1:6:1,0,0,0,,,0,0,0,0,0
13870,13:8:11:2:9:2,0,0,0,,,0,0,0,0,0
13871,13:8:11:3:15:3,1,,4,0,0,1,0,0,0,0
13872,13:8:12:0:0:1,0,0,0,,,0,0,0,0,0
13873,13:8:12:1:6:1,0,0,0,,,0,0,0,0,0
13874,13:8:12:2:9:2,0,0,0,,,0,0,0,0,0
13875,13:8:12:3:15:3,1,,4,0,0,1,0,0,0,0
13876,13:8:13:0:0:1,1,1,2,1,1,2,0,0,0,0
13877,13:8:13:1:6:1,1,1,2,1,1,2,0,0,0,0
13878,13:8:13:2:9:2,1,1,2,1,1,2,0,0,0,0
13879,13:8:13:3:15:3,1,,4,0,0,1,0,0,0,0
13880,13:8:14:0:0:1,0,0,0,,,0,0,0,0,0
13881,13:8:14:1:6:1,0,0,0,,,0,0,0,0,0
13882,13:8:14:2:9:2,0,0,0,,,0,0,0,0,0
13883,13:8:14:3:15:3,1,,4,0,0,1,0,0,0,0
13884,13:8:15:0:0:1,0,0,0,,,0,0,0,0,0
13885,13:8:15:1:6:1,0,0,0,,,0,0,0,0,0
13886,13:8:15:2:9:2,0,0,0,,,0,0,0,0,0
13887,13:8:15:3:15:3,1,,4,0,0,1,0,0,0,0
13888,13:9:0:0:0:1,1,,4,0,0,1,0,0,0,0
13889,13:9:0:1:6:1,1,,4,0,0,1,0,0,0,0
13890,13:9:0:2:9:2,1,,4,0,0,1,0,0,0,0
13891,13:9:0:3:15:3,1,,4,0,0,1,0,0,0,0
13892,13:9:1:0:0:1,1,,4,0,0,1,0,0,0,0
13893,13:9:1:1:6:1,1,,4,0,0,1,0,0,0,0
13894,13:9:1:2:9:2,1,,4,0,0,1,0,0,0,0
13895,13:9:1:3:15:3,1,,4,0,0,1,0,0,0,0
13896,13:9:2:0:0:1,1,,4,0,0,1,0,0,0,0
13897,13:9:2:1:6:1,1,,4,0,0,1,0,0,0,0
13898,13:9:2:2:9:2,1,,4,0,0,1,0,0,0,0
13899,13:9:2:3:15:3,1,,4,0,0,1,0,0,0,0
13900,13:9:3:0:0:1,1,,4,0,0,1,0,0,0,0
13901,13:9:3:1:6:1,1,,4,0,0,1,0,0,0,0
13902,13:9:3:2:9:2,1,,4,0,0,1,0,0,0,0
13903,13:9:3:3:15:3,1,,4,0,0,1,0,0,0,0
13904,13:9:4:0:0:1,0,0,0,,,0,0,0,0,0
13905,13:9:4:1:6:1,0,0,0,,,0,0,0,0,0
13906,13:9:4:2:9:2,0,0,0,,,0,0,0,0,0
13907,13:9:4:3:15:3,1,,4,0,0,1,0,0,0,0
13908,13:9:5:0:0:1,0,0,0,,,0,0,0,0,0
13909,13:9:5:1:6:1,0,0,0,,,0,0,0,0,0
13910,13:9:5:2:9:2,0,0,0,,,0,0,0,0,0
13911,13:9:5:3:15:3,1,,4,0,0,1,0,0,0,0
13912,13:9:6:0:0:1,0,0,0,,,0,0,0,0,0
13913,13:9:6:1:6:1,0,0,0,,,0,0,0,0,0
13914,13:9:6:2:9:2,0,0,0,,,0,0,0,0,0
13915,13:9:6:3:15:3,1,,4,0,0,1,0,0,0,0
13916,13:9:7:0:0:1,0,0,0,,,0,0,0,0,0
13917,13:9:7:1:6:1,0,0,0,,,0,0,0,0,0
13918,13:9:7:2:9:2,0,0,0,,,0,0,0,0,0
13919,13:9:7:3:15:3,1,,4,0,0,1,0,0,0,0
13920,13:9:8:0:0:1,0,0,0,,,0,0,0,0,0
13921,13:9:8:1:6:1,0,0,0,,,0,0,0,0,0
13922,13:9:8:2:9:2,0,0,0,,,0,0,0,0,0
13923,13:9:8:3:15:3,1,,4,0,0,1,0,0,0,0
13924,13:9:9:0:0:1,1,2,2,2,2,2,0,0,0,0
13925,13:9:9:1:6:1,1,2,2,2,2,2,0,0,0,0
13926,13:9:9:2:9:2,1,2,2,2,2,2,0,0,0,0
13927,13:9:9:3:15:3,1,,4,0,0,1,0,0,0,0
13928,13:9:10:0:0:1,0,0,0,,,0,0,0,0,0
13929,13:9:10:1:6:1,0,0,0,,,0,0,0,0,0
13930,13:9:10:2:9:2,0,0,0,,,0,0,0,0,0
13931,13:9:10:3:15:3,1,,4,0,0,1,0,0,0,0
13932,13:9:11:0:0:1,0,0,0,,,0,0,0,0,0
13933,13:9:11:1:6:1,0,0,0,,,0,0,0,0,0
13934,13:9:11:2:9:2,0,0,0,,,0,0,0,0,0
13935,13:9:11:3:15:3,1,,4,0,0,1,0,0,0,0
13936,13:9:12:0:0:1,0,0,0,,,0,0,0,0,0
13937,13:9:12:1:6:1,0,0,0,,,0,0,0,0,0
13938,13:9:12:2:9:2,0,0,0,,,0,0,0,0,0
13939,13:9:12:3:15:3,1,,4,0,0,1,0,0,0,0
13940,13:9:13:0:0:1,1,1,2,1,1,2,0,0,0,0
13941,13:9:13:1:6:1,1,1,2,1,1,2,0,0,0,0
13942,13:9:13:2:9:2,1,1,2,1,1,2,0,0,0,0
13943,13:9:13:3:15:3,1,,4,0,0,1,0,0,0,0
13944,13:9:14:0:0:1,0,0,0,,,0,0,0,0,0
13945,13:9:14:1:6:1,0,0,0,,,0,0,0,0,0
13946,13:9:14:2:9:2,0,0,0,,,0,0,0,0,0
13947,13:9:14:3:15:3,1,,4,0,0,1,0,0,0,0
13948,13:9:15:0:0:1,0,0,0,,,0,0,0,0,0
13949,13:9:15:1:6:1,0,0,0,,,0,0,0,0,0
13950,13:9:15:2:9:2,0,0,0,,,0,0,0,0,0
13951,13:9:15:3:15:3,1,,4,0,0,1,0,0,0,0
13952,13:10:0:0:0:1,1,,4,0,0,1,0,0,0,0
13953,13:10:0:1:6:1,1,,4,0,0,1,0,0,0,0
13954,13:10:0:2:9:2,1,,4,0,0,1,0,0,0,0
13955,13:10:0:3:15:3,1,,4,0,0,1,0,0,0,0
13956,13:10:1:0:0:1,1,,4,0,0,1,0,0,0,0
13957,13:10:1:1:6:1,1,,4,0,0,1,0,0,0,0
13958,13:10:1:2:9:2,1,,4,0,0,1,0,0,0,0
13959,13:10:1:3:15:3,1,,4,0,0,1,0,0,0,0
13960,13:10:2:0:0:1,1,,4,0,0,1,0,0,0,0
13961,13:10:2:1:6:1,1,,4,0,0,1,0,0,0,0
13962,13:10:2:2:9:2,1,,4,0,0,1,0,0,0,0
13963,13:10:2:3:15:3,1,,4,0,0,1,0,0,0,0
13964,13:10:3:0:0:1,1,,4,0,0,1,0,0,0,0
13965,13:10:3:1:6:1,1,,4,0,0,1,0,0,0,0
13966,13:10:3:2:9:2,1,,4,0,0,1,0,0,0,0
13967,13:10:3:3:15:3,1,,4,0,0,1,0,0,0,0
13968,13:10:4:0:0:1,0,0,0,,,0,0,0,0,0
13969,13:10:4:1:6:1,0,0,0,,,0,0,0,0,0
13970,13:10:4:2:9:2,0,0,0,,,0,0,0,0,0
13971,13:10:4:3:15:3,1,,4,0,0,1,0,0,0,0
13972,13:10:5:0:0:1,1,1;2,1,3,3,3,0,0,0,0
13973,13:10:5:1:6:1,1,1;2,1,3,3,3,0,0,0,0
13974,13:10:5:2:9:2,1,1;2,1,3,3,3,0,0,0,0
13975,13:10:5:3:15:3,1,,4,0,0,1,0,0,0,0
13976,13:10:6:0:0:1,0,0,0,,,0,0,0,0,0
13977,13:10:6:1:6:1,0,0,0,,,0,0,0,0,0
13978,13:10:6:2:9:2,0,0,0,,,0,0,0,0,0
13979,13:10:6:3:15:3,1,,4,0,0,1,0,0,0,0
13980,13:10:7:0:0:1,0,0,0,,,0,0,0,0,0
13981,13:10:7:1:6:1,0,0,0,,,0,0,0,0,0
13982,13:10:7:2:9:2,0,0,0,,,0,0,0,0,0
13983,13:10:7:3:15:3,1,,4,0,0,1,0,0,0,0
13984,13:10:8:0:0:1,0,0,0,,,0,0,0,0,0
13985,13:10:8:1:6:1,0,0,0,,,0,0,0,0,0
13986,13:10:8:2:9:2,0,0,0,,,0,0,0,0,0
13987,13:10:8:3:15:3,1,,4,0,0,1,0,0,0,0
13988,13:10:9:0:0:1,0,0,0,,,0,0,0,0,0
13989,13:10:9:1:6:1,0,0,0,,,0,0,0,0,0
13990,13:10:9:2:9:2,0,0,0,,,0,0,0,0,0
13991,13:10:9:3:15:3,1,,4,0,0,1,0,0,0,0
13992,13:10:10:0:0:1,1,2,2,2,2,2,0,0,0,0
13993,13:10:10:1:6:1,1,2,2,2,2,2,0,0,0,0
13994,13:10:10:2:9:2,1,2,2,2,2,2,0,0,0,0
13995,13:10:10:3:15:3,1,,4,0,0,1,0,0,0,0
13996,13:10:11:0:0:1,0,0,0,,,0,0,0,0,0
13997,13:10:11:1:6:1,0,0,0,,,0,0,0,0,0
13998,13:10:11:2:9:2,0,0,0,,,0,0,0,0,0
13999,13:10:11:3:15:3,1,,4,0,0,1,0,0,0,0
14000,13:10:12:0:0:1,0,0,0,,,0,0,0,0,0
14001,13:10:12:1:6:1,0,0,0,,,0,0,0,0,0
14002,13:10:12:2:9:2,0,0,0,,,0,0,0,0,0
14003,13:10:12:3:15:3,1,,4,0,0,1,0,0,0,0
14004,13:10:13:0:0:1,1,1,2,1,1,2,0,0,0,0
14005,13:10:13:1:6:1,1,1,2,1,1,2,0,0,0,0
14006,13:10:13:2:9:2,1,1,2,1,1,2,0,0,0,0
14007,13:10:13:3:15:3,1,,4,0,0,1,0,0,0,0
14008,13:10:14:0:0:1,0,0,0,,,0,0,0,0,0
14009,13:10:14:1:6:1,0,0,0,,,0,0,0,0,0
14010,13:10:14:2:9:2,0,0,0,,,0,0,0,0,0
14011,13:10:14:3:15:3,1,,4,0,0,1,0,0,0,0
14012,13:10:15:0:0:1,1,1;2,1,3,3,3,0,0,0,0
14013,13:10:15:1:6:1,1,1;2,1,3,3,3,0,0,0,0
14014,13:10:15:2:9:2,1,1;2,1,3,3,3,0,0,0,0
14015,13:10:15:3:15:3,1,,4,0,0,1,0,0,0,0
14016,13:11:0:0:0:1,1,,4,0,0,1,0,0,0,0
14017,13:11:0:1:6:1,1,,4,0,0,1,0,0,0,0
14018,13:11:0:2:9:2,1,,4,0,0,1,0,0,0,0
14019,13:11:0:3:15:3,1,,4,0,0,1,0,0,0,0
14020,13:11:1:0:0:1,1,,4,0,0,1,0,0,0,0
14021,13:11:1:1:6:1,1,,4,0,0,1,0,0,0,0
14022,13:11:1:2:9:2,1,,4,0,0,1,0,0,0,0
14023,13:11:1:3:15:3,1,,4,0,0,1,0,0,0,0
14024,13:11:2:0:0:1,1,,4,0,0,1,0,0,0,0
14025,13:11:2:1:6:1,1,,4,0,0,1,0,0,0,0
14026,13:11:2:2:9:2,1,,4,0,0,1,0,0,0,0
14027,13:11:2:3:15:3,1,,4,0,0,1,0,0,0,0
14028,13:11:3:0:0:1,1,,4,0,0,1,0,0,0,0
14029,13:11:3:1:6:1,1,,4,0,0,1,0,0,0,0
14030,13:11:3:2:9:2,1,,4,0,0,1,0,0,0,0
14031,13:11:3:3:15:3,1,,4,0,0,1,0,0,0,0
14032,13:11:4:0:0:1,0,0,0,,,0,0,0,0,0
14033,13:11:4:1:6:1,0,0,0,,,0,0,0,0,0
14034,13:11:4:2:9:2,0,0,0,,,0,0,0,0,0
14035,13:11:4:3:15:3,1,,4,0,0,1,0,0,0,0
14036,13:11:5:0:0:1,0,0,0,,,0,0,0,0,0
14037,13:11:5:1:6:1,0,0,0,,,0,0,0,0,0
14038,13:11:5:2:9:2,0,0,0,,,0,0,0,0,0
14039,13:11:5:3:15:3,1,,4,0,0,1,0,0,0,0
14040,13:11:6:0:0:1,0,0,0,,,0,0,0,0,0
14041,13:11:6:1:6:1,0,0,0,,,0,0,0,0,0
14042,13:11:6:2:9:2,0,0,0,,,0,0,0,0,0
14043,13:11:6:3:15:3,1,,4,0,0,1,0,0,0,0
14044,13:11:7:0:0:1,0,0,0,,,0,0,0,0,0
14045,13:11:7:1:6:1,0,0,0,,,0,0,0,0,0
14046,13:11:7:2:9:2,0,0,0,,,0,0,0,0,0
14047,13:11:7:3:15:3,1,,4,0,0,1,0,0,0,0
14048,13:11:8:0:0:1,0,0,0,,,0,0,0,0,0
14049,13:11:8:1:6:1,0,0,0,,,0,0,0,0,0
14050,13:11:8:2:9:2,0,0,0,,,0,0,0,0,0
14051,13:11:8:3:15:3,1,,4,0,0,1,0,0,0,0
14052,13:11:9:0:0:1,0,0,0,,,0,0,0,0,0
14053,13:11:9:1:6:1,0,0,0,,,0,0,0,0,0
14054,13:11:9:2:9:2,0,0,0,,,0,0,0,0,0
14055,13:11:9:3:15:3,1,,4,0,0,1,0,0,0,0
14056,13:11:10:0:0:1,0,0,0,,,0,0,0,0,0
14057,13:11:10:1:6:1,0,0,0,,,0,0,0,0,0
14058,13:11:10:2:9:2,0,0,0,,,0,0,0,0,0
14059,13:11:10:3:15:3,1,,4,0,0,1,0,0,0,0
14060,13:11:11:0:0:1,1,2,2,2,2,2,0,0,0,0
14061,13:11:11:1:6:1,1,2,2,2,2,2,0,0,0,0
14062,13:11:11:2:9:2,1,2,2,2,2,2,0,0,0,0
14063,13:11:11:3:15:3,1,,4,0,0,1,0,0,0,0
14064,13:11:12:0:0:1,0,0,0,,,0,0,0,0,0
14065,13:11:12:1:6:1,0,0,0,,,0,0,0,0,0
14066,13:11:12:2:9:2,0,0,0,,,0,0,0,0,0
14067,13:11:12:3:15:3,1,,4,0,0,1,0,0,0,0
14068,13:11:13:0:0:1,1,1,2,1,1,2,0,0,0,0
14069,13:11:13:1:6:1,1,1,2,1,1,2,0,0,0,0
14070,13:11:13:2:9:2,1,1,2,1,1,2,0,0,0,0
14071,13:11:13:3:15:3,1,,4,0,0,1,0,0,0,0
14072,13:11:14:0:0:1,0,0,0,,,0,0,0,0,0
14073,13:11:14:1:6:1,0,0,0,,,0,0,0,0,0
14074,13:11:14:2:9:2,0,0,0,,,0,0,0,0,0
14075,13:11:14:3:15:3,1,,4,0,0,1,0,0,0,0
14076,13:11:15:0:0:1,1,1;2,1,3,3,3,0,0,0,0
14077,13:11:15:1:6:1,1,1;2,1,3,3,3,0,0,0,0
14078,13:11:15:2:9:2,1,1;2,1,3,3,3,0,0,0,0
14079,13:11:15:3:15:3,1,,4,0,0,1,0,0,0,0
14080,13:12:0:0:0:1,1,,4,0,0,1,0,0,0,0
14081,13:12:0:1:6:1,1,,4,0,0,1,0,0,0,0
14082,13:12:0:2:9:2,1,,4,0,0,1,0,0,0,0
14083,13:12:0:3:15:3,1,,4,0,0,1,0,0,0,0
14084,13:12:1:0:0:1,1,,4,0,0,1,0,0,0,0
14085,13:12:1:1:6:1,1,,4,0,0,1,0,0,0,0
14086,13:12:1:2:9:2,1,,4,0,0,1,0,0,0,0
14087,13:12:1:3:15:3,1,,4,0,0,1,0,0,0,0
14088,13:12:2:0:0:1,1,,4,0,0,1,0,0,0,0
14089,13:12:2:1:6:1,1,,4,0,0,1,0,0,0,0
14090,13:12:2:2:9:2,1,,4,0,0,1,0,0,0,0
14091,13:12:2:3:15:3,1,,4,0,0,1,0,0,0,0
14092,13:12:3:0:0:1,1,,4,0,0,1,0,0,0,0
14093,13:12:3:1:6:1,1,,4,0,0,1,0,0,0,0
14094,13:12:3:2:9:2,1,,4,0,0,1,0,0,0,0
14095,13:12:3:3:15:3,1,,4,0,0,1,0,0,0,0
14096,13:12:4:0:0:1,0,0,0,,,0,0,0,0,0
14097,13:12:4:1:6:1,0,0,0,,,0,0,0,0,0
14098,13:12:4:2:9:2,0,0,0,,,0,0,0,0,0
14099,13:12:4:3:15:3,1,,4,0,0,1,0,0,0,0
14100,13:12:5:0:0:1,0,0,0,,,0,0,0,0,0
14101,13:12:5:1:6:1,0,0,0,,,0,0,0,0,0
14102,13:12:5:2:9:2,0,0,0,,,0,0,0,0,0
14103,13:12:5:3:15:3,1,,4,0,0,1,0,0,0,0
14104,13:12:6:0:0:1,0,0,0,,,0,0,0,0,0
14105,13:12:6:1:6:1,0,0,0,,,0,0,0,0,0
14106,13:12:6:2:9:2,0,0,0,,,0,0,0,0,0
14107,13:12:6:3:15:3,1,,4,0,0,1,0,0,0,0
14108,13:12:7:0:0:1,0,0,0,,,0,0,0,0,0
14109,13:12:7:1:6:1,0,0,0,,,0,0,0,0,0
14110,13:12:7:2:9:2,0,0,0,,,0,0,0,0,0
14111,13:12:7:3:15:3,1,,4,0,0,1,0,0,0,0
14112,13:12:8:0:0:1,0,0,0,,,0,0,0,0,0
14113,13:12:8:1:6:1,0,0,0,,,0,0,0,0,0
14114,13:12:8:2:9:2,0,0,0,,,0,0,0,0,0
14115,13:12:8:3:15:3,1,,4,0,0,1,0,0,0,0
14116,13:12:9:0:0:1,0,0,0,,,0,0,0,0,0
14117,13:12:9:1:6:1,0,0,0,,,0,0,0,0,0
14118,13:12:9:2:9:2,0,0,0,,,0,0,0,0,0
14119,13:12:9:3:15:3,1,,4,0,0,1,0,0,0,0
14120,13:12:10:0:0:1,0,0,0,,,0,0,0,0,0
14121,13:12:10:1:6:1,0,0,0,,,0,0,0,0,0
14122,13:12:10:2:9:2,0,0,0,,,0,0,0,0,0
14123,13:12:10:3:15:3,1,,4,0,0,1,0,0,0,0
14124,13:12:11:0:0:1,0,0,0,,,0,0,0,0,0
14125,13:12:11:1:6:1,0,0,0,,,0,0,0,0,0
14126,13:12:11:2:9:2,0,0,0,,,0,0,0,0,0
14127,13:12:11:3:15:3,1,,4,0,0,1,0,0,0,0
14128,13:12:12:0:0:1,1,2,2,2,2,2,0,0,0,0
14129,13:12:12:1:6:1,1,2,2,2,2,2,0,0,0,0
14130,13:12:12:2:9:2,1,2,2,2,2,2,0,0,0,0
14131,13:12:12:3:15:3,1,,4,0,0,1,0,0,0,0
14132,13:12:13:0:0:1,1,1,2,1,1,2,0,0,0,0
14133,13:12:13:1:6:1,1,1,2,1,1,2,0,0,0,0
14134,13:12:13:2:9:2,1,1,2,1,1,2,0,0,0,0
14135,13:12:13:3:15:3,1,,4,0,0,1,0,0,0,0
14136,13:12:14:0:0:1,0,0,0,,,0,0,0,0,0
14137,13:12:14:1:6:1,0,0,0,,,0,0,0,0,0
14138,13:12:14:2:9:2,0,0,0,,,0,0,0,0,0
14139,13:12:14:3:15:3,1,,4,0,0,1,0,0,0,0
14140,13:12:15:0:0:1,0,0,0,,,0,0,0,0,0
14141,13:12:15:1:6:1,0,0,0,,,0,0,0,0,0
14142,13:12:15:2:9:2,0,0,0,,,0,0,0,0,0
14143,13:12:15:3:15:3,1,,4,0,0,1,0,0,0,0
14144,13:13:0:0:0:1,1,,4,0,0,1,0,0,0,0
14145,13:13:0:1:6:1,1,,4,0,0,1,0,0,0,0
14146,13:13:0:2:9:2,1,,4,0,0,1,0,0,0,0
14147,13:13:0:3:15:3,1,,4,0,0,1,0,0,0,0
14148,13:13:1:0:0:1,1,,4,0,0,1,0,0,0,0
14149,13:13:1:1:6:1,1,,4,0,0,1,0,0,0,0
14150,13:13:1:2:9:2,1,,4,0,0,1,0,0,0,0
14151,13:13:1:3:15:3,1,,4,0,0,1,0,0,0,0
14152,13:13:2:0:0:1,1,,4,0,0,1,0,0,0,0
14153,13:13:2:1:6:1,1,,4,0,0,1,0,0,0,0
14154,13:13:2:2:9:2,1,,4,0,0,1,0,0,0,0
14155,13:13:2:3:15:3,1,,4,0,0,1,0,0,0,0
14156,13:13:3:0:0:1,1,,4,0,0,1,0,0,0,0
14157,13:13:3:1:6:1,1,,4,0,0,1,0,0,0,0
14158,13:13:3:2:9:2,1,,4,0,0,1,0,0,0,0
14159,13:13:3:3:15:3,1,,4,0,0,1,0,0,0,0
14160,13:13:4:0:0:1,0,0,0,,,0,0,0,0,0
14161,13:13:4:1:6:1,0,0,0,,,0,0,0,0,0
14162,13:13:4:2:9:2,0,0,0,,,0,0,0,0,0
14163,13:13:4:3:15:3,1,,4,0,0,1,0,0,0,0
14164,13:13:5:0:0:1,0,0,0,,,0,0,0,0,0
14165,13:13:5:1:6:1,0,0,0,,,0,0,0,0,0
14166,13:13:5:2:9:2,0,0,0,,,0,0,0,0,0
14167,13:13:5:3:15:3,1,,4,0,0,1,0,0,0,0
14168,13:13:6:0:0:1,0,0,0,,,0,0,0,0,0
14169,13:13:6:1:6:1,0,0,0,,,0,0,0,0,0
14170,13:13:6:2:9:2,0,0,0,,,0,0,0,0,0
14171,13:13:6:3:15:3,1,,4,0,0,1,0,0,0,0
14172,13:13:7:0:0:1,0,0,0,,,0,0,0,0,0
14173,13:13:7:1:6:1,0,0,0,,,0,0,0,0,0
14174,13:13:7:2:9:2,0,0,0,,,0,0,0,0,0
14175,13:13:7:3:15:3,1,,4,0,0,1,0,0,0,0
14176,13:13:8:0:0:1,0,0,0,,,0,0,0,0,0
14177,13:13:8:1:6:1,0,0,0,,,0,0,0,0,0
14178,13:13:8:2:9:2,0,0,0,,,0,0,0,0,0
14179,13:13:8:3:15:3,1,,4,0,0,1,0,0,0,0
14180,13:13:9:0:0:1,0,0,0,,,0,0,0,0,0
14181,13:13:9:1:6:1,0,0,0,,,0,0,0,0,0
14182,13:13:9:2:9:2,0,0,0,,,0,0,0,0,0
14183,13:13:9:3:15:3,1,,4,0,0,1,0,0,0,0
14184,13:13:10:0:0:1,0,0,0,,,0,0,0,0,0
14185,13:13:10:1:6:1,0,0,0,,,0,0,0,0,0
14186,13:13:10:2:9:2,0,0,0,,,0,0,0,0,0
14187,13:13:10:3:15:3,1,,4,0,0,1,0,0,0,0
14188,13:13:11:0:0:1,0,0,0,,,0,0,0,0,0
14189,13:13:11:1:6:1,0,0,0,,,0,0,0,0,0
14190,13:13:11:2:9:2,0,0,0,,,0,0,0,0,0
14191,13:13:11:3:15:3,1,,4,0,0,1,0,0,0,0
14192,13:13:12:0:0:1,0,0,0,,,0,0,0,0,0
14193,13:13:12:1:6:1,0,0,0,,,0,0,0,0,0
14194,13:13:12:2:9:2,0,0,0,,,0,0,0,0,0
14195,13:13:12:3:15:3,1,,4,0,0,1,0,0,0,0
14196,13:13:13:0:0:1,1,3,3,1,1,3,0,0,0,0
14197,13:13:13:1:6:1,1,3,3,1,1,3,0,0,0,0
14198,13:13:13:2:9:2,1,3,3,1,1,3,0,0,0,0
14199,13:13:13:3:15:3,1,,4,0,0,1,0,0,0,0
14200,13:13:14:0:0:1,0,0,0,,,0,0,0,0,0
14201,13:13:14:1:6:1,0,0,0,,,0,0,0,0,0
14202,13:13:14:2:9:2,0,0,0,,,0,0,0,0,0
14203,13:13:14:3:15:3,1,,4,0,0,1,0,0,0,0
14204,13:13:15:0:0:1,0,0,0,,,0,0,0,0,0
14205,13:13:15:1:6:1,0,0,0,,,0,0,0,0,0
14206,13:13:15:2:9:2,0,0,0,,,0,0,0,0,0
14207,13:13:15:3:15:3,1,,4,0,0,1,0,0,0,0
14208,13:14:0:0:0:1,1,,4,0,0,1,0,0,0,0
14209,13:14:0:1:6:1,1,,4,0,0,1,0,0,0,0
14210,13:14:0:2:9:2,1,,4,0,0,1,0,0,0,0
14211,13:14:0:3:15:3,1,,4,0,0,1,0,0,0,0
14212,13:14:1:0:0:1,1,,4,0,0,1,0,0,0,0
14213,13:14:1:1:6:1,1,,4,0,0,1,0,0,0,0
14214,13:14:1:2:9:2,1,,4,0,0,1,0,0,0,0
14215,13:14:1:3:15:3,1,,4,0,0,1,0,0,0,0
14216,13:14:2:0:0:1,1,,4,0,0,1,0,0,0,0
14217,13:14:2:1:6:1,1,,4,0,0,1,0,0,0,0
14218,13:14:2:2:9:2,1,,4,0,0,1,0,0,0,0
14219,13:14:2:3:15:3,1,,4,0,0,1,0,0,0,0
14220,13:14:3:0:0:1,1,,4,0,0,1,0,0,0,0
14221,13:14:3:1:6:1,1,,4,0,0,1,0,0,0,0
14222,13:14:3:2:9:2,1,,4,0,0,1,0,0,0,0
14223,13:14:3:3:15:3,1,,4,0,0,1,0,0,0,0
14224,13:14:4:0:0:1,0,0,0,,,0,0,0,0,0
14225,13:14:4:1:6:1,0,0,0,,,0,0,0,0,0
14226,13:14:4:2:9:2,0,0,0,,,0,0,0,0,0
14227,13:14:4:3:15:3,1,,4,0,0,1,0,0,0,0
14228,13:14:5:0:0:1,0,0,0,,,0,0,0,0,0
14229,13:14:5:1:6:1,0,0,0,,,0,0,0,0,0
14230,13:14:5:2:9:2,0,0,0,,,0,0,0,0,0
14231,13:14:5:3:15:3,1,,4,0,0,1,0,0,0,0
14232,13:14:6:0:0:1,0,0,0,,,0,0,0,0,0
14233,13:14:6:1:6:1,0,0,0,,,0,0,0,0,0
14234,13:14:6:2:9:2,0,0,0,,,0,0,0,0,0
14235,13:14:6:3:15:3,1,,4,0,0,1,0,0,0,0
14236,13:14:7:0:0:1,0,0,0,,,0,0,0,0,0
14237,13:14:7:1:6:1,0,0,0,,,0,0,0,0,0
14238,13:14:7:2:9:2,0,0,0,,,0,0,0,0,0
14239,13:14:7:3:15:3,1,,4,0,0,1,0,0,0,0
14240,13:14:8:0:0:1,0,0,0,,,0,0,0,0,0
14241,13:14:8:1:6:1,0,0,0,,,0,0,0,0,0
14242,13:14:8:2:9:2,0,0,0,,,0,0,0,0,0
14243,13:14:8:3:15:3,1,,4,0,0,1,0,0,0,0
14244,13:14:9:0:0:1,0,0,0,,,0,0,0,0,0
14245,13:14:9:1:6:1,0,0,0,,,0,0,0,0,0
14246,13:14:9:2:9:2,0,0,0,,,0,0,0,0,0
14247,13:14:9:3:15:3,1,,4,0,0,1,0,0,0,0
14248,13:14:10:0:0:1,0,0,0,,,0,0,0,0,0
14249,13:14:10:1:6:1,0,0,0,,,0,0,0,0,0
14250,13:14:10:2:9:2,0,0,0,,,0,0,0,0,0
14251,13:14:10:3:15:3,1,,4,0,0,1,0,0,0,0
14252,13:14:11:0:0:1,0,0,0,,,0,0,0,0,0
14253,13:14:11:1:6:1,0,0,0,,,0,0,0,0,0
14254,13:14:11:2:9:2,0,0,0,,,0,0,0,0,0
14255,13:14:11:3:15:3,1,,4,0,0,1,0,0,0,0
14256,13:14:12:0:0:1,0,0,0,,,0,0,0,0,0
14257,13:14:12:1:6:1,0,0,0,,,0,0,0,0,0
14258,13:14:12:2:9:2,0,0,0,,,0,0,0,0,0
14259,13:14:12:3:15:3,1,,4,0,0,1,0,0,0,0
14260,13:14:13:0:0:1,1,1,2,1,1,2,0,0,0,0
14261,13:14:13:1:6:1,1,1,2,1,1,2,0,0,0,0
14262,13:14:13:2:9:2,1,1,2,1,1,2,0,0,0,0
14263,13:14:13:3:15:3,1,,4,0,0,1,0,0,0,0
14264,13:14:14:0:0:1,1,2,2,2,2,2,0,0,0,0
14265,13:14:14:1:6:1,1,2,2,2,2,2,0,0,0,0
14266,13:14:14:2:9:2,1,2,2,2,2,2,0,0,0,0
14267,13:14:14:3:15:3,1,,4,0,0,1,0,0,0,0
14268,13:14:15:0:0:1,1,1;2,1,3,3,3,0,0,0,0
14269,13:14:15:1:6:1,1,1;2,1,3,3,3,0,0,0,0
14270,13:14:15:2:9:2,1,1;2,1,3,3,3,0,0,0,0
14271,13:14:15:3:15:3,1,,4,0,0,1,0,0,0,0
14272,13:15:0:0:0:1,1,,4,0,0,1,0,0,0,0
14273,13:15:0:1:6:1,1,,4,0,0,1,0,0,0,0
14274,13:15:0:2:9:2,1,,4,0,0,1,0,0,0,0
14275,13:15:0:3:15:3,1,,4,0,0,1,0,0,0,0
14276,13:15:1:0:0:1,1,,4,0,0,1,0,0,0,0
14277,13:15:1:1:6:1,1,,4,0,0,1,0,0,0,0
14278,13:15:1:2:9:2,1,,4,0,0,1,0,0,0,0
14279,13:15:1:3:15:3,1,,4,0,0,1,0,0,0,0
14280,13:15:2:0:0:1,1,,4,0,0,1,0,0,0,0
14281,13:15:2:1:6:1,1,,4,0,0,1,0,0,0,0
14282,13:15:2:2:9:2,1,,4,0,0,1,0,0,0,0
14283,13:15:2:3:15:3,1,,4,0,0,1,0,0,0,0
14284,13:15:3:0:0:1,1,,4,0,0,1,0,0,0,0
14285,13:15:3:1:6:1,1,,4,0,0,1,0,0,0,0
14286,13:15:3:2:9:2,1,,4,0,0,1,0,0,0,0
14287,13:15:3:3:15:3,1,,4,0,0,1,0,0,0,0
14288,13:15:4:0:0:1,0,0,0,,,0,0,0,0,0
14289,13:15:4:1:6:1,0,0,0,,,0,0,0,0,0
14290,13:15:4:2:9:2,0,0,0,,,0,0,0,0,0
14291,13:15:4:3:15:3,1,,4,0,0,1,0,0,0,0
14292,13:15:5:0:0:1,0,0,0,,,0,0,0,0,0
14293,13:15:5:1:6:1,0,0,0,,,0,0,0,0,0
14294,13:15:5:2:9:2,0,0,0,,,0,0,0,0,0
14295,13:15:5:3:15:3,1,,4,0,0,1,0,0,0,0
14296,13:15:6:0:0:1,0,0,0,,,0,0,0,0,0
14297,13:15:6:1:6:1,0,0,0,,,0,0,0,0,0
14298,13:15:6:2:9:2,0,0,0,,,0,0,0,0,0
14299,13:15:6:3:15:3,1,,4,0,0,1,0,0,0,0
14300,13:15:7:0:0:1,0,0,0,,,0,0,0,0,0
14301,13:15:7:1:6:1,0,0,0,,,0,0,0,0,0
14302,13:15:7:2:9:2,0,0,0,,,0,0,0,0,0
14303,13:15:7:3:15:3,1,,4,0,0,1,0,0,0,0
14304,13:15:8:0:0:1,0,0,0,,,0,0,0,0,0
14305,13:15:8:1:6:1,0,0,0,,,0,0,0,0,0
14306,13:15:8:2:9:2,0,0,0,,,0,0,0,0,0
14307,13:15:8:3:15:3,1,,4,0,0,1,0,0,0,0
14308,13:15:9:0:0:1,0,0,0,,,0,0,0,0,0
14309,13:15:9:1:6:1,0,0,0,,,0,0,0,0,0
14310,13:15:9:2:9:2,0,0,0,,,0,0,0,0,0
14311,13:15:9:3:15:3,1,,4,0,0,1,0,0,0,0
14312,13:15:10:0:0:1,0,0,0,,,0,0,0,0,0
14313,13:15:10:1:6:1,0,0,0,,,0,0,0,0,0
14314,13:15:10:2:9:2,0,0,0,,,0,0,0,0,0
14315,13:15:10:3:15:3,1,,4,0,0,1,0,0,0,0
14316,13:15:11:0:0:1,0,0,0,,,0,0,0,0,0
14317,13:15:11:1:6:1,0,0,0,,,0,0,0,0,0
14318,13:15:11:2:9:2,0,0,0,,,0,0,0,0,0
14319,13:15:11:3:15:3,1,,4,0,0,1,0,0,0,0
14320,13:15:12:0:0:1,0,0,0,,,0,0,0,0,0
14321,13:15:12:1:6:1,0,0,0,,,0,0,0,0,0
14322,13:15:12:2:9:2,0,0,0,,,0,0,0,0,0
14323,13:15:12:3:15:3,1,,4,0,0,1,0,0,0,0
14324,13:15:13:0:0:1,1,1,2,1,1,2,0,0,0,0
14325,13:15:13:1:6:1,1,1,2,1,1,2,0,0,0,0
14326,13:15:13:2:9:2,1,1,2,1,1,2,0,0,0,0
14327,13:15:13:3:15:3,1,,4,0,0,1,0,0,0,0
14328,13:15:14:0:0:1,0,0,0,,,0,0,0,0,0
14329,13:15:14:1:6:1,0,0,0,,,0,0,0,0,0
14330,13:15:14:2:9:2,0,0,0,,,0,0,0,0,0
14331,13:15:14:3:15:3,1,,4,0,0,1,0,0,0,0
14332,13:15:15:0:0:1,1,2,2,2,2,2,0,0,0,0
14333,13:15:15:1:6:1,1,2,2,2,2,2,0,0,0,0
14334,13:15:15:2:9:2,1,2,2,2,2,2,0,0,0,0
14335,13:15:15:3:15:3,1,,4,0,0,1,0,0,0,0
14336,14:0:0:0:0:1,1,,4,0,0,1,0,0,0,0
14337,14:0:0:1:6:1,1,,4,0,0,1,0,0,0,0
14338,14:0:0:2:9:2,1,,4,0,0,1,0,0,0,0
14339,14:0:0:3:15:3,1,,4,0,0,1,0,0,0,0
14340,14:0:1:0:0:1,1,,4,0,0,1,0,0,0,0
14341,14:0:1:1:6:1,1,,4,0,0,1,0,0,0,0
14342,14:0:1:2:9:2,1,,4,0,0,1,0,0,0,0
14343,14:0:1:3:15:3,1,,4,0,0,1,0,0,0,0
14344,14:0:2:0:0:1,1,,4,0,0,1,0,0,0,0
14345,14:0:2:1:6:1,1,,4,0,0,1,0,0,0,0
14346,14:0:2:2:9:2,1,,4,0,0,1,0,0,0,0
14347,14:0:2:3:15:3,1,,4,0,0,1,0,0,0,0
14348,14:0:3:0:0:1,1,,4,0,0,1,0,0,0,0
14349,14:0:3:1:6:1,1,,4,0,0,1,0,0,0,0
14350,14:0:3:2:9:2,1,,4,0,0,1,0,0,0,0
14351,14:0:3:3:15:3,1,,4,0,0,1,0,0,0,0
14352,14:0:4:0:0:1,0,0,0,,,0,0,0,0,0
14353,14:0:4:1:6:1,0,0,0,,,0,0,0,0,0
14354,14:0:4:2:9:2,0,0,0,,,0,0,0,0,0
14355,14:0:4:3:15:3,1,,4,0,0,1,0,0,0,0
14356,14:0:5:0:0:1,0,0,0,,,0,0,0,0,0
14357,14:0:5:1:6:1,0,0,0,,,0,0,0,0,0
14358,14:0:5:2:9:2,0,0,0,,,0,0,0,0,0
14359,14:0:5:3:15:3,1,,4,0,0,1,0,0,0,0
14360,14:0:6:0:0:1,0,0,0,,,0,0,0,0,0
14361,14:0:6:1:6:1,0,0,0,,,0,0,0,0,0
14362,14:0:6:2:9:2,0,0,0,,,0,0,0,0,0
14363,14:0:6:3:15:3,1,,4,0,0,1,0,0,0,0
14364,14:0:7:0:0:1,0,0,0,,,0,0,0,0,0
14365,14:0:7:1:6:1,0,0,0,,,0,0,0,0,0
14366,14:0:7:2:9:2,0,0,0,,,0,0,0,0,0
14367,14:0:7:3:15:3,1,,4,0,0,1,0,0,0,0
14368,14:0:8:0:0:1,0,0,0,,,0,0,0,0,0
14369,14:0:8:1:6:1,0,0,0,,,0,0,0,0,0
14370,14:0:8:2:9:2,0,0,0,,,0,0,0,0,0
14371,14:0:8:3:15:3,1,,4,0,0,1,0,0,0,0
14372,14:0:9:0:0:1,0,0,0,,,0,0,0,0,0
14373,14:0:9:1:6:1,0,0,0,,,0,0,0,0,0
14374,14:0:9:2:9:2,0,0,0,,,0,0,0,0,0
14375,14:0:9:3:15:3,1,,4,0,0,1,0,0,0,0
14376,14:0:10:0:0:1,0,0,0,,,0,0,0,0,0
14377,14:0:10:1:6:1,0,0,0,,,0,0,0,0,0
14378,14:0:10:2:9:2,0,0,0,,,0,0,0,0,0
14379,14:0:10:3:15:3,1,,4,0,0,1,0,0,0,0
14380,14:0:11:0:0:1,0,0,0,,,0,0,0,0,0
14381,14:0:11:1:6:1,0,0,0,,,0,0,0,0,0
14382,14:0:11:2:9:2,0,0,0,,,0,0,0,0,0
14383,14:0:11:3:15:3,1,,4,0,0,1,0,0,0,0
14384,14:0:12:0:0:1,0,0,0,,,0,0,0,0,0
14385,14:0:12:1:6:1,0,0,0,,,0,0,0,0,0
14386,14:0:12:2:9:2,0,0,0,,,0,0,0,0,0
14387,14:0:12:3:15:3,1,,4,0,0,1,0,0,0,0
14388,14:0:13:0:0:1,0,0,0,,,0,0,0,0,0
14389,14:0:13:1:6:1,0,0,0,,,0,0,0,0,0
14390,14:0:13:2:9:2,0,0,0,,,0,0,0,0,0
14391,14:0:13:3:15:3,1,,4,0,0,1,0,0,0,0
14392,14:0:14:0:0:1,1,1,2,1,1,2,0,0,0,0
14393,14:0:14:1:6:1,1,1,2,1,1,2,0,0,0,0
14394,14:0:14:2:9:2,1,1,2,1,1,2,0,0,0,0
14395,14:0:14:3:15:3,1,,4,0,0,1,0,0,0,0
14396,14:0:15:0:0:1,0,0,0,,,0,0,0,0,0
14397,14:0:15:1:6:1,0,0,0,,,0,0,0,0,0
14398,14:0:15:2:9:2,0,0,0,,,0,0,0,0,0
14399,14:0:15:3:15:3,1,,4,0,0,1,0,0,0,0
14400,14:1:0:0:0:1,1,,4,0,0,1,0,0,0,0
14401,14:1:0:1:6:1,1,,4,0,0,1,0,0,0,0
14402,14:1:0:2:9:2,1,,4,0,0,1,0,0,0,0
14403,14:1:0:3:15:3,1,,4,0,0,1,0,0,0,0
14404,14:1:1:0:0:1,1,,4,0,0,1,0,0,0,0
14405,14:1:1:1:6:1,1,,4,0,0,1,0,0,0,0
14406,14:1:1:2:9:2,1,,4,0,0,1,0,0,0,0
14407,14:1:1:3:15:3,1,,4,0,0,1,0,0,0,0
14408,14:1:2:0:0:1,1,,4,0,0,1,0,0,0,0
14409,14:1:2:1:6:1,1,,4,0,0,1,0,0,0,0
14410,14:1:2:2:9:2,1,,4,0,0,1,0,0,0,0
14411,14:1:2:3:15:3,1,,4,0,0,1,0,0,0,0
14412,14:1:3:0:0:1,1,,4,0,0,1,0,0,0,0
14413,14:1:3:1:6:1,1,,4,0,0,1,0,0,0,0
14414,14:1:3:2:9:2,1,,4,0,0,1,0,0,0,0
14415,14:1:3:3:15:3,1,,4,0,0,1,0,0,0,0
14416,14:1:4:0:0:1,0,0,0,,,0,0,0,0,0
14417,14:1:4:1:6:1,0,0,0,,,0,0,0,0,0
14418,14:1:4:2:9:2,0,0,0,,,0,0,0,0,0
14419,14:1:4:3:15:3,1,,4,0,0,1,0,0,0,0
14420,14:1:5:0:0:1,0,0,0,,,0,0,0,0,0
14421,14:1:5:1:6:1,0,0,0,,,0,0,0,0,0
14422,14:1:5:2:9:2,0,0,0,,,0,0,0,0,0
14423,14:1:5:3:15:3,1,,4,0,0,1,0,0,0,0
14424,14:1:6:0:0:1,0,0,0,,,0,0,0,0,0
14425,14:1:6:1:6:1,0,0,0,,,0,0,0,0,0
14426,14:1:6:2:9:2,0,0,0,,,0,0,0,0,0
14427,14:1:6:3:15:3,1,,4,0,0,1,0,0,0,0
14428,14:1:7:0:0:1,0,0,0,,,0,0,0,0,0
14429,14:1:7:1:6:1,0,0,0,,,0,0,0,0,0
14430,14:1:7:2:9:2,0,0,0,,,0,0,0,0,0
14431,14:1:7:3:15:3,1,,4,0,0,1,0,0,0,0
14432,14:1:8:0:0:1,0,0,0,,,0,0,0,0,0
14433,14:1:8:1:6:1,0,0,0,,,0,0,0,0,0
14434,14:1:8:2:9:2,0,0,0,,,0,0,0,0,0
14435,14:1:8:3:15:3,1,,4,0,0,1,0,0,0,0
14436,14:1:9:0:0:1,0,0,0,,,0,0,0,0,0
14437,14:1:9:1:6:1,0,0,0,,,0,0,0,0,0
14438,14:1:9:2:9:2,0,0,0,,,0,0,0,0,0
14439,14:1:9:3:15:3,1,,4,0,0,1,0,0,0,0
14440,14:1:10:0:0:1,0,0,0,,,0,0,0,0,0
14441,14:1:10:1:6:1,0,0,0,,,0,0,0,0,0
14442,14:1:10:2:9:2,0,0,0,,,0,0,0,0,0
14443,14:1:10:3:15:3,1,,4,0,0,1,0,0,0,0
14444,14:1:11:0:0:1,0,0,0,,,0,0,0,0,0
14445,14:1:11:1:6:1,0,0,0,,,0,0,0,0,0
14446,14:1:11:2:9:2,0,0,0,,,0,0,0,0,0
14447,14:1:11:3:15:3,1,,4,0,0,1,0,0,0,0
14448,14:1:12:0:0:1,0,0,0,,,0,0,0,0,0
14449,14:1:12:1:6:1,0,0,0,,,0,0,0,0,0
14450,14:1:12:2:9:2,0,0,0,,,0,0,0,0,0
14451,14:1:12:3:15:3,1,,4,0,0,1,0,0,0,0
14452,14:1:13:0:0:1,0,0,0,,,0,0,0,0,0
14453,14:1:13:1:6:1,0,0,0,,,0,0,0,0,0
14454,14:1:13:2:9:2,0,0,0,,,0,0,0,0,0
14455,14:1:13:3:15:3,1,,4,0,0,1,0,0,0,0
14456,14:1:14:0:0:1,1,1,2,1,1,2,0,0,0,0
14457,14:1:14:1:6:1,1,1,2,1,1,2,0,0,0,0
14458,14:1:14:2:9:2,1,1,2,1,1,2,0,0,0,0
14459,14:1:14:3:15:3,1,,4,0,0,1,0,0,0,0
14460,14:1:15:0:0:1,0,0,0,,,0,0,0,0,0
14461,14:1:15:1:6:1,0,0,0,,,0,0,0,0,0
14462,14:1:15:2:9:2,0,0,0,,,0,0,0,0,0
14463,14:1:15:3:15:3,1,,4,0,0,1,0,0,0,0
14464,14:2:0:0:0:1,1,,4,0,0,1,0,0,0,0
14465,14:2:0:1:6:1,1,,4,0,0,1,0,0,0,0
14466,14:2:0:2:9:2,1,,4,0,0,1,0,0,0,0
14467,14:2:0:3:15:3,1,,4,0,0,1,0,0,0,0
14468,14:2:1:0:0:1,1,,4,0,0,1,0,0,0,0
14469,14:2:1:1:6:1,1,,4,0,0,1,0,0,0,0
14470,14:2:1:2:9:2,1,,4,0,0,1,0,0,0,0
14471,14:2:1:3:15:3,1,,4,0,0,1,0,0,0,0
14472,14:2:2:0:0:1,1,,4,0,0,1,0,0,0,0
14473,14:2:2:1:6:1,1,,4,0,0,1,0,0,0,0
14474,14:2:2:2:9:2,1,,4,0,0,1,0,0,0,0
14475,14:2:2:3:15:3,1,,4,0,0,1,0,0,0,0
14476,14:2:3:0:0:1,1,,4,0,0,1,0,0,0,0
14477,14:2:3:1:6:1,1,,4,0,0,1,0,0,0,0
14478,14:2:3:2:9:2,1,,4,0,0,1,0,0,0,0
14479,14:2:3:3:15:3,1,,4,0,0,1,0,0,0,0
14480,14:2:4:0:0:1,0,0,0,,,0,0,0,0,0
14481,14:2:4:1:6:1,0,0,0,,,0,0,0,0,0
14482,14:2:4:2:9:2,0,0,0,,,0,0,0,0,0
14483,14:2:4:3:15:3,1,,4,0,0,1,0,0,0,0
14484,14:2:5:0:0:1,0,0,0,,,0,0,0,0,0
14485,14:2:5:1:6:1,0,0,0,,,0,0,0,0,0
14486,14:2:5:2:9:2,0,0,0,,,0,0,0,0,0
14487,14:2:5:3:15:3,1,,4,0,0,1,0,0,0,0
14488,14:2:6:0:0:1,0,0,0,,,0,0,0,0,0
14489,14:2:6:1:6:1,0,0,0,,,0,0,0,0,0
14490,14:2:6:2:9:2,0,0,0,,,0,0,0,0,0
14491,14:2:6:3:15:3,1,,4,0,0,1,0,0,0,0
14492,14:2:7:0:0:1,0,0,0,,,0,0,0,0,0
14493,14:2:7:1:6:1,0,0,0,,,0,0,0,0,0
14494,14:2:7:2:9:2,0,0,0,,,0,0,0,0,0
14495,14:2:7:3:15:3,1,,4,0,0,1,0,0,0,0
14496,14:2:8:0:0:1,0,0,0,,,0,0,0,0,0
14497,14:2:8:1:6:1,0,0,0,,,0,0,0,0,0
14498,14:2:8:2:9:2,0,0,0,,,0,0,0,0,0
14499,14:2:8:3:15:3,1,,4,0,0,1,0,0,0,0
14500,14:2:9:0:0:1,0,0,0,,,0,0,0,0,0
14501,14:2:9:1:6:1,0,0,0,,,0,0,0,0,0
14502,14:2:9:2:9:2,0,0,0,,,0,0,0,0,0
14503,14:2:9:3:15:3,1,,4,0,0,1,0,0,0,0
14504,14:2:10:0:0:1,0,0,0,,,0,0,0,0,0
14505,14:2:10:1:6:1,0,0,0,,,0,0,0,0,0
14506,14:2:10:2:9:2,0,0,0,,,0,0,0,0,0
14507,14:2:10:3:15:3,1,,4,0,0,1,0,0,0,0
14508,14:2:11:0:0:1,0,0,0,,,0,0,0,0,0
14509,14:2:11:1:6:1,0,0,0,,,0,0,0,0,0
14510,14:2:11:2:9:2,0,0,0,,,0,0,0,0,0
14511,14:2:11:3:15:3,1,,4,0,0,1,0,0,0,0
14512,14:2:12:0:0:1,0,0,0,,,0,0,0,0,0
14513,14:2:12:1:6:1,0,0,0,,,0,0,0,0,0
14514,14:2:12:2:9:2,0,0,0,,,0,0,0,0,0
14515,14:2:12:3:15:3,1,,4,0,0,1,0,0,0,0
14516,14:2:13:0:0:1,0,0,0,,,0,0,0,0,0
14517,14:2:13:1:6:1,0,0,0,,,0,0,0,0,0
14518,14:2:13:2:9:2,0,0,0,,,0,0,0,0,0
14519,14:2:13:3:15:3,1,,4,0,0,1,0,0,0,0
14520,14:2:14:0:0:1,1,1,2,1,1,2,0,0,0,0
14521,14:2:14:1:6:1,1,1,2,1,1,2,0,0,0,0
14522,14:2:14:2:9:2,1,1,2,1,1,2,0,0,0,0
14523,14:2:14:3:15:3,1,,4,0,0,1,0,0,0,0
14524,14:2:15:0:0:1,0,0,0,,,0,0,0,0,0
14525,14:2:15:1:6:1,0,0,0,,,0,0,0,0,0
14526,14:2:15:2:9:2,0,0,0,,,0,0,0,0,0
14527,14:2:15:3:15:3,1,,4,0,0,1,0,0,0,0
14528,14:3:0:0:0:1,1,,4,0,0,1,0,0,0,0
14529,14:3:0:1:6:1,1,,4,0,0,1,0,0,0,0
14530,14:3:0:2:9:2,1,,4,0,0,1,0,0,0,0
14531,14:3:0:3:15:3,1,,4,0,0,1,0,0,0,0
14532,14:3:1:0:0:1,1,,4,0,0,1,0,0,0,0
14533,14:3:1:1:6:1,1,,4,0,0,1,0,0,0,0
14534,14:3:1:2:9:2,1,,4,0,0,1,0,0,0,0
14535,14:3:1:3:15:3,1,,4,0,0,1,0,0,0,0
14536,14:3:2:0:0:1,1,,4,0,0,1,0,0,0,0
14537,14:3:2:1:6:1,1,,4,0,0,1,0,0,0,0
14538,14:3:2:2:9:2,1,,4,0,0,1,0,0,0,0
14539,14:3:2:3:15:3,1,,4,0,0,1,0,0,0,0
14540,14:3:3:0:0:1,1,,4,0,0,1,0,0,0,0
14541,14:3:3:1:6:1,1,,4,0,0,1,0,0,0,0
14542,14:3:3:2:9:2,1,,4,0,0,1,0,0,0,0
14543,14:3:3:3:15:3,1,,4,0,0,1,0,0,0,0
14544,14:3:4:0:0:1,0,0,0,,,0,0,0,0,0
14545,14:3:4:1:6:1,0,0,0,,,0,0,0,0,0
14546,14:3:4:2:9:2,0,0,0,,,0,0,0,0,0
14547,14:3:4:3:15:3,1,,4,0,0,1,0,0,0,0
14548,14:3:5:0:0:1,0,0,0,,,0,0,0,0,0
14549,14:3:5:1:6:1,0,0,0,,,0,0,0,0,0
14550,14:3:5:2:9:2,0,0,0,,,0,0,0,0,0
14551,14:3:5:3:15:3,1,,4,0,0,1,0,0,0,0
14552,14:3:6:0:0:1,0,0,0,,,0,0,0,0,0
14553,14:3:6:1:6:1,0,0,0,,,0,0,0,0,0
14554,14:3:6:2:9:2,0,0,0,,,0,0,0,0,0
14555,14:3:6:3:15:3,1,,4,0,0,1,0,0,0,0
14556,14:3:7:0:0:1,0,0,0,,,0,0,0,0,0
14557,14:3:7:1:6:1,0,0,0,,,0,0,0,0,0
14558,14:3:7:2:9:2,0,0,0,,,0,0,0,0,0
14559,14:3:7:3:15:3,1,,4,0,0,1,0,0,0,0
14560,14:3:8:0:0:1,0,0,0,,,0,0,0,0,0
14561,14:3:8:1:6:1,0,0,0,,,0,0,0,0,0
14562,14:3:8:2:9:2,0,0,0,,,0,0,0,0,0
14563,14:3:8:3:15:3,1,,4,0,0,1,0,0,0,0
14564,14:3:9:0:0:1,0,0,0,,,0,0,0,0,0
14565,14:3:9:1:6:1,0,0,0,,,0,0,0,0,0
14566,14:3:9:2:9:2,0,0,0,,,0,0,0,0,0
14567,14:3:9:3:15:3,1,,4,0,0,1,0,0,0,0
14568,14:3:10:0:0:1,0,0,0,,,0,0,0,0,0
14569,14:3:10:1:6:1,0,0,0,,,0,0,0,0,0
14570,14:3:10:2:9:2,0,0,0,,,0,0,0,0,0
14571,14:3:10:3:15:3,1,,4,0,0,1,0,0,0,0
14572,14:3:11:0:0:1,0,0,0,,,0,0,0,0,0
14573,14:3:11:1:6:1,0,0,0,,,0,0,0,0,0
14574,14:3:11:2:9:2,0,0,0,,,0,0,0,0,0
14575,14:3:11:3:15:3,1,,4,0,0,1,0,0,0,0
14576,14:3:12:0:0:1,0,0,0,,,0,0,0,0,0
14577,14:3:12:1:6:1,0,0,0,,,0,0,0,0,0
14578,14:3:12:2:9:2,0,0,0,,,0,0,0,0,0
14579,14:3:12:3:15:3,1,,4,0,0,1,0,0,0,0
14580,14:3:13:0:0:1,0,0,0,,,0,0,0,0,0
14581,14:3:13:1:6:1,0,0,0,,,0,0,0,0,0
14582,14:3:13:2:9:2,0,0,0,,,0,0,0,0,0
14583,14:3:13:3:15:3,1,,4,0,0,1,0,0,0,0
14584,14:3:14:0:0:1,1,1,2,1,1,2,0,0,0,0
14585,14:3:14:1:6:1,1,1,2,1,1,2,0,0,0,0
14586,14:3:14:2:9:2,1,1,2,1,1,2,0,0,0,0
14587,14:3:14:3:15:3,1,,4,0,0,1,0,0,0,0
14588,14:3:15:0:0:1,0,0,0,,,0,0,0,0,0
14589,14:3:15:1:6:1,0,0,0,,,0,0,0,0,0
14590,14:3:15:2:9:2,0,0,0,,,0,0,0,0,0
14591,14:3:15:3:15:3,1,,4,0,0,1,0,0,0,0
14592,14:4:0:0:0:1,1,,4,0,0,1,0,0,0,0
14593,14:4:0:1:6:1,1,,4,0,0,1,0,0,0,0
14594,14:4:0:2:9:2,1,,4,0,0,1,0,0,0,0
14595,14:4:0:3:15:3,1,,4,0,0,1,0,0,0,0
14596,14:4:1:0:0:1,1,,4,0,0,1,0,0,0,0
14597,14:4:1:1:6:1,1,,4,0,0,1,0,0,0,0
14598,14:4:1:2:9:2,1,,4,0,0,1,0,0,0,0
14599,14:4:1:3:15:3,1,,4,0,0,1,0,0,0,0
14600,14:4:2:0:0:1,1,,4,0,0,1,0,0,0,0
14601,14:4:2:1:6:1,1,,4,0,0,1,0,0,0,0
14602,14:4:2:2:9:2,1,,4,0,0,1,0,0,0,0
14603,14:4:2:3:15:3,1,,4,0,0,1,0,0,0,0
14604,14:4:3:0:0:1,1,,4,0,0,1,0,0,0,0
14605,14:4:3:1:6:1,1,,4,0,0,1,0,0,0,0
14606,14:4:3:2:9:2,1,,4,0,0,1,0,0,0,0
14607,14:4:3:3:15:3,1,,4,0,0,1,0,0,0,0
14608,14:4:4:0:0:1,1,2,2,2,2,2,0,0,0,0
14609,14:4:4:1:6:1,1,2,2,2,2,2,0,0,0,0
14610,14:4:4:2:9:2,1,2,2,2,2,2,0,0,0,0
14611,14:4:4:3:15:3,1,,4,0,0,1,0,0,0,0
14612,14:4:5:0:0:1,0,0,0,,,0,0,0,0,0
14613,14:4:5:1:6:1,0,0,0,,,0,0,0,0,0
14614,14:4:5:2:9:2,0,0,0,,,0,0,0,0,0
14615,14:4:5:3:15:3,1,,4,0,0,1,0,0,0,0
14616,14:4:6:0:0:1,0,0,0,,,0,0,0,0,0
14617,14:4:6:1:6:1,0,0,0,,,0,0,0,0,0
14618,14:4:6:2:9:2,0,0,0,,,0,0,0,0,0
14619,14:4:6:3:15:3,1,,4,0,0,1,0,0,0,0
14620,14:4:7:0:0:1,0,0,0,,,0,0,0,0,0
14621,14:4:7:1:6:1,0,0,0,,,0,0,0,0,0
14622,14:4:7:2:9:2,0,0,0,,,0,0,0,0,0
14623,14:4:7:3:15:3,1,,4,0,0,1,0,0,0,0
14624,14:4:8:0:0:1,0,0,0,,,0,0,0,0,0
14625,14:4:8:1:6:1,0,0,0,,,0,0,0,0,0
14626,14:4:8:2:9:2,0,0,0,,,0,0,0,0,0
14627,14:4:8:3:15:3,1,,4,0,0,1,0,0,0,0
14628,14:4:9:0:0:1,0,0,0,,,0,0,0,0,0
14629,14:4:9:1:6:1,0,0,0,,,0,0,0,0,0
14630,14:4:9:2:9:2,0,0,0,,,0,0,0,0,0
14631,14:4:9:3:15:3,1,,4,0,0,1,0,0,0,0
14632,14:4:10:0:0:1,0,0,0,,,0,0,0,0,0
14633,14:4:10:1:6:1,0,0,0,,,0,0,0,0,0
14634,14:4:10:2:9:2,0,0,0,,,0,0,0,0,0
14635,14:4:10:3:15:3,1,,4,0,0,1,0,0,0,0
14636,14:4:11:0:0:1,1,1;2,1,3,3,3,0,0,0,0
14637,14:4:11:1:6:1,1,1;2,1,3,3,3,0,0,0,0
14638,14:4:11:2:9:2,1,1;2,1,3,3,3,0,0,0,0
14639,14:4:11:3:15:3,1,,4,0,0,1,0,0,0,0
14640,14:4:12:0:0:1,0,0,0,,,0,0,0,0,0
14641,14:4:12:1:6:1,0,0,0,,,0,0,0,0,0
14642,14:4:12:2:9:2,0,0,0,,,0,0,0,0,0
14643,14:4:12:3:15:3,1,,4,0,0,1,0,0,0,0
14644,14:4:13:0:0:1,0,0,0,,,0,0,0,0,0
14645,14:4:13:1:6:1,0,0,0,,,0,0,0,0,0
14646,14:4:13:2:9:2,0,0,0,,,0,0,0,0,0
14647,14:4:13:3:15:3,1,,4,0,0,1,0,0,0,0
14648,14:4:14:0:0:1,1,1,2,1,1,2,0,0,0,0
14649,14:4:14:1:6:1,1,1,2,1,1,2,0,0,0,0
14650,14:4:14:2:9:2,1,1,2,1,1,2,0,0,0,0
14651,14:4:14:3:15:3,1,,4,0,0,1,0,0,0,0
14652,14:4:15:0:0:1,0,0,0,,,0,0,0,0,0
14653,14:4:15:1:6:1,0,0,0,,,0,0,0,0,0
14654,14:4:15:2:9:2,0,0,0,,,0,0,0,0,0
14655,14:4:15:3:15:3,1,,4,0,0,1,0,0,0,0
14656,14:5:0:0:0:1,1,,4,0,0,1,0,0,0,0
14657,14:5:0:1:6:1,1,,4,0,0,1,0,0,0,0
14658,14:5:0:2:9:2,1,,4,0,0,1,0,0,0,0
14659,14:5:0:3:15:3,1,,4,0,0,1,0,0,0,0
14660,14:5:1:0:0:1,1,,4,0,0,1,0,0,0,0
14661,14:5:1:1:6:1,1,,4,0,0,1,0,0,0,0
14662,14:5:1:2:9:2,1,,4,0,0,1,0,0,0,0
14663,14:5:1:3:15:3,1,,4,0,0,1,0,0,0,0
14664,14:5:2:0:0:1,1,,4,0,0,1,0,0,0,0
14665,14:5:2:1:6:1,1,,4,0,0,1,0,0,0,0
14666,14:5:2:2:9:2,1,,4,0,0,1,0,0,0,0
14667,14:5:2:3:15:3,1,,4,0,0,1,0,0,0,0
14668,14:5:3:0:0:1,1,,4,0,0,1,0,0,0,0
14669,14:5:3:1:6:1,1,,4,0,0,1,0,0,0,0
14670,14:5:3:2:9:2,1,,4,0,0,1,0,0,0,0
14671,14:5:3:3:15:3,1,,4,0,0,1,0,0,0,0
14672,14:5:4:0:0:1,0,0,0,,,0,0,0,0,0
14673,14:5:4:1:6:1,0,0,0,,,0,0,0,0,0
14674,14:5:4:2:9:2,0,0,0,,,0,0,0,0,0
14675,14:5:4:3:15:3,1,,4,0,0,1,0,0,0,0
14676,14:5:5:0:0:1,1,2,2,2,2,2,0,0,0,0
14677,14:5:5:1:6:1,1,2,2,2,2,2,0,0,0,0
14678,14:5:5:2:9:2,1,2,2,2,2,2,0,0,0,0
14679,14:5:5:3:15:3,1,,4,0,0,1,0,0,0,0
14680,14:5:6:0:0:1,0,0,0,,,0,0,0,0,0
14681,14:5:6:1:6:1,0,0,0,,,0,0,0,0,0
14682,14:5:6:2:9:2,0,0,0,,,0,0,0,0,0
14683,14:5:6:3:15:3,1,,4,0,0,1,0,0,0,0
14684,14:5:7:0:0:1,0,0,0,,,0,0,0,0,0
14685,14:5:7:1:6:1,0,0,0,,,0,0,0,0,0
14686,14:5:7:2:9:2,0,0,0,,,0,0,0,0,0
14687,14:5:7:3:15:3,1,,4,0,0,1,0,0,0,0
14688,14:5:8:0:0:1,0,0,0,,,0,0,0,0,0
14689,14:5:8:1:6:1,0,0,0,,,0,0,0,0,0
14690,14:5:8:2:9:2,0,0,0,,,0,0,0,0,0
14691,14:5:8:3:15:3,1,,4,0,0,1,0,0,0,0
14692,14:5:9:0:0:1,0,0,0,,,0,0,0,0,0
14693,14:5:9:1:6:1,0,0,0,,,0,0,0,0,0
14694,14:5:9:2:9:2,0,0,0,,,0,0,0,0,0
14695,14:5:9:3:15:3,1,,4,0,0,1,0,0,0,0
14696,14:5:10:0:0:1,1,1;2,1,3,3,3,0,0,0,0
14697,14:5:10:1:6:1,1,1;2,1,3,3,3,0,0,0,0
14698,14:5:10:2:9:2,1,1;2,1,3,3,3,0,0,0,0
14699,14:5:10:3:15:3,1,,4,0,0,1,0,0,0,0
14700,14:5:11:0:0:1,0,0,0,,,0,0,0,0,0
14701,14:5:11:1:6:1,0,0,0,,,0,0,0,0,0
14702,14:5:11:2:9:2,0,0,0,,,0,0,0,0,0
14703,14:5:11:3:15:3,1,,4,0,0,1,0,0,0,0
14704,14:5:12:0:0:1,0,0,0,,,0,0,0,0,0
14705,14:5:12:1:6:1,0,0,0,,,0,0,0,0,0
14706,14:5:12:2:9:2,0,0,0,,,0,0,0,0,0
14707,14:5:12:3:15:3,1,,4,0,0,1,0,0,0,0
14708,14:5:13:0:0:1,0,0,0,,,0,0,0,0,0
14709,14:5:13:1:6:1,0,0,0,,,0,0,0,0,0
14710,14:5:13:2:9:2,0,0,0,,,0,0,0,0,0
14711,14:5:13:3:15:3,1,,4,0,0,1,0,0,0,0
14712,14:5:14:0:0:1,1,1,2,1,1,2,0,0,0,0
14713,14:5:14:1:6:1,1,1,2,1,1,2,0,0,0,0
14714,14:5:14:2:9:2,1,1,2,1,1,2,0,0,0,0
14715,14:5:14:3:15:3,1,,4,0,0,1,0,0,0,0
14716,14:5:15:0:0:1,1,1;2,1,3,3,3,0,0,0,0
14717,14:5:15:1:6:1,1,1;2,1,3,3,3,0,0,0,0
14718,14:5:15:2:9:2,1,1;2,1,3,3,3,0,0,0,0
14719,14:5:15:3:15:3,1,,4,0,0,1,0,0,0,0
14720,14:6:0:0:0:1,1,,4,0,0,1,0,0,0,0
14721,14:6:0:1:6:1,1,,4,0,0,1,0,0,0,0
14722,14:6:0:2:9:2,1,,4,0,0,1,0,0,0,0
14723,14:6:0:3:15:3,1,,4,0,0,1,0,0,0,0
14724,14:6:1:0:0:1,1,,4,0,0,1,0,0,0,0
14725,14:6:1:1:6:1,1,,4,0,0,1,0,0,0,0
14726,14:6:1:2:9:2,1,,4,0,0,1,0,0,0,0
14727,14:6:1:3:15:3,1,,4,0,0,1,0,0,0,0
14728,14:6:2:0:0:1,1,,4,0,0,1,0,0,0,0
14729,14:6:2:1:6:1,1,,4,0,0,1,0,0,0,0
14730,14:6:2:2:9:2,1,,4,0,0,1,0,0,0,0
14731,14:6:2:3:15:3,1,,4,0,0,1,0,0,0,0
14732,14:6:3:0:0:1,1,,4,0,0,1,0,0,0,0
14733,14:6:3:1:6:1,1,,4,0,0,1,0,0,0,0
14734,14:6:3:2:9:2,1,,4,0,0,1,0,0,0,0
14735,14:6:3:3:15:3,1,,4,0,0,1,0,0,0,0
14736,14:6:4:0:0:1,0,0,0,,,0,0,0,0,0
14737,14:6:4:1:6:1,0,0,0,,,0,0,0,0,0
14738,14:6:4:2:9:2,0,0,0,,,0,0,0,0,0
14739,14:6:4:3:15:3,1,,4,0,0,1,0,0,0,0
14740,14:6:5:0:0:1,0,0,0,,,0,0,0,0,0
14741,14:6:5:1:6:1,0,0,0,,,0,0,0,0,0
14742,14:6:5:2:9:2,0,0,0,,,0,0,0,0,0
14743,14:6:5:3:15:3,1,,4,0,0,1,0,0,0,0
14744,14:6:6:0:0:1,1,2,2,2,2,2,0,0,0,0
14745,14:6:6:1:6:1,1,2,2,2,2,2,0,0,0,0
14746,14:6:6:2:9:2,1,2,2,2,2,2,0,0,0,0
14747,14:6:6:3:15:3,1,,4,0,0,1,0,0,0,0
14748,14:6:7:0:0:1,0,0,0,,,0,0,0,0,0
14749,14:6:7:1:6:1,0,0,0,,,0,0,0,0,0
14750,14:6:7:2:9:2,0,0,0,,,0,0,0,0,0
14751,14:6:7:3:15:3,1,,4,0,0,1,0,0,0,0
14752,14:6:8:0:0:1,0,0,0,,,0,0,0,0,0
14753,14:6:8:1:6:1,0,0,0,,,0,0,0,0,0
14754,14:6:8:2:9:2,0,0,0,,,0,0,0,0,0
14755,14:6:8:3:15:3,1,,4,0,0,1,0,0,0,0
14756,14:6:9:0:0:1,0,0,0,,,0,0,0,0,0
14757,14:6:9:1:6:1,0,0,0,,,0,0,0,0,0
14758,14:6:9:2:9:2,0,0,0,,,0,0,0,0,0
14759,14:6:9:3:15:3,1,,4,0,0,1,0,0,0,0
14760,14:6:10:0:0:1,0,0,0,,,0,0,0,0,0
14761,14:6:10:1:6:1,0,0,0,,,0,0,0,0,0
14762,14:6:10:2:9:2,0,0,0,,,0,0,0,0,0
14763,14:6:10:3:15:3,1,,4,0,0,1,0,0,0,0
14764,14:6:11:0:0:1,0,0,0,,,0,0,0,0,0
14765,14:6:11:1:6:1,0,0,0,,,0,0,0,0,0
14766,14:6:11:2:9:2,0,0,0,,,0,0,0,0,0
14767,14:6:11:3:15:3,1,,4,0,0,1,0,0,0,0
14768,14:6:12:0:0:1,0,0,0,,,0,0,0,0,0
14769,14:6:12:1:6:1,0,0,0,,,0,0,0,0,0
14770,14:6:12:2:9:2,0,0,0,,,0,0,0,0,0
14771,14:6:12:3:15:3,1,,4,0,0,1,0,0,0,0
14772,14:6:13:0:0:1,0,0,0,,,0,0,0,0,0
14773,14:6:13:1:6:1,0,0,0,,,0,0,0,0,0
14774,14:6:13:2:9:2,0,0,0,,,0,0,0,0,0
14775,14:6:13:3:15:3,1,,4,0,0,1,0,0,0,0
14776,14:6:14:0:0:1,1,1,2,1,1,2,0,0,0,0
14777,14:6:14:1:6:1,1,1,2,1,1,2,0,0,0,0
14778,14:6:14:2:9:2,1,1,2,1,1,2,0,0,0,0
14779,14:6:14:3:15:3,1,,4,0,0,1,0,0,0,0
14780,14:6:15:0:0:1,0,0,0,,,0,0,0,0,0
14781,14:6:15:1:6:1,0,0,0,,,0,0,0,0,0
14782,14:6:15:2:9:2,0,0,0,,,0,0,0,0,0
14783,14:6:15:3:15:3,1,,4,0,0,1,0,0,0,0
14784,14:7:0:0:0:1,1,,4,0,0,1,0,0,0,0
14785,14:7:0:1:6:1,1,,4,0,0,1,0,0,0,0
14786,14:7:0:2:9:2,1,,4,0,0,1,0,0,0,0
14787,14:7:0:3:15:3,1,,4,0,0,1,0,0,0,0
14788,14:7:1:0:0:1,1,,4,0,0,1,0,0,0,0
14789,14:7:1:1:6:1,1,,4,0,0,1,0,0,0,0
14790,14:7:1:2:9:2,1,,4,0,0,1,0,0,0,0
14791,14:7:1:3:15:3,1,,4,0,0,1,0,0,0,0
14792,14:7:2:0:0:1,1,,4,0,0,1,0,0,0,0
14793,14:7:2:1:6:1,1,,4,0,0,1,0,0,0,0
14794,14:7:2:2:9:2,1,,4,0,0,1,0,0,0,0
14795,14:7:2:3:15:3,1,,4,0,0,1,0,0,0,0
14796,14:7:3:0:0:1,1,,4,0,0,1,0,0,0,0
14797,14:7:3:1:6:1,1,,4,0,0,1,0,0,0,0
14798,14:7:3:2:9:2,1,,4,0,0,1,0,0,0,0
14799,14:7:3:3:15:3,1,,4,0,0,1,0,0,0,0
14800,14:7:4:0:0:1,0,0,0,,,0,0,0,0,0
14801,14:7:4:1:6:1,0,0,0,,,0,0,0,0,0
14802,14:7:4:2:9:2,0,0,0,,,0,0,0,0,0
14803,14:7:4:3:15:3,1,,4,0,0,1,0,0,0,0
14804,14:7:5:0:0:1,0,0,0,,,0,0,0,0,0
14805,14:7:5:1:6:1,0,0,0,,,0,0,0,0,0
14806,14:7:5:2:9:2,0,0,0,,,0,0,0,0,0
14807,14:7:5:3:15:3,1,,4,0,0,1,0,0,0,0
14808,14:7:6:0:0:1,0,0,0,,,0,0,0,0,0
14809,14:7:6:1:6:1,0,0,0,,,0,0,0,0,0
14810,14:7:6:2:9:2,0,0,0,,,0,0,0,0,0
14811,14:7:6:3:15:3,1,,4,0,0,1,0,0,0,0
14812,14:7:7:0:0:1,1,2,2,2,2,2,0,0,0,0
14813,14:7:7:1:6:1,1,2,2,2,2,2,0,0,0,0
14814,14:7:7:2:9:2,1,2,2,2,2,2,0,0,0,0
14815,14:7:7:3:15:3,1,,4,0,0,1,0,0,0,0
14816,14:7:8:0:0:1,0,0,0,,,0,0,0,0,0
14817,14:7:8:1:6:1,0,0,0,,,0,0,0,0,0
14818,14:7:8:2:9:2,0,0,0,,,0,0,0,0,0
14819,14:7:8:3:15:3,1,,4,0,0,1,0,0,0,0
14820,14:7:9:0:0:1,0,0,0,,,0,0,0,0,0
14821,14:7:9:1:6:1,0,0,0,,,0,0,0,0,0
14822,14:7:9:2:9:2,0,0,0,,,0,0,0,0,0
14823,14:7:9:3:15:3,1,,4,0,0,1,0,0,0,0
14824,14:7:10:0:0:1,0,0,0,,,0,0,0,0,0
14825,14:7:10:1:6:1,0,0,0,,,0,0,0,0,0
14826,14:7:10:2:9:2,0,0,0,,,0,0,0,0,0
14827,14:7:10:3:15:3,1,,4,0,0,1,0,0,0,0
14828,14:7:11:0:0:1,0,0,0,,,0,0,0,0,0
14829,14:7:11:1:6:1,0,0,0,,,0,0,0,0,0
14830,14:7:11:2:9:2,0,0,0,,,0,0,0,0,0
14831,14:7:11:3:15:3,1,,4,0,0,1,0,0,0,0
14832,14:7:12:0:0:1,0,0,0,,,0,0,0,0,0
14833,14:7:12:1:6:1,0,0,0,,,0,0,0,0,0
14834,14:7:12:2:9:2,0,0,0,,,0,0,0,0,0
14835,14:7:12:3:15:3,1,,4,0,0,1,0,0,0,0
14836,14:7:13:0:0:1,0,0,0,,,0,0,0,0,0
14837,14:7:13:1:6:1,0,0,0,,,0,0,0,0,0
14838,14:7:13:2:9:2,0,0,0,,,0,0,0,0,0
14839,14:7:13:3:15:3,1,,4,0,0,1,0,0,0,0
14840,14:7:14:0:0:1,1,1,2,1,1,2,0,0,0,0
14841,14:7:14:1:6:1,1,1,2,1,1,2,0,0,0,0
14842,14:7:14:2:9:2,1,1,2,1,1,2,0,0,0,0
14843,14:7:14:3:15:3,1,,4,0,0,1,0,0,0,0
14844,14:7:15:0:0:1,1,1;2,1,3,3,3,0,0,0,0
14845,14:7:15:1:6:1,1,1;2,1,3,3,3,0,0,0,0
14846,14:7:15:2:9:2,1,1;2,1,3,3,3,0,0,0,0
14847,14:7:15:3:15:3,1,,4,0,0,1,0,0,0,0
14848,14:8:0:0:0:1,1,,4,0,0,1,0,0,0,0
14849,14:8:0:1:6:1,1,,4,0,0,1,0,0,0,0
14850,14:8:0:2:9:2,1,,4,0,0,1,0,0,0,0
14851,14:8:0:3:15:3,1,,4,0,0,1,0,0,0,0
14852,14:8:1:0:0:1,1,,4,0,0,1,0,0,0,0
14853,14:8:1:1:6:1,1,,4,0,0,1,0,0,0,0
14854,14:8:1:2:9:2,1,,4,0,0,1,0,0,0,0
14855,14:8:1:3:15:3,1,,4,0,0,1,0,0,0,0
14856,14:8:2:0:0:1,1,,4,0,0,1,0,0,0,0
14857,14:8:2:1:6:1,1,,4,0,0,1,0,0,0,0
14858,14:8:2:2:9:2,1,,4,0,0,1,0,0,0,0
14859,14:8:2:3:15:3,1,,4,0,0,1,0,0,0,0
14860,14:8:3:0:0:1,1,,4,0,0,1,0,0,0,0
14861,14:8:3:1:6:1,1,,4,0,0,1,0,0,0,0
14862,14:8:3:2:9:2,1,,4,0,0,1,0,0,0,0
14863,14:8:3:3:15:3,1,,4,0,0,1,0,0,0,0
14864,14:8:4:0:0:1,0,0,0,,,0,0,0,0,0
14865,14:8:4:1:6:1,0,0,0,,,0,0,0,0,0
14866,14:8:4:2:9:2,0,0,0,,,0,0,0,0,0
14867,14:8:4:3:15:3,1,,4,0,0,1,0,0,0,0
14868,14:8:5:0:0:1,0,0,0,,,0,0,0,0,0
14869,14:8:5:1:6:1,0,0,0,,,0,0,0,0,0
14870,14:8:5:2:9:2,0,0,0,,,0,0,0,0,0
14871,14:8:5:3:15:3,1,,4,0,0,1,0,0,0,0
14872,14:8:6:0:0:1,0,0,0,,,0,0,0,0,0
14873,14:8:6:1:6:1,0,0,0,,,0,0,0,0,0
14874,14:8:6:2:9:2,0,0,0,,,0,0,0,0,0
14875,14:8:6:3:15:3,1,,4,0,0,1,0,0,0,0
14876,14:8:7:0:0:1,0,0,0,,,0,0,0,0,0
14877,14:8:7:1:6:1,0,0,0,,,0,0,0,0,0
14878,14:8:7:2:9:2,0,0,0,,,0,0,0,0,0
14879,14:8:7:3:15:3,1,,4,0,0,1,0,0,0,0
14880,14:8:8:0:0:1,1,2,2,2,2,2,0,0,0,0
14881,14:8:8:1:6:1,1,2,2,2,2,2,0,0,0,0
14882,14:8:8:2:9:2,1,2,2,2,2,2,0,0,0,0
14883,14:8:8:3:15:3,1,,4,0,0,1,0,0,0,0
14884,14:8:9:0:0:1,0,0,0,,,0,0,0,0,0
14885,14:8:9:1:6:1,0,0,0,,,0,0,0,0,0
14886,14:8:9:2:9:2,0,0,0,,,0,0,0,0,0
14887,14:8:9:3:15:3,1,,4,0,0,1,0,0,0,0
14888,14:8:10:0:0:1,0,0,0,,,0,0,0,0,0
14889,14:8:10:1:6:1,0,0,0,,,0,0,0,0,0
14890,14:8:10:2:9:2,0,0,0,,,0,0,0,0,0
14891,14:8:10:3:15:3,1,,4,0,0,1,0,0,0,0
14892,14:8:11:0:0:1,0,0,0,,,0,0,0,0,0
14893,14:8:11:1:6:1,0,0,0,,,0,0,0,0,0
14894,14:8:11:2:9:2,0,0,0,,,0,0,0,0,0
14895,14:8:11:3:15:3,1,,4,0,0,1,0,0,0,0
14896,14:8:12:0:0:1,0,0,0,,,0,0,0,0,0
14897,14:8:12:1:6:1,0,0,0,,,0,0,0,0,0
14898,14:8:12:2:9:2,0,0,0,,,0,0,0,0,0
14899,14:8:12:3:15:3,1,,4,0,0,1,0,0,0,0
14900,14:8:13:0:0:1,0,0,0,,,0,0,0,0,0
14901,14:8:13:1:6:1,0,0,0,,,0,0,0,0,0
14902,14:8:13:2:9:2,0,0,0,,,0,0,0,0,0
14903,14:8:13:3:15:3,1,,4,0,0,1,0,0,0,0
14904,14:8:14:0:0:1,1,1,2,1,1,2,0,0,0,0
14905,14:8:14:1:6:1,1,1,2,1,1,2,0,0,0,0
14906,14:8:14:2:9:2,1,1,2,1,1,2,0,0,0,0
14907,14:8:14:3:15:3,1,,4,0,0,1,0,0,0,0
14908,14:8:15:0:0:1,0,0,0,,,0,0,0,0,0
14909,14:8:15:1:6:1,0,0,0,,,0,0,0,0,0
14910,14:8:15:2:9:2,0,0,0,,,0,0,0,0,0
14911,14:8:15:3:15:3,1,,4,0,0,1,0,0,0,0
14912,14:9:0:0:0:1,1,,4,0,0,1,0,0,0,0
14913,14:9:0:1:6:1,1,,4,0,0,1,0,0,0,0
14914,14:9:0:2:9:2,1,,4,0,0,1,0,0,0,0
14915,14:9:0:3:15:3,1,,4,0,0,1,0,0,0,0
14916,14:9:1:0:0:1,1,,4,0,0,1,0,0,0,0
14917,14:9:1:1:6:1,1,,4,0,0,1,0,0,0,0
14918,14:9:1:2:9:2,1,,4,0,0,1,0,0,0,0
14919,14:9:1:3:15:3,1,,4,0,0,1,0,0,0,0
14920,14:9:2:0:0:1,1,,4,0,0,1,0,0,0,0
14921,14:9:2:1:6:1,1,,4,0,0,1,0,0,0,0
14922,14:9:2:2:9:2,1,,4,0,0,1,0,0,0,0
14923,14:9:2:3:15:3,1,,4,0,0,1,0,0,0,0
14924,14:9:3:0:0:1,1,,4,0,0,1,0,0,0,0
14925,14:9:3:1:6:1,1,,4,0,0,1,0,0,0,0
14926,14:9:3:2:9:2,1,,4,0,0,1,0,0,0,0
14927,14:9:3:3:15:3,1,,4,0,0,1,0,0,0,0
14928,14:9:4:0:0:1,0,0,0,,,0,0,0,0,0
14929,14:9:4:1:6:1,0,0,0,,,0,0,0,0,0
14930,14:9:4:2:9:2,0,0,0,,,0,0,0,0,0
14931,14:9:4:3:15:3,1,,4,0,0,1,0,0,0,0
14932,14:9:5:0:0:1,0,0,0,,,0,0,0,0,0
14933,14:9:5:1:6:1,0,0,0,,,0,0,0,0,0
14934,14:9:5:2:9:2,0,0,0,,,0,0,0,0,0
14935,14:9:5:3:15:3,1,,4,0,0,1,0,0,0,0
14936,14:9:6:0:0:1,0,0,0,,,0,0,0,0,0
14937,14:9:6:1:6:1,0,0,0,,,0,0,0,0,0
14938,14:9:6:2:9:2,0,0,0,,,0,0,0,0,0
14939,14:9:6:3:15:3,1,,4,0,0,1,0,0,0,0
14940,14:9:7:0:0:1,0,0,0,,,0,0,0,0,0
14941,14:9:7:1:6:1,0,0,0,,,0,0,0,0,0
14942,14:9:7:2:9:2,0,0,0,,,0,0,0,0,0
14943,14:9:7:3:15:3,1,,4,0,0,1,0,0,0,0
14944,14:9:8:0:0:1,0,0,0,,,0,0,0,0,0
14945,14:9:8:1:6:1,0,0,0,,,0,0,0,0,0
14946,14:9:8:2:9:2,0,0,0,,,0,0,0,0,0
14947,14:9:8:3:15:3,1,,4,0,0,1,0,0,0,0
14948,14:9:9:0:0:1,1,2,2,2,2,2,0,0,0,0
14949,14:9:9:1:6:1,1,2,2,2,2,2,0,0,0,0
14950,14:9:9:2:9:2,1,2,2,2,2,2,0,0,0,0
14951,14:9:9:3:15:3,1,,4,0,0,1,0,0,0,0
14952,14:9:10:0:0:1,0,0,0,,,0,0,0,0,0
14953,14:9:10:1:6:1,0,0,0,,,0,0,0,0,0
14954,14:9:10:2:9:2,0,0,0,,,0,0,0,0,0
14955,14:9:10:3:15:3,1,,4,0,0,1,0,0,0,0
14956,14:9:11:0:0:1,0,0,0,,,0,0,0,0,0
14957,14:9:11:1:6:1,0,0,0,,,0,0,0,0,0
14958,14:9:11:2:9:2,0,0,0,,,0,0,0,0,0
14959,14:9:11:3:15:3,1,,4,0,0,1,0,0,0,0
14960,14:9:12:0:0:1,0,0,0,,,0,0,0,0,0
14961,14:9:12:1:6:1,0,0,0,,,0,0,0,0,0
14962,14:9:12:2:9:2,0,0,0,,,0,0,0,0,0
14963,14:9:12:3:15:3,1,,4,0,0,1,0,0,0,0
14964,14:9:13:0:0:1,0,0,0,,,0,0,0,0,0
14965,14:9:13:1:6:1,0,0,0,,,0,0,0,0,0
14966,14:9:13:2:9:2,0,0,0,,,0,0,0,0,0
14967,14:9:13:3:15:3,1,,4,0,0,1,0,0,0,0
14968,14:9:14:0:0:1,1,1,2,1,1,2,0,0,0,0
14969,14:9:14:1:6:1,1,1,2,1,1,2,0,0,0,0
14970,14:9:14:2:9:2,1,1,2,1,1,2,0,0,0,0
14971,14:9:14:3:15:3,1,,4,0,0,1,0,0,0,0
14972,14:9:15:0:0:1,0,0,0,,,0,0,0,0,0
14973,14:9:15:1:6:1,0,0,0,,,0,0,0,0,0
14974,14:9:15:2:9:2,0,0,0,,,0,0,0,0,0
14975,14:9:15:3:15:3,1,,4,0,0,1,0,0,0,0
14976,14:10:0:0:0:1,1,,4,0,0,1,0,0,0,0
14977,14:10:0:1:6:1,1,,4,0,0,1,0,0,0,0
14978,14:10:0:2:9:2,1,,4,0,0,1,0,0,0,0
14979,14:10:0:3:15:3,1,,4,0,0,1,0,0,0,0
14980,14:10:1:0:0:1,1,,4,0,0,1,0,0,0,0
14981,14:10:1:1:6:1,1,,4,0,0,1,0,0,0,0
14982,14:10:1:2:9:2,1,,4,0,0,1,0,0,0,0
14983,14:10:1:3:15:3,1,,4,0,0,1,0,0,0,0
14984,14:10:2:0:0:1,1,,4,0,0,1,0,0,0,0
14985,14:10:2:1:6:1,1,,4,0,0,1,0,0,0,0
14986,14:10:2:2:9:2,1,,4,0,0,1,0,0,0,0
14987,14:10:2:3:15:3,1,,4,0,0,1,0,0,0,0
14988,14:10:3:0:0:1,1,,4,0,0,1,0,0,0,0
14989,14:10:3:1:6:1,1,,4,0,0,1,0,0,0,0
14990,14:10:3:2:9:2,1,,4,0,0,1,0,0,0,0
14991,14:10:3:3:15:3,1,,4,0,0,1,0,0,0,0
14992,14:10:4:0:0:1,0,0,0,,,0,0,0,0,0
14993,14:10:4:1:6:1,0,0,0,,,0,0,0,0,0
14994,14:10:4:2:9:2,0,0,0,,,0,0,0,0,0
14995,14:10:4:3:15:3,1,,4,0,0,1,0,0,0,0
14996,14:10:5:0:0:1,0,0,0,,,0,0,0,0,0
14997,14:10:5:1:6:1,0,0,0,,,0,0,0,0,0
14998,14:10:5:2:9:2,0,0,0,,,0,0,0,0,0
14999,14:10:5:3:15:3,1,,4,0,0,1,0,0,0,0
15000,14:10:6:0:0:1,0,0,0,,,0,0,0,0,0
15001,14:10:6:1:6:1,0,0,0,,,0,0,0,0,0
15002,14:10:6:2:9:2,0,0,0,,,0,0,0,0,0
15003,14:10:6:3:15:3,1,,4,0,0,1,0,0,0,0
15004,14:10:7:0:0:1,0,0,0,,,0,0,0,0,0
15005,14:10:7:1:6:1,0,0,0,,,0,0,0,0,0
15006,14:10:7:2:9:2,0,0,0,,,0,0,0,0,0
15007,14:10:7:3:15:3,1,,4,0,0,1,0,0,0,0
15008,14:10:8:0:0:1,0,0,0,,,0,0,0,0,0
15009,14:10:8:1:6:1,0,0,0,,,0,0,0,0,0
15010,14:10:8:2:9:2,0,0,0,,,0,0,0,0,0
15011,14:10:8:3:15:3,1,,4,0,0,1,0,0,0,0
15012,14:10:9:0:0:1,0,0,0,,,0,0,0,0,0
15013,14:10:9:1:6:1,0,0,0,,,0,0,0,0,0
15014,14:10:9:2:9:2,0,0,0,,,0,0,0,0,0
15015,14:10:9:3:15:3,1,,4,0,0,1,0,0,0,0
15016,14:10:10:0:0:1,1,2,2,2,2,2,0,0,0,0
15017,14:10:10:1:6:1,1,2,2,2,2,2,0,0,0,0
15018,14:10:10:2:9:2,1,2,2,2,2,2,0,0,0,0
15019,14:10:10:3:15:3,1,,4,0,0,1,0,0,0,0
15020,14:10:11:0:0:1,0,0,0,,,0,0,0,0,0
15021,14:10:11:1:6:1,0,0,0,,,0,0,0,0,0
15022,14:10:11:2:9:2,0,0,0,,,0,0,0,0,0
15023,14:10:11:3:15:3,1,,4,0,0,1,0,0,0,0
15024,14:10:12:0:0:1,0,0,0,,,0,0,0,0,0
15025,14:10:12:1:6:1,0,0,0,,,0,0,0,0,0
15026,14:10:12:2:9:2,0,0,0,,,0,0,0,0,0
15027,14:10:12:3:15:3,1,,4,0,0,1,0,0,0,0
15028,14:10:13:0:0:1,0,0,0,,,0,0,0,0,0
15029,14:10:13:1:6:1,0,0,0,,,0,0,0,0,0
15030,14:10:13:2:9:2,0,0,0,,,0,0,0,0,0
15031,14:10:13:3:15:3,1,,4,0,0,1,0,0,0,0
15032,14:10:14:0:0:1,1,1,2,1,1,2,0,0,0,0
15033,14:10:14:1:6:1,1,1,2,1,1,2,0,0,0,0
15034,14:10:14:2:9:2,1,1,2,1,1,2,0,0,0,0
15035,14:10:14:3:15:3,1,,4,0,0,1,0,0,0,0
15036,14:10:15:0:0:1,0,0,0,,,0,0,0,0,0
15037,14:10:15:1:6:1,0,0,0,,,0,0,0,0,0
15038,14:10:15:2:9:2,0,0,0,,,0,0,0,0,0
15039,14:10:15:3:15:3,1,,4,0,0,1,0,0,0,0
15040,14:11:0:0:0:1,1,,4,0,0,1,0,0,0,0
15041,14:11:0:1:6:1,1,,4,0,0,1,0,0,0,0
15042,14:11:0:2:9:2,1,,4,0,0,1,0,0,0,0
15043,14:11:0:3:15:3,1,,4,0,0,1,0,0,0,0
15044,14:11:1:0:0:1,1,,4,0,0,1,0,0,0,0
15045,14:11:1:1:6:1,1,,4,0,0,1,0,0,0,0
15046,14:11:1:2:9:2,1,,4,0,0,1,0,0,0,0
15047,14:11:1:3:15:3,1,,4,0,0,1,0,0,0,0
15048,14:11:2:0:0:1,1,,4,0,0,1,0,0,0,0
15049,14:11:2:1:6:1,1,,4,0,0,1,0,0,0,0
15050,14:11:2:2:9:2,1,,4,0,0,1,0,0,0,0
15051,14:11:2:3:15:3,1,,4,0,0,1,0,0,0,0
15052,14:11:3:0:0:1,1,,4,0,0,1,0,0,0,0
15053,14:11:3:1:6:1,1,,4,0,0,1,0,0,0,0
15054,14:11:3:2:9:2,1,,4,0,0,1,0,0,0,0
15055,14:11:3:3:15:3,1,,4,0,0,1,0,0,0,0
15056,14:11:4:0:0:1,1,1;2,1,3,3,3,0,0,0,0
15057,14:11:4:1:6:1,1,1;2,1,3,3,3,0,0,0,0
15058,14:11:4:2:9:2,1,1;2,1,3,3,3,0,0,0,0
15059,14:11:4:3:15:3,1,,4,0,0,1,0,0,0,0
15060,14:11:5:0:0:1,0,0,0,,,0,0,0,0,0
15061,14:11:5:1:6:1,0,0,0,,,0,0,0,0,0
15062,14:11:5:2:9:2,0,0,0,,,0,0,0,0,0
15063,14:11:5:3:15:3,1,,4,0,0,1,0,0,0,0
15064,14:11:6:0:0:1,0,0,0,,,0,0,0,0,0
15065,14:11:6:1:6:1,0,0,0,,,0,0,0,0,0
15066,14:11:6:2:9:2,0,0,0,,,0,0,0,0,0
15067,14:11:6:3:15:3,1,,4,0,0,1,0,0,0,0
15068,14:11:7:0:0:1,0,0,0,,,0,0,0,0,0
15069,14:11:7:1:6:1,0,0,0,,,0,0,0,0,0
15070,14:11:7:2:9:2,0,0,0,,,0,0,0,0,0
15071,14:11:7:3:15:3,1,,4,0,0,1,0,0,0,0
15072,14:11:8:0:0:1,0,0,0,,,0,0,0,0,0
15073,14:11:8:1:6:1,0,0,0,,,0,0,0,0,0
15074,14:11:8:2:9:2,0,0,0,,,0,0,0,0,0
15075,14:11:8:3:15:3,1,,4,0,0,1,0,0,0,0
15076,14:11:9:0:0:1,0,0,0,,,0,0,0,0,0
15077,14:11:9:1:6:1,0,0,0,,,0,0,0,0,0
15078,14:11:9:2:9:2,0,0,0,,,0,0,0,0,0
15079,14:11:9:3:15:3,1,,4,0,0,1,0,0,0,0
15080,14:11:10:0:0:1,0,0,0,,,0,0,0,0,0
15081,14:11:10:1:6:1,0,0,0,,,0,0,0,0,0
15082,14:11:10:2:9:2,0,0,0,,,0,0,0,0,0
15083,14:11:10:3:15:3,1,,4,0,0,1,0,0,0,0
15084,14:11:11:0:0:1,1,2,2,2,2,2,0,0,0,0
15085,14:11:11:1:6:1,1,2,2,2,2,2,0,0,0,0
15086,14:11:11:2:9:2,1,2,2,2,2,2,0,0,0,0
15087,14:11:11:3:15:3,1,,4,0,0,1,0,0,0,0
15088,14:11:12:0:0:1,0,0,0,,,0,0,0,0,0
15089,14:11:12:1:6:1,0,0,0,,,0,0,0,0,0
15090,14:11:12:2:9:2,0,0,0,,,0,0,0,0,0
15091,14:11:12:3:15:3,1,,4,0,0,1,0,0,0,0
15092,14:11:13:0:0:1,0,0,0,,,0,0,0,0,0
15093,14:11:13:1:6:1,0,0,0,,,0,0,0,0,0
15094,14:11:13:2:9:2,0,0,0,,,0,0,0,0,0
15095,14:11:13:3:15:3,1,,4,0,0,1,0,0,0,0
15096,14:11:14:0:0:1,1,1,2,1,1,2,0,0,0,0
15097,14:11:14:1:6:1,1,1,2,1,1,2,0,0,0,0
15098,14:11:14:2:9:2,1,1,2,1,1,2,0,0,0,0
15099,14:11:14:3:15:3,1,,4,0,0,1,0,0,0,0
15100,14:11:15:0:0:1,0,0,0,,,0,0,0,0,0
15101,14:11:15:1:6:1,0,0,0,,,0,0,0,0,0
15102,14:11:15:2:9:2,0,0,0,,,0,0,0,0,0
15103,14:11:15:3:15:3,1,,4,0,0,1,0,0,0,0
15104,14:12:0:0:0:1,1,,4,0,0,1,0,0,0,0
15105,14:12:0:1:6:1,1,,4,0,0,1,0,0,0,0
15106,14:12:0:2:9:2,1,,4,0,0,1,0,0,0,0
15107,14:12:0:3:15:3,1,,4,0,0,1,0,0,0,0
15108,14:12:1:0:0:1,1,,4,0,0,1,0,0,0,0
15109,14:12:1:1:6:1,1,,4,0,0,1,0,0,0,0
15110,14:12:1:2:9:2,1,,4,0,0,1,0,0,0,0
15111,14:12:1:3:15:3,1,,4,0,0,1,0,0,0,0
15112,14:12:2:0:0:1,1,,4,0,0,1,0,0,0,0
15113,14:12:2:1:6:1,1,,4,0,0,1,0,0,0,0
15114,14:12:2:2:9:2,1,,4,0,0,1,0,0,0,0
15115,14:12:2:3:15:3,1,,4,0,0,1,0,0,0,0
15116,14:12:3:0:0:1,1,,4,0,0,1,0,0,0,0
15117,14:12:3:1:6:1,1,,4,0,0,1,0,0,0,0
15118,14:12:3:2:9:2,1,,4,0,0,1,0,0,0,0
15119,14:12:3:3:15:3,1,,4,0,0,1,0,0,0,0
15120,14:12:4:0:0:1,0,0,0,,,0,0,0,0,0
15121,14:12:4:1:6:1,0,0,0,,,0,0,0,0,0
15122,14:12:4:2:9:2,0,0,0,,,0,0,0,0,0
15123,14:12:4:3:15:3,1,,4,0,0,1,0,0,0,0
15124,14:12:5:0:0:1,0,0,0,,,0,0,0,0,0
15125,14:12:5:1:6:1,0,0,0,,,0,0,0,0,0
15126,14:12:5:2:9:2,0,0,0,,,0,0,0,0,0
15127,14:12:5:3:15:3,1,,4,0,0,1,0,0,0,0
15128,14:12:6:0:0:1,0,0,0,,,0,0,0,0,0
15129,14:12:6:1:6:1,0,0,0,,,0,0,0,0,0
15130,14:12:6:2:9:2,0,0,0,,,0,0,0,0,0
15131,14:12:6:3:15:3,1,,4,0,0,1,0,0,0,0
15132,14:12:7:0:0:1,0,0,0,,,0,0,0,0,0
15133,14:12:7:1:6:1,0,0,0,,,0,0,0,0,0
15134,14:12:7:2:9:2,0,0,0,,,0,0,0,0,0
15135,14:12:7:3:15:3,1,,4,0,0,1,0,0,0,0
15136,14:12:8:0:0:1,0,0,0,,,0,0,0,0,0
15137,14:12:8:1:6:1,0,0,0,,,0,0,0,0,0
15138,14:12:8:2:9:2,0,0,0,,,0,0,0,0,0
15139,14:12:8:3:15:3,1,,4,0,0,1,0,0,0,0
15140,14:12:9:0:0:1,0,0,0,,,0,0,0,0,0
15141,14:12:9:1:6:1,0,0,0,,,0,0,0,0,0
15142,14:12:9:2:9:2,0,0,0,,,0,0,0,0,0
15143,14:12:9:3:15:3,1,,4,0,0,1,0,0,0,0
15144,14:12:10:0:0:1,0,0,0,,,0,0,0,0,0
15145,14:12:10:1:6:1,0,0,0,,,0,0,0,0,0
15146,14:12:10:2:9:2,0,0,0,,,0,0,0,0,0
15147,14:12:10:3:15:3,1,,4,0,0,1,0,0,0,0
15148,14:12:11:0:0:1,0,0,0,,,0,0,0,0,0
15149,14:12:11:1:6:1,0,0,0,,,0,0,0,0,0
15150,14:12:11:2:9:2,0,0,0,,,0,0,0,0,0
15151,14:12:11:3:15:3,1,,4,0,0,1,0,0,0,0
15152,14:12:12:0:0:1,1,2,2,2,2,2,0,0,0,0
15153,14:12:12:1:6:1,1,2,2,2,2,2,0,0,0,0
15154,14:12:12:2:9:2,1,2,2,2,2,2,0,0,0,0
15155,14:12:12:3:15:3,1,,4,0,0,1,0,0,0,0
15156,14:12:13:0:0:1,0,0,0,,,0,0,0,0,0
15157,14:12:13:1:6:1,0,0,0,,,0,0,0,0,0
15158,14:12:13:2:9:2,0,0,0,,,0,0,0,0,0
15159,14:12:13:3:15:3,1,,4,0,0,1,0,0,0,0
15160,14:12:14:0:0:1,1,1,2,1,1,2,0,0,0,0
15161,14:12:14:1:6:1,1,1,2,1,1,2,0,0,0,0
15162,14:12:14:2:9:2,1,1,2,1,1,2,0,0,0,0
15163,14:12:14:3:15:3,1,,4,0,0,1,0,0,0,0
15164,14:12:15:0:0:1,0,0,0,,,0,0,0,0,0
15165,14:12:15:1:6:1,0,0,0,,,0,0,0,0,0
15166,14:12:15:2:9:2,0,0,0,,,0,0,0,0,0
15167,14:12:15:3:15:3,1,,4,0,0,1,0,0,0,0
15168,14:13:0:0:0:1,1,,4,0,0,1,0,0,0,0
15169,14:13:0:1:6:1,1,,4,0,0,1,0,0,0,0
15170,14:13:0:2:9:2,1,,4,0,0,1,0,0,0,0
15171,14:13:0:3:15:3,1,,4,0,0,1,0,0,0,0
15172,14:13:1:0:0:1,1,,4,0,0,1,0,0,0,0
15173,14:13:1:1:6:1,1,,4,0,0,1,0,0,0,0
15174,14:13:1:2:9:2,1,,4,0,0,1,0,0,0,0
15175,14:13:1:3:15:3,1,,4,0,0,1,0,0,0,0
15176,14:13:2:0:0:1,1,,4,0,0,1,0,0,0,0
15177,14:13:2:1:6:1,1,,4,0,0,1,0,0,0,0
15178,14:13:2:2:9:2,1,,4,0,0,1,0,0,0,0
15179,14:13:2:3:15:3,1,,4,0,0,1,0,0,0,0
15180,14:13:3:0:0:1,1,,4,0,0,1,0,0,0,0
15181,14:13:3:1:6:1,1,,4,0,0,1,0,0,0,0
15182,14:13:3:2:9:2,1,,4,0,0,1,0,0,0,0
15183,14:13:3:3:15:3,1,,4,0,0,1,0,0,0,0
15184,14:13:4:0:0:1,0,0,0,,,0,0,0,0,0
15185,14:13:4:1:6:1,0,0,0,,,0,0,0,0,0
15186,14:13:4:2:9:2,0,0,0,,,0,0,0,0,0
15187,14:13:4:3:15:3,1,,4,0,0,1,0,0,0,0
15188,14:13:5:0:0:1,0,0,0,,,0,0,0,0,0
15189,14:13:5:1:6:1,0,0,0,,,0,0,0,0,0
15190,14:13:5:2:9:2,0,0,0,,,0,0,0,0,0
15191,14:13:5:3:15:3,1,,4,0,0,1,0,0,0,0
15192,14:13:6:0:0:1,0,0,0,,,0,0,0,0,0
15193,14:13:6:1:6:1,0,0,0,,,0,0,0,0,0
15194,14:13:6:2:9:2,0,0,0,,,0,0,0,0,0
15195,14:13:6:3:15:3,1,,4,0,0,1,0,0,0,0
15196,14:13:7:0:0:1,0,0,0,,,0,0,0,0,0
15197,14:13:7:1:6:1,0,0,0,,,0,0,0,0,0
15198,14:13:7:2:9:2,0,0,0,,,0,0,0,0,0
15199,14:13:7:3:15:3,1,,4,0,0,1,0,0,0,0
15200,14:13:8:0:0:1,0,0,0,,,0,0,0,0,0
15201,14:13:8:1:6:1,0,0,0,,,0,0,0,0,0
15202,14:13:8:2:9:2,0,0,0,,,0,0,0,0,0
15203,14:13:8:3:15:3,1,,4,0,0,1,0,0,0,0
15204,14:13:9:0:0:1,0,0,0,,,0,0,0,0,0
15205,14:13:9:1:6:1,0,0,0,,,0,0,0,0,0
15206,14:13:9:2:9:2,0,0,0,,,0,0,0,0,0
15207,14:13:9:3:15:3,1,,4,0,0,1,0,0,0,0
15208,14:13:10:0:0:1,0,0,0,,,0,0,0,0,0
15209,14:13:10:1:6:1,0,0,0,,,0,0,0,0,0
15210,14:13:10:2:9:2,0,0,0,,,0,0,0,0,0
15211,14:13:10:3:15:3,1,,4,0,0,1,0,0,0,0
15212,14:13:11:0:0:1,0,0,0,,,0,0,0,0,0
15213,14:13:11:1:6:1,0,0,0,,,0,0,0,0,0
15214,14:13:11:2:9:2,0,0,0,,,0,0,0,0,0
15215,14:13:11:3:15:3,1,,4,0,0,1,0,0,0,0
15216,14:13:12:0:0:1,0,0,0,,,0,0,0,0,0
15217,14:13:12:1:6:1,0,0,0,,,0,0,0,0,0
15218,14:13:12:2:9:2,0,0,0,,,0,0,0,0,0
15219,14:13:12:3:15:3,1,,4,0,0,1,0,0,0,0
15220,14:13:13:0:0:1,1,2,2,2,2,2,0,0,0,0
15221,14:13:13:1:6:1,1,2,2,2,2,2,0,0,0,0
15222,14:13:13:2:9:2,1,2,2,2,2,2,0,0,0,0
15223,14:13:13:3:15:3,1,,4,0,0,1,0,0,0,0
15224,14:13:14:0:0:1,1,1,2,1,1,2,0,0,0,0
15225,14:13:14:1:6:1,1,1,2,1,1,2,0,0,0,0
15226,14:13:14:2:9:2,1,1,2,1,1,2,0,0,0,0
15227,14:13:14:3:15:3,1,,4,0,0,1,0,0,0,0
15228,14:13:15:0:0:1,1,1;2,1,3,3,3,0,0,0,0
15229,14:13:15:1:6:1,1,1;2,1,3,3,3,0,0,0,0
15230,14:13:15:2:9:2,1,1;2,1,3,3,3,0,0,0,0
15231,14:13:15:3:15:3,1,,4,0,0,1,0,0,0,0
15232,14:14:0:0:0:1,1,,4,0,0,1,0,0,0,0
15233,14:14:0:1:6:1,1,,4,0,0,1,0,0,0,0
15234,14:14:0:2:9:2,1,,4,0,0,1,0,0,0,0
15235,14:14:0:3:15:3,1,,4,0,0,1,0,0,0,0
15236,14:14:1:0:0:1,1,,4,0,0,1,0,0,0,0
15237,14:14:1:1:6:1,1,,4,0,0,1,0,0,0,0
15238,14:14:1:2:9:2,1,,4,0,0,1,0,0,0,0
15239,14:14:1:3:15:3,1,,4,0,0,1,0,0,0,0
15240,14:14:2:0:0:1,1,,4,0,0,1,0,0,0,0
15241,14:14:2:1:6:1,1,,4,0,0,1,0,0,0,0
15242,14:14:2:2:9:2,1,,4,0,0,1,0,0,0,0
15243,14:14:2:3:15:3,1,,4,0,0,1,0,0,0,0
15244,14:14:3:0:0:1,1,,4,0,0,1,0,0,0,0
15245,14:14:3:1:6:1,1,,4,0,0,1,0,0,0,0
15246,14:14:3:2:9:2,1,,4,0,0,1,0,0,0,0
15247,14:14:3:3:15:3,1,,4,0,0,1,0,0,0,0
15248,14:14:4:0:0:1,0,0,0,,,0,0,0,0,0
15249,14:14:4:1:6:1,0,0,0,,,0,0,0,0,0
15250,14:14:4:2:9:2,0,0,0,,,0,0,0,0,0
15251,14:14:4:3:15:3,1,,4,0,0,1,0,0,0,0
15252,14:14:5:0:0:1,0,0,0,,,0,0,0,0,0
15253,14:14:5:1:6:1,0,0,0,,,0,0,0,0,0
15254,14:14:5:2:9:2,0,0,0,,,0,0,0,0,0
15255,14:14:5:3:15:3,1,,4,0,0,1,0,0,0,0
15256,14:14:6:0:0:1,0,0,0,,,0,0,0,0,0
15257,14:14:6:1:6:1,0,0,0,,,0,0,0,0,0
15258,14:14:6:2:9:2,0,0,0,,,0,0,0,0,0
15259,14:14:6:3:15:3,1,,4,0,0,1,0,0,0,0
15260,14:14:7:0:0:1,0,0,0,,,0,0,0,0,0
15261,14:14:7:1:6:1,0,0,0,,,0,0,0,0,0
15262,14:14:7:2:9:2,0,0,0,,,0,0,0,0,0
15263,14:14:7:3:15:3,1,,4,0,0,1,0,0,0,0
15264,14:14:8:0:0:1,0,0,0,,,0,0,0,0,0
15265,14:14:8:1:6:1,0,0,0,,,0,0,0,0,0
15266,14:14:8:2:9:2,0,0,0,,,0,0,0,0,0
15267,14:14:8:3:15:3,1,,4,0,0,1,0,0,0,0
15268,14:14:9:0:0:1,0,0,0,,,0,0,0,0,0
15269,14:14:9:1:6:1,0,0,0,,,0,0,0,0,0
15270,14:14:9:2:9:2,0,0,0,,,0,0,0,0,0
15271,14:14:9:3:15:3,1,,4,0,0,1,0,0,0,0
15272,14:14:10:0:0:1,0,0,0,,,0,0,0,0,0
15273,14:14:10:1:6:1,0,0,0,,,0,0,0,0,0
15274,14:14:10:2:9:2,0,0,0,,,0,0,0,0,0
15275,14:14:10:3:15:3,1,,4,0,0,1,0,0,0,0
15276,14:14:11:0:0:1,0,0,0,,,0,0,0,0,0
15277,14:14:11:1:6:1,0,0,0,,,0,0,0,0,0
15278,14:14:11:2:9:2,0,0,0,,,0,0,0,0,0
15279,14:14:11:3:15:3,1,,4,0,0,1,0,0,0,0
15280,14:14:12:0:0:1,0,0,0,,,0,0,0,0,0
15281,14:14:12:1:6:1,0,0,0,,,0,0,0,0,0
15282,14:14:12:2:9:2,0,0,0,,,0,0,0,0,0
15283,14:14:12:3:15:3,1,,4,0,0,1,0,0,0,0
15284,14:14:13:0:0:1,0,0,0,,,0,0,0,0,0
15285,14:14:13:1:6:1,0,0,0,,,0,0,0,0,0
15286,14:14:13:2:9:2,0,0,0,,,0,0,0,0,0
15287,14:14:13:3:15:3,1,,4,0,0,1,0,0,0,0
15288,14:14:14:0:0:1,1,3,3,1,1,3,0,0,0,0
15289,14:14:14:1:6:1,1,3,3,1,1,3,0,0,0,0
15290,14:14:14:2:9:2,1,3,3,1,1,3,0,0,0,0
15291,14:14:14:3:15:3,1,,4,0,0,1,0,0,0,0
15292,14:14:15:0:0:1,0,0,0,,,0,0,0,0,0
15293,14:14:15:1:6:1,0,0,0,,,0,0,0,0,0
15294,14:14:15:2:9:2,0,0,0,,,0,0,0,0,0
15295,14:14:15:3:15:3,1,,4,0,0,1,0,0,0,0
15296,14:15:0:0:0:1,1,,4,0,0,1,0,0,0,0
15297,14:15:0:1:6:1,1,,4,0,0,1,0,0,0,0
15298,14:15:0:2:9:2,1,,4,0,0,1,0,0,0,0
15299,14:15:0:3:15:3,1,,4,0,0,1,0,0,0,0
15300,14:15:1:0:0:1,1,,4,0,0,1,0,0,0,0
15301,14:15:1:1:6:1,1,,4,0,0,1,0,0,0,0
15302,14:15:1:2:9:2,1,,4,0,0,1,0,0,0,0
15303,14:15:1:3:15:3,1,,4,0,0,1,0,0,0,0
15304,14:15:2:0:0:1,1,,4,0,0,1,0,0,0,0
15305,14:15:2:1:6:1,1,,4,0,0,1,0,0,0,0
15306,14:15:2:2:9:2,1,,4,0,0,1,0,0,0,0
15307,14:15:2:3:15:3,1,,4,0,0,1,0,0,0,0
15308,14:15:3:0:0:1,1,,4,0,0,1,0,0,0,0
15309,14:15:3:1:6:1,1,,4,0,0,1,0,0,0,0
15310,14:15:3:2:9:2,1,,4,0,0,1,0,0,0,0
15311,14:15:3:3:15:3,1,,4,0,0,1,0,0,0,0
15312,14:15:4:0:0:1,0,0,0,,,0,0,0,0,0
15313,14:15:4:1:6:1,0,0,0,,,0,0,0,0,0
15314,14:15:4:2:9:2,0,0,0,,,0,0,0,0,0
15315,14:15:4:3:15:3,1,,4,0,0,1,0,0,0,0
15316,14:15:5:0:0:1,0,0,0,,,0,0,0,0,0
15317,14:15:5:1:6:1,0,0,0,,,0,0,0,0,0
15318,14:15:5:2:9:2,0,0,0,,,0,0,0,0,0
15319,14:15:5:3:15:3,1,,4,0,0,1,0,0,0,0
15320,14:15:6:0:0:1,0,0,0,,,0,0,0,0,0
15321,14:15:6:1:6:1,0,0,0,,,0,0,0,0,0
15322,14:15:6:2:9:2,0,0,0,,,0,0,0,0,0
15323,14:15:6:3:15:3,1,,4,0,0,1,0,0,0,0
15324,14:15:7:0:0:1,0,0,0,,,0,0,0,0,0
15325,14:15:7:1:6:1,0,0,0,,,0,0,0,0,0
15326,14:15:7:2:9:2,0,0,0,,,0,0,0,0,0
15327,14:15:7:3:15:3,1,,4,0,0,1,0,0,0,0
15328,14:15:8:0:0:1,0,0,0,,,0,0,0,0,0
15329,14:15:8:1:6:1,0,0,0,,,0,0,0,0,0
15330,14:15:8:2:9:2,0,0,0,,,0,0,0,0,0
15331,14:15:8:3:15:3,1,,4,0,0,1,0,0,0,0
15332,14:15:9:0:0:1,0,0,0,,,0,0,0,0,0
15333,14:15:9:1:6:1,0,0,0,,,0,0,0,0,0
15334,14:15:9:2:9:2,0,0,0,,,0,0,0,0,0
15335,14:15:9:3:15:3,1,,4,0,0,1,0,0,0,0
15336,14:15:10:0:0:1,0,0,0,,,0,0,0,0,0
15337,14:15:10:1:6:1,0,0,0,,,0,0,0,0,0
15338,14:15:10:2:9:2,0,0,0,,,0,0,0,0,0
15339,14:15:10:3:15:3,1,,4,0,0,1,0,0,0,0
15340,14:15:11:0:0:1,0,0,0,,,0,0,0,0,0
15341,14:15:11:1:6:1,0,0,0,,,0,0,0,0,0
15342,14:15:11:2:9:2,0,0,0,,,0,0,0,0,0
15343,14:15:11:3:15:3,1,,4,0,0,1,0,0,0,0
15344,14:15:12:0:0:1,0,0,0,,,0,0,0,0,0
15345,14:15:12:1:6:1,0,0,0,,,0,0,0,0,0
15346,14:15:12:2:9:2,0,0,0,,,0,0,0,0,0
15347,14:15:12:3:15:3,1,,4,0,0,1,0,0,0,0
15348,14:15:13:0:0:1,0,0,0,,,0,0,0,0,0
15349,14:15:13:1:6:1,0,0,0,,,0,0,0,0,0
15350,14:15:13:2:9:2,0,0,0,,,0,0,0,0,0
15351,14:15:13:3:15:3,1,,4,0,0,1,0,0,0,0
15352,14:15:14:0:0:1,1,1,2,1,1,2,0,0,0,0
15353,14:15:14:1:6:1,1,1,2,1,1,2,0,0,0,0
15354,14:15:14:2:9:2,1,1,2,1,1,2,0,0,0,0
15355,14:15:14:3:15:3,1,,4,0,0,1,0,0,0,0
15356,14:15:15:0:0:1,1,2,2,2,2,2,0,0,0,0
15357,14:15:15:1:6:1,1,2,2,2,2,2,0,0,0,0
15358,14:15:15:2:9:2,1,2,2,2,2,2,0,0,0,0
15359,14:15:15:3:15:3,1,,4,0,0,1,0,0,0,0
15360,15:0:0:0:0:1,1,,4,0,0,1,0,0,0,0
15361,15:0:0:1:6:1,1,,4,0,0,1,0,0,0,0
15362,15:0:0:2:9:2,1,,4,0,0,1,0,0,0,0
15363,15:0:0:3:15:3,1,,4,0,0,1,0,0,0,0
15364,15:0:1:0:0:1,1,,4,0,0,1,0,0,0,0
15365,15:0:1:1:6:1,1,,4,0,0,1,0,0,0,0
15366,15:0:1:2:9:2,1,,4,0,0,1,0,0,0,0
15367,15:0:1:3:15:3,1,,4,0,0,1,0,0,0,0
15368,15:0:2:0:0:1,1,,4,0,0,1,0,0,0,0
15369,15:0:2:1:6:1,1,,4,0,0,1,0,0,0,0
15370,15:0:2:2:9:2,1,,4,0,0,1,0,0,0,0
15371,15:0:2:3:15:3,1,,4,0,0,1,0,0,0,0
15372,15:0:3:0:0:1,1,,4,0,0,1,0,0,0,0
15373,15:0:3:1:6:1,1,,4,0,0,1,0,0,0,0
15374,15:0:3:2:9:2,1,,4,0,0,1,0,0,0,0
15375,15:0:3:3:15:3,1,,4,0,0,1,0,0,0,0
15376,15:0:4:0:0:1,0,0,0,,,0,0,0,0,0
15377,15:0:4:1:6:1,0,0,0,,,0,0,0,0,0
15378,15:0:4:2:9:2,0,0,0,,,0,0,0,0,0
15379,15:0:4:3:15:3,1,,4,0,0,1,0,0,0,0
15380,15:0:5:0:0:1,0,0,0,,,0,0,0,0,0
15381,15:0:5:1:6:1,0,0,0,,,0,0,0,0,0
15382,15:0:5:2:9:2,0,0,0,,,0,0,0,0,0
15383,15:0:5:3:15:3,1,,4,0,0,1,0,0,0,0
15384,15:0:6:0:0:1,0,0,0,,,0,0,0,0,0
15385,15:0:6:1:6:1,0,0,0,,,0,0,0,0,0
15386,15:0:6:2:9:2,0,0,0,,,0,0,0,0,0
15387,15:0:6:3:15:3,1,,4,0,0,1,0,0,0,0
15388,15:0:7:0:0:1,0,0,0,,,0,0,0,0,0
15389,15:0:7:1:6:1,0,0,0,,,0,0,0,0,0
15390,15:0:7:2:9:2,0,0,0,,,0,0,0,0,0
15391,15:0:7:3:15:3,1,,4,0,0,1,0,0,0,0
15392,15:0:8:0:0:1,0,0,0,,,0,0,0,0,0
15393,15:0:8:1:6:1,0,0,0,,,0,0,0,0,0
15394,15:0:8:2:9:2,0,0,0,,,0,0,0,0,0
15395,15:0:8:3:15:3,1,,4,0,0,1,0,0,0,0
15396,15:0:9:0:0:1,0,0,0,,,0,0,0,0,0
15397,15:0:9:1:6:1,0,0,0,,,0,0,0,0,0
15398,15:0:9:2:9:2,0,0,0,,,0,0,0,0,0
15399,15:0:9:3:15:3,1,,4,0,0,1,0,0,0,0
15400,15:0:10:0:0:1,0,0,0,,,0,0,0,0,0
15401,15:0:10:1:6:1,0,0,0,,,0,0,0,0,0
15402,15:0:10:2:9:2,0,0,0,,,0,0,0,0,0
15403,15:0:10:3:15:3,1,,4,0,0,1,0,0,0,0
15404,15:0:11:0:0:1,0,0,0,,,0,0,0,0,0
15405,15:0:11:1:6:1,0,0,0,,,0,0,0,0,0
15406,15:0:11:2:9:2,0,0,0,,,0,0,0,0,0
15407,15:0:11:3:15:3,1,,4,0,0,1,0,0,0,0
15408,15:0:12:0:0:1,0,0,0,,,0,0,0,0,0
15409,15:0:12:1:6:1,0,0,0,,,0,0,0,0,0
15410,15:0:12:2:9:2,0,0,0,,,0,0,0,0,0
15411,15:0:12:3:15:3,1,,4,0,0,1,0,0,0,0
15412,15:0:13:0:0:1,0,0,0,,,0,0,0,0,0
15413,15:0:13:1:6:1,0,0,0,,,0,0,0,0,0
15414,15:0:13:2:9:2,0,0,0,,,0,0,0,0,0
15415,15:0:13:3:15:3,1,,4,0,0,1,0,0,0,0
15416,15:0:14:0:0:1,0,0,0,,,0,0,0,0,0
15417,15:0:14:1:6:1,0,0,0,,,0,0,0,0,0
15418,15:0:14:2:9:2,0,0,0,,,0,0,0,0,0
15419,15:0:14:3:15:3,1,,4,0,0,1,0,0,0,0
15420,15:0:15:0:0:1,1,1,2,1,1,2,0,0,0,0
15421,15:0:15:1:6:1,1,1,2,1,1,2,0,0,0,0
15422,15:0:15:2:9:2,1,1,2,1,1,2,0,0,0,0
15423,15:0:15:3:15:3,1,,4,0,0,1,0,0,0,0
15424,15:1:0:0:0:1,1,,4,0,0,1,0,0,0,0
15425,15:1:0:1:6:1,1,,4,0,0,1,0,0,0,0
15426,15:1:0:2:9:2,1,,4,0,0,1,0,0,0,0
15427,15:1:0:3:15:3,1,,4,0,0,1,0,0,0,0
15428,15:1:1:0:0:1,1,,4,0,0,1,0,0,0,0
15429,15:1:1:1:6:1,1,,4,0,0,1,0,0,0,0
15430,15:1:1:2:9:2,1,,4,0,0,1,0,0,0,0
15431,15:1:1:3:15:3,1,,4,0,0,1,0,0,0,0
15432,15:1:2:0:0:1,1,,4,0,0,1,0,0,0,0
15433,15:1:2:1:6:1,1,,4,0,0,1,0,0,0,0
15434,15:1:2:2:9:2,1,,4,0,0,1,0,0,0,0
15435,15:1:2:3:15:3,1,,4,0,0,1,0,0,0,0
15436,15:1:3:0:0:1,1,,4,0,0,1,0,0,0,0
15437,15:1:3:1:6:1,1,,4,0,0,1,0,0,0,0
15438,15:1:3:2:9:2,1,,4,0,0,1,0,0,0,0
15439,15:1:3:3:15:3,1,,4,0,0,1,0,0,0,0
15440,15:1:4:0:0:1,0,0,0,,,0,0,0,0,0
15441,15:1:4:1:6:1,0,0,0,,,0,0,0,0,0
15442,15:1:4:2:9:2,0,0,0,,,0,0,0,0,0
15443,15:1:4:3:15:3,1,,4,0,0,1,0,0,0,0
15444,15:1:5:0:0:1,0,0,0,,,0,0,0,0,0
15445,15:1:5:1:6:1,0,0,0,,,0,0,0,0,0
15446,15:1:5:2:9:2,0,0,0,,,0,0,0,0,0
15447,15:1:5:3:15:3,1,,4,0,0,1,0,0,0,0
15448,15:1:6:0:0:1,0,0,0,,,0,0,0,0,0
15449,15:1:6:1:6:1,0,0,0,,,0,0,0,0,0
15450,15:1:6:2:9:2,0,0,0,,,0,0,0,0,0
15451,15:1:6:3:15:3,1,,4,0,0,1,0,0,0,0
15452,15:1:7:0:0:1,0,0,0,,,0,0,0,0,0
15453,15:1:7:1:6:1,0,0,0,,,0,0,0,0,0
15454,15:1:7:2:9:2,0,0,0,,,0,0,0,0,0
15455,15:1:7:3:15:3,1,,4,0,0,1,0,0,0,0
15456,15:1:8:0:0:1,0,0,0,,,0,0,0,0,0
15457,15:1:8:1:6:1,0,0,0,,,0,0,0,0,0
15458,15:1:8:2:9:2,0,0,0,,,0,0,0,0,0
15459,15:1:8:3:15:3,1,,4,0,0,1,0,0,0,0
15460,15:1:9:0:0:1,0,0,0,,,0,0,0,0,0
15461,15:1:9:1:6:1,0,0,0,,,0,0,0,0,0
15462,15:1:9:2:9:2,0,0,0,,,0,0,0,0,0
15463,15:1:9:3:15:3,1,,4,0,0,1,0,0,0,0
15464,15:1:10:0:0:1,0,0,0,,,0,0,0,0,0
15465,15:1:10:1:6:1,0,0,0,,,0,0,0,0,0
15466,15:1:10:2:9:2,0,0,0,,,0,0,0,0,0
15467,15:1:10:3:15:3,1,,4,0,0,1,0,0,0,0
15468,15:1:11:0:0:1,0,0,0,,,0,0,0,0,0
15469,15:1:11:1:6:1,0,0,0,,,0,0,0,0,0
15470,15:1:11:2:9:2,0,0,0,,,0,0,0,0,0
15471,15:1:11:3:15:3,1,,4,0,0,1,0,0,0,0
15472,15:1:12:0:0:1,0,0,0,,,0,0,0,0,0
15473,15:1:12:1:6:1,0,0,0,,,0,0,0,0,0
15474,15:1:12:2:9:2,0,0,0,,,0,0,0,0,0
15475,15:1:12:3:15:3,1,,4,0,0,1,0,0,0,0
15476,15:1:13:0:0:1,0,0,0,,,0,0,0,0,0
15477,15:1:13:1:6:1,0,0,0,,,0,0,0,0,0
15478,15:1:13:2:9:2,0,0,0,,,0,0,0,0,0
15479,15:1:13:3:15:3,1,,4,0,0,1,0,0,0,0
15480,15:1:14:0:0:1,0,0,0,,,0,0,0,0,0
15481,15:1:14:1:6:1,0,0,0,,,0,0,0,0,0
15482,15:1:14:2:9:2,0,0,0,,,0,0,0,0,0
15483,15:1:14:3:15:3,1,,4,0,0,1,0,0,0,0
15484,15:1:15:0:0:1,1,1,2,1,1,2,0,0,0,0
15485,15:1:15:1:6:1,1,1,2,1,1,2,0,0,0,0
15486,15:1:15:2:9:2,1,1,2,1,1,2,0,0,0,0
15487,15:1:15:3:15:3,1,,4,0,0,1,0,0,0,0
15488,15:2:0:0:0:1,1,,4,0,0,1,0,0,0,0
15489,15:2:0:1:6:1,1,,4,0,0,1,0,0,0,0
15490,15:2:0:2:9:2,1,,4,0,0,1,0,0,0,0
15491,15:2:0:3:15:3,1,,4,0,0,1,0,0,0,0
15492,15:2:1:0:0:1,1,,4,0,0,1,0,0,0,0
15493,15:2:1:1:6:1,1,,4,0,0,1,0,0,0,0
15494,15:2:1:2:9:2,1,,4,0,0,1,0,0,0,0
15495,15:2:1:3:15:3,1,,4,0,0,1,0,0,0,0
15496,15:2:2:0:0:1,1,,4,0,0,1,0,0,0,0
15497,15:2:2:1:6:1,1,,4,0,0,1,0,0,0,0
15498,15:2:2:2:9:2,1,,4,0,0,1,0,0,0,0
15499,15:2:2:3:15:3,1,,4,0,0,1,0,0,0,0
15500,15:2:3:0:0:1,1,,4,0,0,1,0,0,0,0
15501,15:2:3:1:6:1,1,,4,0,0,1,0,0,0,0
15502,15:2:3:2:9:2,1,,4,0,0,1,0,0,0,0
15503,15:2:3:3:15:3,1,,4,0,0,1,0,0,0,0
15504,15:2:4:0:0:1,0,0,0,,,0,0,0,0,0
15505,15:2:4:1:6:1,0,0,0,,,0,0,0,0,0
15506,15:2:4:2:9:2,0,0,0,,,0,0,0,0,0
15507,15:2:4:3:15:3,1,,4,0,0,1,0,0,0,0
15508,15:2:5:0:0:1,0,0,0,,,0,0,0,0,0
15509,15:2:5:1:6:1,0,0,0,,,0,0,0,0,0
15510,15:2:5:2:9:2,0,0,0,,,0,0,0,0,0
15511,15:2:5:3:15:3,1,,4,0,0,1,0,0,0,0
15512,15:2:6:0:0:1,0,0,0,,,0,0,0,0,0
15513,15:2:6:1:6:1,0,0,0,,,0,0,0,0,0
15514,15:2:6:2:9:2,0,0,0,,,0,0,0,0,0
15515,15:2:6:3:15:3,1,,4,0,0,1,0,0,0,0
15516,15:2:7:0:0:1,0,0,0,,,0,0,0,0,0
15517,15:2:7:1:6:1,0,0,0,,,0,0,0,0,0
15518,15:2:7:2:9:2,0,0,0,,,0,0,0,0,0
15519,15:2:7:3:15:3,1,,4,0,0,1,0,0,0,0
15520,15:2:8:0:0:1,0,0,0,,,0,0,0,0,0
15521,15:2:8:1:6:1,0,0,0,,,0,0,0,0,0
15522,15:2:8:2:9:2,0,0,0,,,0,0,0,0,0
15523,15:2:8:3:15:3,1,,4,0,0,1,0,0,0,0
15524,15:2:9:0:0:1,0,0,0,,,0,0,0,0,0
15525,15:2:9:1:6:1,0,0,0,,,0,0,0,0,0
15526,15:2:9:2:9:2,0,0,0,,,0,0,0,0,0
15527,15:2:9:3:15:3,1,,4,0,0,1,0,0,0,0
15528,15:2:10:0:0:1,0,0,0,,,0,0,0,0,0
15529,15:2:10:1:6:1,0,0,0,,,0,0,0,0,0
15530,15:2:10:2:9:2,0,0,0,,,0,0,0,0,0
15531,15:2:10:3:15:3,1,,4,0,0,1,0,0,0,0
15532,15:2:11:0:0:1,0,0,0,,,0,0,0,0,0
15533,15:2:11:1:6:1,0,0,0,,,0,0,0,0,0
15534,15:2:11:2:9:2,0,0,0,,,0,0,0,0,0
15535,15:2:11:3:15:3,1,,4,0,0,1,0,0,0,0
15536,15:2:12:0:0:1,0,0,0,,,0,0,0,0,0
15537,15:2:12:1:6:1,0,0,0,,,0,0,0,0,0
15538,15:2:12:2:9:2,0,0,0,,,0,0,0,0,0
15539,15:2:12:3:15:3,1,,4,0,0,1,0,0,0,0
15540,15:2:13:0:0:1,0,0,0,,,0,0,0,0,0
15541,15:2:13:1:6:1,0,0,0,,,0,0,0,0,0
15542,15:2:13:2:9:2,0,0,0,,,0,0,0,0,0
15543,15:2:13:3:15:3,1,,4,0,0,1,0,0,0,0
15544,15:2:14:0:0:1,0,0,0,,,0,0,0,0,0
15545,15:2:14:1:6:1,0,0,0,,,0,0,0,0,0
15546,15:2:14:2:9:2,0,0,0,,,0,0,0,0,0
15547,15:2:14:3:15:3,1,,4,0,0,1,0,0,0,0
15548,15:2:15:0:0:1,1,1,2,1,1,2,0,0,0,0
15549,15:2:15:1:6:1,1,1,2,1,1,2,0,0,0,0
15550,15:2:15:2:9:2,1,1,2,1,1,2,0,0,0,0
15551,15:2:15:3:15:3,1,,4,0,0,1,0,0,0,0
15552,15:3:0:0:0:1,1,,4,0,0,1,0,0,0,0
15553,15:3:0:1:6:1,1,,4,0,0,1,0,0,0,0
15554,15:3:0:2:9:2,1,,4,0,0,1,0,0,0,0
15555,15:3:0:3:15:3,1,,4,0,0,1,0,0,0,0
15556,15:3:1:0:0:1,1,,4,0,0,1,0,0,0,0
15557,15:3:1:1:6:1,1,,4,0,0,1,0,0,0,0
15558,15:3:1:2:9:2,1,,4,0,0,1,0,0,0,0
15559,15:3:1:3:15:3,1,,4,0,0,1,0,0,0,0
15560,15:3:2:0:0:1,1,,4,0,0,1,0,0,0,0
15561,15:3:2:1:6:1,1,,4,0,0,1,0,0,0,0
15562,15:3:2:2:9:2,1,,4,0,0,1,0,0,0,0
15563,15:3:2:3:15:3,1,,4,0,0,1,0,0,0,0
15564,15:3:3:0:0:1,1,,4,0,0,1,0,0,0,0
15565,15:3:3:1:6:1,1,,4,0,0,1,0,0,0,0
15566,15:3:3:2:9:2,1,,4,0,0,1,0,0,0,0
15567,15:3:3:3:15:3,1,,4,0,0,1,0,0,0,0
15568,15:3:4:0:0:1,0,0,0,,,0,0,0,0,0
15569,15:3:4:1:6:1,0,0,0,,,0,0,0,0,0
15570,15:3:4:2:9:2,0,0,0,,,0,0,0,0,0
15571,15:3:4:3:15:3,1,,4,0,0,1,0,0,0,0
15572,15:3:5:0:0:1,0,0,0,,,0,0,0,0,0
15573,15:3:5:1:6:1,0,0,0,,,0,0,0,0,0
15574,15:3:5:2:9:2,0,0,0,,,0,0,0,0,0
15575,15:3:5:3:15:3,1,,4,0,0,1,0,0,0,0
15576,15:3:6:0:0:1,0,0,0,,,0,0,0,0,0
15577,15:3:6:1:6:1,0,0,0,,,0,0,0,0,0
15578,15:3:6:2:9:2,0,0,0,,,0,0,0,0,0
15579,15:3:6:3:15:3,1,,4,0,0,1,0,0,0,0
15580,15:3:7:0:0:1,0,0,0,,,0,0,0,0,0
15581,15:3:7:1:6:1,0,0,0,,,0,0,0,0,0
15582,15:3:7:2:9:2,0,0,0,,,0,0,0,0,0
15583,15:3:7:3:15:3,1,,4,0,0,1,0,0,0,0
15584,15:3:8:0:0:1,0,0,0,,,0,0,0,0,0
15585,15:3:8:1:6:1,0,0,0,,,0,0,0,0,0
15586,15:3:8:2:9:2,0,0,0,,,0,0,0,0,0
15587,15:3:8:3:15:3,1,,4,0,0,1,0,0,0,0
15588,15:3:9:0:0:1,0,0,0,,,0,0,0,0,0
15589,15:3:9:1:6:1,0,0,0,,,0,0,0,0,0
15590,15:3:9:2:9:2,0,0,0,,,0,0,0,0,0
15591,15:3:9:3:15:3,1,,4,0,0,1,0,0,0,0
15592,15:3:10:0:0:1,0,0,0,,,0,0,0,0,0
15593,15:3:10:1:6:1,0,0,0,,,0,0,0,0,0
15594,15:3:10:2:9:2,0,0,0,,,0,0,0,0,0
15595,15:3:10:3:15:3,1,,4,0,0,1,0,0,0,0
15596,15:3:11:0:0:1,0,0,0,,,0,0,0,0,0
15597,15:3:11:1:6:1,0,0,0,,,0,0,0,0,0
15598,15:3:11:2:9:2,0,0,0,,,0,0,0,0,0
15599,15:3:11:3:15:3,1,,4,0,0,1,0,0,0,0
15600,15:3:12:0:0:1,0,0,0,,,0,0,0,0,0
15601,15:3:12:1:6:1,0,0,0,,,0,0,0,0,0
15602,15:3:12:2:9:2,0,0,0,,,0,0,0,0,0
15603,15:3:12:3:15:3,1,,4,0,0,1,0,0,0,0
15604,15:3:13:0:0:1,0,0,0,,,0,0,0,0,0
15605,15:3:13:1:6:1,0,0,0,,,0,0,0,0,0
15606,15:3:13:2:9:2,0,0,0,,,0,0,0,0,0
15607,15:3:13:3:15:3,1,,4,0,0,1,0,0,0,0
15608,15:3:14:0:0:1,0,0,0,,,0,0,0,0,0
15609,15:3:14:1:6:1,0,0,0,,,0,0,0,0,0
15610,15:3:14:2:9:2,0,0,0,,,0,0,0,0,0
15611,15:3:14:3:15:3,1,,4,0,0,1,0,0,0,0
15612,15:3:15:0:0:1,1,1,2,1,1,2,0,0,0,0
15613,15:3:15:1:6:1,1,1,2,1,1,2,0,0,0,0
15614,15:3:15:2:9:2,1,1,2,1,1,2,0,0,0,0
15615,15:3:15:3:15:3,1,,4,0,0,1,0,0,0,0
15616,15:4:0:0:0:1,1,,4,0,0,1,0,0,0,0
15617,15:4:0:1:6:1,1,,4,0,0,1,0,0,0,0
15618,15:4:0:2:9:2,1,,4,0,0,1,0,0,0,0
15619,15:4:0:3:15:3,1,,4,0,0,1,0,0,0,0
15620,15:4:1:0:0:1,1,,4,0,0,1,0,0,0,0
15621,15:4:1:1:6:1,1,,4,0,0,1,0,0,0,0
15622,15:4:1:2:9:2,1,,4,0,0,1,0,0,0,0
15623,15:4:1:3:15:3,1,,4,0,0,1,0,0,0,0
15624,15:4:2:0:0:1,1,,4,0,0,1,0,0,0,0
15625,15:4:2:1:6:1,1,,4,0,0,1,0,0,0,0
15626,15:4:2:2:9:2,1,,4,0,0,1,0,0,0,0
15627,15:4:2:3:15:3,1,,4,0,0,1,0,0,0,0
15628,15:4:3:0:0:1,1,,4,0,0,1,0,0,0,0
15629,15:4:3:1:6:1,1,,4,0,0,1,0,0,0,0
15630,15:4:3:2:9:2,1,,4,0,0,1,0,0,0,0
15631,15:4:3:3:15:3,1,,4,0,0,1,0,0,0,0
15632,15:4:4:0:0:1,1,2,2,2,2,2,0,0,0,0
15633,15:4:4:1:6:1,1,2,2,2,2,2,0,0,0,0
15634,15:4:4:2:9:2,1,2,2,2,2,2,0,0,0,0
15635,15:4:4:3:15:3,1,,4,0,0,1,0,0,0,0
15636,15:4:5:0:0:1,0,0,0,,,0,0,0,0,0
15637,15:4:5:1:6:1,0,0,0,,,0,0,0,0,0
15638,15:4:5:2:9:2,0,0,0,,,0,0,0,0,0
15639,15:4:5:3:15:3,1,,4,0,0,1,0,0,0,0
15640,15:4:6:0:0:1,0,0,0,,,0,0,0,0,0
15641,15:4:6:1:6:1,0,0,0,,,0,0,0,0,0
15642,15:4:6:2:9:2,0,0,0,,,0,0,0,0,0
15643,15:4:6:3:15:3,1,,4,0,0,1,0,0,0,0
15644,15:4:7:0:0:1,0,0,0,,,0,0,0,0,0
15645,15:4:7:1:6:1,0,0,0,,,0,0,0,0,0
15646,15:4:7:2:9:2,0,0,0,,,0,0,0,0,0
15647,15:4:7:3:15:3,1,,4,0,0,1,0,0,0,0
15648,15:4:8:0:0:1,0,0,0,,,0,0,0,0,0
15649,15:4:8:1:6:1,0,0,0,,,0,0,0,0,0
15650,15:4:8:2:9:2,0,0,0,,,0,0,0,0,0
15651,15:4:8:3:15:3,1,,4,0,0,1,0,0,0,0
15652,15:4:9:0:0:1,0,0,0,,,0,0,0,0,0
15653,15:4:9:1:6:1,0,0,0,,,0,0,0,0,0
15654,15:4:9:2:9:2,0,0,0,,,0,0,0,0,0
15655,15:4:9:3:15:3,1,,4,0,0,1,0,0,0,0
15656,15:4:10:0:0:1,0,0,0,,,0,0,0,0,0
15657,15:4:10:1:6:1,0,0,0,,,0,0,0,0,0
15658,15:4:10:2:9:2,0,0,0,,,0,0,0,0,0
15659,15:4:10:3:15:3,1,,4,0,0,1,0,0,0,0
15660,15:4:11:0:0:1,0,0,0,,,0,0,0,0,0
15661,15:4:11:1:6:1,0,0,0,,,0,0,0,0,0
15662,15:4:11:2:9:2,0,0,0,,,0,0,0,0,0
15663,15:4:11:3:15:3,1,,4,0,0,1,0,0,0,0
15664,15:4:12:0:0:1,0,0,0,,,0,0,0,0,0
15665,15:4:12:1:6:1,0,0,0,,,0,0,0,0,0
15666,15:4:12:2:9:2,0,0,0,,,0,0,0,0,0
15667,15:4:12:3:15:3,1,,4,0,0,1,0,0,0,0
15668,15:4:13:0:0:1,0,0,0,,,0,0,0,0,0
15669,15:4:13:1:6:1,0,0,0,,,0,0,0,0,0
15670,15:4:13:2:9:2,0,0,0,,,0,0,0,0,0
15671,15:4:13:3:15:3,1,,4,0,0,1,0,0,0,0
15672,15:4:14:0:0:1,0,0,0,,,0,0,0,0,0
15673,15:4:14:1:6:1,0,0,0,,,0,0,0,0,0
15674,15:4:14:2:9:2,0,0,0,,,0,0,0,0,0
15675,15:4:14:3:15:3,1,,4,0,0,1,0,0,0,0
15676,15:4:15:0:0:1,1,1,2,1,1,2,0,0,0,0
15677,15:4:15:1:6:1,1,1,2,1,1,2,0,0,0,0
15678,15:4:15:2:9:2,1,1,2,1,1,2,0,0,0,0
15679,15:4:15:3:15:3,1,,4,0,0,1,0,0,0,0
15680,15:5:0:0:0:1,1,,4,0,0,1,0,0,0,0
15681,15:5:0:1:6:1,1,,4,0,0,1,0,0,0,0
15682,15:5:0:2:9:2,1,,4,0,0,1,0,0,0,0
15683,15:5:0:3:15:3,1,,4,0,0,1,0,0,0,0
15684,15:5:1:0:0:1,1,,4,0,0,1,0,0,0,0
15685,15:5:1:1:6:1,1,,4,0,0,1,0,0,0,0
15686,15:5:1:2:9:2,1,,4,0,0,1,0,0,0,0
15687,15:5:1:3:15:3,1,,4,0,0,1,0,0,0,0
15688,15:5:2:0:0:1,1,,4,0,0,1,0,0,0,0
15689,15:5:2:1:6:1,1,,4,0,0,1,0,0,0,0
15690,15:5:2:2:9:2,1,,4,0,0,1,0,0,0,0
15691,15:5:2:3:15:3,1,,4,0,0,1,0,0,0,0
15692,15:5:3:0:0:1,1,,4,0,0,1,0,0,0,0
15693,15:5:3:1:6:1,1,,4,0,0,1,0,0,0,0
15694,15:5:3:2:9:2,1,,4,0,0,1,0,0,0,0
15695,15:5:3:3:15:3,1,,4,0,0,1,0,0,0,0
15696,15:5:4:0:0:1,0,0,0,,,0,0,0,0,0
15697,15:5:4:1:6:1,0,0,0,,,0,0,0,0,0
15698,15:5:4:2:9:2,0,0,0,,,0,0,0,0,0
15699,15:5:4:3:15:3,1,,4,0,0,1,0,0,0,0
15700,15:5:5:0:0:1,1,2,2,2,2,2,0,0,0,0
15701,15:5:5:1:6:1,1,2,2,2,2,2,0,0,0,0
15702,15:5:5:2:9:2,1,2,2,2,2,2,0,0,0,0
15703,15:5:5:3:15:3,1,,4,0,0,1,0,0,0,0
15704,15:5:6:0:0:1,0,0,0,,,0,0,0,0,0
15705,15:5:6:1:6:1,0,0,0,,,0,0,0,0,0
15706,15:5:6:2:9:2,0,0,0,,,0,0,0,0,0
15707,15:5:6:3:15:3,1,,4,0,0,1,0,0,0,0
15708,15:5:7:0:0:1,0,0,0,,,0,0,0,0,0
15709,15:5:7:1:6:1,0,0,0,,,0,0,0,0,0
15710,15:5:7:2:9:2,0,0,0,,,0,0,0,0,0
15711,15:5:7:3:15:3,1,,4,0,0,1,0,0,0,0
15712,15:5:8:0:0:1,0,0,0,,,0,0,0,0,0
15713,15:5:8:1:6:1,0,0,0,,,0,0,0,0,0
15714,15:5:8:2:9:2,0,0,0,,,0,0,0,0,0
15715,15:5:8:3:15:3,1,,4,0,0,1,0,0,0,0
15716,15:5:9:0:0:1,0,0,0,,,0,0,0,0,0
15717,15:5:9:1:6:1,0,0,0,,,0,0,0,0,0
15718,15:5:9:2:9:2,0,0,0,,,0,0,0,0,0
15719,15:5:9:3:15:3,1,,4,0,0,1,0,0,0,0
15720,15:5:10:0:0:1,1,1;2,1,3,3,3,0,0,0,0
15721,15:5:10:1:6:1,1,1;2,1,3,3,3,0,0,0,0
15722,15:5:10:2:9:2,1,1;2,1,3,3,3,0,0,0,0
15723,15:5:10:3:15:3,1,,4,0,0,1,0,0,0,0
15724,15:5:11:0:0:1,0,0,0,,,0,0,0,0,0
15725,15:5:11:1:6:1,0,0,0,,,0,0,0,0,0
15726,15:5:11:2:9:2,0,0,0,,,0,0,0,0,0
15727,15:5:11:3:15:3,1,,4,0,0,1,0,0,0,0
15728,15:5:12:0:0:1,0,0,0,,,0,0,0,0,0
15729,15:5:12:1:6:1,0,0,0,,,0,0,0,0,0
15730,15:5:12:2:9:2,0,0,0,,,0,0,0,0,0
15731,15:5:12:3:15:3,1,,4,0,0,1,0,0,0,0
15732,15:5:13:0:0:1,0,0,0,,,0,0,0,0,0
15733,15:5:13:1:6:1,0,0,0,,,0,0,0,0,0
15734,15:5:13:2:9:2,0,0,0,,,0,0,0,0,0
15735,15:5:13:3:15:3,1,,4,0,0,1,0,0,0,0
15736,15:5:14:0:0:1,0,0,0,,,0,0,0,0,0
15737,15:5:14:1:6:1,0,0,0,,,0,0,0,0,0
15738,15:5:14:2:9:2,0,0,0,,,0,0,0,0,0
15739,15:5:14:3:15:3,1,,4,0,0,1,0,0,0,0
15740,15:5:15:0:0:1,1,1,2,1,1,2,0,0,0,0
15741,15:5:15:1:6:1,1,1,2,1,1,2,0,0,0,0
15742,15:5:15:2:9:2,1,1,2,1,1,2,0,0,0,0
15743,15:5:15:3:15:3,1,,4,0,0,1,0,0,0,0
15744,15:6:0:0:0:1,1,,4,0,0,1,0,0,0,0
15745,15:6:0:1:6:1,1,,4,0,0,1,0,0,0,0
15746,15:6:0:2:9:2,1,,4,0,0,1,0,0,0,0
15747,15:6:0:3:15:3,1,,4,0,0,1,0,0,0,0
15748,15:6:1:0:0:1,1,,4,0,0,1,0,0,0,0
15749,15:6:1:1:6:1,1,,4,0,0,1,0,0,0,0
15750,15:6:1:2:9:2,1,,4,0,0,1,0,0,0,0
15751,15:6:1:3:15:3,1,,4,0,0,1,0,0,0,0
15752,15:6:2:0:0:1,1,,4,0,0,1,0,0,0,0
15753,15:6:2:1:6:1,1,,4,0,0,1,0,0,0,0
15754,15:6:2:2:9:2,1,,4,0,0,1,0,0,0,0
15755,15:6:2:3:15:3,1,,4,0,0,1,0,0,0,0
15756,15:6:3:0:0:1,1,,4,0,0,1,0,0,0,0
15757,15:6:3:1:6:1,1,,4,0,0,1,0,0,0,0
15758,15:6:3:2:9:2,1,,4,0,0,1,0,0,0,0
15759,15:6:3:3:15:3,1,,4,0,0,1,0,0,0,0
15760,15:6:4:0:0:1,0,0,0,,,0,0,0,0,0
15761,15:6:4:1:6:1,0,0,0,,,0,0,0,0,0
15762,15:6:4:2:9:2,0,0,0,,,0,0,0,0,0
15763,15:6:4:3:15:3,1,,4,0,0,1,0,0,0,0
15764,15:6:5:0:0:1,0,0,0,,,0,0,0,0,0
15765,15:6:5:1:6:1,0,0,0,,,0,0,0,0,0
15766,15:6:5:2:9:2,0,0,0,,,0,0,0,0,0
15767,15:6:5:3:15:3,1,,4,0,0,1,0,0,0,0
15768,15:6:6:0:0:1,1,2,2,2,2,2,0,0,0,0
15769,15:6:6:1:6:1,1,2,2,2,2,2,0,0,0,0
15770,15:6:6:2:9:2,1,2,2,2,2,2,0,0,0,0
15771,15:6:6:3:15:3,1,,4,0,0,1,0,0,0,0
15772,15:6:7:0:0:1,0,0,0,,,0,0,0,0,0
15773,15:6:7:1:6:1,0,0,0,,,0,0,0,0,0
15774,15:6:7:2:9:2,0,0,0,,,0,0,0,0,0
15775,15:6:7:3:15:3,1,,4,0,0,1,0,0,0,0
15776,15:6:8:0:0:1,0,0,0,,,0,0,0,0,0
15777,15:6:8:1:6:1,0,0,0,,,0,0,0,0,0
15778,15:6:8:2:9:2,0,0,0,,,0,0,0,0,0
15779,15:6:8:3:15:3,1,,4,0,0,1,0,0,0,0
15780,15:6:9:0:0:1,0,0,0,,,0,0,0,0,0
15781,15:6:9:1:6:1,0,0,0,,,0,0,0,0,0
15782,15:6:9:2:9:2,0,0,0,,,0,0,0,0,0
15783,15:6:9:3:15:3,1,,4,0,0,1,0,0,0,0
15784,15:6:10:0:0:1,0,0,0,,,0,0,0,0,0
15785,15:6:10:1:6:1,0,0,0,,,0,0,0,0,0
15786,15:6:10:2:9:2,0,0,0,,,0,0,0,0,0
15787,15:6:10:3:15:3,1,,4,0,0,1,0,0,0,0
15788,15:6:11:0:0:1,0,0,0,,,0,0,0,0,0
15789,15:6:11:1:6:1,0,0,0,,,0,0,0,0,0
15790,15:6:11:2:9:2,0,0,0,,,0,0,0,0,0
15791,15:6:11:3:15:3,1,,4,0,0,1,0,0,0,0
15792,15:6:12:0:0:1,0,0,0,,,0,0,0,0,0
15793,15:6:12:1:6:1,0,0,0,,,0,0,0,0,0
15794,15:6:12:2:9:2,0,0,0,,,0,0,0,0,0
15795,15:6:12:3:15:3,1,,4,0,0,1,0,0,0,0
15796,15:6:13:0:0:1,0,0,0,,,0,0,0,0,0
15797,15:6:13:1:6:1,0,0,0,,,0,0,0,0,0
15798,15:6:13:2:9:2,0,0,0,,,0,0,0,0,0
15799,15:6:13:3:15:3,1,,4,0,0,1,0,0,0,0
15800,15:6:14:0:0:1,0,0,0,,,0,0,0,0,0
15801,15:6:14:1:6:1,0,0,0,,,0,0,0,0,0
15802,15:6:14:2:9:2,0,0,0,,,0,0,0,0,0
15803,15:6:14:3:15:3,1,,4,0,0,1,0,0,0,0
15804,15:6:15:0:0:1,1,1,2,1,1,2,0,0,0,0
15805,15:6:15:1:6:1,1,1,2,1,1,2,0,0,0,0
15806,15:6:15:2:9:2,1,1,2,1,1,2,0,0,0,0
15807,15:6:15:3:15:3,1,,4,0,0,1,0,0,0,0
15808,15:7:0:0:0:1,1,,4,0,0,1,0,0,0,0
15809,15:7:0:1:6:1,1,,4,0,0,1,0,0,0,0
15810,15:7:0:2:9:2,1,,4,0,0,1,0,0,0,0
15811,15:7:0:3:15:3,1,,4,0,0,1,0,0,0,0
15812,15:7:1:0:0:1,1,,4,0,0,1,0,0,0,0
15813,15:7:1:1:6:1,1,,4,0,0,1,0,0,0,0
15814,15:7:1:2:9:2,1,,4,0,0,1,0,0,0,0
15815,15:7:1:3:15:3,1,,4,0,0,1,0,0,0,0
15816,15:7:2:0:0:1,1,,4,0,0,1,0,0,0,0
15817,15:7:2:1:6:1,1,,4,0,0,1,0,0,0,0
15818,15:7:2:2:9:2,1,,4,0,0,1,0,0,0,0
15819,15:7:2:3:15:3,1,,4,0,0,1,0,0,0,0
15820,15:7:3:0:0:1,1,,4,0,0,1,0,0,0,0
15821,15:7:3:1:6:1,1,,4,0,0,1,0,0,0,0
15822,15:7:3:2:9:2,1,,4,0,0,1,0,0,0,0
15823,15:7:3:3:15:3,1,,4,0,0,1,0,0,0,0
15824,15:7:4:0:0:1,0,0,0,,,0,0,0,0,0
15825,15:7:4:1:6:1,0,0,0,,,0,0,0,0,0
15826,15:7:4:2:9:2,0,0,0,,,0,0,0,0,0
15827,15:7:4:3:15:3,1,,4,0,0,1,0,0,0,0
15828,15:7:5:0:0:1,0,0,0,,,0,0,0,0,0
15829,15:7:5:1:6:1,0,0,0,,,0,0,0,0,0
15830,15:7:5:2:9:2,0,0,0,,,0,0,0,0,0
15831,15:7:5:3:15:3,1,,4,0,0,1,0,0,0,0
15832,15:7:6:0:0:1,0,0,0,,,0,0,0,0,0
15833,15:7:6:1:6:1,0,0,0,,,0,0,0,0,0
15834,15:7:6:2:9:2,0,0,0,,,0,0,0,0,0
15835,15:7:6:3:15:3,1,,4,0,0,1,0,0,0,0
15836,15:7:7:0:0:1,1,2,2,2,2,2,0,0,0,0
15837,15:7:7:1:6:1,1,2,2,2,2,2,0,0,0,0
15838,15:7:7:2:9:2,1,2,2,2,2,2,0,0,0,0
15839,15:7:7:3:15:3,1,,4,0,0,1,0,0,0,0
15840,15:7:8:0:0:1,0,0,0,,,0,0,0,0,0
15841,15:7:8:1:6:1,0,0,0,,,0,0,0,0,0
15842,15:7:8:2:9:2,0,0,0,,,0,0,0,0,0
15843,15:7:8:3:15:3,1,,4,0,0,1,0,0,0,0
15844,15:7:9:0:0:1,0,0,0,,,0,0,0,0,0
15845,15:7:9:1:6:1,0,0,0,,,0,0,0,0,0
15846,15:7:9:2:9:2,0,0,0,,,0,0,0,0,0
15847,15:7:9:3:15:3,1,,4,0,0,1,0,0,0,0
15848,15:7:10:0:0:1,0,0,0,,,0,0,0,0,0
15849,15:7:10:1:6:1,0,0,0,,,0,0,0,0,0
15850,15:7:10:2:9:2,0,0,0,,,0,0,0,0,0
15851,15:7:10:3:15:3,1,,4,0,0,1,0,0,0,0
15852,15:7:11:0:0:1,0,0,0,,,0,0,0,0,0
15853,15:7:11:1:6:1,0,0,0,,,0,0,0,0,0
15854,15:7:11:2:9:2,0,0,0,,,0,0,0,0,0
15855,15:7:11:3:15:3,1,,4,0,0,1,0,0,0,0
15856,15:7:12:0:0:1,0,0,0,,,0,0,0,0,0
15857,15:7:12:1:6:1,0,0,0,,,0,0,0,0,0
15858,15:7:12:2:9:2,0,0,0,,,0,0,0,0,0
15859,15:7:12:3:15:3,1,,4,0,0,1,0,0,0,0
15860,15:7:13:0:0:1,0,0,0,,,0,0,0,0,0
15861,15:7:13:1:6:1,0,0,0,,,0,0,0,0,0
15862,15:7:13:2:9:2,0,0,0,,,0,0,0,0,0
15863,15:7:13:3:15:3,1,,4,0,0,1,0,0,0,0
15864,15:7:14:0:0:1,0,0,0,,,0,0,0,0,0
15865,15:7:14:1:6:1,0,0,0,,,0,0,0,0,0
15866,15:7:14:2:9:2,0,0,0,,,0,0,0,0,0
15867,15:7:14:3:15:3,1,,4,0,0,1,0,0,0,0
15868,15:7:15:0:0:1,1,1,2,1,1,2,0,0,0,0
15869,15:7:15:1:6:1,1,1,2,1,1,2,0,0,0,0
15870,15:7:15:2:9:2,1,1,2,1,1,2,0,0,0,0
15871,15:7:15:3:15:3,1,,4,0,0,1,0,0,0,0
15872,15:8:0:0:0:1,1,,4,0,0,1,0,0,0,0
15873,15:8:0:1:6:1,1,,4,0,0,1,0,0,0,0
15874,15:8:0:2:9:2,1,,4,0,0,1,0,0,0,0
15875,15:8:0:3:15:3,1,,4,0,0,1,0,0,0,0
15876,15:8:1:0:0:1,1,,4,0,0,1,0,0,0,0
15877,15:8:1:1:6:1,1,,4,0,0,1,0,0,0,0
15878,15:8:1:2:9:2,1,,4,0,0,1,0,0,0,0
15879,15:8:1:3:15:3,1,,4,0,0,1,0,0,0,0
15880,15:8:2:0:0:1,1,,4,0,0,1,0,0,0,0
15881,15:8:2:1:6:1,1,,4,0,0,1,0,0,0,0
15882,15:8:2:2:9:2,1,,4,0,0,1,0,0,0,0
15883,15:8:2:3:15:3,1,,4,0,0,1,0,0,0,0
15884,15:8:3:0:0:1,1,,4,0,0,1,0,0,0,0
15885,15:8:3:1:6:1,1,,4,0,0,1,0,0,0,0
15886,15:8:3:2:9:2,1,,4,0,0,1,0,0,0,0
15887,15:8:3:3:15:3,1,,4,0,0,1,0,0,0,0
15888,15:8:4:0:0:1,0,0,0,,,0,0,0,0,0
15889,15:8:4:1:6:1,0,0,0,,,0,0,0,0,0
15890,15:8:4:2:9:2,0,0,0,,,0,0,0,0,0
15891,15:8:4:3:15:3,1,,4,0,0,1,0,0,0,0
15892,15:8:5:0:0:1,0,0,0,,,0,0,0,0,0
15893,15:8:5:1:6:1,0,0,0,,,0,0,0,0,0
15894,15:8:5:2:9:2,0,0,0,,,0,0,0,0,0
15895,15:8:5:3:15:3,1,,4,0,0,1,0,0,0,0
15896,15:8:6:0:0:1,0,0,0,,,0,0,0,0,0
15897,15:8:6:1:6:1,0,0,0,,,0,0,0,0,0
15898,15:8:6:2:9:2,0,0,0,,,0,0,0,0,0
15899,15:8:6:3:15:3,1,,4,0,0,1,0,0,0,0
15900,15:8:7:0:0:1,0,0,0,,,0,0,0,0,0
15901,15:8:7:1:6:1,0,0,0,,,0,0,0,0,0
15902,15:8:7:2:9:2,0,0,0,,,0,0,0,0,0
15903,15:8:7:3:15:3,1,,4,0,0,1,0,0,0,0
15904,15:8:8:0:0:1,1,2,2,2,2,2,0,0,0,0
15905,15:8:8:1:6:1,1,2,2,2,2,2,0,0,0,0
15906,15:8:8:2:9:2,1,2,2,2,2,2,0,0,0,0
15907,15:8:8:3:15:3,1,,4,0,0,1,0,0,0,0
15908,15:8:9:0:0:1,0,0,0,,,0,0,0,0,0
15909,15:8:9:1:6:1,0,0,0,,,0,0,0,0,0
15910,15:8:9:2:9:2,0,0,0,,,0,0,0,0,0
15911,15:8:9:3:15:3,1,,4,0,0,1,0,0,0,0
15912,15:8:10:0:0:1,0,0,0,,,0,0,0,0,0
15913,15:8:10:1:6:1,0,0,0,,,0,0,0,0,0
15914,15:8:10:2:9:2,0,0,0,,,0,0,0,0,0
15915,15:8:10:3:15:3,1,,4,0,0,1,0,0,0,0
15916,15:8:11:0:0:1,0,0,0,,,0,0,0,0,0
15917,15:8:11:1:6:1,0,0,0,,,0,0,0,0,0
15918,15:8:11:2:9:2,0,0,0,,,0,0,0,0,0
15919,15:8:11:3:15:3,1,,4,0,0,1,0,0,0,0
15920,15:8:12:0:0:1,0,0,0,,,0,0,0,0,0
15921,15:8:12:1:6:1,0,0,0,,,0,0,0,0,0
15922,15:8:12:2:9:2,0,0,0,,,0,0,0,0,0
15923,15:8:12:3:15:3,1,,4,0,0,1,0,0,0,0
15924,15:8:13:0:0:1,0,0,0,,,0,0,0,0,0
15925,15:8:13:1:6:1,0,0,0,,,0,0,0,0,0
15926,15:8:13:2:9:2,0,0,0,,,0,0,0,0,0
15927,15:8:13:3:15:3,1,,4,0,0,1,0,0,0,0
15928,15:8:14:0:0:1,0,0,0,,,0,0,0,0,0
15929,15:8:14:1:6:1,0,0,0,,,0,0,0,0,0
15930,15:8:14:2:9:2,0,0,0,,,0,0,0,0,0
15931,15:8:14:3:15:3,1,,4,0,0,1,0,0,0,0
15932,15:8:15:0:0:1,1,1,2,1,1,2,0,0,0,0
15933,15:8:15:1:6:1,1,1,2,1,1,2,0,0,0,0
15934,15:8:15:2:9:2,1,1,2,1,1,2,0,0,0,0
15935,15:8:15:3:15:3,1,,4,0,0,1,0,0,0,0
15936,15:9:0:0:0:1,1,,4,0,0,1,0,0,0,0
15937,15:9:0:1:6:1,1,,4,0,0,1,0,0,0,0
15938,15:9:0:2:9:2,1,,4,0,0,1,0,0,0,0
15939,15:9:0:3:15:3,1,,4,0,0,1,0,0,0,0
15940,15:9:1:0:0:1,1,,4,0,0,1,0,0,0,0
15941,15:9:1:1:6:1,1,,4,0,0,1,0,0,0,0
15942,15:9:1:2:9:2,1,,4,0,0,1,0,0,0,0
15943,15:9:1:3:15:3,1,,4,0,0,1,0,0,0,0
15944,15:9:2:0:0:1,1,,4,0,0,1,0,0,0,0
15945,15:9:2:1:6:1,1,,4,0,0,1,0,0,0,0
15946,15:9:2:2:9:2,1,,4,0,0,1,0,0,0,0
15947,15:9:2:3:15:3,1,,4,0,0,1,0,0,0,0
15948,15:9:3:0:0:1,1,,4,0,0,1,0,0,0,0
15949,15:9:3:1:6:1,1,,4,0,0,1,0,0,0,0
15950,15:9:3:2:9:2,1,,4,0,0,1,0,0,0,0
15951,15:9:3:3:15:3,1,,4,0,0,1,0,0,0,0
15952,15:9:4:0:0:1,0,0,0,,,0,0,0,0,0
15953,15:9:4:1:6:1,0,0,0,,,0,0,0,0,0
15954,15:9:4:2:9:2,0,0,0,,,0,0,0,0,0
15955,15:9:4:3:15:3,1,,4,0,0,1,0,0,0,0
15956,15:9:5:0:0:1,0,0,0,,,0,0,0,0,0
15957,15:9:5:1:6:1,0,0,0,,,0,0,0,0,0
15958,15:9:5:2:9:2,0,0,0,,,0,0,0,0,0
15959,15:9:5:3:15:3,1,,4,0,0,1,0,0,0,0
15960,15:9:6:0:0:1,0,0,0,,,0,0,0,0,0
15961,15:9:6:1:6:1,0,0,0,,,0,0,0,0,0
15962,15:9:6:2:9:2,0,0,0,,,0,0,0,0,0
15963,15:9:6:3:15:3,1,,4,0,0,1,0,0,0,0
15964,15:9:7:0:0:1,0,0,0,,,0,0,0,0,0
15965,15:9:7:1:6:1,0,0,0,,,0,0,0,0,0
15966,15:9:7:2:9:2,0,0,0,,,0,0,0,0,0
15967,15:9:7:3:15:3,1,,4,0,0,1,0,0,0,0
15968,15:9:8:0:0:1,0,0,0,,,0,0,0,0,0
15969,15:9:8:1:6:1,0,0,0,,,0,0,0,0,0
15970,15:9:8:2:9:2,0,0,0,,,0,0,0,0,0
15971,15:9:8:3:15:3,1,,4,0,0,1,0,0,0,0
15972,15:9:9:0:0:1,1,2,2,2,2,2,0,0,0,0
15973,15:9:9:1:6:1,1,2,2,2,2,2,0,0,0,0
15974,15:9:9:2:9:2,1,2,2,2,2,2,0,0,0,0
15975,15:9:9:3:15:3,1,,4,0,0,1,0,0,0,0
15976,15:9:10:0:0:1,0,0,0,,,0,0,0,0,0
15977,15:9:10:1:6:1,0,0,0,,,0,0,0,0,0
15978,15:9:10:2:9:2,0,0,0,,,0,0,0,0,0
15979,15:9:10:3:15:3,1,,4,0,0,1,0,0,0,0
15980,15:9:11:0:0:1,0,0,0,,,0,0,0,0,0
15981,15:9:11:1:6:1,0,0,0,,,0,0,0,0,0
15982,15:9:11:2:9:2,0,0,0,,,0,0,0,0,0
15983,15:9:11:3:15:3,1,,4,0,0,1,0,0,0,0
15984,15:9:12:0:0:1,0,0,0,,,0,0,0,0,0
15985,15:9:12:1:6:1,0,0,0,,,0,0,0,0,0
15986,15:9:12:2:9:2,0,0,0,,,0,0,0,0,0
15987,15:9:12:3:15:3,1,,4,0,0,1,0,0,0,0
15988,15:9:13:0:0:1,0,0,0,,,0,0,0,0,0
15989,15:9:13:1:6:1,0,0,0,,,0,0,0,0,0
15990,15:9:13:2:9:2,0,0,0,,,0,0,0,0,0
15991,15:9:13:3:15:3,1,,4,0,0,1,0,0,0,0
15992,15:9:14:0:0:1,0,0,0,,,0,0,0,0,0
15993,15:9:14:1:6:1,0,0,0,,,0,0,0,0,0
15994,15:9:14:2:9:2,0,0,0,,,0,0,0,0,0
15995,15:9:14:3:15:3,1,,4,0,0,1,0,0,0,0
15996,15:9:15:0:0:1,1,1,2,1,1,2,0,0,0,0
15997,15:9:15:1:6:1,1,1,2,1,1,2,0,0,0,0
15998,15:9:15:2:9:2,1,1,2,1,1,2,0,0,0,0
15999,15:9:15:3:15:3,1,,4,0,0,1,0,0,0,0
16000,15:10:0:0:0:1,1,,4,0,0,1,0,0,0,0
16001,15:10:0:1:6:1,1,,4,0,0,1,0,0,0,0
16002,15:10:0:2:9:2,1,,4,0,0,1,0,0,0,0
16003,15:10:0:3:15:3,1,,4,0,0,1,0,0,0,0
16004,15:10:1:0:0:1,1,,4,0,0,1,0,0,0,0
16005,15:10:1:1:6:1,1,,4,0,0,1,0,0,0,0
16006,15:10:1:2:9:2,1,,4,0,0,1,0,0,0,0
16007,15:10:1:3:15:3,1,,4,0,0,1,0,0,0,0
16008,15:10:2:0:0:1,1,,4,0,0,1,0,0,0,0
16009,15:10:2:1:6:1,1,,4,0,0,1,0,0,0,0
16010,15:10:2:2:9:2,1,,4,0,0,1,0,0,0,0
16011,15:10:2:3:15:3,1,,4,0,0,1,0,0,0,0
16012,15:10:3:0:0:1,1,,4,0,0,1,0,0,0,0
16013,15:10:3:1:6:1,1,,4,0,0,1,0,0,0,0
16014,15:10:3:2:9:2,1,,4,0,0,1,0,0,0,0
16015,15:10:3:3:15:3,1,,4,0,0,1,0,0,0,0
16016,15:10:4:0:0:1,0,0,0,,,0,0,0,0,0
16017,15:10:4:1:6:1,0,0,0,,,0,0,0,0,0
16018,15:10:4:2:9:2,0,0,0,,,0,0,0,0,0
16019,15:10:4:3:15:3,1,,4,0,0,1,0,0,0,0
16020,15:10:5:0:0:1,1,1;2,1,3,3,3,0,0,0,0
16021,15:10:5:1:6:1,1,1;2,1,3,3,3,0,0,0,0
16022,15:10:5:2:9:2,1,1;2,1,3,3,3,0,0,0,0
16023,15:10:5:3:15:3,1,,4,0,0,1,0,0,0,0
16024,15:10:6:0:0:1,0,0,0,,,0,0,0,0,0
16025,15:10:6:1:6:1,0,0,0,,,0,0,0,0,0
16026,15:10:6:2:9:2,0,0,0,,,0,0,0,0,0
16027,15:10:6:3:15:3,1,,4,0,0,1,0,0,0,0
16028,15:10:7:0:0:1,0,0,0,,,0,0,0,0,0
16029,15:10:7:1:6:1,0,0,0,,,0,0,0,0,0
16030,15:10:7:2:9:2,0,0,0,,,0,0,0,0,0
16031,15:10:7:3:15:3,1,,4,0,0,1,0,0,0,0
16032,15:10:8:0:0:1,0,0,0,,,0,0,0,0,0
16033,15:10:8:1:6:1,0,0,0,,,0,0,0,0,0
16034,15:10:8:2:9:2,0,0,0,,,0,0,0,0,0
16035,15:10:8:3:15:3,1,,4,0,0,1,0,0,0,0
16036,15:10:9:0:0:1,0,0,0,,,0,0,0,0,0
16037,15:10:9:1:6:1,0,0,0,,,0,0,0,0,0
16038,15:10:9:2:9:2,0,0,0,,,0,0,0,0,0
16039,15:10:9:3:15:3,1,,4,0,0,1,0,0,0,0
16040,15:10:10:0:0:1,1,2,2,2,2,2,0,0,0,0
16041,15:10:10:1:6:1,1,2,2,2,2,2,0,0,0,0
16042,15:10:10:2:9:2,1,2,2,2,2,2,0,0,0,0
16043,15:10:10:3:15:3,1,,4,0,0,1,0,0,0,0
16044,15:10:11:0:0:1,0,0,0,,,0,0,0,0,0
16045,15:10:11:1:6:1,0,0,0,,,0,0,0,0,0
16046,15:10:11:2:9:2,0,0,0,,,0,0,0,0,0
16047,15:10:11:3:15:3,1,,4,0,0,1,0,0,0,0
16048,15:10:12:0:0:1,0,0,0,,,0,0,0,0,0
16049,15:10:12:1:6:1,0,0,0,,,0,0,0,0,0
16050,15:10:12:2:9:2,0,0,0,,,0,0,0,0,0
16051,15:10:12:3:15:3,1,,4,0,0,1,0,0,0,0
16052,15:10:13:0:0:1,0,0,0,,,0,0,0,0,0
16053,15:10:13:1:6:1,0,0,0,,,0,0,0,0,0
16054,15:10:13:2:9:2,0,0,0,,,0,0,0,0,0
16055,15:10:13:3:15:3,1,,4,0,0,1,0,0,0,0
16056,15:10:14:0:0:1,0,0,0,,,0,0,0,0,0
16057,15:10:14:1:6:1,0,0,0,,,0,0,0,0,0
16058,15:10:14:2:9:2,0,0,0,,,0,0,0,0,0
16059,15:10:14:3:15:3,1,,4,0,0,1,0,0,0,0
16060,15:10:15:0:0:1,1,1,2,1,1,2,0,0,0,0
16061,15:10:15:1:6:1,1,1,2,1,1,2,0,0,0,0
16062,15:10:15:2:9:2,1,1,2,1,1,2,0,0,0,0
16063,15:10:15:3:15:3,1,,4,0,0,1,0,0,0,0
16064,15:11:0:0:0:1,1,,4,0,0,1,0,0,0,0
16065,15:11:0:1:6:1,1,,4,0,0,1,0,0,0,0
16066,15:11:0:2:9:2,1,,4,0,0,1,0,0,0,0
16067,15:11:0:3:15:3,1,,4,0,0,1,0,0,0,0
16068,15:11:1:0:0:1,1,,4,0,0,1,0,0,0,0
16069,15:11:1:1:6:1,1,,4,0,0,1,0,0,0,0
16070,15:11:1:2:9:2,1,,4,0,0,1,0,0,0,0
16071,15:11:1:3:15:3,1,,4,0,0,1,0,0,0,0
16072,15:11:2:0:0:1,1,,4,0,0,1,0,0,0,0
16073,15:11:2:1:6:1,1,,4,0,0,1,0,0,0,0
16074,15:11:2:2:9:2,1,,4,0,0,1,0,0,0,0
16075,15:11:2:3:15:3,1,,4,0,0,1,0,0,0,0
16076,15:11:3:0:0:1,1,,4,0,0,1,0,0,0,0
16077,15:11:3:1:6:1,1,,4,0,0,1,0,0,0,0
16078,15:11:3:2:9:2,1,,4,0,0,1,0,0,0,0
16079,15:11:3:3:15:3,1,,4,0,0,1,0,0,0,0
16080,15:11:4:0:0:1,0,0,0,,,0,0,0,0,0
16081,15:11:4:1:6:1,0,0,0,,,0,0,0,0,0
16082,15:11:4:2:9:2,0,0,0,,,0,0,0,0,0
16083,15:11:4:3:15:3,1,,4,0,0,1,0,0,0,0
16084,15:11:5:0:0:1,0,0,0,,,0,0,0,0,0
16085,15:11:5:1:6:1,0,0,0,,,0,0,0,0,0
16086,15:11:5:2:9:2,0,0,0,,,0,0,0,0,0
16087,15:11:5:3:15:3,1,,4,0,0,1,0,0,0,0
16088,15:11:6:0:0:1,0,0,0,,,0,0,0,0,0
16089,15:11:6:1:6:1,0,0,0,,,0,0,0,0,0
16090,15:11:6:2:9:2,0,0,0,,,0,0,0,0,0
16091,15:11:6:3:15:3,1,,4,0,0,1,0,0,0,0
16092,15:11:7:0:0:1,0,0,0,,,0,0,0,0,0
16093,15:11:7:1:6:1,0,0,0,,,0,0,0,0,0
16094,15:11:7:2:9:2,0,0,0,,,0,0,0,0,0
16095,15:11:7:3:15:3,1,,4,0,0,1,0,0,0,0
16096,15:11:8:0:0:1,0,0,0,,,0,0,0,0,0
16097,15:11:8:1:6:1,0,0,0,,,0,0,0,0,0
16098,15:11:8:2:9:2,0,0,0,,,0,0,0,0,0
16099,15:11:8:3:15:3,1,,4,0,0,1,0,0,0,0
16100,15:11:9:0:0:1,0,0,0,,,0,0,0,0,0
16101,15:11:9:1:6:1,0,0,0,,,0,0,0,0,0
16102,15:11:9:2:9:2,0,0,0,,,0,0,0,0,0
16103,15:11:9:3:15:3,1,,4,0,0,1,0,0,0,0
16104,15:11:10:0:0:1,0,0,0,,,0,0,0,0,0
16105,15:11:10:1:6:1,0,0,0,,,0,0,0,0,0
16106,15:11:10:2:9:2,0,0,0,,,0,0,0,0,0
16107,15:11:10:3:15:3,1,,4,0,0,1,0,0,0,0
16108,15:11:11:0:0:1,1,2,2,2,2,2,0,0,0,0
16109,15:11:11:1:6:1,1,2,2,2,2,2,0,0,0,0
16110,15:11:11:2:9:2,1,2,2,2,2,2,0,0,0,0
16111,15:11:11:3:15:3,1,,4,0,0,1,0,0,0,0
16112,15:11:12:0:0:1,0,0,0,,,0,0,0,0,0
16113,15:11:12:1:6:1,0,0,0,,,0,0,0,0,0
16114,15:11:12:2:9:2,0,0,0,,,0,0,0,0,0
16115,15:11:12:3:15:3,1,,4,0,0,1,0,0,0,0
16116,15:11:13:0:0:1,0,0,0,,,0,0,0,0,0
16117,15:11:13:1:6:1,0,0,0,,,0,0,0,0,0
16118,15:11:13:2:9:2,0,0,0,,,0,0,0,0,0
16119,15:11:13:3:15:3,1,,4,0,0,1,0,0,0,0
16120,15:11:14:0:0:1,0,0,0,,,0,0,0,0,0
16121,15:11:14:1:6:1,0,0,0,,,0,0,0,0,0
16122,15:11:14:2:9:2,0,0,0,,,0,0,0,0,0
16123,15:11:14:3:15:3,1,,4,0,0,1,0,0,0,0
16124,15:11:15:0:0:1,1,1,2,1,1,2,0,0,0,0
16125,15:11:15:1:6:1,1,1,2,1,1,2,0,0,0,0
16126,15:11:15:2:9:2,1,1,2,1,1,2,0,0,0,0
16127,15:11:15:3:15:3,1,,4,0,0,1,0,0,0,0
16128,15:12:0:0:0:1,1,,4,0,0,1,0,0,0,0
16129,15:12:0:1:6:1,1,,4,0,0,1,0,0,0,0
16130,15:12:0:2:9:2,1,,4,0,0,1,0,0,0,0
16131,15:12:0:3:15:3,1,,4,0,0,1,0,0,0,0
16132,15:12:1:0:0:1,1,,4,0,0,1,0,0,0,0
16133,15:12:1:1:6:1,1,,4,0,0,1,0,0,0,0
16134,15:12:1:2:9:2,1,,4,0,0,1,0,0,0,0
16135,15:12:1:3:15:3,1,,4,0,0,1,0,0,0,0
16136,15:12:2:0:0:1,1,,4,0,0,1,0,0,0,0
16137,15:12:2:1:6:1,1,,4,0,0,1,0,0,0,0
16138,15:12:2:2:9:2,1,,4,0,0,1,0,0,0,0
16139,15:12:2:3:15:3,1,,4,0,0,1,0,0,0,0
16140,15:12:3:0:0:1,1,,4,0,0,1,0,0,0,0
16141,15:12:3:1:6:1,1,,4,0,0,1,0,0,0,0
16142,15:12:3:2:9:2,1,,4,0,0,1,0,0,0,0
16143,15:12:3:3:15:3,1,,4,0,0,1,0,0,0,0
16144,15:12:4:0:0:1,0,0,0,,,0,0,0,0,0
16145,15:12:4:1:6:1,0,0,0,,,0,0,0,0,0
16146,15:12:4:2:9:2,0,0,0,,,0,0,0,0,0
16147,15:12:4:3:15:3,1,,4,0,0,1,0,0,0,0
16148,15:12:5:0:0:1,0,0,0,,,0,0,0,0,0
16149,15:12:5:1:6:1,0,0,0,,,0,0,0,0,0
16150,15:12:5:2:9:2,0,0,0,,,0,0,0,0,0
16151,15:12:5:3:15:3,1,,4,0,0,1,0,0,0,0
16152,15:12:6:0:0:1,0,0,0,,,0,0,0,0,0
16153,15:12:6:1:6:1,0,0,0,,,0,0,0,0,0
16154,15:12:6:2:9:2,0,0,0,,,0,0,0,0,0
16155,15:12:6:3:15:3,1,,4,0,0,1,0,0,0,0
16156,15:12:7:0:0:1,0,0,0,,,0,0,0,0,0
16157,15:12:7:1:6:1,0,0,0,,,0,0,0,0,0
16158,15:12:7:2:9:2,0,0,0,,,0,0,0,0,0
16159,15:12:7:3:15:3,1,,4,0,0,1,0,0,0,0
16160,15:12:8:0:0:1,0,0,0,,,0,0,0,0,0
16161,15:12:8:1:6:1,0,0,0,,,0,0,0,0,0
16162,15:12:8:2:9:2,0,0,0,,,0,0,0,0,0
16163,15:12:8:3:15:3,1,,4,0,0,1,0,0,0,0
16164,15:12:9:0:0:1,0,0,0,,,0,0,0,0,0
16165,15:12:9:1:6:1,0,0,0,,,0,0,0,0,0
16166,15:12:9:2:9:2,0,0,0,,,0,0,0,0,0
16167,15:12:9:3:15:3,1,,4,0,0,1,0,0,0,0
16168,15:12:10:0:0:1,0,0,0,,,0,0,0,0,0
16169,15:12:10:1:6:1,0,0,0,,,0,0,0,0,0
16170,15:12:10:2:9:2,0,0,0,,,0,0,0,0,0
16171,15:12:10:3:15:3,1,,4,0,0,1,0,0,0,0
16172,15:12:11:0:0:1,0,0,0,,,0,0,0,0,0
16173,15:12:11:1:6:1,0,0,0,,,0,0,0,0,0
16174,15:12:11:2:9:2,0,0,0,,,0,0,0,0,0
16175,15:12:11:3:15:3,1,,4,0,0,1,0,0,0,0
16176,15:12:12:0:0:1,1,2,2,2,2,2,0,0,0,0
16177,15:12:12:1:6:1,1,2,2,2,2,2,0,0,0,0
16178,15:12:12:2:9:2,1,2,2,2,2,2,0,0,0,0
16179,15:12:12:3:15:3,1,,4,0,0,1,0,0,0,0
16180,15:12:13:0:0:1,0,0,0,,,0,0,0,0,0
16181,15:12:13:1:6:1,0,0,0,,,0,0,0,0,0
16182,15:12:13:2:9:2,0,0,0,,,0,0,0,0,0
16183,15:12:13:3:15:3,1,,4,0,0,1,0,0,0,0
16184,15:12:14:0:0:1,0,0,0,,,0,0,0,0,0
16185,15:12:14:1:6:1,0,0,0,,,0,0,0,0,0
16186,15:12:14:2:9:2,0,0,0,,,0,0,0,0,0
16187,15:12:14:3:15:3,1,,4,0,0,1,0,0,0,0
16188,15:12:15:0:0:1,1,1,2,1,1,2,0,0,0,0
16189,15:12:15:1:6:1,1,1,2,1,1,2,0,0,0,0
16190,15:12:15:2:9:2,1,1,2,1,1,2,0,0,0,0
16191,15:12:15:3:15:3,1,,4,0,0,1,0,0,0,0
16192,15:13:0:0:0:1,1,,4,0,0,1,0,0,0,0
16193,15:13:0:1:6:1,1,,4,0,0,1,0,0,0,0
16194,15:13:0:2:9:2,1,,4,0,0,1,0,0,0,0
16195,15:13:0:3:15:3,1,,4,0,0,1,0,0,0,0
16196,15:13:1:0:0:1,1,,4,0,0,1,0,0,0,0
16197,15:13:1:1:6:1,1,,4,0,0,1,0,0,0,0
16198,15:13:1:2:9:2,1,,4,0,0,1,0,0,0,0
16199,15:13:1:3:15:3,1,,4,0,0,1,0,0,0,0
16200,15:13:2:0:0:1,1,,4,0,0,1,0,0,0,0
16201,15:13:2:1:6:1,1,,4,0,0,1,0,0,0,0
16202,15:13:2:2:9:2,1,,4,0,0,1,0,0,0,0
16203,15:13:2:3:15:3,1,,4,0,0,1,0,0,0,0
16204,15:13:3:0:0:1,1,,4,0,0,1,0,0,0,0
16205,15:13:3:1:6:1,1,,4,0,0,1,0,0,0,0
16206,15:13:3:2:9:2,1,,4,0,0,1,0,0,0,0
16207,15:13:3:3:15:3,1,,4,0,0,1,0,0,0,0
16208,15:13:4:0:0:1,0,0,0,,,0,0,0,0,0
16209,15:13:4:1:6:1,0,0,0,,,0,0,0,0,0
16210,15:13:4:2:9:2,0,0,0,,,0,0,0,0,0
16211,15:13:4:3:15:3,1,,4,0,0,1,0,0,0,0
16212,15:13:5:0:0:1,0,0,0,,,0,0,0,0,0
16213,15:13:5:1:6:1,0,0,0,,,0,0,0,0,0
16214,15:13:5:2:9:2,0,0,0,,,0,0,0,0,0
16215,15:13:5:3:15:3,1,,4,0,0,1,0,0,0,0
16216,15:13:6:0:0:1,0,0,0,,,0,0,0,0,0
16217,15:13:6:1:6:1,0,0,0,,,0,0,0,0,0
16218,15:13:6:2:9:2,0,0,0,,,0,0,0,0,0
16219,15:13:6:3:15:3,1,,4,0,0,1,0,0,0,0
16220,15:13:7:0:0:1,0,0,0,,,0,0,0,0,0
16221,15:13:7:1:6:1,0,0,0,,,0,0,0,0,0
16222,15:13:7:2:9:2,0,0,0,,,0,0,0,0,0
16223,15:13:7:3:15:3,1,,4,0,0,1,0,0,0,0
16224,15:13:8:0:0:1,0,0,0,,,0,0,0,0,0
16225,15:13:8:1:6:1,0,0,0,,,0,0,0,0,0
16226,15:13:8:2:9:2,0,0,0,,,0,0,0,0,0
16227,15:13:8:3:15:3,1,,4,0,0,1,0,0,0,0
16228,15:13:9:0:0:1,0,0,0,,,0,0,0,0,0
16229,15:13:9:1:6:1,0,0,0,,,0,0,0,0,0
16230,15:13:9:2:9:2,0,0,0,,,0,0,0,0,0
16231,15:13:9:3:15:3,1,,4,0,0,1,0,0,0,0
16232,15:13:10:0:0:1,0,0,0,,,0,0,0,0,0
16233,15:13:10:1:6:1,0,0,0,,,0,0,0,0,0
16234,15:13:10:2:9:2,0,0,0,,,0,0,0,0,0
16235,15:13:10:3:15:3,1,,4,0,0,1,0,0,0,0
16236,15:13:11:0:0:1,0,0,0,,,0,0,0,0,0
16237,15:13:11:1:6:1,0,0,0,,,0,0,0,0,0
16238,15:13:11:2:9:2,0,0,0,,,0,0,0,0,0
16239,15:13:11:3:15:3,1,,4,0,0,1,0,0,0,0
16240,15:13:12:0:0:1,0,0,0,,,0,0,0,0,0
16241,15:13:12:1:6:1,0,0,0,,,0,0,0,0,0
16242,15:13:12:2:9:2,0,0,0,,,0,0,0,0,0
16243,15:13:12:3:15:3,1,,4,0,0,1,0,0,0,0
16244,15:13:13:0:0:1,1,2,2,2,2,2,0,0,0,0
16245,15:13:13:1:6:1,1,2,2,2,2,2,0,0,0,0
16246,15:13:13:2:9:2,1,2,2,2,2,2,0,0,0,0
16247,15:13:13:3:15:3,1,,4,0,0,1,0,0,0,0
16248,15:13:14:0:0:1,0,0,0,,,0,0,0,0,0
16249,15:13:14:1:6:1,0,0,0,,,0,0,0,0,0
16250,15:13:14:2:9:2,0,0,0,,,0,0,0,0,0
16251,15:13:14:3:15:3,1,,4,0,0,1,0,0,0,0
16252,15:13:15:0:0:1,1,1,2,1,1,2,0,0,0,0
16253,15:13:15:1:6:1,1,1,2,1,1,2,0,0,0,0
16254,15:13:15:2:9:2,1,1,2,1,1,2,0,0,0,0
16255,15:13:15:3:15:3,1,,4,0,0,1,0,0,0,0
16256,15:14:0:0:0:1,1,,4,0,0,1,0,0,0,0
16257,15:14:0:1:6:1,1,,4,0,0,1,0,0,0,0
16258,15:14:0:2:9:2,1,,4,0,0,1,0,0,0,0
16259,15:14:0:3:15:3,1,,4,0,0,1,0,0,0,0
16260,15:14:1:0:0:1,1,,4,0,0,1,0,0,0,0
16261,15:14:1:1:6:1,1,,4,0,0,1,0,0,0,0
16262,15:14:1:2:9:2,1,,4,0,0,1,0,0,0,0
16263,15:14:1:3:15:3,1,,4,0,0,1,0,0,0,0
16264,15:14:2:0:0:1,1,,4,0,0,1,0,0,0,0
16265,15:14:2:1:6:1,1,,4,0,0,1,0,0,0,0
16266,15:14:2:2:9:2,1,,4,0,0,1,0,0,0,0
16267,15:14:2:3:15:3,1,,4,0,0,1,0,0,0,0
16268,15:14:3:0:0:1,1,,4,0,0,1,0,0,0,0
16269,15:14:3:1:6:1,1,,4,0,0,1,0,0,0,0
16270,15:14:3:2:9:2,1,,4,0,0,1,0,0,0,0
16271,15:14:3:3:15:3,1,,4,0,0,1,0,0,0,0
16272,15:14:4:0:0:1,0,0,0,,,0,0,0,0,0
16273,15:14:4:1:6:1,0,0,0,,,0,0,0,0,0
16274,15:14:4:2:9:2,0,0,0,,,0,0,0,0,0
16275,15:14:4:3:15:3,1,,4,0,0,1,0,0,0,0
16276,15:14:5:0:0:1,0,0,0,,,0,0,0,0,0
16277,15:14:5:1:6:1,0,0,0,,,0,0,0,0,0
16278,15:14:5:2:9:2,0,0,0,,,0,0,0,0,0
16279,15:14:5:3:15:3,1,,4,0,0,1,0,0,0,0
16280,15:14:6:0:0:1,0,0,0,,,0,0,0,0,0
16281,15:14:6:1:6:1,0,0,0,,,0,0,0,0,0
16282,15:14:6:2:9:2,0,0,0,,,0,0,0,0,0
16283,15:14:6:3:15:3,1,,4,0,0,1,0,0,0,0
16284,15:14:7:0:0:1,0,0,0,,,0,0,0,0,0
16285,15:14:7:1:6:1,0,0,0,,,0,0,0,0,0
16286,15:14:7:2:9:2,0,0,0,,,0,0,0,0,0
16287,15:14:7:3:15:3,1,,4,0,0,1,0,0,0,0
16288,15:14:8:0:0:1,0,0,0,,,0,0,0,0,0
16289,15:14:8:1:6:1,0,0,0,,,0,0,0,0,0
16290,15:14:8:2:9:2,0,0,0,,,0,0,0,0,0
16291,15:14:8:3:15:3,1,,4,0,0,1,0,0,0,0
16292,15:14:9:0:0:1,0,0,0,,,0,0,0,0,0
16293,15:14:9:1:6:1,0,0,0,,,0,0,0,0,0
16294,15:14:9:2:9:2,0,0,0,,,0,0,0,0,0
16295,15:14:9:3:15:3,1,,4,0,0,1,0,0,0,0
16296,15:14:10:0:0:1,0,0,0,,,0,0,0,0,0
16297,15:14:10:1:6:1,0,0,0,,,0,0,0,0,0
16298,15:14:10:2:9:2,0,0,0,,,0,0,0,0,0
16299,15:14:10:3:15:3,1,,4,0,0,1,0,0,0,0
16300,15:14:11:0:0:1,0,0,0,,,0,0,0,0,0
16301,15:14:11:1:6:1,0,0,0,,,0,0,0,0,0
16302,15:14:11:2:9:2,0,0,0,,,0,0,0,0,0
16303,15:14:11:3:15:3,1,,4,0,0,1,0,0,0,0
16304,15:14:12:0:0:1,0,0,0,,,0,0,0,0,0
16305,15:14:12:1:6:1,0,0,0,,,0,0,0,0,0
16306,15:14:12:2:9:2,0,0,0,,,0,0,0,0,0
16307,15:14:12:3:15:3,1,,4,0,0,1,0,0,0,0
16308,15:14:13:0:0:1,0,0,0,,,0,0,0,0,0
16309,15:14:13:1:6:1,0,0,0,,,0,0,0,0,0
16310,15:14:13:2:9:2,0,0,0,,,0,0,0,0,0
16311,15:14:13:3:15:3,1,,4,0,0,1,0,0,0,0
16312,15:14:14:0:0:1,1,2,2,2,2,2,0,0,0,0
16313,15:14:14:1:6:1,1,2,2,2,2,2,0,0,0,0
16314,15:14:14:2:9:2,1,2,2,2,2,2,0,0,0,0
16315,15:14:14:3:15:3,1,,4,0,0,1,0,0,0,0
16316,15:14:15:0:0:1,1,1,2,1,1,2,0,0,0,0
16317,15:14:15:1:6:1,1,1,2,1,1,2,0,0,0,0
16318,15:14:15:2:9:2,1,1,2,1,1,2,0,0,0,0
16319,15:14:15:3:15:3,1,,4,0,0,1,0,0,0,0
16320,15:15:0:0:0:1,1,,4,0,0,1,0,0,0,0
16321,15:15:0:1:6:1,1,,4,0,0,1,0,0,0,0
16322,15:15:0:2:9:2,1,,4,0,0,1,0,0,0,0
16323,15:15:0:3:15:3,1,,4,0,0,1,0,0,0,0
16324,15:15:1:0:0:1,1,,4,0,0,1,0,0,0,0
16325,15:15:1:1:6:1,1,,4,0,0,1,0,0,0,0
16326,15:15:1:2:9:2,1,,4,0,0,1,0,0,0,0
16327,15:15:1:3:15:3,1,,4,0,0,1,0,0,0,0
16328,15:15:2:0:0:1,1,,4,0,0,1,0,0,0,0
16329,15:15:2:1:6:1,1,,4,0,0,1,0,0,0,0
16330,15:15:2:2:9:2,1,,4,0,0,1,0,0,0,0
16331,15:15:2:3:15:3,1,,4,0,0,1,0,0,0,0
16332,15:15:3:0:0:1,1,,4,0,0,1,0,0,0,0
16333,15:15:3:1:6:1,1,,4,0,0,1,0,0,0,0
16334,15:15:3:2:9:2,1,,4,0,0,1,0,0,0,0
16335,15:15:3:3:15:3,1,,4,0,0,1,0,0,0,0
16336,15:15:4:0:0:1,0,0,0,,,0,0,0,0,0
16337,15:15:4:1:6:1,0,0,0,,,0,0,0,0,0
16338,15:15:4:2:9:2,0,0,0,,,0,0,0,0,0
16339,15:15:4:3:15:3,1,,4,0,0,1,0,0,0,0
16340,15:15:5:0:0:1,0,0,0,,,0,0,0,0,0
16341,15:15:5:1:6:1,0,0,0,,,0,0,0,0,0
16342,15:15:5:2:9:2,0,0,0,,,0,0,0,0,0
16343,15:15:5:3:15:3,1,,4,0,0,1,0,0,0,0
16344,15:15:6:0:0:1,0,0,0,,,0,0,0,0,0
16345,15:15:6:1:6:1,0,0,0,,,0,0,0,0,0
16346,15:15:6:2:9:2,0,0,0,,,0,0,0,0,0
16347,15:15:6:3:15:3,1,,4,0,0,1,0,0,0,0
16348,15:15:7:0:0:1,0,0,0,,,0,0,0,0,0
16349,15:15:7:1:6:1,0,0,0,,,0,0,0,0,0
16350,15:15:7:2:9:2,0,0,0,,,0,0,0,0,0
16351,15:15:7:3:15:3,1,,4,0,0,1,0,0,0,0
16352,15:15:8:0:0:1,0,0,0,,,0,0,0,0,0
16353,15:15:8:1:6:1,0,0,0,,,0,0,0,0,0
16354,15:15:8:2:9:2,0,0,0,,,0,0,0,0,0
16355,15:15:8:3:15:3,1,,4,0,0,1,0,0,0,0
16356,15:15:9:0:0:1,0,0,0,,,0,0,0,0,0
16357,15:15:9:1:6:1,0,0,0,,,0,0,0,0,0
16358,15:15:9:2:9:2,0,0,0,,,0,0,0,0,0
16359,15:15:9:3:15:3,1,,4,0,0,1,0,0,0,0
16360,15:15:10:0:0:1,0,0,0,,,0,0,0,0,0
16361,15:15:10:1:6:1,0,0,0,,,0,0,0,0,0
16362,15:15:10:2:9:2,0,0,0,,,0,0,0,0,0
16363,15:15:10:3:15:3,1,,4,0,0,1,0,0,0,0
16364,15:15:11:0:0:1,0,0,0,,,0,0,0,0,0
16365,15:15:11:1:6:1,0,0,0,,,0,0,0,0,0
16366,15:15:11:2:9:2,0,0,0,,,0,0,0,0,0
16367,15:15:11:3:15:3,1,,4,0,0,1,0,0,0,0
16368,15:15:12:0:0:1,0,0,0,,,0,0,0,0,0
16369,15:15:12:1:6:1,0,0,0,,,0,0,0,0,0
16370,15:15:12:2:9:2,0,0,0,,,0,0,0,0,0
16371,15:15:12:3:15:3,1,,4,0,0,1,0,0,0,0
16372,15:15:13:0:0:1,0,0,0,,,0,0,0,0,0
16373,15:15:13:1:6:1,0,0,0,,,0,0,0,0,0
16374,15:15:13:2:9:2,0,0,0,,,0,0,0,0,0
16375,15:15:13:3:15:3,1,,4,0,0,1,0,0,0,0
16376,15:15:14:0:0:1,0,0,0,,,0,0,0,0,0
16377,15:15:14:1:6:1,0,0,0,,,0,0,0,0,0
16378,15:15:14:2:9:2,0,0,0,,,0,0,0,0,0
16379,15:15:14:3:15:3,1,,4,0,0,1,0,0,0,0
16380,15:15:15:0:0:1,1,3,3,1,1,3,0,0,0,0
16381,15:15:15:1:6:1,1,3,3,1,1,3,0,0,0,0
16382,15:15:15:2:9:2,1,3,3,1,1,3,0,0,0,0
16383,15:15:15:3:15:3,1,,4,0,0,1,0,0,0,0
