case,alphabet,retained_states,target_states,retained_table,history_table,future_table,output_code,admissible,oracle_admissible,minimum_cost,oracle_minimum_cost,oracle_migration_maps,reachable_pairs,current_only,state_equality,certificate_valid
36000,2,2,2,5,5,3,0,1,1,,,4,2,1,1,1
36001,2,2,2,5,5,3,1,1,1,,,1,2,1,1,1
36002,2,2,2,5,5,3,2,1,1,,,1,2,1,1,1
36003,2,2,2,5,5,3,3,1,1,,,4,2,1,1,1
36004,2,2,2,5,5,4,0,1,1,,,4,2,1,1,1
36005,2,2,2,5,5,4,1,1,1,,,1,2,1,1,1
36006,2,2,2,5,5,4,2,1,1,,,1,2,1,1,1
36007,2,2,2,5,5,4,3,1,1,,,4,2,1,1,1
36008,2,2,2,5,5,5,0,1,1,,,4,2,1,1,1
36009,2,2,2,5,5,5,1,1,1,,,1,2,1,1,1
36010,2,2,2,5,5,5,2,1,1,,,1,2,1,1,1
36011,2,2,2,5,5,5,3,1,1,,,4,2,1,1,1
36012,2,2,2,5,5,6,0,1,1,,,4,2,1,1,1
36013,2,2,2,5,5,6,1,1,1,,,1,2,1,1,1
36014,2,2,2,5,5,6,2,1,1,,,1,2,1,1,1
36015,2,2,2,5,5,6,3,1,1,,,4,2,1,1,1
36016,2,2,2,5,5,7,0,1,1,,,4,2,1,1,1
36017,2,2,2,5,5,7,1,1,1,,,1,2,1,1,1
36018,2,2,2,5,5,7,2,1,1,,,1,2,1,1,1
36019,2,2,2,5,5,7,3,1,1,,,4,2,1,1,1
36020,2,2,2,5,5,8,0,1,1,,,4,2,1,1,1
36021,2,2,2,5,5,8,1,1,1,,,1,2,1,1,1
36022,2,2,2,5,5,8,2,1,1,,,1,2,1,1,1
36023,2,2,2,5,5,8,3,1,1,,,4,2,1,1,1
36024,2,2,2,5,5,9,0,1,1,,,4,2,1,1,1
36025,2,2,2,5,5,9,1,1,1,,,1,2,1,1,1
36026,2,2,2,5,5,9,2,1,1,,,1,2,1,1,1
36027,2,2,2,5,5,9,3,1,1,,,4,2,1,1,1
36028,2,2,2,5,5,10,0,1,1,,,4,2,1,1,1
36029,2,2,2,5,5,10,1,1,1,,,1,2,1,1,1
36030,2,2,2,5,5,10,2,1,1,,,1,2,1,1,1
36031,2,2,2,5,5,10,3,1,1,,,4,2,1,1,1
36032,2,2,2,5,5,11,0,1,1,,,4,2,1,1,1
36033,2,2,2,5,5,11,1,1,1,,,1,2,1,1,1
36034,2,2,2,5,5,11,2,1,1,,,1,2,1,1,1
36035,2,2,2,5,5,11,3,1,1,,,4,2,1,1,1
36036,2,2,2,5,5,12,0,1,1,,,4,2,1,1,1
36037,2,2,2,5,5,12,1,1,1,,,1,2,1,1,1
36038,2,2,2,5,5,12,2,1,1,,,1,2,1,1,1
36039,2,2,2,5,5,12,3,1,1,,,4,2,1,1,1
36040,2,2,2,5,5,13,0,1,1,,,4,2,1,1,1
36041,2,2,2,5,5,13,1,1,1,,,1,2,1,1,1
36042,2,2,2,5,5,13,2,1,1,,,1,2,1,1,1
36043,2,2,2,5,5,13,3,1,1,,,4,2,1,1,1
36044,2,2,2,5,5,14,0,1,1,,,4,2,1,1,1
36045,2,2,2,5,5,14,1,1,1,,,1,2,1,1,1
36046,2,2,2,5,5,14,2,1,1,,,1,2,1,1,1
36047,2,2,2,5,5,14,3,1,1,,,4,2,1,1,1
36048,2,2,2,5,5,15,0,1,1,,,4,2,1,1,1
36049,2,2,2,5,5,15,1,1,1,,,1,2,1,1,1
36050,2,2,2,5,5,15,2,1,1,,,1,2,1,1,1
36051,2,2,2,5,5,15,3,1,1,,,4,2,1,1,1
36052,2,2,2,5,6,0,0,1,1,,,4,4,1,0,1
36053,2,2,2,5,6,0,1,0,0,1,1,0,4,0,0,1
36054,2,2,2,5,6,0,2,0,0,1,1,0,4,0,0,1
36055,2,2,2,5,6,0,3,1,1,,,4,4,1,0,1
36056,2,2,2,5,6,1,0,1,1,,,4,4,1,0,1
36057,2,2,2,5,6,1,1,0,0,1,1,0,4,0,0,1
36058,2,2,2,5,6,1,2,0,0,1,1,0,4,0,0,1
36059,2,2,2,5,6,1,3,1,1,,,4,4,1,0,1
36060,2,2,2,5,6,2,0,1,1,,,4,4,1,0,1
36061,2,2,2,5,6,2,1,0,0,1,1,0,4,0,0,1
36062,2,2,2,5,6,2,2,0,0,1,1,0,4,0,0,1
36063,2,2,2,5,6,2,3,1,1,,,4,4,1,0,1
36064,2,2,2,5,6,3,0,1,1,,,4,4,1,0,1
36065,2,2,2,5,6,3,1,0,0,1,1,0,4,0,0,1
36066,2,2,2,5,6,3,2,0,0,1,1,0,4,0,0,1
36067,2,2,2,5,6,3,3,1,1,,,4,4,1,0,1
36068,2,2,2,5,6,4,0,1,1,,,4,4,1,0,1
36069,2,2,2,5,6,4,1,0,0,1,1,0,4,0,0,1
36070,2,2,2,5,6,4,2,0,0,1,1,0,4,0,0,1
36071,2,2,2,5,6,4,3,1,1,,,4,4,1,0,1
36072,2,2,2,5,6,5,0,1,1,,,4,4,1,0,1
36073,2,2,2,5,6,5,1,0,0,1,1,0,4,0,0,1
36074,2,2,2,5,6,5,2,0,0,1,1,0,4,0,0,1
36075,2,2,2,5,6,5,3,1,1,,,4,4,1,0,1
36076,2,2,2,5,6,6,0,1,1,,,4,4,1,0,1
36077,2,2,2,5,6,6,1,0,0,1,1,0,4,0,0,1
36078,2,2,2,5,6,6,2,0,0,1,1,0,4,0,0,1
36079,2,2,2,5,6,6,3,1,1,,,4,4,1,0,1
36080,2,2,2,5,6,7,0,1,1,,,4,4,1,0,1
36081,2,2,2,5,6,7,1,0,0,1,1,0,4,0,0,1
36082,2,2,2,5,6,7,2,0,0,1,1,0,4,0,0,1
36083,2,2,2,5,6,7,3,1,1,,,4,4,1,0,1
36084,2,2,2,5,6,8,0,1,1,,,4,4,1,0,1
36085,2,2,2,5,6,8,1,0,0,1,1,0,4,0,0,1
36086,2,2,2,5,6,8,2,0,0,1,1,0,4,0,0,1
36087,2,2,2,5,6,8,3,1,1,,,4,4,1,0,1
36088,2,2,2,5,6,9,0,1,1,,,4,4,1,0,1
36089,2,2,2,5,6,9,1,0,0,1,1,0,4,0,0,1
36090,2,2,2,5,6,9,2,0,0,1,1,0,4,0,0,1
36091,2,2,2,5,6,9,3,1,1,,,4,4,1,0,1
36092,2,2,2,5,6,10,0,1,1,,,4,4,1,0,1
36093,2,2,2,5,6,10,1,0,0,1,1,0,4,0,0,1
36094,2,2,2,5,6,10,2,0,0,1,1,0,4,0,0,1
36095,2,2,2,5,6,10,3,1,1,,,4,4,1,0,1
36096,2,2,2,5,6,11,0,1,1,,,4,4,1,0,1
36097,2,2,2,5,6,11,1,0,0,1,1,0,4,0,0,1
36098,2,2,2,5,6,11,2,0,0,1,1,0,4,0,0,1
36099,2,2,2,5,6,11,3,1,1,,,4,4,1,0,1
36100,2,2,2,5,6,12,0,1,1,,,4,4,1,0,1
36101,2,2,2,5,6,12,1,0,0,1,1,0,4,0,0,1
36102,2,2,2,5,6,12,2,0,0,1,1,0,4,0,0,1
36103,2,2,2,5,6,12,3,1,1,,,4,4,1,0,1
36104,2,2,2,5,6,13,0,1,1,,,4,4,1,0,1
36105,2,2,2,5,6,13,1,0,0,1,1,0,4,0,0,1
36106,2,2,2,5,6,13,2,0,0,1,1,0,4,0,0,1
36107,2,2,2,5,6,13,3,1,1,,,4,4,1,0,1
36108,2,2,2,5,6,14,0,1,1,,,4,4,1,0,1
36109,2,2,2,5,6,14,1,0,0,1,1,0,4,0,0,1
36110,2,2,2,5,6,14,2,0,0,1,1,0,4,0,0,1
36111,2,2,2,5,6,14,3,1,1,,,4,4,1,0,1
36112,2,2,2,5,6,15,0,1,1,,,4,4,1,0,1
36113,2,2,2,5,6,15,1,0,0,1,1,0,4,0,0,1
36114,2,2,2,5,6,15,2,0,0,1,1,0,4,0,0,1
36115,2,2,2,5,6,15,3,1,1,,,4,4,1,0,1
36116,2,2,2,5,7,0,0,1,1,,,4,3,1,0,1
36117,2,2,2,5,7,0,1,0,0,1,1,0,3,0,0,1
36118,2,2,2,5,7,0,2,0,0,1,1,0,3,0,0,1
36119,2,2,2,5,7,0,3,1,1,,,4,3,1,0,1
36120,2,2,2,5,7,1,0,1,1,,,4,3,1,0,1
36121,2,2,2,5,7,1,1,0,0,1,1,0,3,0,0,1
36122,2,2,2,5,7,1,2,0,0,1,1,0,3,0,0,1
36123,2,2,2,5,7,1,3,1,1,,,4,3,1,0,1
36124,2,2,2,5,7,2,0,1,1,,,4,3,1,0,1
36125,2,2,2,5,7,2,1,0,0,1,1,0,3,0,0,1
36126,2,2,2,5,7,2,2,0,0,1,1,0,3,0,0,1
36127,2,2,2,5,7,2,3,1,1,,,4,3,1,0,1
36128,2,2,2,5,7,3,0,1,1,,,4,3,1,0,1
36129,2,2,2,5,7,3,1,0,0,1,1,0,3,0,0,1
36130,2,2,2,5,7,3,2,0,0,1,1,0,3,0,0,1
36131,2,2,2,5,7,3,3,1,1,,,4,3,1,0,1
36132,2,2,2,5,7,4,0,1,1,,,4,3,1,0,1
36133,2,2,2,5,7,4,1,0,0,1,1,0,3,0,0,1
36134,2,2,2,5,7,4,2,0,0,1,1,0,3,0,0,1
36135,2,2,2,5,7,4,3,1,1,,,4,3,1,0,1
36136,2,2,2,5,7,5,0,1,1,,,4,3,1,0,1
36137,2,2,2,5,7,5,1,0,0,1,1,0,3,0,0,1
36138,2,2,2,5,7,5,2,0,0,1,1,0,3,0,0,1
36139,2,2,2,5,7,5,3,1,1,,,4,3,1,0,1
36140,2,2,2,5,7,6,0,1,1,,,4,3,1,0,1
36141,2,2,2,5,7,6,1,0,0,1,1,0,3,0,0,1
36142,2,2,2,5,7,6,2,0,0,1,1,0,3,0,0,1
36143,2,2,2,5,7,6,3,1,1,,,4,3,1,0,1
36144,2,2,2,5,7,7,0,1,1,,,4,3,1,0,1
36145,2,2,2,5,7,7,1,0,0,1,1,0,3,0,0,1
36146,2,2,2,5,7,7,2,0,0,1,1,0,3,0,0,1
36147,2,2,2,5,7,7,3,1,1,,,4,3,1,0,1
36148,2,2,2,5,7,8,0,1,1,,,4,3,1,0,1
36149,2,2,2,5,7,8,1,0,0,1,1,0,3,0,0,1
36150,2,2,2,5,7,8,2,0,0,1,1,0,3,0,0,1
36151,2,2,2,5,7,8,3,1,1,,,4,3,1,0,1
36152,2,2,2,5,7,9,0,1,1,,,4,3,1,0,1
36153,2,2,2,5,7,9,1,0,0,1,1,0,3,0,0,1
36154,2,2,2,5,7,9,2,0,0,1,1,0,3,0,0,1
36155,2,2,2,5,7,9,3,1,1,,,4,3,1,0,1
36156,2,2,2,5,7,10,0,1,1,,,4,3,1,0,1
36157,2,2,2,5,7,10,1,0,0,1,1,0,3,0,0,1
36158,2,2,2,5,7,10,2,0,0,1,1,0,3,0,0,1
36159,2,2,2,5,7,10,3,1,1,,,4,3,1,0,1
36160,2,2,2,5,7,11,0,1,1,,,4,3,1,0,1
36161,2,2,2,5,7,11,1,0,0,1,1,0,3,0,0,1
36162,2,2,2,5,7,11,2,0,0,1,1,0,3,0,0,1
36163,2,2,2,5,7,11,3,1,1,,,4,3,1,0,1
36164,2,2,2,5,7,12,0,1,1,,,4,3,1,0,1
36165,2,2,2,5,7,12,1,0,0,1,1,0,3,0,0,1
36166,2,2,2,5,7,12,2,0,0,1,1,0,3,0,0,1
36167,2,2,2,5,7,12,3,1,1,,,4,3,1,0,1
36168,2,2,2,5,7,13,0,1,1,,,4,3,1,0,1
36169,2,2,2,5,7,13,1,0,0,1,1,0,3,0,0,1
36170,2,2,2,5,7,13,2,0,0,1,1,0,3,0,0,1
36171,2,2,2,5,7,13,3,1,1,,,4,3,1,0,1
36172,2,2,2,5,7,14,0,1,1,,,4,3,1,0,1
36173,2,2,2,5,7,14,1,0,0,1,1,0,3,0,0,1
36174,2,2,2,5,7,14,2,0,0,1,1,0,3,0,0,1
36175,2,2,2,5,7,14,3,1,1,,,4,3,1,0,1
36176,2,2,2,5,7,15,0,1,1,,,4,3,1,0,1
36177,2,2,2,5,7,15,1,0,0,1,1,0,3,0,0,1
36178,2,2,2,5,7,15,2,0,0,1,1,0,3,0,0,1
36179,2,2,2,5,7,15,3,1,1,,,4,3,1,0,1
36180,2,2,2,5,8,0,0,1,1,,,4,2,1,1,1
36181,2,2,2,5,8,0,1,1,1,,,1,2,1,1,1
36182,2,2,2,5,8,0,2,1,1,,,1,2,1,1,1
36183,2,2,2,5,8,0,3,1,1,,,4,2,1,1,1
36184,2,2,2,5,8,1,0,1,1,,,4,2,1,1,1
36185,2,2,2,5,8,1,1,1,1,,,1,2,1,1,1
36186,2,2,2,5,8,1,2,1,1,,,1,2,1,1,1
36187,2,2,2,5,8,1,3,1,1,,,4,2,1,1,1
36188,2,2,2,5,8,2,0,1,1,,,4,2,1,1,1
36189,2,2,2,5,8,2,1,1,1,,,1,2,1,1,1
36190,2,2,2,5,8,2,2,1,1,,,1,2,1,1,1
36191,2,2,2,5,8,2,3,1,1,,,4,2,1,1,1
36192,2,2,2,5,8,3,0,1,1,,,4,2,1,1,1
36193,2,2,2,5,8,3,1,1,1,,,1,2,1,1,1
36194,2,2,2,5,8,3,2,1,1,,,1,2,1,1,1
36195,2,2,2,5,8,3,3,1,1,,,4,2,1,1,1
36196,2,2,2,5,8,4,0,1,1,,,4,2,1,1,1
36197,2,2,2,5,8,4,1,1,1,,,1,2,1,1,1
36198,2,2,2,5,8,4,2,1,1,,,1,2,1,1,1
36199,2,2,2,5,8,4,3,1,1,,,4,2,1,1,1
36200,2,2,2,5,8,5,0,1,1,,,4,2,1,1,1
36201,2,2,2,5,8,5,1,1,1,,,1,2,1,1,1
36202,2,2,2,5,8,5,2,1,1,,,1,2,1,1,1
36203,2,2,2,5,8,5,3,1,1,,,4,2,1,1,1
36204,2,2,2,5,8,6,0,1,1,,,4,2,1,1,1
36205,2,2,2,5,8,6,1,1,1,,,1,2,1,1,1
36206,2,2,2,5,8,6,2,1,1,,,1,2,1,1,1
36207,2,2,2,5,8,6,3,1,1,,,4,2,1,1,1
36208,2,2,2,5,8,7,0,1,1,,,4,2,1,1,1
36209,2,2,2,5,8,7,1,1,1,,,1,2,1,1,1
36210,2,2,2,5,8,7,2,1,1,,,1,2,1,1,1
36211,2,2,2,5,8,7,3,1,1,,,4,2,1,1,1
36212,2,2,2,5,8,8,0,1,1,,,4,2,1,1,1
36213,2,2,2,5,8,8,1,1,1,,,1,2,1,1,1
36214,2,2,2,5,8,8,2,1,1,,,1,2,1,1,1
36215,2,2,2,5,8,8,3,1,1,,,4,2,1,1,1
36216,2,2,2,5,8,9,0,1,1,,,4,2,1,1,1
36217,2,2,2,5,8,9,1,1,1,,,1,2,1,1,1
36218,2,2,2,5,8,9,2,1,1,,,1,2,1,1,1
36219,2,2,2,5,8,9,3,1,1,,,4,2,1,1,1
36220,2,2,2,5,8,10,0,1,1,,,4,2,1,1,1
36221,2,2,2,5,8,10,1,1,1,,,1,2,1,1,1
36222,2,2,2,5,8,10,2,1,1,,,1,2,1,1,1
36223,2,2,2,5,8,10,3,1,1,,,4,2,1,1,1
36224,2,2,2,5,8,11,0,1,1,,,4,2,1,1,1
36225,2,2,2,5,8,11,1,1,1,,,1,2,1,1,1
36226,2,2,2,5,8,11,2,1,1,,,1,2,1,1,1
36227,2,2,2,5,8,11,3,1,1,,,4,2,1,1,1
36228,2,2,2,5,8,12,0,1,1,,,4,2,1,1,1
36229,2,2,2,5,8,12,1,1,1,,,1,2,1,1,1
36230,2,2,2,5,8,12,2,1,1,,,1,2,1,1,1
36231,2,2,2,5,8,12,3,1,1,,,4,2,1,1,1
36232,2,2,2,5,8,13,0,1,1,,,4,2,1,1,1
36233,2,2,2,5,8,13,1,1,1,,,1,2,1,1,1
36234,2,2,2,5,8,13,2,1,1,,,1,2,1,1,1
36235,2,2,2,5,8,13,3,1,1,,,4,2,1,1,1
36236,2,2,2,5,8,14,0,1,1,,,4,2,1,1,1
36237,2,2,2,5,8,14,1,1,1,,,1,2,1,1,1
36238,2,2,2,5,8,14,2,1,1,,,1,2,1,1,1
36239,2,2,2,5,8,14,3,1,1,,,4,2,1,1,1
36240,2,2,2,5,8,15,0,1,1,,,4,2,1,1,1
36241,2,2,2,5,8,15,1,1,1,,,1,2,1,1,1
36242,2,2,2,5,8,15,2,1,1,,,1,2,1,1,1
36243,2,2,2,5,8,15,3,1,1,,,4,2,1,1,1
36244,2,2,2,5,9,0,0,1,1,,,4,4,1,0,1
36245,2,2,2,5,9,0,1,0,0,2,2,0,4,0,0,1
36246,2,2,2,5,9,0,2,0,0,2,2,0,4,0,0,1
36247,2,2,2,5,9,0,3,1,1,,,4,4,1,0,1
36248,2,2,2,5,9,1,0,1,1,,,4,4,1,0,1
36249,2,2,2,5,9,1,1,0,0,2,2,0,4,0,0,1
36250,2,2,2,5,9,1,2,0,0,2,2,0,4,0,0,1
36251,2,2,2,5,9,1,3,1,1,,,4,4,1,0,1
36252,2,2,2,5,9,2,0,1,1,,,4,4,1,0,1
36253,2,2,2,5,9,2,1,0,0,2,2,0,4,0,0,1
36254,2,2,2,5,9,2,2,0,0,2,2,0,4,0,0,1
36255,2,2,2,5,9,2,3,1,1,,,4,4,1,0,1
36256,2,2,2,5,9,3,0,1,1,,,4,4,1,0,1
36257,2,2,2,5,9,3,1,0,0,2,2,0,4,0,0,1
36258,2,2,2,5,9,3,2,0,0,2,2,0,4,0,0,1
36259,2,2,2,5,9,3,3,1,1,,,4,4,1,0,1
36260,2,2,2,5,9,4,0,1,1,,,4,4,1,0,1
36261,2,2,2,5,9,4,1,0,0,2,2,0,4,0,0,1
36262,2,2,2,5,9,4,2,0,0,2,2,0,4,0,0,1
36263,2,2,2,5,9,4,3,1,1,,,4,4,1,0,1
36264,2,2,2,5,9,5,0,1,1,,,4,4,1,0,1
36265,2,2,2,5,9,5,1,0,0,2,2,0,4,0,0,1
36266,2,2,2,5,9,5,2,0,0,2,2,0,4,0,0,1
36267,2,2,2,5,9,5,3,1,1,,,4,4,1,0,1
36268,2,2,2,5,9,6,0,1,1,,,4,4,1,0,1
36269,2,2,2,5,9,6,1,0,0,2,2,0,4,0,0,1
36270,2,2,2,5,9,6,2,0,0,2,2,0,4,0,0,1
36271,2,2,2,5,9,6,3,1,1,,,4,4,1,0,1
36272,2,2,2,5,9,7,0,1,1,,,4,4,1,0,1
36273,2,2,2,5,9,7,1,0,0,2,2,0,4,0,0,1
36274,2,2,2,5,9,7,2,0,0,2,2,0,4,0,0,1
36275,2,2,2,5,9,7,3,1,1,,,4,4,1,0,1
36276,2,2,2,5,9,8,0,1,1,,,4,4,1,0,1
36277,2,2,2,5,9,8,1,0,0,2,2,0,4,0,0,1
36278,2,2,2,5,9,8,2,0,0,2,2,0,4,0,0,1
36279,2,2,2,5,9,8,3,1,1,,,4,4,1,0,1
36280,2,2,2,5,9,9,0,1,1,,,4,4,1,0,1
36281,2,2,2,5,9,9,1,0,0,2,2,0,4,0,0,1
36282,2,2,2,5,9,9,2,0,0,2,2,0,4,0,0,1
36283,2,2,2,5,9,9,3,1,1,,,4,4,1,0,1
36284,2,2,2,5,9,10,0,1,1,,,4,4,1,0,1
36285,2,2,2,5,9,10,1,0,0,2,2,0,4,0,0,1
36286,2,2,2,5,9,10,2,0,0,2,2,0,4,0,0,1
36287,2,2,2,5,9,10,3,1,1,,,4,4,1,0,1
36288,2,2,2,5,9,11,0,1,1,,,4,4,1,0,1
36289,2,2,2,5,9,11,1,0,0,2,2,0,4,0,0,1
36290,2,2,2,5,9,11,2,0,0,2,2,0,4,0,0,1
36291,2,2,2,5,9,11,3,1,1,,,4,4,1,0,1
36292,2,2,2,5,9,12,0,1,1,,,4,4,1,0,1
36293,2,2,2,5,9,12,1,0,0,2,2,0,4,0,0,1
36294,2,2,2,5,9,12,2,0,0,2,2,0,4,0,0,1
36295,2,2,2,5,9,12,3,1,1,,,4,4,1,0,1
36296,2,2,2,5,9,13,0,1,1,,,4,4,1,0,1
36297,2,2,2,5,9,13,1,0,0,2,2,0,4,0,0,1
36298,2,2,2,5,9,13,2,0,0,2,2,0,4,0,0,1
36299,2,2,2,5,9,13,3,1,1,,,4,4,1,0,1
36300,2,2,2,5,9,14,0,1,1,,,4,4,1,0,1
36301,2,2,2,5,9,14,1,0,0,2,2,0,4,0,0,1
36302,2,2,2,5,9,14,2,0,0,2,2,0,4,0,0,1
36303,2,2,2,5,9,14,3,1,1,,,4,4,1,0,1
36304,2,2,2,5,9,15,0,1,1,,,4,4,1,0,1
36305,2,2,2,5,9,15,1,0,0,2,2,0,4,0,0,1
36306,2,2,2,5,9,15,2,0,0,2,2,0,4,0,0,1
36307,2,2,2,5,9,15,3,1,1,,,4,4,1,0,1
36308,2,2,2,5,10,0,0,1,1,,,4,3,1,0,1
36309,2,2,2,5,10,0,1,0,0,1,1,0,3,0,0,1
36310,2,2,2,5,10,0,2,0,0,1,1,0,3,0,0,1
36311,2,2,2,5,10,0,3,1,1,,,4,3,1,0,1
36312,2,2,2,5,10,1,0,1,1,,,4,3,1,0,1
36313,2,2,2,5,10,1,1,0,0,1,1,0,3,0,0,1
36314,2,2,2,5,10,1,2,0,0,1,1,0,3,0,0,1
36315,2,2,2,5,10,1,3,1,1,,,4,3,1,0,1
36316,2,2,2,5,10,2,0,1,1,,,4,3,1,0,1
36317,2,2,2,5,10,2,1,0,0,1,1,0,3,0,0,1
36318,2,2,2,5,10,2,2,0,0,1,1,0,3,0,0,1
36319,2,2,2,5,10,2,3,1,1,,,4,3,1,0,1
36320,2,2,2,5,10,3,0,1,1,,,4,3,1,0,1
36321,2,2,2,5,10,3,1,0,0,1,1,0,3,0,0,1
36322,2,2,2,5,10,3,2,0,0,1,1,0,3,0,0,1
36323,2,2,2,5,10,3,3,1,1,,,4,3,1,0,1
36324,2,2,2,5,10,4,0,1,1,,,4,3,1,0,1
36325,2,2,2,5,10,4,1,0,0,1,1,0,3,0,0,1
36326,2,2,2,5,10,4,2,0,0,1,1,0,3,0,0,1
36327,2,2,2,5,10,4,3,1,1,,,4,3,1,0,1
36328,2,2,2,5,10,5,0,1,1,,,4,3,1,0,1
36329,2,2,2,5,10,5,1,0,0,1,1,0,3,0,0,1
36330,2,2,2,5,10,5,2,0,0,1,1,0,3,0,0,1
36331,2,2,2,5,10,5,3,1,1,,,4,3,1,0,1
36332,2,2,2,5,10,6,0,1,1,,,4,3,1,0,1
36333,2,2,2,5,10,6,1,0,0,1,1,0,3,0,0,1
36334,2,2,2,5,10,6,2,0,0,1,1,0,3,0,0,1
36335,2,2,2,5,10,6,3,1,1,,,4,3,1,0,1
36336,2,2,2,5,10,7,0,1,1,,,4,3,1,0,1
36337,2,2,2,5,10,7,1,0,0,1,1,0,3,0,0,1
36338,2,2,2,5,10,7,2,0,0,1,1,0,3,0,0,1
36339,2,2,2,5,10,7,3,1,1,,,4,3,1,0,1
36340,2,2,2,5,10,8,0,1,1,,,4,3,1,0,1
36341,2,2,2,5,10,8,1,0,0,1,1,0,3,0,0,1
36342,2,2,2,5,10,8,2,0,0,1,1,0,3,0,0,1
36343,2,2,2,5,10,8,3,1,1,,,4,3,1,0,1
36344,2,2,2,5,10,9,0,1,1,,,4,3,1,0,1
36345,2,2,2,5,10,9,1,0,0,1,1,0,3,0,0,1
36346,2,2,2,5,10,9,2,0,0,1,1,0,3,0,0,1
36347,2,2,2,5,10,9,3,1,1,,,4,3,1,0,1
36348,2,2,2,5,10,10,0,1,1,,,4,3,1,0,1
36349,2,2,2,5,10,10,1,0,0,1,1,0,3,0,0,1
36350,2,2,2,5,10,10,2,0,0,1,1,0,3,0,0,1
36351,2,2,2,5,10,10,3,1,1,,,4,3,1,0,1
36352,2,2,2,5,10,11,0,1,1,,,4,3,1,0,1
36353,2,2,2,5,10,11,1,0,0,1,1,0,3,0,0,1
36354,2,2,2,5,10,11,2,0,0,1,1,0,3,0,0,1
36355,2,2,2,5,10,11,3,1,1,,,4,3,1,0,1
36356,2,2,2,5,10,12,0,1,1,,,4,3,1,0,1
36357,2,2,2,5,10,12,1,0,0,1,1,0,3,0,0,1
36358,2,2,2,5,10,12,2,0,0,1,1,0,3,0,0,1
36359,2,2,2,5,10,12,3,1,1,,,4,3,1,0,1
36360,2,2,2,5,10,13,0,1,1,,,4,3,1,0,1
36361,2,2,2,5,10,13,1,0,0,1,1,0,3,0,0,1
36362,2,2,2,5,10,13,2,0,0,1,1,0,3,0,0,1
36363,2,2,2,5,10,13,3,1,1,,,4,3,1,0,1
36364,2,2,2,5,10,14,0,1,1,,,4,3,1,0,1
36365,2,2,2,5,10,14,1,0,0,1,1,0,3,0,0,1
36366,2,2,2,5,10,14,2,0,0,1,1,0,3,0,0,1
36367,2,2,2,5,10,14,3,1,1,,,4,3,1,0,1
36368,2,2,2,5,10,15,0,1,1,,,4,3,1,0,1
36369,2,2,2,5,10,15,1,0,0,1,1,0,3,0,0,1
36370,2,2,2,5,10,15,2,0,0,1,1,0,3,0,0,1
36371,2,2,2,5,10,15,3,1,1,,,4,3,1,0,1
36372,2,2,2,5,11,0,0,1,1,,,4,4,1,0,1
36373,2,2,2,5,11,0,1,0,0,1,1,0,4,0,0,1
36374,2,2,2,5,11,0,2,0,0,1,1,0,4,0,0,1
36375,2,2,2,5,11,0,3,1,1,,,4,4,1,0,1
36376,2,2,2,5,11,1,0,1,1,,,4,4,1,0,1
36377,2,2,2,5,11,1,1,0,0,1,1,0,4,0,0,1
36378,2,2,2,5,11,1,2,0,0,1,1,0,4,0,0,1
36379,2,2,2,5,11,1,3,1,1,,,4,4,1,0,1
36380,2,2,2,5,11,2,0,1,1,,,4,4,1,0,1
36381,2,2,2,5,11,2,1,0,0,1,1,0,4,0,0,1
36382,2,2,2,5,11,2,2,0,0,1,1,0,4,0,0,1
36383,2,2,2,5,11,2,3,1,1,,,4,4,1,0,1
36384,2,2,2,5,11,3,0,1,1,,,4,4,1,0,1
36385,2,2,2,5,11,3,1,0,0,1,1,0,4,0,0,1
36386,2,2,2,5,11,3,2,0,0,1,1,0,4,0,0,1
36387,2,2,2,5,11,3,3,1,1,,,4,4,1,0,1
36388,2,2,2,5,11,4,0,1,1,,,4,4,1,0,1
36389,2,2,2,5,11,4,1,0,0,1,1,0,4,0,0,1
36390,2,2,2,5,11,4,2,0,0,1,1,0,4,0,0,1
36391,2,2,2,5,11,4,3,1,1,,,4,4,1,0,1
36392,2,2,2,5,11,5,0,1,1,,,4,4,1,0,1
36393,2,2,2,5,11,5,1,0,0,1,1,0,4,0,0,1
36394,2,2,2,5,11,5,2,0,0,1,1,0,4,0,0,1
36395,2,2,2,5,11,5,3,1,1,,,4,4,1,0,1
36396,2,2,2,5,11,6,0,1,1,,,4,4,1,0,1
36397,2,2,2,5,11,6,1,0,0,1,1,0,4,0,0,1
36398,2,2,2,5,11,6,2,0,0,1,1,0,4,0,0,1
36399,2,2,2,5,11,6,3,1,1,,,4,4,1,0,1
36400,2,2,2,5,11,7,0,1,1,,,4,4,1,0,1
36401,2,2,2,5,11,7,1,0,0,1,1,0,4,0,0,1
36402,2,2,2,5,11,7,2,0,0,1,1,0,4,0,0,1
36403,2,2,2,5,11,7,3,1,1,,,4,4,1,0,1
36404,2,2,2,5,11,8,0,1,1,,,4,4,1,0,1
36405,2,2,2,5,11,8,1,0,0,1,1,0,4,0,0,1
36406,2,2,2,5,11,8,2,0,0,1,1,0,4,0,0,1
36407,2,2,2,5,11,8,3,1,1,,,4,4,1,0,1
36408,2,2,2,5,11,9,0,1,1,,,4,4,1,0,1
36409,2,2,2,5,11,9,1,0,0,1,1,0,4,0,0,1
36410,2,2,2,5,11,9,2,0,0,1,1,0,4,0,0,1
36411,2,2,2,5,11,9,3,1,1,,,4,4,1,0,1
36412,2,2,2,5,11,10,0,1,1,,,4,4,1,0,1
36413,2,2,2,5,11,10,1,0,0,1,1,0,4,0,0,1
36414,2,2,2,5,11,10,2,0,0,1,1,0,4,0,0,1
36415,2,2,2,5,11,10,3,1,1,,,4,4,1,0,1
36416,2,2,2,5,11,11,0,1,1,,,4,4,1,0,1
36417,2,2,2,5,11,11,1,0,0,1,1,0,4,0,0,1
36418,2,2,2,5,11,11,2,0,0,1,1,0,4,0,0,1
36419,2,2,2,5,11,11,3,1,1,,,4,4,1,0,1
36420,2,2,2,5,11,12,0,1,1,,,4,4,1,0,1
36421,2,2,2,5,11,12,1,0,0,1,1,0,4,0,0,1
36422,2,2,2,5,11,12,2,0,0,1,1,0,4,0,0,1
36423,2,2,2,5,11,12,3,1,1,,,4,4,1,0,1
36424,2,2,2,5,11,13,0,1,1,,,4,4,1,0,1
36425,2,2,2,5,11,13,1,0,0,1,1,0,4,0,0,1
36426,2,2,2,5,11,13,2,0,0,1,1,0,4,0,0,1
36427,2,2,2,5,11,13,3,1,1,,,4,4,1,0,1
36428,2,2,2,5,11,14,0,1,1,,,4,4,1,0,1
36429,2,2,2,5,11,14,1,0,0,1,1,0,4,0,0,1
36430,2,2,2,5,11,14,2,0,0,1,1,0,4,0,0,1
36431,2,2,2,5,11,14,3,1,1,,,4,4,1,0,1
36432,2,2,2,5,11,15,0,1,1,,,4,4,1,0,1
36433,2,2,2,5,11,15,1,0,0,1,1,0,4,0,0,1
36434,2,2,2,5,11,15,2,0,0,1,1,0,4,0,0,1
36435,2,2,2,5,11,15,3,1,1,,,4,4,1,0,1
36436,2,2,2,5,12,0,0,1,1,,,4,2,1,1,1
36437,2,2,2,5,12,0,1,1,1,,,1,2,1,1,1
36438,2,2,2,5,12,0,2,1,1,,,1,2,1,1,1
36439,2,2,2,5,12,0,3,1,1,,,4,2,1,1,1
36440,2,2,2,5,12,1,0,1,1,,,4,2,1,1,1
36441,2,2,2,5,12,1,1,1,1,,,1,2,1,1,1
36442,2,2,2,5,12,1,2,1,1,,,1,2,1,1,1
36443,2,2,2,5,12,1,3,1,1,,,4,2,1,1,1
36444,2,2,2,5,12,2,0,1,1,,,4,2,1,1,1
36445,2,2,2,5,12,2,1,1,1,,,1,2,1,1,1
36446,2,2,2,5,12,2,2,1,1,,,1,2,1,1,1
36447,2,2,2,5,12,2,3,1,1,,,4,2,1,1,1
36448,2,2,2,5,12,3,0,1,1,,,4,2,1,1,1
36449,2,2,2,5,12,3,1,1,1,,,1,2,1,1,1
36450,2,2,2,5,12,3,2,1,1,,,1,2,1,1,1
36451,2,2,2,5,12,3,3,1,1,,,4,2,1,1,1
36452,2,2,2,5,12,4,0,1,1,,,4,2,1,1,1
36453,2,2,2,5,12,4,1,1,1,,,1,2,1,1,1
36454,2,2,2,5,12,4,2,1,1,,,1,2,1,1,1
36455,2,2,2,5,12,4,3,1,1,,,4,2,1,1,1
36456,2,2,2,5,12,5,0,1,1,,,4,2,1,1,1
36457,2,2,2,5,12,5,1,1,1,,,1,2,1,1,1
36458,2,2,2,5,12,5,2,1,1,,,1,2,1,1,1
36459,2,2,2,5,12,5,3,1,1,,,4,2,1,1,1
36460,2,2,2,5,12,6,0,1,1,,,4,2,1,1,1
36461,2,2,2,5,12,6,1,1,1,,,1,2,1,1,1
36462,2,2,2,5,12,6,2,1,1,,,1,2,1,1,1
36463,2,2,2,5,12,6,3,1,1,,,4,2,1,1,1
36464,2,2,2,5,12,7,0,1,1,,,4,2,1,1,1
36465,2,2,2,5,12,7,1,1,1,,,1,2,1,1,1
36466,2,2,2,5,12,7,2,1,1,,,1,2,1,1,1
36467,2,2,2,5,12,7,3,1,1,,,4,2,1,1,1
36468,2,2,2,5,12,8,0,1,1,,,4,2,1,1,1
36469,2,2,2,5,12,8,1,1,1,,,1,2,1,1,1
36470,2,2,2,5,12,8,2,1,1,,,1,2,1,1,1
36471,2,2,2,5,12,8,3,1,1,,,4,2,1,1,1
36472,2,2,2,5,12,9,0,1,1,,,4,2,1,1,1
36473,2,2,2,5,12,9,1,1,1,,,1,2,1,1,1
36474,2,2,2,5,12,9,2,1,1,,,1,2,1,1,1
36475,2,2,2,5,12,9,3,1,1,,,4,2,1,1,1
36476,2,2,2,5,12,10,0,1,1,,,4,2,1,1,1
36477,2,2,2,5,12,10,1,1,1,,,1,2,1,1,1
36478,2,2,2,5,12,10,2,1,1,,,1,2,1,1,1
36479,2,2,2,5,12,10,3,1,1,,,4,2,1,1,1
36480,2,2,2,5,12,11,0,1,1,,,4,2,1,1,1
36481,2,2,2,5,12,11,1,1,1,,,1,2,1,1,1
36482,2,2,2,5,12,11,2,1,1,,,1,2,1,1,1
36483,2,2,2,5,12,11,3,1,1,,,4,2,1,1,1
36484,2,2,2,5,12,12,0,1,1,,,4,2,1,1,1
36485,2,2,2,5,12,12,1,1,1,,,1,2,1,1,1
36486,2,2,2,5,12,12,2,1,1,,,1,2,1,1,1
36487,2,2,2,5,12,12,3,1,1,,,4,2,1,1,1
36488,2,2,2,5,12,13,0,1,1,,,4,2,1,1,1
36489,2,2,2,5,12,13,1,1,1,,,1,2,1,1,1
36490,2,2,2,5,12,13,2,1,1,,,1,2,1,1,1
36491,2,2,2,5,12,13,3,1,1,,,4,2,1,1,1
36492,2,2,2,5,12,14,0,1,1,,,4,2,1,1,1
36493,2,2,2,5,12,14,1,1,1,,,1,2,1,1,1
36494,2,2,2,5,12,14,2,1,1,,,1,2,1,1,1
36495,2,2,2,5,12,14,3,1,1,,,4,2,1,1,1
36496,2,2,2,5,12,15,0,1,1,,,4,2,1,1,1
36497,2,2,2,5,12,15,1,1,1,,,1,2,1,1,1
36498,2,2,2,5,12,15,2,1,1,,,1,2,1,1,1
36499,2,2,2,5,12,15,3,1,1,,,4,2,1,1,1
36500,2,2,2,5,13,0,0,1,1,,,4,3,1,0,1
36501,2,2,2,5,13,0,1,0,0,2,2,0,3,0,0,1
36502,2,2,2,5,13,0,2,0,0,2,2,0,3,0,0,1
36503,2,2,2,5,13,0,3,1,1,,,4,3,1,0,1
36504,2,2,2,5,13,1,0,1,1,,,4,3,1,0,1
36505,2,2,2,5,13,1,1,0,0,2,2,0,3,0,0,1
36506,2,2,2,5,13,1,2,0,0,2,2,0,3,0,0,1
36507,2,2,2,5,13,1,3,1,1,,,4,3,1,0,1
36508,2,2,2,5,13,2,0,1,1,,,4,3,1,0,1
36509,2,2,2,5,13,2,1,0,0,2,2,0,3,0,0,1
36510,2,2,2,5,13,2,2,0,0,2,2,0,3,0,0,1
36511,2,2,2,5,13,2,3,1,1,,,4,3,1,0,1
36512,2,2,2,5,13,3,0,1,1,,,4,3,1,0,1
36513,2,2,2,5,13,3,1,0,0,2,2,0,3,0,0,1
36514,2,2,2,5,13,3,2,0,0,2,2,0,3,0,0,1
36515,2,2,2,5,13,3,3,1,1,,,4,3,1,0,1
36516,2,2,2,5,13,4,0,1,1,,,4,3,1,0,1
36517,2,2,2,5,13,4,1,0,0,2,2,0,3,0,0,1
36518,2,2,2,5,13,4,2,0,0,2,2,0,3,0,0,1
36519,2,2,2,5,13,4,3,1,1,,,4,3,1,0,1
36520,2,2,2,5,13,5,0,1,1,,,4,3,1,0,1
36521,2,2,2,5,13,5,1,0,0,2,2,0,3,0,0,1
36522,2,2,2,5,13,5,2,0,0,2,2,0,3,0,0,1
36523,2,2,2,5,13,5,3,1,1,,,4,3,1,0,1
36524,2,2,2,5,13,6,0,1,1,,,4,3,1,0,1
36525,2,2,2,5,13,6,1,0,0,2,2,0,3,0,0,1
36526,2,2,2,5,13,6,2,0,0,2,2,0,3,0,0,1
36527,2,2,2,5,13,6,3,1,1,,,4,3,1,0,1
36528,2,2,2,5,13,7,0,1,1,,,4,3,1,0,1
36529,2,2,2,5,13,7,1,0,0,2,2,0,3,0,0,1
36530,2,2,2,5,13,7,2,0,0,2,2,0,3,0,0,1
36531,2,2,2,5,13,7,3,1,1,,,4,3,1,0,1
36532,2,2,2,5,13,8,0,1,1,,,4,3,1,0,1
36533,2,2,2,5,13,8,1,0,0,2,2,0,3,0,0,1
36534,2,2,2,5,13,8,2,0,0,2,2,0,3,0,0,1
36535,2,2,2,5,13,8,3,1,1,,,4,3,1,0,1
36536,2,2,2,5,13,9,0,1,1,,,4,3,1,0,1
36537,2,2,2,5,13,9,1,0,0,2,2,0,3,0,0,1
36538,2,2,2,5,13,9,2,0,0,2,2,0,3,0,0,1
36539,2,2,2,5,13,9,3,1,1,,,4,3,1,0,1
36540,2,2,2,5,13,10,0,1,1,,,4,3,1,0,1
36541,2,2,2,5,13,10,1,0,0,2,2,0,3,0,0,1
36542,2,2,2,5,13,10,2,0,0,2,2,0,3,0,0,1
36543,2,2,2,5,13,10,3,1,1,,,4,3,1,0,1
36544,2,2,2,5,13,11,0,1,1,,,4,3,1,0,1
36545,2,2,2,5,13,11,1,0,0,2,2,0,3,0,0,1
36546,2,2,2,5,13,11,2,0,0,2,2,0,3,0,0,1
36547,2,2,2,5,13,11,3,1,1,,,4,3,1,0,1
36548,2,2,2,5,13,12,0,1,1,,,4,3,1,0,1
36549,2,2,2,5,13,12,1,0,0,2,2,0,3,0,0,1
36550,2,2,2,5,13,12,2,0,0,2,2,0,3,0,0,1
36551,2,2,2,5,13,12,3,1,1,,,4,3,1,0,1
36552,2,2,2,5,13,13,0,1,1,,,4,3,1,0,1
36553,2,2,2,5,13,13,1,0,0,2,2,0,3,0,0,1
36554,2,2,2,5,13,13,2,0,0,2,2,0,3,0,0,1
36555,2,2,2,5,13,13,3,1,1,,,4,3,1,0,1
36556,2,2,2,5,13,14,0,1,1,,,4,3,1,0,1
36557,2,2,2,5,13,14,1,0,0,2,2,0,3,0,0,1
36558,2,2,2,5,13,14,2,0,0,2,2,0,3,0,0,1
36559,2,2,2,5,13,14,3,1,1,,,4,3,1,0,1
36560,2,2,2,5,13,15,0,1,1,,,4,3,1,0,1
36561,2,2,2,5,13,15,1,0,0,2,2,0,3,0,0,1
36562,2,2,2,5,13,15,2,0,0,2,2,0,3,0,0,1
36563,2,2,2,5,13,15,3,1,1,,,4,3,1,0,1
36564,2,2,2,5,14,0,0,1,1,,,4,4,1,0,1
36565,2,2,2,5,14,0,1,0,0,1,1,0,4,0,0,1
36566,2,2,2,5,14,0,2,0,0,1,1,0,4,0,0,1
36567,2,2,2,5,14,0,3,1,1,,,4,4,1,0,1
36568,2,2,2,5,14,1,0,1,1,,,4,4,1,0,1
36569,2,2,2,5,14,1,1,0,0,1,1,0,4,0,0,1
36570,2,2,2,5,14,1,2,0,0,1,1,0,4,0,0,1
36571,2,2,2,5,14,1,3,1,1,,,4,4,1,0,1
36572,2,2,2,5,14,2,0,1,1,,,4,4,1,0,1
36573,2,2,2,5,14,2,1,0,0,1,1,0,4,0,0,1
36574,2,2,2,5,14,2,2,0,0,1,1,0,4,0,0,1
36575,2,2,2,5,14,2,3,1,1,,,4,4,1,0,1
36576,2,2,2,5,14,3,0,1,1,,,4,4,1,0,1
36577,2,2,2,5,14,3,1,0,0,1,1,0,4,0,0,1
36578,2,2,2,5,14,3,2,0,0,1,1,0,4,0,0,1
36579,2,2,2,5,14,3,3,1,1,,,4,4,1,0,1
36580,2,2,2,5,14,4,0,1,1,,,4,4,1,0,1
36581,2,2,2,5,14,4,1,0,0,1,1,0,4,0,0,1
36582,2,2,2,5,14,4,2,0,0,1,1,0,4,0,0,1
36583,2,2,2,5,14,4,3,1,1,,,4,4,1,0,1
36584,2,2,2,5,14,5,0,1,1,,,4,4,1,0,1
36585,2,2,2,5,14,5,1,0,0,1,1,0,4,0,0,1
36586,2,2,2,5,14,5,2,0,0,1,1,0,4,0,0,1
36587,2,2,2,5,14,5,3,1,1,,,4,4,1,0,1
36588,2,2,2,5,14,6,0,1,1,,,4,4,1,0,1
36589,2,2,2,5,14,6,1,0,0,1,1,0,4,0,0,1
36590,2,2,2,5,14,6,2,0,0,1,1,0,4,0,0,1
36591,2,2,2,5,14,6,3,1,1,,,4,4,1,0,1
36592,2,2,2,5,14,7,0,1,1,,,4,4,1,0,1
36593,2,2,2,5,14,7,1,0,0,1,1,0,4,0,0,1
36594,2,2,2,5,14,7,2,0,0,1,1,0,4,0,0,1
36595,2,2,2,5,14,7,3,1,1,,,4,4,1,0,1
36596,2,2,2,5,14,8,0,1,1,,,4,4,1,0,1
36597,2,2,2,5,14,8,1,0,0,1,1,0,4,0,0,1
36598,2,2,2,5,14,8,2,0,0,1,1,0,4,0,0,1
36599,2,2,2,5,14,8,3,1,1,,,4,4,1,0,1
36600,2,2,2,5,14,9,0,1,1,,,4,4,1,0,1
36601,2,2,2,5,14,9,1,0,0,1,1,0,4,0,0,1
36602,2,2,2,5,14,9,2,0,0,1,1,0,4,0,0,1
36603,2,2,2,5,14,9,3,1,1,,,4,4,1,0,1
36604,2,2,2,5,14,10,0,1,1,,,4,4,1,0,1
36605,2,2,2,5,14,10,1,0,0,1,1,0,4,0,0,1
36606,2,2,2,5,14,10,2,0,0,1,1,0,4,0,0,1
36607,2,2,2,5,14,10,3,1,1,,,4,4,1,0,1
36608,2,2,2,5,14,11,0,1,1,,,4,4,1,0,1
36609,2,2,2,5,14,11,1,0,0,1,1,0,4,0,0,1
36610,2,2,2,5,14,11,2,0,0,1,1,0,4,0,0,1
36611,2,2,2,5,14,11,3,1,1,,,4,4,1,0,1
36612,2,2,2,5,14,12,0,1,1,,,4,4,1,0,1
36613,2,2,2,5,14,12,1,0,0,1,1,0,4,0,0,1
36614,2,2,2,5,14,12,2,0,0,1,1,0,4,0,0,1
36615,2,2,2,5,14,12,3,1,1,,,4,4,1,0,1
36616,2,2,2,5,14,13,0,1,1,,,4,4,1,0,1
36617,2,2,2,5,14,13,1,0,0,1,1,0,4,0,0,1
36618,2,2,2,5,14,13,2,0,0,1,1,0,4,0,0,1
36619,2,2,2,5,14,13,3,1,1,,,4,4,1,0,1
36620,2,2,2,5,14,14,0,1,1,,,4,4,1,0,1
36621,2,2,2,5,14,14,1,0,0,1,1,0,4,0,0,1
36622,2,2,2,5,14,14,2,0,0,1,1,0,4,0,0,1
36623,2,2,2,5,14,14,3,1,1,,,4,4,1,0,1
36624,2,2,2,5,14,15,0,1,1,,,4,4,1,0,1
36625,2,2,2,5,14,15,1,0,0,1,1,0,4,0,0,1
36626,2,2,2,5,14,15,2,0,0,1,1,0,4,0,0,1
36627,2,2,2,5,14,15,3,1,1,,,4,4,1,0,1
36628,2,2,2,5,15,0,0,1,1,,,4,3,1,0,1
36629,2,2,2,5,15,0,1,0,0,1,1,0,3,0,0,1
36630,2,2,2,5,15,0,2,0,0,1,1,0,3,0,0,1
36631,2,2,2,5,15,0,3,1,1,,,4,3,1,0,1
36632,2,2,2,5,15,1,0,1,1,,,4,3,1,0,1
36633,2,2,2,5,15,1,1,0,0,1,1,0,3,0,0,1
36634,2,2,2,5,15,1,2,0,0,1,1,0,3,0,0,1
36635,2,2,2,5,15,1,3,1,1,,,4,3,1,0,1
36636,2,2,2,5,15,2,0,1,1,,,4,3,1,0,1
36637,2,2,2,5,15,2,1,0,0,1,1,0,3,0,0,1
36638,2,2,2,5,15,2,2,0,0,1,1,0,3,0,0,1
36639,2,2,2,5,15,2,3,1,1,,,4,3,1,0,1
36640,2,2,2,5,15,3,0,1,1,,,4,3,1,0,1
36641,2,2,2,5,15,3,1,0,0,1,1,0,3,0,0,1
36642,2,2,2,5,15,3,2,0,0,1,1,0,3,0,0,1
36643,2,2,2,5,15,3,3,1,1,,,4,3,1,0,1
36644,2,2,2,5,15,4,0,1,1,,,4,3,1,0,1
36645,2,2,2,5,15,4,1,0,0,1,1,0,3,0,0,1
36646,2,2,2,5,15,4,2,0,0,1,1,0,3,0,0,1
36647,2,2,2,5,15,4,3,1,1,,,4,3,1,0,1
36648,2,2,2,5,15,5,0,1,1,,,4,3,1,0,1
36649,2,2,2,5,15,5,1,0,0,1,1,0,3,0,0,1
36650,2,2,2,5,15,5,2,0,0,1,1,0,3,0,0,1
36651,2,2,2,5,15,5,3,1,1,,,4,3,1,0,1
36652,2,2,2,5,15,6,0,1,1,,,4,3,1,0,1
36653,2,2,2,5,15,6,1,0,0,1,1,0,3,0,0,1
36654,2,2,2,5,15,6,2,0,0,1,1,0,3,0,0,1
36655,2,2,2,5,15,6,3,1,1,,,4,3,1,0,1
36656,2,2,2,5,15,7,0,1,1,,,4,3,1,0,1
36657,2,2,2,5,15,7,1,0,0,1,1,0,3,0,0,1
36658,2,2,2,5,15,7,2,0,0,1,1,0,3,0,0,1
36659,2,2,2,5,15,7,3,1,1,,,4,3,1,0,1
36660,2,2,2,5,15,8,0,1,1,,,4,3,1,0,1
36661,2,2,2,5,15,8,1,0,0,1,1,0,3,0,0,1
36662,2,2,2,5,15,8,2,0,0,1,1,0,3,0,0,1
36663,2,2,2,5,15,8,3,1,1,,,4,3,1,0,1
36664,2,2,2,5,15,9,0,1,1,,,4,3,1,0,1
36665,2,2,2,5,15,9,1,0,0,1,1,0,3,0,0,1
36666,2,2,2,5,15,9,2,0,0,1,1,0,3,0,0,1
36667,2,2,2,5,15,9,3,1,1,,,4,3,1,0,1
36668,2,2,2,5,15,10,0,1,1,,,4,3,1,0,1
36669,2,2,2,5,15,10,1,0,0,1,1,0,3,0,0,1
36670,2,2,2,5,15,10,2,0,0,1,1,0,3,0,0,1
36671,2,2,2,5,15,10,3,1,1,,,4,3,1,0,1
36672,2,2,2,5,15,11,0,1,1,,,4,3,1,0,1
36673,2,2,2,5,15,11,1,0,0,1,1,0,3,0,0,1
36674,2,2,2,5,15,11,2,0,0,1,1,0,3,0,0,1
36675,2,2,2,5,15,11,3,1,1,,,4,3,1,0,1
36676,2,2,2,5,15,12,0,1,1,,,4,3,1,0,1
36677,2,2,2,5,15,12,1,0,0,1,1,0,3,0,0,1
36678,2,2,2,5,15,12,2,0,0,1,1,0,3,0,0,1
36679,2,2,2,5,15,12,3,1,1,,,4,3,1,0,1
36680,2,2,2,5,15,13,0,1,1,,,4,3,1,0,1
36681,2,2,2,5,15,13,1,0,0,1,1,0,3,0,0,1
36682,2,2,2,5,15,13,2,0,0,1,1,0,3,0,0,1
36683,2,2,2,5,15,13,3,1,1,,,4,3,1,0,1
36684,2,2,2,5,15,14,0,1,1,,,4,3,1,0,1
36685,2,2,2,5,15,14,1,0,0,1,1,0,3,0,0,1
36686,2,2,2,5,15,14,2,0,0,1,1,0,3,0,0,1
36687,2,2,2,5,15,14,3,1,1,,,4,3,1,0,1
36688,2,2,2,5,15,15,0,1,1,,,4,3,1,0,1
36689,2,2,2,5,15,15,1,0,0,1,1,0,3,0,0,1
36690,2,2,2,5,15,15,2,0,0,1,1,0,3,0,0,1
36691,2,2,2,5,15,15,3,1,1,,,4,3,1,0,1
36692,2,2,2,6,0,0,0,1,1,,,4,2,1,1,1
36693,2,2,2,6,0,0,1,1,1,,,1,2,1,1,1
36694,2,2,2,6,0,0,2,1,1,,,1,2,1,1,1
36695,2,2,2,6,0,0,3,1,1,,,4,2,1,1,1
36696,2,2,2,6,0,1,0,1,1,,,4,2,1,1,1
36697,2,2,2,6,0,1,1,1,1,,,1,2,1,1,1
36698,2,2,2,6,0,1,2,1,1,,,1,2,1,1,1
36699,2,2,2,6,0,1,3,1,1,,,4,2,1,1,1
36700,2,2,2,6,0,2,0,1,1,,,4,2,1,1,1
36701,2,2,2,6,0,2,1,1,1,,,1,2,1,1,1
36702,2,2,2,6,0,2,2,1,1,,,1,2,1,1,1
36703,2,2,2,6,0,2,3,1,1,,,4,2,1,1,1
36704,2,2,2,6,0,3,0,1,1,,,4,2,1,1,1
36705,2,2,2,6,0,3,1,1,1,,,1,2,1,1,1
36706,2,2,2,6,0,3,2,1,1,,,1,2,1,1,1
36707,2,2,2,6,0,3,3,1,1,,,4,2,1,1,1
36708,2,2,2,6,0,4,0,1,1,,,4,2,1,1,1
36709,2,2,2,6,0,4,1,1,1,,,1,2,1,1,1
36710,2,2,2,6,0,4,2,1,1,,,1,2,1,1,1
36711,2,2,2,6,0,4,3,1,1,,,4,2,1,1,1
36712,2,2,2,6,0,5,0,1,1,,,4,2,1,1,1
36713,2,2,2,6,0,5,1,1,1,,,1,2,1,1,1
36714,2,2,2,6,0,5,2,1,1,,,1,2,1,1,1
36715,2,2,2,6,0,5,3,1,1,,,4,2,1,1,1
36716,2,2,2,6,0,6,0,1,1,,,4,2,1,1,1
36717,2,2,2,6,0,6,1,1,1,,,1,2,1,1,1
36718,2,2,2,6,0,6,2,1,1,,,1,2,1,1,1
36719,2,2,2,6,0,6,3,1,1,,,4,2,1,1,1
36720,2,2,2,6,0,7,0,1,1,,,4,2,1,1,1
36721,2,2,2,6,0,7,1,1,1,,,1,2,1,1,1
36722,2,2,2,6,0,7,2,1,1,,,1,2,1,1,1
36723,2,2,2,6,0,7,3,1,1,,,4,2,1,1,1
36724,2,2,2,6,0,8,0,1,1,,,4,2,1,1,1
36725,2,2,2,6,0,8,1,1,1,,,1,2,1,1,1
36726,2,2,2,6,0,8,2,1,1,,,1,2,1,1,1
36727,2,2,2,6,0,8,3,1,1,,,4,2,1,1,1
36728,2,2,2,6,0,9,0,1,1,,,4,2,1,1,1
36729,2,2,2,6,0,9,1,1,1,,,1,2,1,1,1
36730,2,2,2,6,0,9,2,1,1,,,1,2,1,1,1
36731,2,2,2,6,0,9,3,1,1,,,4,2,1,1,1
36732,2,2,2,6,0,10,0,1,1,,,4,2,1,1,1
36733,2,2,2,6,0,10,1,1,1,,,1,2,1,1,1
36734,2,2,2,6,0,10,2,1,1,,,1,2,1,1,1
36735,2,2,2,6,0,10,3,1,1,,,4,2,1,1,1
36736,2,2,2,6,0,11,0,1,1,,,4,2,1,1,1
36737,2,2,2,6,0,11,1,1,1,,,1,2,1,1,1
36738,2,2,2,6,0,11,2,1,1,,,1,2,1,1,1
36739,2,2,2,6,0,11,3,1,1,,,4,2,1,1,1
36740,2,2,2,6,0,12,0,1,1,,,4,2,1,1,1
36741,2,2,2,6,0,12,1,1,1,,,1,2,1,1,1
36742,2,2,2,6,0,12,2,1,1,,,1,2,1,1,1
36743,2,2,2,6,0,12,3,1,1,,,4,2,1,1,1
36744,2,2,2,6,0,13,0,1,1,,,4,2,1,1,1
36745,2,2,2,6,0,13,1,1,1,,,1,2,1,1,1
36746,2,2,2,6,0,13,2,1,1,,,1,2,1,1,1
36747,2,2,2,6,0,13,3,1,1,,,4,2,1,1,1
36748,2,2,2,6,0,14,0,1,1,,,4,2,1,1,1
36749,2,2,2,6,0,14,1,1,1,,,1,2,1,1,1
36750,2,2,2,6,0,14,2,1,1,,,1,2,1,1,1
36751,2,2,2,6,0,14,3,1,1,,,4,2,1,1,1
36752,2,2,2,6,0,15,0,1,1,,,4,2,1,1,1
36753,2,2,2,6,0,15,1,1,1,,,1,2,1,1,1
36754,2,2,2,6,0,15,2,1,1,,,1,2,1,1,1
36755,2,2,2,6,0,15,3,1,1,,,4,2,1,1,1
36756,2,2,2,6,1,0,0,1,1,,,4,4,1,0,1
36757,2,2,2,6,1,0,1,0,0,1,1,0,4,0,0,1
36758,2,2,2,6,1,0,2,0,0,1,1,0,4,0,0,1
36759,2,2,2,6,1,0,3,1,1,,,4,4,1,0,1
36760,2,2,2,6,1,1,0,1,1,,,4,4,1,0,1
36761,2,2,2,6,1,1,1,0,0,1,1,0,4,0,0,1
36762,2,2,2,6,1,1,2,0,0,1,1,0,4,0,0,1
36763,2,2,2,6,1,1,3,1,1,,,4,4,1,0,1
36764,2,2,2,6,1,2,0,1,1,,,4,4,1,0,1
36765,2,2,2,6,1,2,1,0,0,1,1,0,4,0,0,1
36766,2,2,2,6,1,2,2,0,0,1,1,0,4,0,0,1
36767,2,2,2,6,1,2,3,1,1,,,4,4,1,0,1
36768,2,2,2,6,1,3,0,1,1,,,4,4,1,0,1
36769,2,2,2,6,1,3,1,0,0,1,1,0,4,0,0,1
36770,2,2,2,6,1,3,2,0,0,1,1,0,4,0,0,1
36771,2,2,2,6,1,3,3,1,1,,,4,4,1,0,1
36772,2,2,2,6,1,4,0,1,1,,,4,4,1,0,1
36773,2,2,2,6,1,4,1,0,0,1,1,0,4,0,0,1
36774,2,2,2,6,1,4,2,0,0,1,1,0,4,0,0,1
36775,2,2,2,6,1,4,3,1,1,,,4,4,1,0,1
36776,2,2,2,6,1,5,0,1,1,,,4,4,1,0,1
36777,2,2,2,6,1,5,1,0,0,1,1,0,4,0,0,1
36778,2,2,2,6,1,5,2,0,0,1,1,0,4,0,0,1
36779,2,2,2,6,1,5,3,1,1,,,4,4,1,0,1
36780,2,2,2,6,1,6,0,1,1,,,4,4,1,0,1
36781,2,2,2,6,1,6,1,0,0,1,1,0,4,0,0,1
36782,2,2,2,6,1,6,2,0,0,1,1,0,4,0,0,1
36783,2,2,2,6,1,6,3,1,1,,,4,4,1,0,1
36784,2,2,2,6,1,7,0,1,1,,,4,4,1,0,1
36785,2,2,2,6,1,7,1,0,0,1,1,0,4,0,0,1
36786,2,2,2,6,1,7,2,0,0,1,1,0,4,0,0,1
36787,2,2,2,6,1,7,3,1,1,,,4,4,1,0,1
36788,2,2,2,6,1,8,0,1,1,,,4,4,1,0,1
36789,2,2,2,6,1,8,1,0,0,1,1,0,4,0,0,1
36790,2,2,2,6,1,8,2,0,0,1,1,0,4,0,0,1
36791,2,2,2,6,1,8,3,1,1,,,4,4,1,0,1
36792,2,2,2,6,1,9,0,1,1,,,4,4,1,0,1
36793,2,2,2,6,1,9,1,0,0,1,1,0,4,0,0,1
36794,2,2,2,6,1,9,2,0,0,1,1,0,4,0,0,1
36795,2,2,2,6,1,9,3,1,1,,,4,4,1,0,1
36796,2,2,2,6,1,10,0,1,1,,,4,4,1,0,1
36797,2,2,2,6,1,10,1,0,0,1,1,0,4,0,0,1
36798,2,2,2,6,1,10,2,0,0,1,1,0,4,0,0,1
36799,2,2,2,6,1,10,3,1,1,,,4,4,1,0,1
36800,2,2,2,6,1,11,0,1,1,,,4,4,1,0,1
36801,2,2,2,6,1,11,1,0,0,1,1,0,4,0,0,1
36802,2,2,2,6,1,11,2,0,0,1,1,0,4,0,0,1
36803,2,2,2,6,1,11,3,1,1,,,4,4,1,0,1
36804,2,2,2,6,1,12,0,1,1,,,4,4,1,0,1
36805,2,2,2,6,1,12,1,0,0,1,1,0,4,0,0,1
36806,2,2,2,6,1,12,2,0,0,1,1,0,4,0,0,1
36807,2,2,2,6,1,12,3,1,1,,,4,4,1,0,1
36808,2,2,2,6,1,13,0,1,1,,,4,4,1,0,1
36809,2,2,2,6,1,13,1,0,0,1,1,0,4,0,0,1
36810,2,2,2,6,1,13,2,0,0,1,1,0,4,0,0,1
36811,2,2,2,6,1,13,3,1,1,,,4,4,1,0,1
36812,2,2,2,6,1,14,0,1,1,,,4,4,1,0,1
36813,2,2,2,6,1,14,1,0,0,1,1,0,4,0,0,1
36814,2,2,2,6,1,14,2,0,0,1,1,0,4,0,0,1
36815,2,2,2,6,1,14,3,1,1,,,4,4,1,0,1
36816,2,2,2,6,1,15,0,1,1,,,4,4,1,0,1
36817,2,2,2,6,1,15,1,0,0,1,1,0,4,0,0,1
36818,2,2,2,6,1,15,2,0,0,1,1,0,4,0,0,1
36819,2,2,2,6,1,15,3,1,1,,,4,4,1,0,1
36820,2,2,2,6,2,0,0,1,1,,,4,4,1,0,1
36821,2,2,2,6,2,0,1,0,0,3,3,0,4,0,0,1
36822,2,2,2,6,2,0,2,0,0,3,3,0,4,0,0,1
36823,2,2,2,6,2,0,3,1,1,,,4,4,1,0,1
36824,2,2,2,6,2,1,0,1,1,,,4,4,1,0,1
36825,2,2,2,6,2,1,1,0,0,3,3,0,4,0,0,1
36826,2,2,2,6,2,1,2,0,0,3,3,0,4,0,0,1
36827,2,2,2,6,2,1,3,1,1,,,4,4,1,0,1
36828,2,2,2,6,2,2,0,1,1,,,4,4,1,0,1
36829,2,2,2,6,2,2,1,0,0,3,3,0,4,0,0,1
36830,2,2,2,6,2,2,2,0,0,3,3,0,4,0,0,1
36831,2,2,2,6,2,2,3,1,1,,,4,4,1,0,1
36832,2,2,2,6,2,3,0,1,1,,,4,4,1,0,1
36833,2,2,2,6,2,3,1,0,0,3,3,0,4,0,0,1
36834,2,2,2,6,2,3,2,0,0,3,3,0,4,0,0,1
36835,2,2,2,6,2,3,3,1,1,,,4,4,1,0,1
36836,2,2,2,6,2,4,0,1,1,,,4,4,1,0,1
36837,2,2,2,6,2,4,1,0,0,3,3,0,4,0,0,1
36838,2,2,2,6,2,4,2,0,0,3,3,0,4,0,0,1
36839,2,2,2,6,2,4,3,1,1,,,4,4,1,0,1
36840,2,2,2,6,2,5,0,1,1,,,4,4,1,0,1
36841,2,2,2,6,2,5,1,0,0,3,3,0,4,0,0,1
36842,2,2,2,6,2,5,2,0,0,3,3,0,4,0,0,1
36843,2,2,2,6,2,5,3,1,1,,,4,4,1,0,1
36844,2,2,2,6,2,6,0,1,1,,,4,4,1,0,1
36845,2,2,2,6,2,6,1,0,0,3,3,0,4,0,0,1
36846,2,2,2,6,2,6,2,0,0,3,3,0,4,0,0,1
36847,2,2,2,6,2,6,3,1,1,,,4,4,1,0,1
36848,2,2,2,6,2,7,0,1,1,,,4,4,1,0,1
36849,2,2,2,6,2,7,1,0,0,3,3,0,4,0,0,1
36850,2,2,2,6,2,7,2,0,0,3,3,0,4,0,0,1
36851,2,2,2,6,2,7,3,1,1,,,4,4,1,0,1
36852,2,2,2,6,2,8,0,1,1,,,4,4,1,0,1
36853,2,2,2,6,2,8,1,0,0,3,3,0,4,0,0,1
36854,2,2,2,6,2,8,2,0,0,3,3,0,4,0,0,1
36855,2,2,2,6,2,8,3,1,1,,,4,4,1,0,1
36856,2,2,2,6,2,9,0,1,1,,,4,4,1,0,1
36857,2,2,2,6,2,9,1,0,0,3,3,0,4,0,0,1
36858,2,2,2,6,2,9,2,0,0,3,3,0,4,0,0,1
36859,2,2,2,6,2,9,3,1,1,,,4,4,1,0,1
36860,2,2,2,6,2,10,0,1,1,,,4,4,1,0,1
36861,2,2,2,6,2,10,1,0,0,3,3,0,4,0,0,1
36862,2,2,2,6,2,10,2,0,0,3,3,0,4,0,0,1
36863,2,2,2,6,2,10,3,1,1,,,4,4,1,0,1
36864,2,2,2,6,2,11,0,1,1,,,4,4,1,0,1
36865,2,2,2,6,2,11,1,0,0,3,3,0,4,0,0,1
36866,2,2,2,6,2,11,2,0,0,3,3,0,4,0,0,1
36867,2,2,2,6,2,11,3,1,1,,,4,4,1,0,1
36868,2,2,2,6,2,12,0,1,1,,,4,4,1,0,1
36869,2,2,2,6,2,12,1,0,0,3,3,0,4,0,0,1
36870,2,2,2,6,2,12,2,0,0,3,3,0,4,0,0,1
36871,2,2,2,6,2,12,3,1,1,,,4,4,1,0,1
36872,2,2,2,6,2,13,0,1,1,,,4,4,1,0,1
36873,2,2,2,6,2,13,1,0,0,3,3,0,4,0,0,1
36874,2,2,2,6,2,13,2,0,0,3,3,0,4,0,0,1
36875,2,2,2,6,2,13,3,1,1,,,4,4,1,0,1
36876,2,2,2,6,2,14,0,1,1,,,4,4,1,0,1
36877,2,2,2,6,2,14,1,0,0,3,3,0,4,0,0,1
36878,2,2,2,6,2,14,2,0,0,3,3,0,4,0,0,1
36879,2,2,2,6,2,14,3,1,1,,,4,4,1,0,1
36880,2,2,2,6,2,15,0,1,1,,,4,4,1,0,1
36881,2,2,2,6,2,15,1,0,0,3,3,0,4,0,0,1
36882,2,2,2,6,2,15,2,0,0,3,3,0,4,0,0,1
36883,2,2,2,6,2,15,3,1,1,,,4,4,1,0,1
36884,2,2,2,6,3,0,0,1,1,,,4,4,1,0,1
36885,2,2,2,6,3,0,1,0,0,1,1,0,4,0,0,1
36886,2,2,2,6,3,0,2,0,0,1,1,0,4,0,0,1
36887,2,2,2,6,3,0,3,1,1,,,4,4,1,0,1
36888,2,2,2,6,3,1,0,1,1,,,4,4,1,0,1
36889,2,2,2,6,3,1,1,0,0,1,1,0,4,0,0,1
36890,2,2,2,6,3,1,2,0,0,1,1,0,4,0,0,1
36891,2,2,2,6,3,1,3,1,1,,,4,4,1,0,1
36892,2,2,2,6,3,2,0,1,1,,,4,4,1,0,1
36893,2,2,2,6,3,2,1,0,0,1,1,0,4,0,0,1
36894,2,2,2,6,3,2,2,0,0,1,1,0,4,0,0,1
36895,2,2,2,6,3,2,3,1,1,,,4,4,1,0,1
36896,2,2,2,6,3,3,0,1,1,,,4,4,1,0,1
36897,2,2,2,6,3,3,1,0,0,1,1,0,4,0,0,1
36898,2,2,2,6,3,3,2,0,0,1,1,0,4,0,0,1
36899,2,2,2,6,3,3,3,1,1,,,4,4,1,0,1
36900,2,2,2,6,3,4,0,1,1,,,4,4,1,0,1
36901,2,2,2,6,3,4,1,0,0,1,1,0,4,0,0,1
36902,2,2,2,6,3,4,2,0,0,1,1,0,4,0,0,1
36903,2,2,2,6,3,4,3,1,1,,,4,4,1,0,1
36904,2,2,2,6,3,5,0,1,1,,,4,4,1,0,1
36905,2,2,2,6,3,5,1,0,0,1,1,0,4,0,0,1
36906,2,2,2,6,3,5,2,0,0,1,1,0,4,0,0,1
36907,2,2,2,6,3,5,3,1,1,,,4,4,1,0,1
36908,2,2,2,6,3,6,0,1,1,,,4,4,1,0,1
36909,2,2,2,6,3,6,1,0,0,1,1,0,4,0,0,1
36910,2,2,2,6,3,6,2,0,0,1,1,0,4,0,0,1
36911,2,2,2,6,3,6,3,1,1,,,4,4,1,0,1
36912,2,2,2,6,3,7,0,1,1,,,4,4,1,0,1
36913,2,2,2,6,3,7,1,0,0,1,1,0,4,0,0,1
36914,2,2,2,6,3,7,2,0,0,1,1,0,4,0,0,1
36915,2,2,2,6,3,7,3,1,1,,,4,4,1,0,1
36916,2,2,2,6,3,8,0,1,1,,,4,4,1,0,1
36917,2,2,2,6,3,8,1,0,0,1,1,0,4,0,0,1
36918,2,2,2,6,3,8,2,0,0,1,1,0,4,0,0,1
36919,2,2,2,6,3,8,3,1,1,,,4,4,1,0,1
36920,2,2,2,6,3,9,0,1,1,,,4,4,1,0,1
36921,2,2,2,6,3,9,1,0,0,1,1,0,4,0,0,1
36922,2,2,2,6,3,9,2,0,0,1,1,0,4,0,0,1
36923,2,2,2,6,3,9,3,1,1,,,4,4,1,0,1
36924,2,2,2,6,3,10,0,1,1,,,4,4,1,0,1
36925,2,2,2,6,3,10,1,0,0,1,1,0,4,0,0,1
36926,2,2,2,6,3,10,2,0,0,1,1,0,4,0,0,1
36927,2,2,2,6,3,10,3,1,1,,,4,4,1,0,1
36928,2,2,2,6,3,11,0,1,1,,,4,4,1,0,1
36929,2,2,2,6,3,11,1,0,0,1,1,0,4,0,0,1
36930,2,2,2,6,3,11,2,0,0,1,1,0,4,0,0,1
36931,2,2,2,6,3,11,3,1,1,,,4,4,1,0,1
36932,2,2,2,6,3,12,0,1,1,,,4,4,1,0,1
36933,2,2,2,6,3,12,1,0,0,1,1,0,4,0,0,1
36934,2,2,2,6,3,12,2,0,0,1,1,0,4,0,0,1
36935,2,2,2,6,3,12,3,1,1,,,4,4,1,0,1
36936,2,2,2,6,3,13,0,1,1,,,4,4,1,0,1
36937,2,2,2,6,3,13,1,0,0,1,1,0,4,0,0,1
36938,2,2,2,6,3,13,2,0,0,1,1,0,4,0,0,1
36939,2,2,2,6,3,13,3,1,1,,,4,4,1,0,1
36940,2,2,2,6,3,14,0,1,1,,,4,4,1,0,1
36941,2,2,2,6,3,14,1,0,0,1,1,0,4,0,0,1
36942,2,2,2,6,3,14,2,0,0,1,1,0,4,0,0,1
36943,2,2,2,6,3,14,3,1,1,,,4,4,1,0,1
36944,2,2,2,6,3,15,0,1,1,,,4,4,1,0,1
36945,2,2,2,6,3,15,1,0,0,1,1,0,4,0,0,1
36946,2,2,2,6,3,15,2,0,0,1,1,0,4,0,0,1
36947,2,2,2,6,3,15,3,1,1,,,4,4,1,0,1
36948,2,2,2,6,4,0,0,1,1,,,4,2,1,1,1
36949,2,2,2,6,4,0,1,1,1,,,1,2,1,1,1
36950,2,2,2,6,4,0,2,1,1,,,1,2,1,1,1
36951,2,2,2,6,4,0,3,1,1,,,4,2,1,1,1
36952,2,2,2,6,4,1,0,1,1,,,4,2,1,1,1
36953,2,2,2,6,4,1,1,1,1,,,1,2,1,1,1
36954,2,2,2,6,4,1,2,1,1,,,1,2,1,1,1
36955,2,2,2,6,4,1,3,1,1,,,4,2,1,1,1
36956,2,2,2,6,4,2,0,1,1,,,4,2,1,1,1
36957,2,2,2,6,4,2,1,1,1,,,1,2,1,1,1
36958,2,2,2,6,4,2,2,1,1,,,1,2,1,1,1
36959,2,2,2,6,4,2,3,1,1,,,4,2,1,1,1
36960,2,2,2,6,4,3,0,1,1,,,4,2,1,1,1
36961,2,2,2,6,4,3,1,1,1,,,1,2,1,1,1
36962,2,2,2,6,4,3,2,1,1,,,1,2,1,1,1
36963,2,2,2,6,4,3,3,1,1,,,4,2,1,1,1
36964,2,2,2,6,4,4,0,1,1,,,4,2,1,1,1
36965,2,2,2,6,4,4,1,1,1,,,1,2,1,1,1
36966,2,2,2,6,4,4,2,1,1,,,1,2,1,1,1
36967,2,2,2,6,4,4,3,1,1,,,4,2,1,1,1
36968,2,2,2,6,4,5,0,1,1,,,4,2,1,1,1
36969,2,2,2,6,4,5,1,1,1,,,1,2,1,1,1
36970,2,2,2,6,4,5,2,1,1,,,1,2,1,1,1
36971,2,2,2,6,4,5,3,1,1,,,4,2,1,1,1
36972,2,2,2,6,4,6,0,1,1,,,4,2,1,1,1
36973,2,2,2,6,4,6,1,1,1,,,1,2,1,1,1
36974,2,2,2,6,4,6,2,1,1,,,1,2,1,1,1
36975,2,2,2,6,4,6,3,1,1,,,4,2,1,1,1
36976,2,2,2,6,4,7,0,1,1,,,4,2,1,1,1
36977,2,2,2,6,4,7,1,1,1,,,1,2,1,1,1
36978,2,2,2,6,4,7,2,1,1,,,1,2,1,1,1
36979,2,2,2,6,4,7,3,1,1,,,4,2,1,1,1
36980,2,2,2,6,4,8,0,1,1,,,4,2,1,1,1
36981,2,2,2,6,4,8,1,1,1,,,1,2,1,1,1
36982,2,2,2,6,4,8,2,1,1,,,1,2,1,1,1
36983,2,2,2,6,4,8,3,1,1,,,4,2,1,1,1
36984,2,2,2,6,4,9,0,1,1,,,4,2,1,1,1
36985,2,2,2,6,4,9,1,1,1,,,1,2,1,1,1
36986,2,2,2,6,4,9,2,1,1,,,1,2,1,1,1
36987,2,2,2,6,4,9,3,1,1,,,4,2,1,1,1
36988,2,2,2,6,4,10,0,1,1,,,4,2,1,1,1
36989,2,2,2,6,4,10,1,1,1,,,1,2,1,1,1
36990,2,2,2,6,4,10,2,1,1,,,1,2,1,1,1
36991,2,2,2,6,4,10,3,1,1,,,4,2,1,1,1
36992,2,2,2,6,4,11,0,1,1,,,4,2,1,1,1
36993,2,2,2,6,4,11,1,1,1,,,1,2,1,1,1
36994,2,2,2,6,4,11,2,1,1,,,1,2,1,1,1
36995,2,2,2,6,4,11,3,1,1,,,4,2,1,1,1
36996,2,2,2,6,4,12,0,1,1,,,4,2,1,1,1
36997,2,2,2,6,4,12,1,1,1,,,1,2,1,1,1
36998,2,2,2,6,4,12,2,1,1,,,1,2,1,1,1
36999,2,2,2,6,4,12,3,1,1,,,4,2,1,1,1
37000,2,2,2,6,4,13,0,1,1,,,4,2,1,1,1
37001,2,2,2,6,4,13,1,1,1,,,1,2,1,1,1
37002,2,2,2,6,4,13,2,1,1,,,1,2,1,1,1
37003,2,2,2,6,4,13,3,1,1,,,4,2,1,1,1
37004,2,2,2,6,4,14,0,1,1,,,4,2,1,1,1
37005,2,2,2,6,4,14,1,1,1,,,1,2,1,1,1
37006,2,2,2,6,4,14,2,1,1,,,1,2,1,1,1
37007,2,2,2,6,4,14,3,1,1,,,4,2,1,1,1
37008,2,2,2,6,4,15,0,1,1,,,4,2,1,1,1
37009,2,2,2,6,4,15,1,1,1,,,1,2,1,1,1
37010,2,2,2,6,4,15,2,1,1,,,1,2,1,1,1
37011,2,2,2,6,4,15,3,1,1,,,4,2,1,1,1
37012,2,2,2,6,5,0,0,1,1,,,4,4,1,0,1
37013,2,2,2,6,5,0,1,0,0,1,1,0,4,0,0,1
37014,2,2,2,6,5,0,2,0,0,1,1,0,4,0,0,1
37015,2,2,2,6,5,0,3,1,1,,,4,4,1,0,1
37016,2,2,2,6,5,1,0,1,1,,,4,4,1,0,1
37017,2,2,2,6,5,1,1,0,0,1,1,0,4,0,0,1
37018,2,2,2,6,5,1,2,0,0,1,1,0,4,0,0,1
37019,2,2,2,6,5,1,3,1,1,,,4,4,1,0,1
37020,2,2,2,6,5,2,0,1,1,,,4,4,1,0,1
37021,2,2,2,6,5,2,1,0,0,1,1,0,4,0,0,1
37022,2,2,2,6,5,2,2,0,0,1,1,0,4,0,0,1
37023,2,2,2,6,5,2,3,1,1,,,4,4,1,0,1
37024,2,2,2,6,5,3,0,1,1,,,4,4,1,0,1
37025,2,2,2,6,5,3,1,0,0,1,1,0,4,0,0,1
37026,2,2,2,6,5,3,2,0,0,1,1,0,4,0,0,1
37027,2,2,2,6,5,3,3,1,1,,,4,4,1,0,1
37028,2,2,2,6,5,4,0,1,1,,,4,4,1,0,1
37029,2,2,2,6,5,4,1,0,0,1,1,0,4,0,0,1
37030,2,2,2,6,5,4,2,0,0,1,1,0,4,0,0,1
37031,2,2,2,6,5,4,3,1,1,,,4,4,1,0,1
37032,2,2,2,6,5,5,0,1,1,,,4,4,1,0,1
37033,2,2,2,6,5,5,1,0,0,1,1,0,4,0,0,1
37034,2,2,2,6,5,5,2,0,0,1,1,0,4,0,0,1
37035,2,2,2,6,5,5,3,1,1,,,4,4,1,0,1
37036,2,2,2,6,5,6,0,1,1,,,4,4,1,0,1
37037,2,2,2,6,5,6,1,0,0,1,1,0,4,0,0,1
37038,2,2,2,6,5,6,2,0,0,1,1,0,4,0,0,1
37039,2,2,2,6,5,6,3,1,1,,,4,4,1,0,1
37040,2,2,2,6,5,7,0,1,1,,,4,4,1,0,1
37041,2,2,2,6,5,7,1,0,0,1,1,0,4,0,0,1
37042,2,2,2,6,5,7,2,0,0,1,1,0,4,0,0,1
37043,2,2,2,6,5,7,3,1,1,,,4,4,1,0,1
37044,2,2,2,6,5,8,0,1,1,,,4,4,1,0,1
37045,2,2,2,6,5,8,1,0,0,1,1,0,4,0,0,1
37046,2,2,2,6,5,8,2,0,0,1,1,0,4,0,0,1
37047,2,2,2,6,5,8,3,1,1,,,4,4,1,0,1
37048,2,2,2,6,5,9,0,1,1,,,4,4,1,0,1
37049,2,2,2,6,5,9,1,0,0,1,1,0,4,0,0,1
37050,2,2,2,6,5,9,2,0,0,1,1,0,4,0,0,1
37051,2,2,2,6,5,9,3,1,1,,,4,4,1,0,1
37052,2,2,2,6,5,10,0,1,1,,,4,4,1,0,1
37053,2,2,2,6,5,10,1,0,0,1,1,0,4,0,0,1
37054,2,2,2,6,5,10,2,0,0,1,1,0,4,0,0,1
37055,2,2,2,6,5,10,3,1,1,,,4,4,1,0,1
37056,2,2,2,6,5,11,0,1,1,,,4,4,1,0,1
37057,2,2,2,6,5,11,1,0,0,1,1,0,4,0,0,1
37058,2,2,2,6,5,11,2,0,0,1,1,0,4,0,0,1
37059,2,2,2,6,5,11,3,1,1,,,4,4,1,0,1
37060,2,2,2,6,5,12,0,1,1,,,4,4,1,0,1
37061,2,2,2,6,5,12,1,0,0,1,1,0,4,0,0,1
37062,2,2,2,6,5,12,2,0,0,1,1,0,4,0,0,1
37063,2,2,2,6,5,12,3,1,1,,,4,4,1,0,1
37064,2,2,2,6,5,13,0,1,1,,,4,4,1,0,1
37065,2,2,2,6,5,13,1,0,0,1,1,0,4,0,0,1
37066,2,2,2,6,5,13,2,0,0,1,1,0,4,0,0,1
37067,2,2,2,6,5,13,3,1,1,,,4,4,1,0,1
37068,2,2,2,6,5,14,0,1,1,,,4,4,1,0,1
37069,2,2,2,6,5,14,1,0,0,1,1,0,4,0,0,1
37070,2,2,2,6,5,14,2,0,0,1,1,0,4,0,0,1
37071,2,2,2,6,5,14,3,1,1,,,4,4,1,0,1
37072,2,2,2,6,5,15,0,1,1,,,4,4,1,0,1
37073,2,2,2,6,5,15,1,0,0,1,1,0,4,0,0,1
37074,2,2,2,6,5,15,2,0,0,1,1,0,4,0,0,1
37075,2,2,2,6,5,15,3,1,1,,,4,4,1,0,1
37076,2,2,2,6,6,0,0,1,1,,,4,2,1,1,1
37077,2,2,2,6,6,0,1,1,1,,,1,2,1,1,1
37078,2,2,2,6,6,0,2,1,1,,,1,2,1,1,1
37079,2,2,2,6,6,0,3,1,1,,,4,2,1,1,1
37080,2,2,2,6,6,1,0,1,1,,,4,2,1,1,1
37081,2,2,2,6,6,1,1,1,1,,,1,2,1,1,1
37082,2,2,2,6,6,1,2,1,1,,,1,2,1,1,1
37083,2,2,2,6,6,1,3,1,1,,,4,2,1,1,1
37084,2,2,2,6,6,2,0,1,1,,,4,2,1,1,1
37085,2,2,2,6,6,2,1,1,1,,,1,2,1,1,1
37086,2,2,2,6,6,2,2,1,1,,,1,2,1,1,1
37087,2,2,2,6,6,2,3,1,1,,,4,2,1,1,1
37088,2,2,2,6,6,3,0,1,1,,,4,2,1,1,1
37089,2,2,2,6,6,3,1,1,1,,,1,2,1,1,1
37090,2,2,2,6,6,3,2,1,1,,,1,2,1,1,1
37091,2,2,2,6,6,3,3,1,1,,,4,2,1,1,1
37092,2,2,2,6,6,4,0,1,1,,,4,2,1,1,1
37093,2,2,2,6,6,4,1,1,1,,,1,2,1,1,1
37094,2,2,2,6,6,4,2,1,1,,,1,2,1,1,1
37095,2,2,2,6,6,4,3,1,1,,,4,2,1,1,1
37096,2,2,2,6,6,5,0,1,1,,,4,2,1,1,1
37097,2,2,2,6,6,5,1,1,1,,,1,2,1,1,1
37098,2,2,2,6,6,5,2,1,1,,,1,2,1,1,1
37099,2,2,2,6,6,5,3,1,1,,,4,2,1,1,1
37100,2,2,2,6,6,6,0,1,1,,,4,2,1,1,1
37101,2,2,2,6,6,6,1,1,1,,,1,2,1,1,1
37102,2,2,2,6,6,6,2,1,1,,,1,2,1,1,1
37103,2,2,2,6,6,6,3,1,1,,,4,2,1,1,1
37104,2,2,2,6,6,7,0,1,1,,,4,2,1,1,1
37105,2,2,2,6,6,7,1,1,1,,,1,2,1,1,1
37106,2,2,2,6,6,7,2,1,1,,,1,2,1,1,1
37107,2,2,2,6,6,7,3,1,1,,,4,2,1,1,1
37108,2,2,2,6,6,8,0,1,1,,,4,2,1,1,1
37109,2,2,2,6,6,8,1,1,1,,,1,2,1,1,1
37110,2,2,2,6,6,8,2,1,1,,,1,2,1,1,1
37111,2,2,2,6,6,8,3,1,1,,,4,2,1,1,1
37112,2,2,2,6,6,9,0,1,1,,,4,2,1,1,1
37113,2,2,2,6,6,9,1,1,1,,,1,2,1,1,1
37114,2,2,2,6,6,9,2,1,1,,,1,2,1,1,1
37115,2,2,2,6,6,9,3,1,1,,,4,2,1,1,1
37116,2,2,2,6,6,10,0,1,1,,,4,2,1,1,1
37117,2,2,2,6,6,10,1,1,1,,,1,2,1,1,1
37118,2,2,2,6,6,10,2,1,1,,,1,2,1,1,1
37119,2,2,2,6,6,10,3,1,1,,,4,2,1,1,1
37120,2,2,2,6,6,11,0,1,1,,,4,2,1,1,1
37121,2,2,2,6,6,11,1,1,1,,,1,2,1,1,1
37122,2,2,2,6,6,11,2,1,1,,,1,2,1,1,1
37123,2,2,2,6,6,11,3,1,1,,,4,2,1,1,1
37124,2,2,2,6,6,12,0,1,1,,,4,2,1,1,1
37125,2,2,2,6,6,12,1,1,1,,,1,2,1,1,1
37126,2,2,2,6,6,12,2,1,1,,,1,2,1,1,1
37127,2,2,2,6,6,12,3,1,1,,,4,2,1,1,1
37128,2,2,2,6,6,13,0,1,1,,,4,2,1,1,1
37129,2,2,2,6,6,13,1,1,1,,,1,2,1,1,1
37130,2,2,2,6,6,13,2,1,1,,,1,2,1,1,1
37131,2,2,2,6,6,13,3,1,1,,,4,2,1,1,1
37132,2,2,2,6,6,14,0,1,1,,,4,2,1,1,1
37133,2,2,2,6,6,14,1,1,1,,,1,2,1,1,1
37134,2,2,2,6,6,14,2,1,1,,,1,2,1,1,1
37135,2,2,2,6,6,14,3,1,1,,,4,2,1,1,1
37136,2,2,2,6,6,15,0,1,1,,,4,2,1,1,1
37137,2,2,2,6,6,15,1,1,1,,,1,2,1,1,1
37138,2,2,2,6,6,15,2,1,1,,,1,2,1,1,1
37139,2,2,2,6,6,15,3,1,1,,,4,2,1,1,1
37140,2,2,2,6,7,0,0,1,1,,,4,4,1,0,1
37141,2,2,2,6,7,0,1,0,0,1,1,0,4,0,0,1
37142,2,2,2,6,7,0,2,0,0,1,1,0,4,0,0,1
37143,2,2,2,6,7,0,3,1,1,,,4,4,1,0,1
37144,2,2,2,6,7,1,0,1,1,,,4,4,1,0,1
37145,2,2,2,6,7,1,1,0,0,1,1,0,4,0,0,1
37146,2,2,2,6,7,1,2,0,0,1,1,0,4,0,0,1
37147,2,2,2,6,7,1,3,1,1,,,4,4,1,0,1
37148,2,2,2,6,7,2,0,1,1,,,4,4,1,0,1
37149,2,2,2,6,7,2,1,0,0,1,1,0,4,0,0,1
37150,2,2,2,6,7,2,2,0,0,1,1,0,4,0,0,1
37151,2,2,2,6,7,2,3,1,1,,,4,4,1,0,1
37152,2,2,2,6,7,3,0,1,1,,,4,4,1,0,1
37153,2,2,2,6,7,3,1,0,0,1,1,0,4,0,0,1
37154,2,2,2,6,7,3,2,0,0,1,1,0,4,0,0,1
37155,2,2,2,6,7,3,3,1,1,,,4,4,1,0,1
37156,2,2,2,6,7,4,0,1,1,,,4,4,1,0,1
37157,2,2,2,6,7,4,1,0,0,1,1,0,4,0,0,1
37158,2,2,2,6,7,4,2,0,0,1,1,0,4,0,0,1
37159,2,2,2,6,7,4,3,1,1,,,4,4,1,0,1
37160,2,2,2,6,7,5,0,1,1,,,4,4,1,0,1
37161,2,2,2,6,7,5,1,0,0,1,1,0,4,0,0,1
37162,2,2,2,6,7,5,2,0,0,1,1,0,4,0,0,1
37163,2,2,2,6,7,5,3,1,1,,,4,4,1,0,1
37164,2,2,2,6,7,6,0,1,1,,,4,4,1,0,1
37165,2,2,2,6,7,6,1,0,0,1,1,0,4,0,0,1
37166,2,2,2,6,7,6,2,0,0,1,1,0,4,0,0,1
37167,2,2,2,6,7,6,3,1,1,,,4,4,1,0,1
37168,2,2,2,6,7,7,0,1,1,,,4,4,1,0,1
37169,2,2,2,6,7,7,1,0,0,1,1,0,4,0,0,1
37170,2,2,2,6,7,7,2,0,0,1,1,0,4,0,0,1
37171,2,2,2,6,7,7,3,1,1,,,4,4,1,0,1
37172,2,2,2,6,7,8,0,1,1,,,4,4,1,0,1
37173,2,2,2,6,7,8,1,0,0,1,1,0,4,0,0,1
37174,2,2,2,6,7,8,2,0,0,1,1,0,4,0,0,1
37175,2,2,2,6,7,8,3,1,1,,,4,4,1,0,1
37176,2,2,2,6,7,9,0,1,1,,,4,4,1,0,1
37177,2,2,2,6,7,9,1,0,0,1,1,0,4,0,0,1
37178,2,2,2,6,7,9,2,0,0,1,1,0,4,0,0,1
37179,2,2,2,6,7,9,3,1,1,,,4,4,1,0,1
37180,2,2,2,6,7,10,0,1,1,,,4,4,1,0,1
37181,2,2,2,6,7,10,1,0,0,1,1,0,4,0,0,1
37182,2,2,2,6,7,10,2,0,0,1,1,0,4,0,0,1
37183,2,2,2,6,7,10,3,1,1,,,4,4,1,0,1
37184,2,2,2,6,7,11,0,1,1,,,4,4,1,0,1
37185,2,2,2,6,7,11,1,0,0,1,1,0,4,0,0,1
37186,2,2,2,6,7,11,2,0,0,1,1,0,4,0,0,1
37187,2,2,2,6,7,11,3,1,1,,,4,4,1,0,1
37188,2,2,2,6,7,12,0,1,1,,,4,4,1,0,1
37189,2,2,2,6,7,12,1,0,0,1,1,0,4,0,0,1
37190,2,2,2,6,7,12,2,0,0,1,1,0,4,0,0,1
37191,2,2,2,6,7,12,3,1,1,,,4,4,1,0,1
37192,2,2,2,6,7,13,0,1,1,,,4,4,1,0,1
37193,2,2,2,6,7,13,1,0,0,1,1,0,4,0,0,1
37194,2,2,2,6,7,13,2,0,0,1,1,0,4,0,0,1
37195,2,2,2,6,7,13,3,1,1,,,4,4,1,0,1
37196,2,2,2,6,7,14,0,1,1,,,4,4,1,0,1
37197,2,2,2,6,7,14,1,0,0,1,1,0,4,0,0,1
37198,2,2,2,6,7,14,2,0,0,1,1,0,4,0,0,1
37199,2,2,2,6,7,14,3,1,1,,,4,4,1,0,1
37200,2,2,2,6,7,15,0,1,1,,,4,4,1,0,1
37201,2,2,2,6,7,15,1,0,0,1,1,0,4,0,0,1
37202,2,2,2,6,7,15,2,0,0,1,1,0,4,0,0,1
37203,2,2,2,6,7,15,3,1,1,,,4,4,1,0,1
37204,2,2,2,6,8,0,0,1,1,,,4,2,1,1,1
37205,2,2,2,6,8,0,1,1,1,,,1,2,1,1,1
37206,2,2,2,6,8,0,2,1,1,,,1,2,1,1,1
37207,2,2,2,6,8,0,3,1,1,,,4,2,1,1,1
37208,2,2,2,6,8,1,0,1,1,,,4,2,1,1,1
37209,2,2,2,6,8,1,1,1,1,,,1,2,1,1,1
37210,2,2,2,6,8,1,2,1,1,,,1,2,1,1,1
37211,2,2,2,6,8,1,3,1,1,,,4,2,1,1,1
37212,2,2,2,6,8,2,0,1,1,,,4,2,1,1,1
37213,2,2,2,6,8,2,1,1,1,,,1,2,1,1,1
37214,2,2,2,6,8,2,2,1,1,,,1,2,1,1,1
37215,2,2,2,6,8,2,3,1,1,,,4,2,1,1,1
37216,2,2,2,6,8,3,0,1,1,,,4,2,1,1,1
37217,2,2,2,6,8,3,1,1,1,,,1,2,1,1,1
37218,2,2,2,6,8,3,2,1,1,,,1,2,1,1,1
37219,2,2,2,6,8,3,3,1,1,,,4,2,1,1,1
37220,2,2,2,6,8,4,0,1,1,,,4,2,1,1,1
37221,2,2,2,6,8,4,1,1,1,,,1,2,1,1,1
37222,2,2,2,6,8,4,2,1,1,,,1,2,1,1,1
37223,2,2,2,6,8,4,3,1,1,,,4,2,1,1,1
37224,2,2,2,6,8,5,0,1,1,,,4,2,1,1,1
37225,2,2,2,6,8,5,1,1,1,,,1,2,1,1,1
37226,2,2,2,6,8,5,2,1,1,,,1,2,1,1,1
37227,2,2,2,6,8,5,3,1,1,,,4,2,1,1,1
37228,2,2,2,6,8,6,0,1,1,,,4,2,1,1,1
37229,2,2,2,6,8,6,1,1,1,,,1,2,1,1,1
37230,2,2,2,6,8,6,2,1,1,,,1,2,1,1,1
37231,2,2,2,6,8,6,3,1,1,,,4,2,1,1,1
37232,2,2,2,6,8,7,0,1,1,,,4,2,1,1,1
37233,2,2,2,6,8,7,1,1,1,,,1,2,1,1,1
37234,2,2,2,6,8,7,2,1,1,,,1,2,1,1,1
37235,2,2,2,6,8,7,3,1,1,,,4,2,1,1,1
37236,2,2,2,6,8,8,0,1,1,,,4,2,1,1,1
37237,2,2,2,6,8,8,1,1,1,,,1,2,1,1,1
37238,2,2,2,6,8,8,2,1,1,,,1,2,1,1,1
37239,2,2,2,6,8,8,3,1,1,,,4,2,1,1,1
37240,2,2,2,6,8,9,0,1,1,,,4,2,1,1,1
37241,2,2,2,6,8,9,1,1,1,,,1,2,1,1,1
37242,2,2,2,6,8,9,2,1,1,,,1,2,1,1,1
37243,2,2,2,6,8,9,3,1,1,,,4,2,1,1,1
37244,2,2,2,6,8,10,0,1,1,,,4,2,1,1,1
37245,2,2,2,6,8,10,1,1,1,,,1,2,1,1,1
37246,2,2,2,6,8,10,2,1,1,,,1,2,1,1,1
37247,2,2,2,6,8,10,3,1,1,,,4,2,1,1,1
37248,2,2,2,6,8,11,0,1,1,,,4,2,1,1,1
37249,2,2,2,6,8,11,1,1,1,,,1,2,1,1,1
37250,2,2,2,6,8,11,2,1,1,,,1,2,1,1,1
37251,2,2,2,6,8,11,3,1,1,,,4,2,1,1,1
37252,2,2,2,6,8,12,0,1,1,,,4,2,1,1,1
37253,2,2,2,6,8,12,1,1,1,,,1,2,1,1,1
37254,2,2,2,6,8,12,2,1,1,,,1,2,1,1,1
37255,2,2,2,6,8,12,3,1,1,,,4,2,1,1,1
37256,2,2,2,6,8,13,0,1,1,,,4,2,1,1,1
37257,2,2,2,6,8,13,1,1,1,,,1,2,1,1,1
37258,2,2,2,6,8,13,2,1,1,,,1,2,1,1,1
37259,2,2,2,6,8,13,3,1,1,,,4,2,1,1,1
37260,2,2,2,6,8,14,0,1,1,,,4,2,1,1,1
37261,2,2,2,6,8,14,1,1,1,,,1,2,1,1,1
37262,2,2,2,6,8,14,2,1,1,,,1,2,1,1,1
37263,2,2,2,6,8,14,3,1,1,,,4,2,1,1,1
37264,2,2,2,6,8,15,0,1,1,,,4,2,1,1,1
37265,2,2,2,6,8,15,1,1,1,,,1,2,1,1,1
37266,2,2,2,6,8,15,2,1,1,,,1,2,1,1,1
37267,2,2,2,6,8,15,3,1,1,,,4,2,1,1,1
37268,2,2,2,6,9,0,0,1,1,,,4,4,1,0,1
37269,2,2,2,6,9,0,1,0,0,1,1,0,4,0,0,1
37270,2,2,2,6,9,0,2,0,0,1,1,0,4,0,0,1
37271,2,2,2,6,9,0,3,1,1,,,4,4,1,0,1
37272,2,2,2,6,9,1,0,1,1,,,4,4,1,0,1
37273,2,2,2,6,9,1,1,0,0,1,1,0,4,0,0,1
37274,2,2,2,6,9,1,2,0,0,1,1,0,4,0,0,1
37275,2,2,2,6,9,1,3,1,1,,,4,4,1,0,1
37276,2,2,2,6,9,2,0,1,1,,,4,4,1,0,1
37277,2,2,2,6,9,2,1,0,0,1,1,0,4,0,0,1
37278,2,2,2,6,9,2,2,0,0,1,1,0,4,0,0,1
37279,2,2,2,6,9,2,3,1,1,,,4,4,1,0,1
37280,2,2,2,6,9,3,0,1,1,,,4,4,1,0,1
37281,2,2,2,6,9,3,1,0,0,1,1,0,4,0,0,1
37282,2,2,2,6,9,3,2,0,0,1,1,0,4,0,0,1
37283,2,2,2,6,9,3,3,1,1,,,4,4,1,0,1
37284,2,2,2,6,9,4,0,1,1,,,4,4,1,0,1
37285,2,2,2,6,9,4,1,0,0,1,1,0,4,0,0,1
37286,2,2,2,6,9,4,2,0,0,1,1,0,4,0,0,1
37287,2,2,2,6,9,4,3,1,1,,,4,4,1,0,1
37288,2,2,2,6,9,5,0,1,1,,,4,4,1,0,1
37289,2,2,2,6,9,5,1,0,0,1,1,0,4,0,0,1
37290,2,2,2,6,9,5,2,0,0,1,1,0,4,0,0,1
37291,2,2,2,6,9,5,3,1,1,,,4,4,1,0,1
37292,2,2,2,6,9,6,0,1,1,,,4,4,1,0,1
37293,2,2,2,6,9,6,1,0,0,1,1,0,4,0,0,1
37294,2,2,2,6,9,6,2,0,0,1,1,0,4,0,0,1
37295,2,2,2,6,9,6,3,1,1,,,4,4,1,0,1
37296,2,2,2,6,9,7,0,1,1,,,4,4,1,0,1
37297,2,2,2,6,9,7,1,0,0,1,1,0,4,0,0,1
37298,2,2,2,6,9,7,2,0,0,1,1,0,4,0,0,1
37299,2,2,2,6,9,7,3,1,1,,,4,4,1,0,1
37300,2,2,2,6,9,8,0,1,1,,,4,4,1,0,1
37301,2,2,2,6,9,8,1,0,0,1,1,0,4,0,0,1
37302,2,2,2,6,9,8,2,0,0,1,1,0,4,0,0,1
37303,2,2,2,6,9,8,3,1,1,,,4,4,1,0,1
37304,2,2,2,6,9,9,0,1,1,,,4,4,1,0,1
37305,2,2,2,6,9,9,1,0,0,1,1,0,4,0,0,1
37306,2,2,2,6,9,9,2,0,0,1,1,0,4,0,0,1
37307,2,2,2,6,9,9,3,1,1,,,4,4,1,0,1
37308,2,2,2,6,9,10,0,1,1,,,4,4,1,0,1
37309,2,2,2,6,9,10,1,0,0,1,1,0,4,0,0,1
37310,2,2,2,6,9,10,2,0,0,1,1,0,4,0,0,1
37311,2,2,2,6,9,10,3,1,1,,,4,4,1,0,1
37312,2,2,2,6,9,11,0,1,1,,,4,4,1,0,1
37313,2,2,2,6,9,11,1,0,0,1,1,0,4,0,0,1
37314,2,2,2,6,9,11,2,0,0,1,1,0,4,0,0,1
37315,2,2,2,6,9,11,3,1,1,,,4,4,1,0,1
37316,2,2,2,6,9,12,0,1,1,,,4,4,1,0,1
37317,2,2,2,6,9,12,1,0,0,1,1,0,4,0,0,1
37318,2,2,2,6,9,12,2,0,0,1,1,0,4,0,0,1
37319,2,2,2,6,9,12,3,1,1,,,4,4,1,0,1
37320,2,2,2,6,9,13,0,1,1,,,4,4,1,0,1
37321,2,2,2,6,9,13,1,0,0,1,1,0,4,0,0,1
37322,2,2,2,6,9,13,2,0,0,1,1,0,4,0,0,1
37323,2,2,2,6,9,13,3,1,1,,,4,4,1,0,1
37324,2,2,2,6,9,14,0,1,1,,,4,4,1,0,1
37325,2,2,2,6,9,14,1,0,0,1,1,0,4,0,0,1
37326,2,2,2,6,9,14,2,0,0,1,1,0,4,0,0,1
37327,2,2,2,6,9,14,3,1,1,,,4,4,1,0,1
37328,2,2,2,6,9,15,0,1,1,,,4,4,1,0,1
37329,2,2,2,6,9,15,1,0,0,1,1,0,4,0,0,1
37330,2,2,2,6,9,15,2,0,0,1,1,0,4,0,0,1
37331,2,2,2,6,9,15,3,1,1,,,4,4,1,0,1
37332,2,2,2,6,10,0,0,1,1,,,4,4,1,0,1
37333,2,2,2,6,10,0,1,0,0,2,2,0,4,0,0,1
37334,2,2,2,6,10,0,2,0,0,2,2,0,4,0,0,1
37335,2,2,2,6,10,0,3,1,1,,,4,4,1,0,1
37336,2,2,2,6,10,1,0,1,1,,,4,4,1,0,1
37337,2,2,2,6,10,1,1,0,0,2,2,0,4,0,0,1
37338,2,2,2,6,10,1,2,0,0,2,2,0,4,0,0,1
37339,2,2,2,6,10,1,3,1,1,,,4,4,1,0,1
37340,2,2,2,6,10,2,0,1,1,,,4,4,1,0,1
37341,2,2,2,6,10,2,1,0,0,2,2,0,4,0,0,1
37342,2,2,2,6,10,2,2,0,0,2,2,0,4,0,0,1
37343,2,2,2,6,10,2,3,1,1,,,4,4,1,0,1
37344,2,2,2,6,10,3,0,1,1,,,4,4,1,0,1
37345,2,2,2,6,10,3,1,0,0,2,2,0,4,0,0,1
37346,2,2,2,6,10,3,2,0,0,2,2,0,4,0,0,1
37347,2,2,2,6,10,3,3,1,1,,,4,4,1,0,1
37348,2,2,2,6,10,4,0,1,1,,,4,4,1,0,1
37349,2,2,2,6,10,4,1,0,0,2,2,0,4,0,0,1
37350,2,2,2,6,10,4,2,0,0,2,2,0,4,0,0,1
37351,2,2,2,6,10,4,3,1,1,,,4,4,1,0,1
37352,2,2,2,6,10,5,0,1,1,,,4,4,1,0,1
37353,2,2,2,6,10,5,1,0,0,2,2,0,4,0,0,1
37354,2,2,2,6,10,5,2,0,0,2,2,0,4,0,0,1
37355,2,2,2,6,10,5,3,1,1,,,4,4,1,0,1
37356,2,2,2,6,10,6,0,1,1,,,4,4,1,0,1
37357,2,2,2,6,10,6,1,0,0,2,2,0,4,0,0,1
37358,2,2,2,6,10,6,2,0,0,2,2,0,4,0,0,1
37359,2,2,2,6,10,6,3,1,1,,,4,4,1,0,1
37360,2,2,2,6,10,7,0,1,1,,,4,4,1,0,1
37361,2,2,2,6,10,7,1,0,0,2,2,0,4,0,0,1
37362,2,2,2,6,10,7,2,0,0,2,2,0,4,0,0,1
37363,2,2,2,6,10,7,3,1,1,,,4,4,1,0,1
37364,2,2,2,6,10,8,0,1,1,,,4,4,1,0,1
37365,2,2,2,6,10,8,1,0,0,2,2,0,4,0,0,1
37366,2,2,2,6,10,8,2,0,0,2,2,0,4,0,0,1
37367,2,2,2,6,10,8,3,1,1,,,4,4,1,0,1
37368,2,2,2,6,10,9,0,1,1,,,4,4,1,0,1
37369,2,2,2,6,10,9,1,0,0,2,2,0,4,0,0,1
37370,2,2,2,6,10,9,2,0,0,2,2,0,4,0,0,1
37371,2,2,2,6,10,9,3,1,1,,,4,4,1,0,1
37372,2,2,2,6,10,10,0,1,1,,,4,4,1,0,1
37373,2,2,2,6,10,10,1,0,0,2,2,0,4,0,0,1
37374,2,2,2,6,10,10,2,0,0,2,2,0,4,0,0,1
37375,2,2,2,6,10,10,3,1,1,,,4,4,1,0,1
37376,2,2,2,6,10,11,0,1,1,,,4,4,1,0,1
37377,2,2,2,6,10,11,1,0,0,2,2,0,4,0,0,1
37378,2,2,2,6,10,11,2,0,0,2,2,0,4,0,0,1
37379,2,2,2,6,10,11,3,1,1,,,4,4,1,0,1
37380,2,2,2,6,10,12,0,1,1,,,4,4,1,0,1
37381,2,2,2,6,10,12,1,0,0,2,2,0,4,0,0,1
37382,2,2,2,6,10,12,2,0,0,2,2,0,4,0,0,1
37383,2,2,2,6,10,12,3,1,1,,,4,4,1,0,1
37384,2,2,2,6,10,13,0,1,1,,,4,4,1,0,1
37385,2,2,2,6,10,13,1,0,0,2,2,0,4,0,0,1
37386,2,2,2,6,10,13,2,0,0,2,2,0,4,0,0,1
37387,2,2,2,6,10,13,3,1,1,,,4,4,1,0,1
37388,2,2,2,6,10,14,0,1,1,,,4,4,1,0,1
37389,2,2,2,6,10,14,1,0,0,2,2,0,4,0,0,1
37390,2,2,2,6,10,14,2,0,0,2,2,0,4,0,0,1
37391,2,2,2,6,10,14,3,1,1,,,4,4,1,0,1
37392,2,2,2,6,10,15,0,1,1,,,4,4,1,0,1
37393,2,2,2,6,10,15,1,0,0,2,2,0,4,0,0,1
37394,2,2,2,6,10,15,2,0,0,2,2,0,4,0,0,1
37395,2,2,2,6,10,15,3,1,1,,,4,4,1,0,1
37396,2,2,2,6,11,0,0,1,1,,,4,4,1,0,1
37397,2,2,2,6,11,0,1,0,0,1,1,0,4,0,0,1
37398,2,2,2,6,11,0,2,0,0,1,1,0,4,0,0,1
37399,2,2,2,6,11,0,3,1,1,,,4,4,1,0,1
37400,2,2,2,6,11,1,0,1,1,,,4,4,1,0,1
37401,2,2,2,6,11,1,1,0,0,1,1,0,4,0,0,1
37402,2,2,2,6,11,1,2,0,0,1,1,0,4,0,0,1
37403,2,2,2,6,11,1,3,1,1,,,4,4,1,0,1
37404,2,2,2,6,11,2,0,1,1,,,4,4,1,0,1
37405,2,2,2,6,11,2,1,0,0,1,1,0,4,0,0,1
37406,2,2,2,6,11,2,2,0,0,1,1,0,4,0,0,1
37407,2,2,2,6,11,2,3,1,1,,,4,4,1,0,1
37408,2,2,2,6,11,3,0,1,1,,,4,4,1,0,1
37409,2,2,2,6,11,3,1,0,0,1,1,0,4,0,0,1
37410,2,2,2,6,11,3,2,0,0,1,1,0,4,0,0,1
37411,2,2,2,6,11,3,3,1,1,,,4,4,1,0,1
37412,2,2,2,6,11,4,0,1,1,,,4,4,1,0,1
37413,2,2,2,6,11,4,1,0,0,1,1,0,4,0,0,1
37414,2,2,2,6,11,4,2,0,0,1,1,0,4,0,0,1
37415,2,2,2,6,11,4,3,1,1,,,4,4,1,0,1
37416,2,2,2,6,11,5,0,1,1,,,4,4,1,0,1
37417,2,2,2,6,11,5,1,0,0,1,1,0,4,0,0,1
37418,2,2,2,6,11,5,2,0,0,1,1,0,4,0,0,1
37419,2,2,2,6,11,5,3,1,1,,,4,4,1,0,1
37420,2,2,2,6,11,6,0,1,1,,,4,4,1,0,1
37421,2,2,2,6,11,6,1,0,0,1,1,0,4,0,0,1
37422,2,2,2,6,11,6,2,0,0,1,1,0,4,0,0,1
37423,2,2,2,6,11,6,3,1,1,,,4,4,1,0,1
37424,2,2,2,6,11,7,0,1,1,,,4,4,1,0,1
37425,2,2,2,6,11,7,1,0,0,1,1,0,4,0,0,1
37426,2,2,2,6,11,7,2,0,0,1,1,0,4,0,0,1
37427,2,2,2,6,11,7,3,1,1,,,4,4,1,0,1
37428,2,2,2,6,11,8,0,1,1,,,4,4,1,0,1
37429,2,2,2,6,11,8,1,0,0,1,1,0,4,0,0,1
37430,2,2,2,6,11,8,2,0,0,1,1,0,4,0,0,1
37431,2,2,2,6,11,8,3,1,1,,,4,4,1,0,1
37432,2,2,2,6,11,9,0,1,1,,,4,4,1,0,1
37433,2,2,2,6,11,9,1,0,0,1,1,0,4,0,0,1
37434,2,2,2,6,11,9,2,0,0,1,1,0,4,0,0,1
37435,2,2,2,6,11,9,3,1,1,,,4,4,1,0,1
37436,2,2,2,6,11,10,0,1,1,,,4,4,1,0,1
37437,2,2,2,6,11,10,1,0,0,1,1,0,4,0,0,1
37438,2,2,2,6,11,10,2,0,0,1,1,0,4,0,0,1
37439,2,2,2,6,11,10,3,1,1,,,4,4,1,0,1
37440,2,2,2,6,11,11,0,1,1,,,4,4,1,0,1
37441,2,2,2,6,11,11,1,0,0,1,1,0,4,0,0,1
37442,2,2,2,6,11,11,2,0,0,1,1,0,4,0,0,1
37443,2,2,2,6,11,11,3,1,1,,,4,4,1,0,1
37444,2,2,2,6,11,12,0,1,1,,,4,4,1,0,1
37445,2,2,2,6,11,12,1,0,0,1,1,0,4,0,0,1
37446,2,2,2,6,11,12,2,0,0,1,1,0,4,0,0,1
37447,2,2,2,6,11,12,3,1,1,,,4,4,1,0,1
37448,2,2,2,6,11,13,0,1,1,,,4,4,1,0,1
37449,2,2,2,6,11,13,1,0,0,1,1,0,4,0,0,1
37450,2,2,2,6,11,13,2,0,0,1,1,0,4,0,0,1
37451,2,2,2,6,11,13,3,1,1,,,4,4,1,0,1
37452,2,2,2,6,11,14,0,1,1,,,4,4,1,0,1
37453,2,2,2,6,11,14,1,0,0,1,1,0,4,0,0,1
37454,2,2,2,6,11,14,2,0,0,1,1,0,4,0,0,1
37455,2,2,2,6,11,14,3,1,1,,,4,4,1,0,1
37456,2,2,2,6,11,15,0,1,1,,,4,4,1,0,1
37457,2,2,2,6,11,15,1,0,0,1,1,0,4,0,0,1
37458,2,2,2,6,11,15,2,0,0,1,1,0,4,0,0,1
37459,2,2,2,6,11,15,3,1,1,,,4,4,1,0,1
37460,2,2,2,6,12,0,0,1,1,,,4,2,1,1,1
37461,2,2,2,6,12,0,1,1,1,,,1,2,1,1,1
37462,2,2,2,6,12,0,2,1,1,,,1,2,1,1,1
37463,2,2,2,6,12,0,3,1,1,,,4,2,1,1,1
37464,2,2,2,6,12,1,0,1,1,,,4,2,1,1,1
37465,2,2,2,6,12,1,1,1,1,,,1,2,1,1,1
37466,2,2,2,6,12,1,2,1,1,,,1,2,1,1,1
37467,2,2,2,6,12,1,3,1,1,,,4,2,1,1,1
37468,2,2,2,6,12,2,0,1,1,,,4,2,1,1,1
37469,2,2,2,6,12,2,1,1,1,,,1,2,1,1,1
37470,2,2,2,6,12,2,2,1,1,,,1,2,1,1,1
37471,2,2,2,6,12,2,3,1,1,,,4,2,1,1,1
37472,2,2,2,6,12,3,0,1,1,,,4,2,1,1,1
37473,2,2,2,6,12,3,1,1,1,,,1,2,1,1,1
37474,2,2,2,6,12,3,2,1,1,,,1,2,1,1,1
37475,2,2,2,6,12,3,3,1,1,,,4,2,1,1,1
37476,2,2,2,6,12,4,0,1,1,,,4,2,1,1,1
37477,2,2,2,6,12,4,1,1,1,,,1,2,1,1,1
37478,2,2,2,6,12,4,2,1,1,,,1,2,1,1,1
37479,2,2,2,6,12,4,3,1,1,,,4,2,1,1,1
37480,2,2,2,6,12,5,0,1,1,,,4,2,1,1,1
37481,2,2,2,6,12,5,1,1,1,,,1,2,1,1,1
37482,2,2,2,6,12,5,2,1,1,,,1,2,1,1,1
37483,2,2,2,6,12,5,3,1,1,,,4,2,1,1,1
37484,2,2,2,6,12,6,0,1,1,,,4,2,1,1,1
37485,2,2,2,6,12,6,1,1,1,,,1,2,1,1,1
37486,2,2,2,6,12,6,2,1,1,,,1,2,1,1,1
37487,2,2,2,6,12,6,3,1,1,,,4,2,1,1,1
37488,2,2,2,6,12,7,0,1,1,,,4,2,1,1,1
37489,2,2,2,6,12,7,1,1,1,,,1,2,1,1,1
37490,2,2,2,6,12,7,2,1,1,,,1,2,1,1,1
37491,2,2,2,6,12,7,3,1,1,,,4,2,1,1,1
37492,2,2,2,6,12,8,0,1,1,,,4,2,1,1,1
37493,2,2,2,6,12,8,1,1,1,,,1,2,1,1,1
37494,2,2,2,6,12,8,2,1,1,,,1,2,1,1,1
37495,2,2,2,6,12,8,3,1,1,,,4,2,1,1,1
37496,2,2,2,6,12,9,0,1,1,,,4,2,1,1,1
37497,2,2,2,6,12,9,1,1,1,,,1,2,1,1,1
37498,2,2,2,6,12,9,2,1,1,,,1,2,1,1,1
37499,2,2,2,6,12,9,3,1,1,,,4,2,1,1,1
37500,2,2,2,6,12,10,0,1,1,,,4,2,1,1,1
37501,2,2,2,6,12,10,1,1,1,,,1,2,1,1,1
37502,2,2,2,6,12,10,2,1,1,,,1,2,1,1,1
37503,2,2,2,6,12,10,3,1,1,,,4,2,1,1,1
37504,2,2,2,6,12,11,0,1,1,,,4,2,1,1,1
37505,2,2,2,6,12,11,1,1,1,,,1,2,1,1,1
37506,2,2,2,6,12,11,2,1,1,,,1,2,1,1,1
37507,2,2,2,6,12,11,3,1,1,,,4,2,1,1,1
37508,2,2,2,6,12,12,0,1,1,,,4,2,1,1,1
37509,2,2,2,6,12,12,1,1,1,,,1,2,1,1,1
37510,2,2,2,6,12,12,2,1,1,,,1,2,1,1,1
37511,2,2,2,6,12,12,3,1,1,,,4,2,1,1,1
37512,2,2,2,6,12,13,0,1,1,,,4,2,1,1,1
37513,2,2,2,6,12,13,1,1,1,,,1,2,1,1,1
37514,2,2,2,6,12,13,2,1,1,,,1,2,1,1,1
37515,2,2,2,6,12,13,3,1,1,,,4,2,1,1,1
37516,2,2,2,6,12,14,0,1,1,,,4,2,1,1,1
37517,2,2,2,6,12,14,1,1,1,,,1,2,1,1,1
37518,2,2,2,6,12,14,2,1,1,,,1,2,1,1,1
37519,2,2,2,6,12,14,3,1,1,,,4,2,1,1,1
37520,2,2,2,6,12,15,0,1,1,,,4,2,1,1,1
37521,2,2,2,6,12,15,1,1,1,,,1,2,1,1,1
37522,2,2,2,6,12,15,2,1,1,,,1,2,1,1,1
37523,2,2,2,6,12,15,3,1,1,,,4,2,1,1,1
37524,2,2,2,6,13,0,0,1,1,,,4,4,1,0,1
37525,2,2,2,6,13,0,1,0,0,1,1,0,4,0,0,1
37526,2,2,2,6,13,0,2,0,0,1,1,0,4,0,0,1
37527,2,2,2,6,13,0,3,1,1,,,4,4,1,0,1
37528,2,2,2,6,13,1,0,1,1,,,4,4,1,0,1
37529,2,2,2,6,13,1,1,0,0,1,1,0,4,0,0,1
37530,2,2,2,6,13,1,2,0,0,1,1,0,4,0,0,1
37531,2,2,2,6,13,1,3,1,1,,,4,4,1,0,1
37532,2,2,2,6,13,2,0,1,1,,,4,4,1,0,1
37533,2,2,2,6,13,2,1,0,0,1,1,0,4,0,0,1
37534,2,2,2,6,13,2,2,0,0,1,1,0,4,0,0,1
37535,2,2,2,6,13,2,3,1,1,,,4,4,1,0,1
37536,2,2,2,6,13,3,0,1,1,,,4,4,1,0,1
37537,2,2,2,6,13,3,1,0,0,1,1,0,4,0,0,1
37538,2,2,2,6,13,3,2,0,0,1,1,0,4,0,0,1
37539,2,2,2,6,13,3,3,1,1,,,4,4,1,0,1
37540,2,2,2,6,13,4,0,1,1,,,4,4,1,0,1
37541,2,2,2,6,13,4,1,0,0,1,1,0,4,0,0,1
37542,2,2,2,6,13,4,2,0,0,1,1,0,4,0,0,1
37543,2,2,2,6,13,4,3,1,1,,,4,4,1,0,1
37544,2,2,2,6,13,5,0,1,1,,,4,4,1,0,1
37545,2,2,2,6,13,5,1,0,0,1,1,0,4,0,0,1
37546,2,2,2,6,13,5,2,0,0,1,1,0,4,0,0,1
37547,2,2,2,6,13,5,3,1,1,,,4,4,1,0,1
37548,2,2,2,6,13,6,0,1,1,,,4,4,1,0,1
37549,2,2,2,6,13,6,1,0,0,1,1,0,4,0,0,1
37550,2,2,2,6,13,6,2,0,0,1,1,0,4,0,0,1
37551,2,2,2,6,13,6,3,1,1,,,4,4,1,0,1
37552,2,2,2,6,13,7,0,1,1,,,4,4,1,0,1
37553,2,2,2,6,13,7,1,0,0,1,1,0,4,0,0,1
37554,2,2,2,6,13,7,2,0,0,1,1,0,4,0,0,1
37555,2,2,2,6,13,7,3,1,1,,,4,4,1,0,1
37556,2,2,2,6,13,8,0,1,1,,,4,4,1,0,1
37557,2,2,2,6,13,8,1,0,0,1,1,0,4,0,0,1
37558,2,2,2,6,13,8,2,0,0,1,1,0,4,0,0,1
37559,2,2,2,6,13,8,3,1,1,,,4,4,1,0,1
37560,2,2,2,6,13,9,0,1,1,,,4,4,1,0,1
37561,2,2,2,6,13,9,1,0,0,1,1,0,4,0,0,1
37562,2,2,2,6,13,9,2,0,0,1,1,0,4,0,0,1
37563,2,2,2,6,13,9,3,1,1,,,4,4,1,0,1
37564,2,2,2,6,13,10,0,1,1,,,4,4,1,0,1
37565,2,2,2,6,13,10,1,0,0,1,1,0,4,0,0,1
37566,2,2,2,6,13,10,2,0,0,1,1,0,4,0,0,1
37567,2,2,2,6,13,10,3,1,1,,,4,4,1,0,1
37568,2,2,2,6,13,11,0,1,1,,,4,4,1,0,1
37569,2,2,2,6,13,11,1,0,0,1,1,0,4,0,0,1
37570,2,2,2,6,13,11,2,0,0,1,1,0,4,0,0,1
37571,2,2,2,6,13,11,3,1,1,,,4,4,1,0,1
37572,2,2,2,6,13,12,0,1,1,,,4,4,1,0,1
37573,2,2,2,6,13,12,1,0,0,1,1,0,4,0,0,1
37574,2,2,2,6,13,12,2,0,0,1,1,0,4,0,0,1
37575,2,2,2,6,13,12,3,1,1,,,4,4,1,0,1
37576,2,2,2,6,13,13,0,1,1,,,4,4,1,0,1
37577,2,2,2,6,13,13,1,0,0,1,1,0,4,0,0,1
37578,2,2,2,6,13,13,2,0,0,1,1,0,4,0,0,1
37579,2,2,2,6,13,13,3,1,1,,,4,4,1,0,1
37580,2,2,2,6,13,14,0,1,1,,,4,4,1,0,1
37581,2,2,2,6,13,14,1,0,0,1,1,0,4,0,0,1
37582,2,2,2,6,13,14,2,0,0,1,1,0,4,0,0,1
37583,2,2,2,6,13,14,3,1,1,,,4,4,1,0,1
37584,2,2,2,6,13,15,0,1,1,,,4,4,1,0,1
37585,2,2,2,6,13,15,1,0,0,1,1,0,4,0,0,1
37586,2,2,2,6,13,15,2,0,0,1,1,0,4,0,0,1
37587,2,2,2,6,13,15,3,1,1,,,4,4,1,0,1
37588,2,2,2,6,14,0,0,1,1,,,4,3,1,0,1
37589,2,2,2,6,14,0,1,0,0,2,2,0,3,0,0,1
37590,2,2,2,6,14,0,2,0,0,2,2,0,3,0,0,1
37591,2,2,2,6,14,0,3,1,1,,,4,3,1,0,1
37592,2,2,2,6,14,1,0,1,1,,,4,3,1,0,1
37593,2,2,2,6,14,1,1,0,0,2,2,0,3,0,0,1
37594,2,2,2,6,14,1,2,0,0,2,2,0,3,0,0,1
37595,2,2,2,6,14,1,3,1,1,,,4,3,1,0,1
37596,2,2,2,6,14,2,0,1,1,,,4,3,1,0,1
37597,2,2,2,6,14,2,1,0,0,2,2,0,3,0,0,1
37598,2,2,2,6,14,2,2,0,0,2,2,0,3,0,0,1
37599,2,2,2,6,14,2,3,1,1,,,4,3,1,0,1
37600,2,2,2,6,14,3,0,1,1,,,4,3,1,0,1
37601,2,2,2,6,14,3,1,0,0,2,2,0,3,0,0,1
37602,2,2,2,6,14,3,2,0,0,2,2,0,3,0,0,1
37603,2,2,2,6,14,3,3,1,1,,,4,3,1,0,1
37604,2,2,2,6,14,4,0,1,1,,,4,3,1,0,1
37605,2,2,2,6,14,4,1,0,0,2,2,0,3,0,0,1
37606,2,2,2,6,14,4,2,0,0,2,2,0,3,0,0,1
37607,2,2,2,6,14,4,3,1,1,,,4,3,1,0,1
37608,2,2,2,6,14,5,0,1,1,,,4,3,1,0,1
37609,2,2,2,6,14,5,1,0,0,2,2,0,3,0,0,1
37610,2,2,2,6,14,5,2,0,0,2,2,0,3,0,0,1
37611,2,2,2,6,14,5,3,1,1,,,4,3,1,0,1
37612,2,2,2,6,14,6,0,1,1,,,4,3,1,0,1
37613,2,2,2,6,14,6,1,0,0,2,2,0,3,0,0,1
37614,2,2,2,6,14,6,2,0,0,2,2,0,3,0,0,1
37615,2,2,2,6,14,6,3,1,1,,,4,3,1,0,1
37616,2,2,2,6,14,7,0,1,1,,,4,3,1,0,1
37617,2,2,2,6,14,7,1,0,0,2,2,0,3,0,0,1
37618,2,2,2,6,14,7,2,0,0,2,2,0,3,0,0,1
37619,2,2,2,6,14,7,3,1,1,,,4,3,1,0,1
37620,2,2,2,6,14,8,0,1,1,,,4,3,1,0,1
37621,2,2,2,6,14,8,1,0,0,2,2,0,3,0,0,1
37622,2,2,2,6,14,8,2,0,0,2,2,0,3,0,0,1
37623,2,2,2,6,14,8,3,1,1,,,4,3,1,0,1
37624,2,2,2,6,14,9,0,1,1,,,4,3,1,0,1
37625,2,2,2,6,14,9,1,0,0,2,2,0,3,0,0,1
37626,2,2,2,6,14,9,2,0,0,2,2,0,3,0,0,1
37627,2,2,2,6,14,9,3,1,1,,,4,3,1,0,1
37628,2,2,2,6,14,10,0,1,1,,,4,3,1,0,1
37629,2,2,2,6,14,10,1,0,0,2,2,0,3,0,0,1
37630,2,2,2,6,14,10,2,0,0,2,2,0,3,0,0,1
37631,2,2,2,6,14,10,3,1,1,,,4,3,1,0,1
37632,2,2,2,6,14,11,0,1,1,,,4,3,1,0,1
37633,2,2,2,6,14,11,1,0,0,2,2,0,3,0,0,1
37634,2,2,2,6,14,11,2,0,0,2,2,0,3,0,0,1
37635,2,2,2,6,14,11,3,1,1,,,4,3,1,0,1
37636,2,2,2,6,14,12,0,1,1,,,4,3,1,0,1
37637,2,2,2,6,14,12,1,0,0,2,2,0,3,0,0,1
37638,2,2,2,6,14,12,2,0,0,2,2,0,3,0,0,1
37639,2,2,2,6,14,12,3,1,1,,,4,3,1,0,1
37640,2,2,2,6,14,13,0,1,1,,,4,3,1,0,1
37641,2,2,2,6,14,13,1,0,0,2,2,0,3,0,0,1
37642,2,2,2,6,14,13,2,0,0,2,2,0,3,0,0,1
37643,2,2,2,6,14,13,3,1,1,,,4,3,1,0,1
37644,2,2,2,6,14,14,0,1,1,,,4,3,1,0,1
37645,2,2,2,6,14,14,1,0,0,2,2,0,3,0,0,1
37646,2,2,2,6,14,14,2,0,0,2,2,0,3,0,0,1
37647,2,2,2,6,14,14,3,1,1,,,4,3,1,0,1
37648,2,2,2,6,14,15,0,1,1,,,4,3,1,0,1
37649,2,2,2,6,14,15,1,0,0,2,2,0,3,0,0,1
37650,2,2,2,6,14,15,2,0,0,2,2,0,3,0,0,1
37651,2,2,2,6,14,15,3,1,1,,,4,3,1,0,1
37652,2,2,2,6,15,0,0,1,1,,,4,3,1,0,1
37653,2,2,2,6,15,0,1,0,0,1,1,0,3,0,0,1
37654,2,2,2,6,15,0,2,0,0,1,1,0,3,0,0,1
37655,2,2,2,6,15,0,3,1,1,,,4,3,1,0,1
37656,2,2,2,6,15,1,0,1,1,,,4,3,1,0,1
37657,2,2,2,6,15,1,1,0,0,1,1,0,3,0,0,1
37658,2,2,2,6,15,1,2,0,0,1,1,0,3,0,0,1
37659,2,2,2,6,15,1,3,1,1,,,4,3,1,0,1
37660,2,2,2,6,15,2,0,1,1,,,4,3,1,0,1
37661,2,2,2,6,15,2,1,0,0,1,1,0,3,0,0,1
37662,2,2,2,6,15,2,2,0,0,1,1,0,3,0,0,1
37663,2,2,2,6,15,2,3,1,1,,,4,3,1,0,1
37664,2,2,2,6,15,3,0,1,1,,,4,3,1,0,1
37665,2,2,2,6,15,3,1,0,0,1,1,0,3,0,0,1
37666,2,2,2,6,15,3,2,0,0,1,1,0,3,0,0,1
37667,2,2,2,6,15,3,3,1,1,,,4,3,1,0,1
37668,2,2,2,6,15,4,0,1,1,,,4,3,1,0,1
37669,2,2,2,6,15,4,1,0,0,1,1,0,3,0,0,1
37670,2,2,2,6,15,4,2,0,0,1,1,0,3,0,0,1
37671,2,2,2,6,15,4,3,1,1,,,4,3,1,0,1
37672,2,2,2,6,15,5,0,1,1,,,4,3,1,0,1
37673,2,2,2,6,15,5,1,0,0,1,1,0,3,0,0,1
37674,2,2,2,6,15,5,2,0,0,1,1,0,3,0,0,1
37675,2,2,2,6,15,5,3,1,1,,,4,3,1,0,1
37676,2,2,2,6,15,6,0,1,1,,,4,3,1,0,1
37677,2,2,2,6,15,6,1,0,0,1,1,0,3,0,0,1
37678,2,2,2,6,15,6,2,0,0,1,1,0,3,0,0,1
37679,2,2,2,6,15,6,3,1,1,,,4,3,1,0,1
37680,2,2,2,6,15,7,0,1,1,,,4,3,1,0,1
37681,2,2,2,6,15,7,1,0,0,1,1,0,3,0,0,1
37682,2,2,2,6,15,7,2,0,0,1,1,0,3,0,0,1
37683,2,2,2,6,15,7,3,1,1,,,4,3,1,0,1
37684,2,2,2,6,15,8,0,1,1,,,4,3,1,0,1
37685,2,2,2,6,15,8,1,0,0,1,1,0,3,0,0,1
37686,2,2,2,6,15,8,2,0,0,1,1,0,3,0,0,1
37687,2,2,2,6,15,8,3,1,1,,,4,3,1,0,1
37688,2,2,2,6,15,9,0,1,1,,,4,3,1,0,1
37689,2,2,2,6,15,9,1,0,0,1,1,0,3,0,0,1
37690,2,2,2,6,15,9,2,0,0,1,1,0,3,0,0,1
37691,2,2,2,6,15,9,3,1,1,,,4,3,1,0,1
37692,2,2,2,6,15,10,0,1,1,,,4,3,1,0,1
37693,2,2,2,6,15,10,1,0,0,1,1,0,3,0,0,1
37694,2,2,2,6,15,10,2,0,0,1,1,0,3,0,0,1
37695,2,2,2,6,15,10,3,1,1,,,4,3,1,0,1
37696,2,2,2,6,15,11,0,1,1,,,4,3,1,0,1
37697,2,2,2,6,15,11,1,0,0,1,1,0,3,0,0,1
37698,2,2,2,6,15,11,2,0,0,1,1,0,3,0,0,1
37699,2,2,2,6,15,11,3,1,1,,,4,3,1,0,1
37700,2,2,2,6,15,12,0,1,1,,,4,3,1,0,1
37701,2,2,2,6,15,12,1,0,0,1,1,0,3,0,0,1
37702,2,2,2,6,15,12,2,0,0,1,1,0,3,0,0,1
37703,2,2,2,6,15,12,3,1,1,,,4,3,1,0,1
37704,2,2,2,6,15,13,0,1,1,,,4,3,1,0,1
37705,2,2,2,6,15,13,1,0,0,1,1,0,3,0,0,1
37706,2,2,2,6,15,13,2,0,0,1,1,0,3,0,0,1
37707,2,2,2,6,15,13,3,1,1,,,4,3,1,0,1
37708,2,2,2,6,15,14,0,1,1,,,4,3,1,0,1
37709,2,2,2,6,15,14,1,0,0,1,1,0,3,0,0,1
37710,2,2,2,6,15,14,2,0,0,1,1,0,3,0,0,1
37711,2,2,2,6,15,14,3,1,1,,,4,3,1,0,1
37712,2,2,2,6,15,15,0,1,1,,,4,3,1,0,1
37713,2,2,2,6,15,15,1,0,0,1,1,0,3,0,0,1
37714,2,2,2,6,15,15,2,0,0,1,1,0,3,0,0,1
37715,2,2,2,6,15,15,3,1,1,,,4,3,1,0,1
37716,2,2,2,7,0,0,0,1,1,,,4,2,1,1,1
37717,2,2,2,7,0,0,1,1,1,,,1,2,1,1,1
37718,2,2,2,7,0,0,2,1,1,,,1,2,1,1,1
37719,2,2,2,7,0,0,3,1,1,,,4,2,1,1,1
37720,2,2,2,7,0,1,0,1,1,,,4,2,1,1,1
37721,2,2,2,7,0,1,1,1,1,,,1,2,1,1,1
37722,2,2,2,7,0,1,2,1,1,,,1,2,1,1,1
37723,2,2,2,7,0,1,3,1,1,,,4,2,1,1,1
37724,2,2,2,7,0,2,0,1,1,,,4,2,1,1,1
37725,2,2,2,7,0,2,1,1,1,,,1,2,1,1,1
37726,2,2,2,7,0,2,2,1,1,,,1,2,1,1,1
37727,2,2,2,7,0,2,3,1,1,,,4,2,1,1,1
37728,2,2,2,7,0,3,0,1,1,,,4,2,1,1,1
37729,2,2,2,7,0,3,1,1,1,,,1,2,1,1,1
37730,2,2,2,7,0,3,2,1,1,,,1,2,1,1,1
37731,2,2,2,7,0,3,3,1,1,,,4,2,1,1,1
37732,2,2,2,7,0,4,0,1,1,,,4,2,1,1,1
37733,2,2,2,7,0,4,1,1,1,,,1,2,1,1,1
37734,2,2,2,7,0,4,2,1,1,,,1,2,1,1,1
37735,2,2,2,7,0,4,3,1,1,,,4,2,1,1,1
37736,2,2,2,7,0,5,0,1,1,,,4,2,1,1,1
37737,2,2,2,7,0,5,1,1,1,,,1,2,1,1,1
37738,2,2,2,7,0,5,2,1,1,,,1,2,1,1,1
37739,2,2,2,7,0,5,3,1,1,,,4,2,1,1,1
37740,2,2,2,7,0,6,0,1,1,,,4,2,1,1,1
37741,2,2,2,7,0,6,1,1,1,,,1,2,1,1,1
37742,2,2,2,7,0,6,2,1,1,,,1,2,1,1,1
37743,2,2,2,7,0,6,3,1,1,,,4,2,1,1,1
37744,2,2,2,7,0,7,0,1,1,,,4,2,1,1,1
37745,2,2,2,7,0,7,1,1,1,,,1,2,1,1,1
37746,2,2,2,7,0,7,2,1,1,,,1,2,1,1,1
37747,2,2,2,7,0,7,3,1,1,,,4,2,1,1,1
37748,2,2,2,7,0,8,0,1,1,,,4,2,1,1,1
37749,2,2,2,7,0,8,1,1,1,,,1,2,1,1,1
37750,2,2,2,7,0,8,2,1,1,,,1,2,1,1,1
37751,2,2,2,7,0,8,3,1,1,,,4,2,1,1,1
37752,2,2,2,7,0,9,0,1,1,,,4,2,1,1,1
37753,2,2,2,7,0,9,1,1,1,,,1,2,1,1,1
37754,2,2,2,7,0,9,2,1,1,,,1,2,1,1,1
37755,2,2,2,7,0,9,3,1,1,,,4,2,1,1,1
37756,2,2,2,7,0,10,0,1,1,,,4,2,1,1,1
37757,2,2,2,7,0,10,1,1,1,,,1,2,1,1,1
37758,2,2,2,7,0,10,2,1,1,,,1,2,1,1,1
37759,2,2,2,7,0,10,3,1,1,,,4,2,1,1,1
37760,2,2,2,7,0,11,0,1,1,,,4,2,1,1,1
37761,2,2,2,7,0,11,1,1,1,,,1,2,1,1,1
37762,2,2,2,7,0,11,2,1,1,,,1,2,1,1,1
37763,2,2,2,7,0,11,3,1,1,,,4,2,1,1,1
37764,2,2,2,7,0,12,0,1,1,,,4,2,1,1,1
37765,2,2,2,7,0,12,1,1,1,,,1,2,1,1,1
37766,2,2,2,7,0,12,2,1,1,,,1,2,1,1,1
37767,2,2,2,7,0,12,3,1,1,,,4,2,1,1,1
37768,2,2,2,7,0,13,0,1,1,,,4,2,1,1,1
37769,2,2,2,7,0,13,1,1,1,,,1,2,1,1,1
37770,2,2,2,7,0,13,2,1,1,,,1,2,1,1,1
37771,2,2,2,7,0,13,3,1,1,,,4,2,1,1,1
37772,2,2,2,7,0,14,0,1,1,,,4,2,1,1,1
37773,2,2,2,7,0,14,1,1,1,,,1,2,1,1,1
37774,2,2,2,7,0,14,2,1,1,,,1,2,1,1,1
37775,2,2,2,7,0,14,3,1,1,,,4,2,1,1,1
37776,2,2,2,7,0,15,0,1,1,,,4,2,1,1,1
37777,2,2,2,7,0,15,1,1,1,,,1,2,1,1,1
37778,2,2,2,7,0,15,2,1,1,,,1,2,1,1,1
37779,2,2,2,7,0,15,3,1,1,,,4,2,1,1,1
37780,2,2,2,7,1,0,0,1,1,,,4,3,1,0,1
37781,2,2,2,7,1,0,1,0,0,2,2,0,3,0,0,1
37782,2,2,2,7,1,0,2,0,0,2,2,0,3,0,0,1
37783,2,2,2,7,1,0,3,1,1,,,4,3,1,0,1
37784,2,2,2,7,1,1,0,1,1,,,4,3,1,0,1
37785,2,2,2,7,1,1,1,0,0,2,2,0,3,0,0,1
37786,2,2,2,7,1,1,2,0,0,2,2,0,3,0,0,1
37787,2,2,2,7,1,1,3,1,1,,,4,3,1,0,1
37788,2,2,2,7,1,2,0,1,1,,,4,3,1,0,1
37789,2,2,2,7,1,2,1,0,0,2,2,0,3,0,0,1
37790,2,2,2,7,1,2,2,0,0,2,2,0,3,0,0,1
37791,2,2,2,7,1,2,3,1,1,,,4,3,1,0,1
37792,2,2,2,7,1,3,0,1,1,,,4,3,1,0,1
37793,2,2,2,7,1,3,1,0,0,2,2,0,3,0,0,1
37794,2,2,2,7,1,3,2,0,0,2,2,0,3,0,0,1
37795,2,2,2,7,1,3,3,1,1,,,4,3,1,0,1
37796,2,2,2,7,1,4,0,1,1,,,4,3,1,0,1
37797,2,2,2,7,1,4,1,0,0,2,2,0,3,0,0,1
37798,2,2,2,7,1,4,2,0,0,2,2,0,3,0,0,1
37799,2,2,2,7,1,4,3,1,1,,,4,3,1,0,1
37800,2,2,2,7,1,5,0,1,1,,,4,3,1,0,1
37801,2,2,2,7,1,5,1,0,0,2,2,0,3,0,0,1
37802,2,2,2,7,1,5,2,0,0,2,2,0,3,0,0,1
37803,2,2,2,7,1,5,3,1,1,,,4,3,1,0,1
37804,2,2,2,7,1,6,0,1,1,,,4,3,1,0,1
37805,2,2,2,7,1,6,1,0,0,2,2,0,3,0,0,1
37806,2,2,2,7,1,6,2,0,0,2,2,0,3,0,0,1
37807,2,2,2,7,1,6,3,1,1,,,4,3,1,0,1
37808,2,2,2,7,1,7,0,1,1,,,4,3,1,0,1
37809,2,2,2,7,1,7,1,0,0,2,2,0,3,0,0,1
37810,2,2,2,7,1,7,2,0,0,2,2,0,3,0,0,1
37811,2,2,2,7,1,7,3,1,1,,,4,3,1,0,1
37812,2,2,2,7,1,8,0,1,1,,,4,3,1,0,1
37813,2,2,2,7,1,8,1,0,0,2,2,0,3,0,0,1
37814,2,2,2,7,1,8,2,0,0,2,2,0,3,0,0,1
37815,2,2,2,7,1,8,3,1,1,,,4,3,1,0,1
37816,2,2,2,7,1,9,0,1,1,,,4,3,1,0,1
37817,2,2,2,7,1,9,1,0,0,2,2,0,3,0,0,1
37818,2,2,2,7,1,9,2,0,0,2,2,0,3,0,0,1
37819,2,2,2,7,1,9,3,1,1,,,4,3,1,0,1
37820,2,2,2,7,1,10,0,1,1,,,4,3,1,0,1
37821,2,2,2,7,1,10,1,0,0,2,2,0,3,0,0,1
37822,2,2,2,7,1,10,2,0,0,2,2,0,3,0,0,1
37823,2,2,2,7,1,10,3,1,1,,,4,3,1,0,1
37824,2,2,2,7,1,11,0,1,1,,,4,3,1,0,1
37825,2,2,2,7,1,11,1,0,0,2,2,0,3,0,0,1
37826,2,2,2,7,1,11,2,0,0,2,2,0,3,0,0,1
37827,2,2,2,7,1,11,3,1,1,,,4,3,1,0,1
37828,2,2,2,7,1,12,0,1,1,,,4,3,1,0,1
37829,2,2,2,7,1,12,1,0,0,2,2,0,3,0,0,1
37830,2,2,2,7,1,12,2,0,0,2,2,0,3,0,0,1
37831,2,2,2,7,1,12,3,1,1,,,4,3,1,0,1
37832,2,2,2,7,1,13,0,1,1,,,4,3,1,0,1
37833,2,2,2,7,1,13,1,0,0,2,2,0,3,0,0,1
37834,2,2,2,7,1,13,2,0,0,2,2,0,3,0,0,1
37835,2,2,2,7,1,13,3,1,1,,,4,3,1,0,1
37836,2,2,2,7,1,14,0,1,1,,,4,3,1,0,1
37837,2,2,2,7,1,14,1,0,0,2,2,0,3,0,0,1
37838,2,2,2,7,1,14,2,0,0,2,2,0,3,0,0,1
37839,2,2,2,7,1,14,3,1,1,,,4,3,1,0,1
37840,2,2,2,7,1,15,0,1,1,,,4,3,1,0,1
37841,2,2,2,7,1,15,1,0,0,2,2,0,3,0,0,1
37842,2,2,2,7,1,15,2,0,0,2,2,0,3,0,0,1
37843,2,2,2,7,1,15,3,1,1,,,4,3,1,0,1
37844,2,2,2,7,2,0,0,1,1,,,4,4,1,0,1
37845,2,2,2,7,2,0,1,0,0,2,2,0,4,0,0,1
37846,2,2,2,7,2,0,2,0,0,2,2,0,4,0,0,1
37847,2,2,2,7,2,0,3,1,1,,,4,4,1,0,1
37848,2,2,2,7,2,1,0,1,1,,,4,4,1,0,1
37849,2,2,2,7,2,1,1,0,0,2,2,0,4,0,0,1
37850,2,2,2,7,2,1,2,0,0,2,2,0,4,0,0,1
37851,2,2,2,7,2,1,3,1,1,,,4,4,1,0,1
37852,2,2,2,7,2,2,0,1,1,,,4,4,1,0,1
37853,2,2,2,7,2,2,1,0,0,2,2,0,4,0,0,1
37854,2,2,2,7,2,2,2,0,0,2,2,0,4,0,0,1
37855,2,2,2,7,2,2,3,1,1,,,4,4,1,0,1
37856,2,2,2,7,2,3,0,1,1,,,4,4,1,0,1
37857,2,2,2,7,2,3,1,0,0,2,2,0,4,0,0,1
37858,2,2,2,7,2,3,2,0,0,2,2,0,4,0,0,1
37859,2,2,2,7,2,3,3,1,1,,,4,4,1,0,1
37860,2,2,2,7,2,4,0,1,1,,,4,4,1,0,1
37861,2,2,2,7,2,4,1,0,0,2,2,0,4,0,0,1
37862,2,2,2,7,2,4,2,0,0,2,2,0,4,0,0,1
37863,2,2,2,7,2,4,3,1,1,,,4,4,1,0,1
37864,2,2,2,7,2,5,0,1,1,,,4,4,1,0,1
37865,2,2,2,7,2,5,1,0,0,2,2,0,4,0,0,1
37866,2,2,2,7,2,5,2,0,0,2,2,0,4,0,0,1
37867,2,2,2,7,2,5,3,1,1,,,4,4,1,0,1
37868,2,2,2,7,2,6,0,1,1,,,4,4,1,0,1
37869,2,2,2,7,2,6,1,0,0,2,2,0,4,0,0,1
37870,2,2,2,7,2,6,2,0,0,2,2,0,4,0,0,1
37871,2,2,2,7,2,6,3,1,1,,,4,4,1,0,1
37872,2,2,2,7,2,7,0,1,1,,,4,4,1,0,1
37873,2,2,2,7,2,7,1,0,0,2,2,0,4,0,0,1
37874,2,2,2,7,2,7,2,0,0,2,2,0,4,0,0,1
37875,2,2,2,7,2,7,3,1,1,,,4,4,1,0,1
37876,2,2,2,7,2,8,0,1,1,,,4,4,1,0,1
37877,2,2,2,7,2,8,1,0,0,2,2,0,4,0,0,1
37878,2,2,2,7,2,8,2,0,0,2,2,0,4,0,0,1
37879,2,2,2,7,2,8,3,1,1,,,4,4,1,0,1
37880,2,2,2,7,2,9,0,1,1,,,4,4,1,0,1
37881,2,2,2,7,2,9,1,0,0,2,2,0,4,0,0,1
37882,2,2,2,7,2,9,2,0,0,2,2,0,4,0,0,1
37883,2,2,2,7,2,9,3,1,1,,,4,4,1,0,1
37884,2,2,2,7,2,10,0,1,1,,,4,4,1,0,1
37885,2,2,2,7,2,10,1,0,0,2,2,0,4,0,0,1
37886,2,2,2,7,2,10,2,0,0,2,2,0,4,0,0,1
37887,2,2,2,7,2,10,3,1,1,,,4,4,1,0,1
37888,2,2,2,7,2,11,0,1,1,,,4,4,1,0,1
37889,2,2,2,7,2,11,1,0,0,2,2,0,4,0,0,1
37890,2,2,2,7,2,11,2,0,0,2,2,0,4,0,0,1
37891,2,2,2,7,2,11,3,1,1,,,4,4,1,0,1
37892,2,2,2,7,2,12,0,1,1,,,4,4,1,0,1
37893,2,2,2,7,2,12,1,0,0,2,2,0,4,0,0,1
37894,2,2,2,7,2,12,2,0,0,2,2,0,4,0,0,1
37895,2,2,2,7,2,12,3,1,1,,,4,4,1,0,1
37896,2,2,2,7,2,13,0,1,1,,,4,4,1,0,1
37897,2,2,2,7,2,13,1,0,0,2,2,0,4,0,0,1
37898,2,2,2,7,2,13,2,0,0,2,2,0,4,0,0,1
37899,2,2,2,7,2,13,3,1,1,,,4,4,1,0,1
37900,2,2,2,7,2,14,0,1,1,,,4,4,1,0,1
37901,2,2,2,7,2,14,1,0,0,2,2,0,4,0,0,1
37902,2,2,2,7,2,14,2,0,0,2,2,0,4,0,0,1
37903,2,2,2,7,2,14,3,1,1,,,4,4,1,0,1
37904,2,2,2,7,2,15,0,1,1,,,4,4,1,0,1
37905,2,2,2,7,2,15,1,0,0,2,2,0,4,0,0,1
37906,2,2,2,7,2,15,2,0,0,2,2,0,4,0,0,1
37907,2,2,2,7,2,15,3,1,1,,,4,4,1,0,1
37908,2,2,2,7,3,0,0,1,1,,,4,4,1,0,1
37909,2,2,2,7,3,0,1,0,0,3,3,0,4,0,0,1
37910,2,2,2,7,3,0,2,0,0,3,3,0,4,0,0,1
37911,2,2,2,7,3,0,3,1,1,,,4,4,1,0,1
37912,2,2,2,7,3,1,0,1,1,,,4,4,1,0,1
37913,2,2,2,7,3,1,1,0,0,3,3,0,4,0,0,1
37914,2,2,2,7,3,1,2,0,0,3,3,0,4,0,0,1
37915,2,2,2,7,3,1,3,1,1,,,4,4,1,0,1
37916,2,2,2,7,3,2,0,1,1,,,4,4,1,0,1
37917,2,2,2,7,3,2,1,0,0,3,3,0,4,0,0,1
37918,2,2,2,7,3,2,2,0,0,3,3,0,4,0,0,1
37919,2,2,2,7,3,2,3,1,1,,,4,4,1,0,1
37920,2,2,2,7,3,3,0,1,1,,,4,4,1,0,1
37921,2,2,2,7,3,3,1,0,0,3,3,0,4,0,0,1
37922,2,2,2,7,3,3,2,0,0,3,3,0,4,0,0,1
37923,2,2,2,7,3,3,3,1,1,,,4,4,1,0,1
37924,2,2,2,7,3,4,0,1,1,,,4,4,1,0,1
37925,2,2,2,7,3,4,1,0,0,3,3,0,4,0,0,1
37926,2,2,2,7,3,4,2,0,0,3,3,0,4,0,0,1
37927,2,2,2,7,3,4,3,1,1,,,4,4,1,0,1
37928,2,2,2,7,3,5,0,1,1,,,4,4,1,0,1
37929,2,2,2,7,3,5,1,0,0,3,3,0,4,0,0,1
37930,2,2,2,7,3,5,2,0,0,3,3,0,4,0,0,1
37931,2,2,2,7,3,5,3,1,1,,,4,4,1,0,1
37932,2,2,2,7,3,6,0,1,1,,,4,4,1,0,1
37933,2,2,2,7,3,6,1,0,0,3,3,0,4,0,0,1
37934,2,2,2,7,3,6,2,0,0,3,3,0,4,0,0,1
37935,2,2,2,7,3,6,3,1,1,,,4,4,1,0,1
37936,2,2,2,7,3,7,0,1,1,,,4,4,1,0,1
37937,2,2,2,7,3,7,1,0,0,3,3,0,4,0,0,1
37938,2,2,2,7,3,7,2,0,0,3,3,0,4,0,0,1
37939,2,2,2,7,3,7,3,1,1,,,4,4,1,0,1
37940,2,2,2,7,3,8,0,1,1,,,4,4,1,0,1
37941,2,2,2,7,3,8,1,0,0,3,3,0,4,0,0,1
37942,2,2,2,7,3,8,2,0,0,3,3,0,4,0,0,1
37943,2,2,2,7,3,8,3,1,1,,,4,4,1,0,1
37944,2,2,2,7,3,9,0,1,1,,,4,4,1,0,1
37945,2,2,2,7,3,9,1,0,0,3,3,0,4,0,0,1
37946,2,2,2,7,3,9,2,0,0,3,3,0,4,0,0,1
37947,2,2,2,7,3,9,3,1,1,,,4,4,1,0,1
37948,2,2,2,7,3,10,0,1,1,,,4,4,1,0,1
37949,2,2,2,7,3,10,1,0,0,3,3,0,4,0,0,1
37950,2,2,2,7,3,10,2,0,0,3,3,0,4,0,0,1
37951,2,2,2,7,3,10,3,1,1,,,4,4,1,0,1
37952,2,2,2,7,3,11,0,1,1,,,4,4,1,0,1
37953,2,2,2,7,3,11,1,0,0,3,3,0,4,0,0,1
37954,2,2,2,7,3,11,2,0,0,3,3,0,4,0,0,1
37955,2,2,2,7,3,11,3,1,1,,,4,4,1,0,1
37956,2,2,2,7,3,12,0,1,1,,,4,4,1,0,1
37957,2,2,2,7,3,12,1,0,0,3,3,0,4,0,0,1
37958,2,2,2,7,3,12,2,0,0,3,3,0,4,0,0,1
37959,2,2,2,7,3,12,3,1,1,,,4,4,1,0,1
37960,2,2,2,7,3,13,0,1,1,,,4,4,1,0,1
37961,2,2,2,7,3,13,1,0,0,3,3,0,4,0,0,1
37962,2,2,2,7,3,13,2,0,0,3,3,0,4,0,0,1
37963,2,2,2,7,3,13,3,1,1,,,4,4,1,0,1
37964,2,2,2,7,3,14,0,1,1,,,4,4,1,0,1
37965,2,2,2,7,3,14,1,0,0,3,3,0,4,0,0,1
37966,2,2,2,7,3,14,2,0,0,3,3,0,4,0,0,1
37967,2,2,2,7,3,14,3,1,1,,,4,4,1,0,1
37968,2,2,2,7,3,15,0,1,1,,,4,4,1,0,1
37969,2,2,2,7,3,15,1,0,0,3,3,0,4,0,0,1
37970,2,2,2,7,3,15,2,0,0,3,3,0,4,0,0,1
37971,2,2,2,7,3,15,3,1,1,,,4,4,1,0,1
37972,2,2,2,7,4,0,0,1,1,,,4,2,1,1,1
37973,2,2,2,7,4,0,1,1,1,,,1,2,1,1,1
37974,2,2,2,7,4,0,2,1,1,,,1,2,1,1,1
37975,2,2,2,7,4,0,3,1,1,,,4,2,1,1,1
37976,2,2,2,7,4,1,0,1,1,,,4,2,1,1,1
37977,2,2,2,7,4,1,1,1,1,,,1,2,1,1,1
37978,2,2,2,7,4,1,2,1,1,,,1,2,1,1,1
37979,2,2,2,7,4,1,3,1,1,,,4,2,1,1,1
37980,2,2,2,7,4,2,0,1,1,,,4,2,1,1,1
37981,2,2,2,7,4,2,1,1,1,,,1,2,1,1,1
37982,2,2,2,7,4,2,2,1,1,,,1,2,1,1,1
37983,2,2,2,7,4,2,3,1,1,,,4,2,1,1,1
37984,2,2,2,7,4,3,0,1,1,,,4,2,1,1,1
37985,2,2,2,7,4,3,1,1,1,,,1,2,1,1,1
37986,2,2,2,7,4,3,2,1,1,,,1,2,1,1,1
37987,2,2,2,7,4,3,3,1,1,,,4,2,1,1,1
37988,2,2,2,7,4,4,0,1,1,,,4,2,1,1,1
37989,2,2,2,7,4,4,1,1,1,,,1,2,1,1,1
37990,2,2,2,7,4,4,2,1,1,,,1,2,1,1,1
37991,2,2,2,7,4,4,3,1,1,,,4,2,1,1,1
37992,2,2,2,7,4,5,0,1,1,,,4,2,1,1,1
37993,2,2,2,7,4,5,1,1,1,,,1,2,1,1,1
37994,2,2,2,7,4,5,2,1,1,,,1,2,1,1,1
37995,2,2,2,7,4,5,3,1,1,,,4,2,1,1,1
37996,2,2,2,7,4,6,0,1,1,,,4,2,1,1,1
37997,2,2,2,7,4,6,1,1,1,,,1,2,1,1,1
37998,2,2,2,7,4,6,2,1,1,,,1,2,1,1,1
37999,2,2,2,7,4,6,3,1,1,,,4,2,1,1,1
38000,2,2,2,7,4,7,0,1,1,,,4,2,1,1,1
38001,2,2,2,7,4,7,1,1,1,,,1,2,1,1,1
38002,2,2,2,7,4,7,2,1,1,,,1,2,1,1,1
38003,2,2,2,7,4,7,3,1,1,,,4,2,1,1,1
38004,2,2,2,7,4,8,0,1,1,,,4,2,1,1,1
38005,2,2,2,7,4,8,1,1,1,,,1,2,1,1,1
38006,2,2,2,7,4,8,2,1,1,,,1,2,1,1,1
38007,2,2,2,7,4,8,3,1,1,,,4,2,1,1,1
38008,2,2,2,7,4,9,0,1,1,,,4,2,1,1,1
38009,2,2,2,7,4,9,1,1,1,,,1,2,1,1,1
38010,2,2,2,7,4,9,2,1,1,,,1,2,1,1,1
38011,2,2,2,7,4,9,3,1,1,,,4,2,1,1,1
38012,2,2,2,7,4,10,0,1,1,,,4,2,1,1,1
38013,2,2,2,7,4,10,1,1,1,,,1,2,1,1,1
38014,2,2,2,7,4,10,2,1,1,,,1,2,1,1,1
38015,2,2,2,7,4,10,3,1,1,,,4,2,1,1,1
38016,2,2,2,7,4,11,0,1,1,,,4,2,1,1,1
38017,2,2,2,7,4,11,1,1,1,,,1,2,1,1,1
38018,2,2,2,7,4,11,2,1,1,,,1,2,1,1,1
38019,2,2,2,7,4,11,3,1,1,,,4,2,1,1,1
38020,2,2,2,7,4,12,0,1,1,,,4,2,1,1,1
38021,2,2,2,7,4,12,1,1,1,,,1,2,1,1,1
38022,2,2,2,7,4,12,2,1,1,,,1,2,1,1,1
38023,2,2,2,7,4,12,3,1,1,,,4,2,1,1,1
38024,2,2,2,7,4,13,0,1,1,,,4,2,1,1,1
38025,2,2,2,7,4,13,1,1,1,,,1,2,1,1,1
38026,2,2,2,7,4,13,2,1,1,,,1,2,1,1,1
38027,2,2,2,7,4,13,3,1,1,,,4,2,1,1,1
38028,2,2,2,7,4,14,0,1,1,,,4,2,1,1,1
38029,2,2,2,7,4,14,1,1,1,,,1,2,1,1,1
38030,2,2,2,7,4,14,2,1,1,,,1,2,1,1,1
38031,2,2,2,7,4,14,3,1,1,,,4,2,1,1,1
38032,2,2,2,7,4,15,0,1,1,,,4,2,1,1,1
38033,2,2,2,7,4,15,1,1,1,,,1,2,1,1,1
38034,2,2,2,7,4,15,2,1,1,,,1,2,1,1,1
38035,2,2,2,7,4,15,3,1,1,,,4,2,1,1,1
38036,2,2,2,7,5,0,0,1,1,,,4,3,1,0,1
38037,2,2,2,7,5,0,1,0,0,2,2,0,3,0,0,1
38038,2,2,2,7,5,0,2,0,0,2,2,0,3,0,0,1
38039,2,2,2,7,5,0,3,1,1,,,4,3,1,0,1
38040,2,2,2,7,5,1,0,1,1,,,4,3,1,0,1
38041,2,2,2,7,5,1,1,0,0,2,2,0,3,0,0,1
38042,2,2,2,7,5,1,2,0,0,2,2,0,3,0,0,1
38043,2,2,2,7,5,1,3,1,1,,,4,3,1,0,1
38044,2,2,2,7,5,2,0,1,1,,,4,3,1,0,1
38045,2,2,2,7,5,2,1,0,0,2,2,0,3,0,0,1
38046,2,2,2,7,5,2,2,0,0,2,2,0,3,0,0,1
38047,2,2,2,7,5,2,3,1,1,,,4,3,1,0,1
38048,2,2,2,7,5,3,0,1,1,,,4,3,1,0,1
38049,2,2,2,7,5,3,1,0,0,2,2,0,3,0,0,1
38050,2,2,2,7,5,3,2,0,0,2,2,0,3,0,0,1
38051,2,2,2,7,5,3,3,1,1,,,4,3,1,0,1
38052,2,2,2,7,5,4,0,1,1,,,4,3,1,0,1
38053,2,2,2,7,5,4,1,0,0,2,2,0,3,0,0,1
38054,2,2,2,7,5,4,2,0,0,2,2,0,3,0,0,1
38055,2,2,2,7,5,4,3,1,1,,,4,3,1,0,1
38056,2,2,2,7,5,5,0,1,1,,,4,3,1,0,1
38057,2,2,2,7,5,5,1,0,0,2,2,0,3,0,0,1
38058,2,2,2,7,5,5,2,0,0,2,2,0,3,0,0,1
38059,2,2,2,7,5,5,3,1,1,,,4,3,1,0,1
38060,2,2,2,7,5,6,0,1,1,,,4,3,1,0,1
38061,2,2,2,7,5,6,1,0,0,2,2,0,3,0,0,1
38062,2,2,2,7,5,6,2,0,0,2,2,0,3,0,0,1
38063,2,2,2,7,5,6,3,1,1,,,4,3,1,0,1
38064,2,2,2,7,5,7,0,1,1,,,4,3,1,0,1
38065,2,2,2,7,5,7,1,0,0,2,2,0,3,0,0,1
38066,2,2,2,7,5,7,2,0,0,2,2,0,3,0,0,1
38067,2,2,2,7,5,7,3,1,1,,,4,3,1,0,1
38068,2,2,2,7,5,8,0,1,1,,,4,3,1,0,1
38069,2,2,2,7,5,8,1,0,0,2,2,0,3,0,0,1
38070,2,2,2,7,5,8,2,0,0,2,2,0,3,0,0,1
38071,2,2,2,7,5,8,3,1,1,,,4,3,1,0,1
38072,2,2,2,7,5,9,0,1,1,,,4,3,1,0,1
38073,2,2,2,7,5,9,1,0,0,2,2,0,3,0,0,1
38074,2,2,2,7,5,9,2,0,0,2,2,0,3,0,0,1
38075,2,2,2,7,5,9,3,1,1,,,4,3,1,0,1
38076,2,2,2,7,5,10,0,1,1,,,4,3,1,0,1
38077,2,2,2,7,5,10,1,0,0,2,2,0,3,0,0,1
38078,2,2,2,7,5,10,2,0,0,2,2,0,3,0,0,1
38079,2,2,2,7,5,10,3,1,1,,,4,3,1,0,1
38080,2,2,2,7,5,11,0,1,1,,,4,3,1,0,1
38081,2,2,2,7,5,11,1,0,0,2,2,0,3,0,0,1
38082,2,2,2,7,5,11,2,0,0,2,2,0,3,0,0,1
38083,2,2,2,7,5,11,3,1,1,,,4,3,1,0,1
38084,2,2,2,7,5,12,0,1,1,,,4,3,1,0,1
38085,2,2,2,7,5,12,1,0,0,2,2,0,3,0,0,1
38086,2,2,2,7,5,12,2,0,0,2,2,0,3,0,0,1
38087,2,2,2,7,5,12,3,1,1,,,4,3,1,0,1
38088,2,2,2,7,5,13,0,1,1,,,4,3,1,0,1
38089,2,2,2,7,5,13,1,0,0,2,2,0,3,0,0,1
38090,2,2,2,7,5,13,2,0,0,2,2,0,3,0,0,1
38091,2,2,2,7,5,13,3,1,1,,,4,3,1,0,1
38092,2,2,2,7,5,14,0,1,1,,,4,3,1,0,1
38093,2,2,2,7,5,14,1,0,0,2,2,0,3,0,0,1
38094,2,2,2,7,5,14,2,0,0,2,2,0,3,0,0,1
38095,2,2,2,7,5,14,3,1,1,,,4,3,1,0,1
38096,2,2,2,7,5,15,0,1,1,,,4,3,1,0,1
38097,2,2,2,7,5,15,1,0,0,2,2,0,3,0,0,1
38098,2,2,2,7,5,15,2,0,0,2,2,0,3,0,0,1
38099,2,2,2,7,5,15,3,1,1,,,4,3,1,0,1
38100,2,2,2,7,6,0,0,1,1,,,4,4,1,0,1
38101,2,2,2,7,6,0,1,0,0,2,2,0,4,0,0,1
38102,2,2,2,7,6,0,2,0,0,2,2,0,4,0,0,1
38103,2,2,2,7,6,0,3,1,1,,,4,4,1,0,1
38104,2,2,2,7,6,1,0,1,1,,,4,4,1,0,1
38105,2,2,2,7,6,1,1,0,0,2,2,0,4,0,0,1
38106,2,2,2,7,6,1,2,0,0,2,2,0,4,0,0,1
38107,2,2,2,7,6,1,3,1,1,,,4,4,1,0,1
38108,2,2,2,7,6,2,0,1,1,,,4,4,1,0,1
38109,2,2,2,7,6,2,1,0,0,2,2,0,4,0,0,1
38110,2,2,2,7,6,2,2,0,0,2,2,0,4,0,0,1
38111,2,2,2,7,6,2,3,1,1,,,4,4,1,0,1
38112,2,2,2,7,6,3,0,1,1,,,4,4,1,0,1
38113,2,2,2,7,6,3,1,0,0,2,2,0,4,0,0,1
38114,2,2,2,7,6,3,2,0,0,2,2,0,4,0,0,1
38115,2,2,2,7,6,3,3,1,1,,,4,4,1,0,1
38116,2,2,2,7,6,4,0,1,1,,,4,4,1,0,1
38117,2,2,2,7,6,4,1,0,0,2,2,0,4,0,0,1
38118,2,2,2,7,6,4,2,0,0,2,2,0,4,0,0,1
38119,2,2,2,7,6,4,3,1,1,,,4,4,1,0,1
38120,2,2,2,7,6,5,0,1,1,,,4,4,1,0,1
38121,2,2,2,7,6,5,1,0,0,2,2,0,4,0,0,1
38122,2,2,2,7,6,5,2,0,0,2,2,0,4,0,0,1
38123,2,2,2,7,6,5,3,1,1,,,4,4,1,0,1
38124,2,2,2,7,6,6,0,1,1,,,4,4,1,0,1
38125,2,2,2,7,6,6,1,0,0,2,2,0,4,0,0,1
38126,2,2,2,7,6,6,2,0,0,2,2,0,4,0,0,1
38127,2,2,2,7,6,6,3,1,1,,,4,4,1,0,1
38128,2,2,2,7,6,7,0,1,1,,,4,4,1,0,1
38129,2,2,2,7,6,7,1,0,0,2,2,0,4,0,0,1
38130,2,2,2,7,6,7,2,0,0,2,2,0,4,0,0,1
38131,2,2,2,7,6,7,3,1,1,,,4,4,1,0,1
38132,2,2,2,7,6,8,0,1,1,,,4,4,1,0,1
38133,2,2,2,7,6,8,1,0,0,2,2,0,4,0,0,1
38134,2,2,2,7,6,8,2,0,0,2,2,0,4,0,0,1
38135,2,2,2,7,6,8,3,1,1,,,4,4,1,0,1
38136,2,2,2,7,6,9,0,1,1,,,4,4,1,0,1
38137,2,2,2,7,6,9,1,0,0,2,2,0,4,0,0,1
38138,2,2,2,7,6,9,2,0,0,2,2,0,4,0,0,1
38139,2,2,2,7,6,9,3,1,1,,,4,4,1,0,1
38140,2,2,2,7,6,10,0,1,1,,,4,4,1,0,1
38141,2,2,2,7,6,10,1,0,0,2,2,0,4,0,0,1
38142,2,2,2,7,6,10,2,0,0,2,2,0,4,0,0,1
38143,2,2,2,7,6,10,3,1,1,,,4,4,1,0,1
38144,2,2,2,7,6,11,0,1,1,,,4,4,1,0,1
38145,2,2,2,7,6,11,1,0,0,2,2,0,4,0,0,1
38146,2,2,2,7,6,11,2,0,0,2,2,0,4,0,0,1
38147,2,2,2,7,6,11,3,1,1,,,4,4,1,0,1
38148,2,2,2,7,6,12,0,1,1,,,4,4,1,0,1
38149,2,2,2,7,6,12,1,0,0,2,2,0,4,0,0,1
38150,2,2,2,7,6,12,2,0,0,2,2,0,4,0,0,1
38151,2,2,2,7,6,12,3,1,1,,,4,4,1,0,1
38152,2,2,2,7,6,13,0,1,1,,,4,4,1,0,1
38153,2,2,2,7,6,13,1,0,0,2,2,0,4,0,0,1
38154,2,2,2,7,6,13,2,0,0,2,2,0,4,0,0,1
38155,2,2,2,7,6,13,3,1,1,,,4,4,1,0,1
38156,2,2,2,7,6,14,0,1,1,,,4,4,1,0,1
38157,2,2,2,7,6,14,1,0,0,2,2,0,4,0,0,1
38158,2,2,2,7,6,14,2,0,0,2,2,0,4,0,0,1
38159,2,2,2,7,6,14,3,1,1,,,4,4,1,0,1
38160,2,2,2,7,6,15,0,1,1,,,4,4,1,0,1
38161,2,2,2,7,6,15,1,0,0,2,2,0,4,0,0,1
38162,2,2,2,7,6,15,2,0,0,2,2,0,4,0,0,1
38163,2,2,2,7,6,15,3,1,1,,,4,4,1,0,1
38164,2,2,2,7,7,0,0,1,1,,,4,2,1,1,1
38165,2,2,2,7,7,0,1,1,1,,,1,2,1,1,1
38166,2,2,2,7,7,0,2,1,1,,,1,2,1,1,1
38167,2,2,2,7,7,0,3,1,1,,,4,2,1,1,1
38168,2,2,2,7,7,1,0,1,1,,,4,2,1,1,1
38169,2,2,2,7,7,1,1,1,1,,,1,2,1,1,1
38170,2,2,2,7,7,1,2,1,1,,,1,2,1,1,1
38171,2,2,2,7,7,1,3,1,1,,,4,2,1,1,1
38172,2,2,2,7,7,2,0,1,1,,,4,2,1,1,1
38173,2,2,2,7,7,2,1,1,1,,,1,2,1,1,1
38174,2,2,2,7,7,2,2,1,1,,,1,2,1,1,1
38175,2,2,2,7,7,2,3,1,1,,,4,2,1,1,1
38176,2,2,2,7,7,3,0,1,1,,,4,2,1,1,1
38177,2,2,2,7,7,3,1,1,1,,,1,2,1,1,1
38178,2,2,2,7,7,3,2,1,1,,,1,2,1,1,1
38179,2,2,2,7,7,3,3,1,1,,,4,2,1,1,1
38180,2,2,2,7,7,4,0,1,1,,,4,2,1,1,1
38181,2,2,2,7,7,4,1,1,1,,,1,2,1,1,1
38182,2,2,2,7,7,4,2,1,1,,,1,2,1,1,1
38183,2,2,2,7,7,4,3,1,1,,,4,2,1,1,1
38184,2,2,2,7,7,5,0,1,1,,,4,2,1,1,1
38185,2,2,2,7,7,5,1,1,1,,,1,2,1,1,1
38186,2,2,2,7,7,5,2,1,1,,,1,2,1,1,1
38187,2,2,2,7,7,5,3,1,1,,,4,2,1,1,1
38188,2,2,2,7,7,6,0,1,1,,,4,2,1,1,1
38189,2,2,2,7,7,6,1,1,1,,,1,2,1,1,1
38190,2,2,2,7,7,6,2,1,1,,,1,2,1,1,1
38191,2,2,2,7,7,6,3,1,1,,,4,2,1,1,1
38192,2,2,2,7,7,7,0,1,1,,,4,2,1,1,1
38193,2,2,2,7,7,7,1,1,1,,,1,2,1,1,1
38194,2,2,2,7,7,7,2,1,1,,,1,2,1,1,1
38195,2,2,2,7,7,7,3,1,1,,,4,2,1,1,1
38196,2,2,2,7,7,8,0,1,1,,,4,2,1,1,1
38197,2,2,2,7,7,8,1,1,1,,,1,2,1,1,1
38198,2,2,2,7,7,8,2,1,1,,,1,2,1,1,1
38199,2,2,2,7,7,8,3,1,1,,,4,2,1,1,1
38200,2,2,2,7,7,9,0,1,1,,,4,2,1,1,1
38201,2,2,2,7,7,9,1,1,1,,,1,2,1,1,1
38202,2,2,2,7,7,9,2,1,1,,,1,2,1,1,1
38203,2,2,2,7,7,9,3,1,1,,,4,2,1,1,1
38204,2,2,2,7,7,10,0,1,1,,,4,2,1,1,1
38205,2,2,2,7,7,10,1,1,1,,,1,2,1,1,1
38206,2,2,2,7,7,10,2,1,1,,,1,2,1,1,1
38207,2,2,2,7,7,10,3,1,1,,,4,2,1,1,1
38208,2,2,2,7,7,11,0,1,1,,,4,2,1,1,1
38209,2,2,2,7,7,11,1,1,1,,,1,2,1,1,1
38210,2,2,2,7,7,11,2,1,1,,,1,2,1,1,1
38211,2,2,2,7,7,11,3,1,1,,,4,2,1,1,1
38212,2,2,2,7,7,12,0,1,1,,,4,2,1,1,1
38213,2,2,2,7,7,12,1,1,1,,,1,2,1,1,1
38214,2,2,2,7,7,12,2,1,1,,,1,2,1,1,1
38215,2,2,2,7,7,12,3,1,1,,,4,2,1,1,1
38216,2,2,2,7,7,13,0,1,1,,,4,2,1,1,1
38217,2,2,2,7,7,13,1,1,1,,,1,2,1,1,1
38218,2,2,2,7,7,13,2,1,1,,,1,2,1,1,1
38219,2,2,2,7,7,13,3,1,1,,,4,2,1,1,1
38220,2,2,2,7,7,14,0,1,1,,,4,2,1,1,1
38221,2,2,2,7,7,14,1,1,1,,,1,2,1,1,1
38222,2,2,2,7,7,14,2,1,1,,,1,2,1,1,1
38223,2,2,2,7,7,14,3,1,1,,,4,2,1,1,1
38224,2,2,2,7,7,15,0,1,1,,,4,2,1,1,1
38225,2,2,2,7,7,15,1,1,1,,,1,2,1,1,1
38226,2,2,2,7,7,15,2,1,1,,,1,2,1,1,1
38227,2,2,2,7,7,15,3,1,1,,,4,2,1,1,1
38228,2,2,2,7,8,0,0,1,1,,,4,2,1,1,1
38229,2,2,2,7,8,0,1,1,1,,,1,2,1,1,1
38230,2,2,2,7,8,0,2,1,1,,,1,2,1,1,1
38231,2,2,2,7,8,0,3,1,1,,,4,2,1,1,1
38232,2,2,2,7,8,1,0,1,1,,,4,2,1,1,1
38233,2,2,2,7,8,1,1,1,1,,,1,2,1,1,1
38234,2,2,2,7,8,1,2,1,1,,,1,2,1,1,1
38235,2,2,2,7,8,1,3,1,1,,,4,2,1,1,1
38236,2,2,2,7,8,2,0,1,1,,,4,2,1,1,1
38237,2,2,2,7,8,2,1,1,1,,,1,2,1,1,1
38238,2,2,2,7,8,2,2,1,1,,,1,2,1,1,1
38239,2,2,2,7,8,2,3,1,1,,,4,2,1,1,1
38240,2,2,2,7,8,3,0,1,1,,,4,2,1,1,1
38241,2,2,2,7,8,3,1,1,1,,,1,2,1,1,1
38242,2,2,2,7,8,3,2,1,1,,,1,2,1,1,1
38243,2,2,2,7,8,3,3,1,1,,,4,2,1,1,1
38244,2,2,2,7,8,4,0,1,1,,,4,2,1,1,1
38245,2,2,2,7,8,4,1,1,1,,,1,2,1,1,1
38246,2,2,2,7,8,4,2,1,1,,,1,2,1,1,1
38247,2,2,2,7,8,4,3,1,1,,,4,2,1,1,1
38248,2,2,2,7,8,5,0,1,1,,,4,2,1,1,1
38249,2,2,2,7,8,5,1,1,1,,,1,2,1,1,1
38250,2,2,2,7,8,5,2,1,1,,,1,2,1,1,1
38251,2,2,2,7,8,5,3,1,1,,,4,2,1,1,1
38252,2,2,2,7,8,6,0,1,1,,,4,2,1,1,1
38253,2,2,2,7,8,6,1,1,1,,,1,2,1,1,1
38254,2,2,2,7,8,6,2,1,1,,,1,2,1,1,1
38255,2,2,2,7,8,6,3,1,1,,,4,2,1,1,1
38256,2,2,2,7,8,7,0,1,1,,,4,2,1,1,1
38257,2,2,2,7,8,7,1,1,1,,,1,2,1,1,1
38258,2,2,2,7,8,7,2,1,1,,,1,2,1,1,1
38259,2,2,2,7,8,7,3,1,1,,,4,2,1,1,1
38260,2,2,2,7,8,8,0,1,1,,,4,2,1,1,1
38261,2,2,2,7,8,8,1,1,1,,,1,2,1,1,1
38262,2,2,2,7,8,8,2,1,1,,,1,2,1,1,1
38263,2,2,2,7,8,8,3,1,1,,,4,2,1,1,1
38264,2,2,2,7,8,9,0,1,1,,,4,2,1,1,1
38265,2,2,2,7,8,9,1,1,1,,,1,2,1,1,1
38266,2,2,2,7,8,9,2,1,1,,,1,2,1,1,1
38267,2,2,2,7,8,9,3,1,1,,,4,2,1,1,1
38268,2,2,2,7,8,10,0,1,1,,,4,2,1,1,1
38269,2,2,2,7,8,10,1,1,1,,,1,2,1,1,1
38270,2,2,2,7,8,10,2,1,1,,,1,2,1,1,1
38271,2,2,2,7,8,10,3,1,1,,,4,2,1,1,1
38272,2,2,2,7,8,11,0,1,1,,,4,2,1,1,1
38273,2,2,2,7,8,11,1,1,1,,,1,2,1,1,1
38274,2,2,2,7,8,11,2,1,1,,,1,2,1,1,1
38275,2,2,2,7,8,11,3,1,1,,,4,2,1,1,1
38276,2,2,2,7,8,12,0,1,1,,,4,2,1,1,1
38277,2,2,2,7,8,12,1,1,1,,,1,2,1,1,1
38278,2,2,2,7,8,12,2,1,1,,,1,2,1,1,1
38279,2,2,2,7,8,12,3,1,1,,,4,2,1,1,1
38280,2,2,2,7,8,13,0,1,1,,,4,2,1,1,1
38281,2,2,2,7,8,13,1,1,1,,,1,2,1,1,1
38282,2,2,2,7,8,13,2,1,1,,,1,2,1,1,1
38283,2,2,2,7,8,13,3,1,1,,,4,2,1,1,1
38284,2,2,2,7,8,14,0,1,1,,,4,2,1,1,1
38285,2,2,2,7,8,14,1,1,1,,,1,2,1,1,1
38286,2,2,2,7,8,14,2,1,1,,,1,2,1,1,1
38287,2,2,2,7,8,14,3,1,1,,,4,2,1,1,1
38288,2,2,2,7,8,15,0,1,1,,,4,2,1,1,1
38289,2,2,2,7,8,15,1,1,1,,,1,2,1,1,1
38290,2,2,2,7,8,15,2,1,1,,,1,2,1,1,1
38291,2,2,2,7,8,15,3,1,1,,,4,2,1,1,1
38292,2,2,2,7,9,0,0,1,1,,,4,4,1,0,1
38293,2,2,2,7,9,0,1,0,0,2,2,0,4,0,0,1
38294,2,2,2,7,9,0,2,0,0,2,2,0,4,0,0,1
38295,2,2,2,7,9,0,3,1,1,,,4,4,1,0,1
38296,2,2,2,7,9,1,0,1,1,,,4,4,1,0,1
38297,2,2,2,7,9,1,1,0,0,2,2,0,4,0,0,1
38298,2,2,2,7,9,1,2,0,0,2,2,0,4,0,0,1
38299,2,2,2,7,9,1,3,1,1,,,4,4,1,0,1
38300,2,2,2,7,9,2,0,1,1,,,4,4,1,0,1
38301,2,2,2,7,9,2,1,0,0,2,2,0,4,0,0,1
38302,2,2,2,7,9,2,2,0,0,2,2,0,4,0,0,1
38303,2,2,2,7,9,2,3,1,1,,,4,4,1,0,1
38304,2,2,2,7,9,3,0,1,1,,,4,4,1,0,1
38305,2,2,2,7,9,3,1,0,0,2,2,0,4,0,0,1
38306,2,2,2,7,9,3,2,0,0,2,2,0,4,0,0,1
38307,2,2,2,7,9,3,3,1,1,,,4,4,1,0,1
38308,2,2,2,7,9,4,0,1,1,,,4,4,1,0,1
38309,2,2,2,7,9,4,1,0,0,2,2,0,4,0,0,1
38310,2,2,2,7,9,4,2,0,0,2,2,0,4,0,0,1
38311,2,2,2,7,9,4,3,1,1,,,4,4,1,0,1
38312,2,2,2,7,9,5,0,1,1,,,4,4,1,0,1
38313,2,2,2,7,9,5,1,0,0,2,2,0,4,0,0,1
38314,2,2,2,7,9,5,2,0,0,2,2,0,4,0,0,1
38315,2,2,2,7,9,5,3,1,1,,,4,4,1,0,1
38316,2,2,2,7,9,6,0,1,1,,,4,4,1,0,1
38317,2,2,2,7,9,6,1,0,0,2,2,0,4,0,0,1
38318,2,2,2,7,9,6,2,0,0,2,2,0,4,0,0,1
38319,2,2,2,7,9,6,3,1,1,,,4,4,1,0,1
38320,2,2,2,7,9,7,0,1,1,,,4,4,1,0,1
38321,2,2,2,7,9,7,1,0,0,2,2,0,4,0,0,1
38322,2,2,2,7,9,7,2,0,0,2,2,0,4,0,0,1
38323,2,2,2,7,9,7,3,1,1,,,4,4,1,0,1
38324,2,2,2,7,9,8,0,1,1,,,4,4,1,0,1
38325,2,2,2,7,9,8,1,0,0,2,2,0,4,0,0,1
38326,2,2,2,7,9,8,2,0,0,2,2,0,4,0,0,1
38327,2,2,2,7,9,8,3,1,1,,,4,4,1,0,1
38328,2,2,2,7,9,9,0,1,1,,,4,4,1,0,1
38329,2,2,2,7,9,9,1,0,0,2,2,0,4,0,0,1
38330,2,2,2,7,9,9,2,0,0,2,2,0,4,0,0,1
38331,2,2,2,7,9,9,3,1,1,,,4,4,1,0,1
38332,2,2,2,7,9,10,0,1,1,,,4,4,1,0,1
38333,2,2,2,7,9,10,1,0,0,2,2,0,4,0,0,1
38334,2,2,2,7,9,10,2,0,0,2,2,0,4,0,0,1
38335,2,2,2,7,9,10,3,1,1,,,4,4,1,0,1
38336,2,2,2,7,9,11,0,1,1,,,4,4,1,0,1
38337,2,2,2,7,9,11,1,0,0,2,2,0,4,0,0,1
38338,2,2,2,7,9,11,2,0,0,2,2,0,4,0,0,1
38339,2,2,2,7,9,11,3,1,1,,,4,4,1,0,1
38340,2,2,2,7,9,12,0,1,1,,,4,4,1,0,1
38341,2,2,2,7,9,12,1,0,0,2,2,0,4,0,0,1
38342,2,2,2,7,9,12,2,0,0,2,2,0,4,0,0,1
38343,2,2,2,7,9,12,3,1,1,,,4,4,1,0,1
38344,2,2,2,7,9,13,0,1,1,,,4,4,1,0,1
38345,2,2,2,7,9,13,1,0,0,2,2,0,4,0,0,1
38346,2,2,2,7,9,13,2,0,0,2,2,0,4,0,0,1
38347,2,2,2,7,9,13,3,1,1,,,4,4,1,0,1
38348,2,2,2,7,9,14,0,1,1,,,4,4,1,0,1
38349,2,2,2,7,9,14,1,0,0,2,2,0,4,0,0,1
38350,2,2,2,7,9,14,2,0,0,2,2,0,4,0,0,1
38351,2,2,2,7,9,14,3,1,1,,,4,4,1,0,1
38352,2,2,2,7,9,15,0,1,1,,,4,4,1,0,1
38353,2,2,2,7,9,15,1,0,0,2,2,0,4,0,0,1
38354,2,2,2,7,9,15,2,0,0,2,2,0,4,0,0,1
38355,2,2,2,7,9,15,3,1,1,,,4,4,1,0,1
38356,2,2,2,7,10,0,0,1,1,,,4,4,1,0,1
38357,2,2,2,7,10,0,1,0,0,2,2,0,4,0,0,1
38358,2,2,2,7,10,0,2,0,0,2,2,0,4,0,0,1
38359,2,2,2,7,10,0,3,1,1,,,4,4,1,0,1
38360,2,2,2,7,10,1,0,1,1,,,4,4,1,0,1
38361,2,2,2,7,10,1,1,0,0,2,2,0,4,0,0,1
38362,2,2,2,7,10,1,2,0,0,2,2,0,4,0,0,1
38363,2,2,2,7,10,1,3,1,1,,,4,4,1,0,1
38364,2,2,2,7,10,2,0,1,1,,,4,4,1,0,1
38365,2,2,2,7,10,2,1,0,0,2,2,0,4,0,0,1
38366,2,2,2,7,10,2,2,0,0,2,2,0,4,0,0,1
38367,2,2,2,7,10,2,3,1,1,,,4,4,1,0,1
38368,2,2,2,7,10,3,0,1,1,,,4,4,1,0,1
38369,2,2,2,7,10,3,1,0,0,2,2,0,4,0,0,1
38370,2,2,2,7,10,3,2,0,0,2,2,0,4,0,0,1
38371,2,2,2,7,10,3,3,1,1,,,4,4,1,0,1
38372,2,2,2,7,10,4,0,1,1,,,4,4,1,0,1
38373,2,2,2,7,10,4,1,0,0,2,2,0,4,0,0,1
38374,2,2,2,7,10,4,2,0,0,2,2,0,4,0,0,1
38375,2,2,2,7,10,4,3,1,1,,,4,4,1,0,1
38376,2,2,2,7,10,5,0,1,1,,,4,4,1,0,1
38377,2,2,2,7,10,5,1,0,0,2,2,0,4,0,0,1
38378,2,2,2,7,10,5,2,0,0,2,2,0,4,0,0,1
38379,2,2,2,7,10,5,3,1,1,,,4,4,1,0,1
38380,2,2,2,7,10,6,0,1,1,,,4,4,1,0,1
38381,2,2,2,7,10,6,1,0,0,2,2,0,4,0,0,1
38382,2,2,2,7,10,6,2,0,0,2,2,0,4,0,0,1
38383,2,2,2,7,10,6,3,1,1,,,4,4,1,0,1
38384,2,2,2,7,10,7,0,1,1,,,4,4,1,0,1
38385,2,2,2,7,10,7,1,0,0,2,2,0,4,0,0,1
38386,2,2,2,7,10,7,2,0,0,2,2,0,4,0,0,1
38387,2,2,2,7,10,7,3,1,1,,,4,4,1,0,1
38388,2,2,2,7,10,8,0,1,1,,,4,4,1,0,1
38389,2,2,2,7,10,8,1,0,0,2,2,0,4,0,0,1
38390,2,2,2,7,10,8,2,0,0,2,2,0,4,0,0,1
38391,2,2,2,7,10,8,3,1,1,,,4,4,1,0,1
38392,2,2,2,7,10,9,0,1,1,,,4,4,1,0,1
38393,2,2,2,7,10,9,1,0,0,2,2,0,4,0,0,1
38394,2,2,2,7,10,9,2,0,0,2,2,0,4,0,0,1
38395,2,2,2,7,10,9,3,1,1,,,4,4,1,0,1
38396,2,2,2,7,10,10,0,1,1,,,4,4,1,0,1
38397,2,2,2,7,10,10,1,0,0,2,2,0,4,0,0,1
38398,2,2,2,7,10,10,2,0,0,2,2,0,4,0,0,1
38399,2,2,2,7,10,10,3,1,1,,,4,4,1,0,1
38400,2,2,2,7,10,11,0,1,1,,,4,4,1,0,1
38401,2,2,2,7,10,11,1,0,0,2,2,0,4,0,0,1
38402,2,2,2,7,10,11,2,0,0,2,2,0,4,0,0,1
38403,2,2,2,7,10,11,3,1,1,,,4,4,1,0,1
38404,2,2,2,7,10,12,0,1,1,,,4,4,1,0,1
38405,2,2,2,7,10,12,1,0,0,2,2,0,4,0,0,1
38406,2,2,2,7,10,12,2,0,0,2,2,0,4,0,0,1
38407,2,2,2,7,10,12,3,1,1,,,4,4,1,0,1
38408,2,2,2,7,10,13,0,1,1,,,4,4,1,0,1
38409,2,2,2,7,10,13,1,0,0,2,2,0,4,0,0,1
38410,2,2,2,7,10,13,2,0,0,2,2,0,4,0,0,1
38411,2,2,2,7,10,13,3,1,1,,,4,4,1,0,1
38412,2,2,2,7,10,14,0,1,1,,,4,4,1,0,1
38413,2,2,2,7,10,14,1,0,0,2,2,0,4,0,0,1
38414,2,2,2,7,10,14,2,0,0,2,2,0,4,0,0,1
38415,2,2,2,7,10,14,3,1,1,,,4,4,1,0,1
38416,2,2,2,7,10,15,0,1,1,,,4,4,1,0,1
38417,2,2,2,7,10,15,1,0,0,2,2,0,4,0,0,1
38418,2,2,2,7,10,15,2,0,0,2,2,0,4,0,0,1
38419,2,2,2,7,10,15,3,1,1,,,4,4,1,0,1
38420,2,2,2,7,11,0,0,1,1,,,4,4,1,0,1
38421,2,2,2,7,11,0,1,0,0,2,2,0,4,0,0,1
38422,2,2,2,7,11,0,2,0,0,2,2,0,4,0,0,1
38423,2,2,2,7,11,0,3,1,1,,,4,4,1,0,1
38424,2,2,2,7,11,1,0,1,1,,,4,4,1,0,1
38425,2,2,2,7,11,1,1,0,0,2,2,0,4,0,0,1
38426,2,2,2,7,11,1,2,0,0,2,2,0,4,0,0,1
38427,2,2,2,7,11,1,3,1,1,,,4,4,1,0,1
38428,2,2,2,7,11,2,0,1,1,,,4,4,1,0,1
38429,2,2,2,7,11,2,1,0,0,2,2,0,4,0,0,1
38430,2,2,2,7,11,2,2,0,0,2,2,0,4,0,0,1
38431,2,2,2,7,11,2,3,1,1,,,4,4,1,0,1
38432,2,2,2,7,11,3,0,1,1,,,4,4,1,0,1
38433,2,2,2,7,11,3,1,0,0,2,2,0,4,0,0,1
38434,2,2,2,7,11,3,2,0,0,2,2,0,4,0,0,1
38435,2,2,2,7,11,3,3,1,1,,,4,4,1,0,1
38436,2,2,2,7,11,4,0,1,1,,,4,4,1,0,1
38437,2,2,2,7,11,4,1,0,0,2,2,0,4,0,0,1
38438,2,2,2,7,11,4,2,0,0,2,2,0,4,0,0,1
38439,2,2,2,7,11,4,3,1,1,,,4,4,1,0,1
38440,2,2,2,7,11,5,0,1,1,,,4,4,1,0,1
38441,2,2,2,7,11,5,1,0,0,2,2,0,4,0,0,1
38442,2,2,2,7,11,5,2,0,0,2,2,0,4,0,0,1
38443,2,2,2,7,11,5,3,1,1,,,4,4,1,0,1
38444,2,2,2,7,11,6,0,1,1,,,4,4,1,0,1
38445,2,2,2,7,11,6,1,0,0,2,2,0,4,0,0,1
38446,2,2,2,7,11,6,2,0,0,2,2,0,4,0,0,1
38447,2,2,2,7,11,6,3,1,1,,,4,4,1,0,1
38448,2,2,2,7,11,7,0,1,1,,,4,4,1,0,1
38449,2,2,2,7,11,7,1,0,0,2,2,0,4,0,0,1
38450,2,2,2,7,11,7,2,0,0,2,2,0,4,0,0,1
38451,2,2,2,7,11,7,3,1,1,,,4,4,1,0,1
38452,2,2,2,7,11,8,0,1,1,,,4,4,1,0,1
38453,2,2,2,7,11,8,1,0,0,2,2,0,4,0,0,1
38454,2,2,2,7,11,8,2,0,0,2,2,0,4,0,0,1
38455,2,2,2,7,11,8,3,1,1,,,4,4,1,0,1
38456,2,2,2,7,11,9,0,1,1,,,4,4,1,0,1
38457,2,2,2,7,11,9,1,0,0,2,2,0,4,0,0,1
38458,2,2,2,7,11,9,2,0,0,2,2,0,4,0,0,1
38459,2,2,2,7,11,9,3,1,1,,,4,4,1,0,1
38460,2,2,2,7,11,10,0,1,1,,,4,4,1,0,1
38461,2,2,2,7,11,10,1,0,0,2,2,0,4,0,0,1
38462,2,2,2,7,11,10,2,0,0,2,2,0,4,0,0,1
38463,2,2,2,7,11,10,3,1,1,,,4,4,1,0,1
38464,2,2,2,7,11,11,0,1,1,,,4,4,1,0,1
38465,2,2,2,7,11,11,1,0,0,2,2,0,4,0,0,1
38466,2,2,2,7,11,11,2,0,0,2,2,0,4,0,0,1
38467,2,2,2,7,11,11,3,1,1,,,4,4,1,0,1
38468,2,2,2,7,11,12,0,1,1,,,4,4,1,0,1
38469,2,2,2,7,11,12,1,0,0,2,2,0,4,0,0,1
38470,2,2,2,7,11,12,2,0,0,2,2,0,4,0,0,1
38471,2,2,2,7,11,12,3,1,1,,,4,4,1,0,1
38472,2,2,2,7,11,13,0,1,1,,,4,4,1,0,1
38473,2,2,2,7,11,13,1,0,0,2,2,0,4,0,0,1
38474,2,2,2,7,11,13,2,0,0,2,2,0,4,0,0,1
38475,2,2,2,7,11,13,3,1,1,,,4,4,1,0,1
38476,2,2,2,7,11,14,0,1,1,,,4,4,1,0,1
38477,2,2,2,7,11,14,1,0,0,2,2,0,4,0,0,1
38478,2,2,2,7,11,14,2,0,0,2,2,0,4,0,0,1
38479,2,2,2,7,11,14,3,1,1,,,4,4,1,0,1
38480,2,2,2,7,11,15,0,1,1,,,4,4,1,0,1
38481,2,2,2,7,11,15,1,0,0,2,2,0,4,0,0,1
38482,2,2,2,7,11,15,2,0,0,2,2,0,4,0,0,1
38483,2,2,2,7,11,15,3,1,1,,,4,4,1,0,1
38484,2,2,2,7,12,0,0,1,1,,,4,2,1,1,1
38485,2,2,2,7,12,0,1,1,1,,,1,2,1,1,1
38486,2,2,2,7,12,0,2,1,1,,,1,2,1,1,1
38487,2,2,2,7,12,0,3,1,1,,,4,2,1,1,1
38488,2,2,2,7,12,1,0,1,1,,,4,2,1,1,1
38489,2,2,2,7,12,1,1,1,1,,,1,2,1,1,1
38490,2,2,2,7,12,1,2,1,1,,,1,2,1,1,1
38491,2,2,2,7,12,1,3,1,1,,,4,2,1,1,1
38492,2,2,2,7,12,2,0,1,1,,,4,2,1,1,1
38493,2,2,2,7,12,2,1,1,1,,,1,2,1,1,1
38494,2,2,2,7,12,2,2,1,1,,,1,2,1,1,1
38495,2,2,2,7,12,2,3,1,1,,,4,2,1,1,1
38496,2,2,2,7,12,3,0,1,1,,,4,2,1,1,1
38497,2,2,2,7,12,3,1,1,1,,,1,2,1,1,1
38498,2,2,2,7,12,3,2,1,1,,,1,2,1,1,1
38499,2,2,2,7,12,3,3,1,1,,,4,2,1,1,1
38500,2,2,2,7,12,4,0,1,1,,,4,2,1,1,1
38501,2,2,2,7,12,4,1,1,1,,,1,2,1,1,1
38502,2,2,2,7,12,4,2,1,1,,,1,2,1,1,1
38503,2,2,2,7,12,4,3,1,1,,,4,2,1,1,1
38504,2,2,2,7,12,5,0,1,1,,,4,2,1,1,1
38505,2,2,2,7,12,5,1,1,1,,,1,2,1,1,1
38506,2,2,2,7,12,5,2,1,1,,,1,2,1,1,1
38507,2,2,2,7,12,5,3,1,1,,,4,2,1,1,1
38508,2,2,2,7,12,6,0,1,1,,,4,2,1,1,1
38509,2,2,2,7,12,6,1,1,1,,,1,2,1,1,1
38510,2,2,2,7,12,6,2,1,1,,,1,2,1,1,1
38511,2,2,2,7,12,6,3,1,1,,,4,2,1,1,1
38512,2,2,2,7,12,7,0,1,1,,,4,2,1,1,1
38513,2,2,2,7,12,7,1,1,1,,,1,2,1,1,1
38514,2,2,2,7,12,7,2,1,1,,,1,2,1,1,1
38515,2,2,2,7,12,7,3,1,1,,,4,2,1,1,1
38516,2,2,2,7,12,8,0,1,1,,,4,2,1,1,1
38517,2,2,2,7,12,8,1,1,1,,,1,2,1,1,1
38518,2,2,2,7,12,8,2,1,1,,,1,2,1,1,1
38519,2,2,2,7,12,8,3,1,1,,,4,2,1,1,1
38520,2,2,2,7,12,9,0,1,1,,,4,2,1,1,1
38521,2,2,2,7,12,9,1,1,1,,,1,2,1,1,1
38522,2,2,2,7,12,9,2,1,1,,,1,2,1,1,1
38523,2,2,2,7,12,9,3,1,1,,,4,2,1,1,1
38524,2,2,2,7,12,10,0,1,1,,,4,2,1,1,1
38525,2,2,2,7,12,10,1,1,1,,,1,2,1,1,1
38526,2,2,2,7,12,10,2,1,1,,,1,2,1,1,1
38527,2,2,2,7,12,10,3,1,1,,,4,2,1,1,1
38528,2,2,2,7,12,11,0,1,1,,,4,2,1,1,1
38529,2,2,2,7,12,11,1,1,1,,,1,2,1,1,1
38530,2,2,2,7,12,11,2,1,1,,,1,2,1,1,1
38531,2,2,2,7,12,11,3,1,1,,,4,2,1,1,1
38532,2,2,2,7,12,12,0,1,1,,,4,2,1,1,1
38533,2,2,2,7,12,12,1,1,1,,,1,2,1,1,1
38534,2,2,2,7,12,12,2,1,1,,,1,2,1,1,1
38535,2,2,2,7,12,12,3,1,1,,,4,2,1,1,1
38536,2,2,2,7,12,13,0,1,1,,,4,2,1,1,1
38537,2,2,2,7,12,13,1,1,1,,,1,2,1,1,1
38538,2,2,2,7,12,13,2,1,1,,,1,2,1,1,1
38539,2,2,2,7,12,13,3,1,1,,,4,2,1,1,1
38540,2,2,2,7,12,14,0,1,1,,,4,2,1,1,1
38541,2,2,2,7,12,14,1,1,1,,,1,2,1,1,1
38542,2,2,2,7,12,14,2,1,1,,,1,2,1,1,1
38543,2,2,2,7,12,14,3,1,1,,,4,2,1,1,1
38544,2,2,2,7,12,15,0,1,1,,,4,2,1,1,1
38545,2,2,2,7,12,15,1,1,1,,,1,2,1,1,1
38546,2,2,2,7,12,15,2,1,1,,,1,2,1,1,1
38547,2,2,2,7,12,15,3,1,1,,,4,2,1,1,1
38548,2,2,2,7,13,0,0,1,1,,,4,4,1,0,1
38549,2,2,2,7,13,0,1,0,0,2,2,0,4,0,0,1
38550,2,2,2,7,13,0,2,0,0,2,2,0,4,0,0,1
38551,2,2,2,7,13,0,3,1,1,,,4,4,1,0,1
38552,2,2,2,7,13,1,0,1,1,,,4,4,1,0,1
38553,2,2,2,7,13,1,1,0,0,2,2,0,4,0,0,1
38554,2,2,2,7,13,1,2,0,0,2,2,0,4,0,0,1
38555,2,2,2,7,13,1,3,1,1,,,4,4,1,0,1
38556,2,2,2,7,13,2,0,1,1,,,4,4,1,0,1
38557,2,2,2,7,13,2,1,0,0,2,2,0,4,0,0,1
38558,2,2,2,7,13,2,2,0,0,2,2,0,4,0,0,1
38559,2,2,2,7,13,2,3,1,1,,,4,4,1,0,1
38560,2,2,2,7,13,3,0,1,1,,,4,4,1,0,1
38561,2,2,2,7,13,3,1,0,0,2,2,0,4,0,0,1
38562,2,2,2,7,13,3,2,0,0,2,2,0,4,0,0,1
38563,2,2,2,7,13,3,3,1,1,,,4,4,1,0,1
38564,2,2,2,7,13,4,0,1,1,,,4,4,1,0,1
38565,2,2,2,7,13,4,1,0,0,2,2,0,4,0,0,1
38566,2,2,2,7,13,4,2,0,0,2,2,0,4,0,0,1
38567,2,2,2,7,13,4,3,1,1,,,4,4,1,0,1
38568,2,2,2,7,13,5,0,1,1,,,4,4,1,0,1
38569,2,2,2,7,13,5,1,0,0,2,2,0,4,0,0,1
38570,2,2,2,7,13,5,2,0,0,2,2,0,4,0,0,1
38571,2,2,2,7,13,5,3,1,1,,,4,4,1,0,1
38572,2,2,2,7,13,6,0,1,1,,,4,4,1,0,1
38573,2,2,2,7,13,6,1,0,0,2,2,0,4,0,0,1
38574,2,2,2,7,13,6,2,0,0,2,2,0,4,0,0,1
38575,2,2,2,7,13,6,3,1,1,,,4,4,1,0,1
38576,2,2,2,7,13,7,0,1,1,,,4,4,1,0,1
38577,2,2,2,7,13,7,1,0,0,2,2,0,4,0,0,1
38578,2,2,2,7,13,7,2,0,0,2,2,0,4,0,0,1
38579,2,2,2,7,13,7,3,1,1,,,4,4,1,0,1
38580,2,2,2,7,13,8,0,1,1,,,4,4,1,0,1
38581,2,2,2,7,13,8,1,0,0,2,2,0,4,0,0,1
38582,2,2,2,7,13,8,2,0,0,2,2,0,4,0,0,1
38583,2,2,2,7,13,8,3,1,1,,,4,4,1,0,1
38584,2,2,2,7,13,9,0,1,1,,,4,4,1,0,1
38585,2,2,2,7,13,9,1,0,0,2,2,0,4,0,0,1
38586,2,2,2,7,13,9,2,0,0,2,2,0,4,0,0,1
38587,2,2,2,7,13,9,3,1,1,,,4,4,1,0,1
38588,2,2,2,7,13,10,0,1,1,,,4,4,1,0,1
38589,2,2,2,7,13,10,1,0,0,2,2,0,4,0,0,1
38590,2,2,2,7,13,10,2,0,0,2,2,0,4,0,0,1
38591,2,2,2,7,13,10,3,1,1,,,4,4,1,0,1
38592,2,2,2,7,13,11,0,1,1,,,4,4,1,0,1
38593,2,2,2,7,13,11,1,0,0,2,2,0,4,0,0,1
38594,2,2,2,7,13,11,2,0,0,2,2,0,4,0,0,1
38595,2,2,2,7,13,11,3,1,1,,,4,4,1,0,1
38596,2,2,2,7,13,12,0,1,1,,,4,4,1,0,1
38597,2,2,2,7,13,12,1,0,0,2,2,0,4,0,0,1
38598,2,2,2,7,13,12,2,0,0,2,2,0,4,0,0,1
38599,2,2,2,7,13,12,3,1,1,,,4,4,1,0,1
38600,2,2,2,7,13,13,0,1,1,,,4,4,1,0,1
38601,2,2,2,7,13,13,1,0,0,2,2,0,4,0,0,1
38602,2,2,2,7,13,13,2,0,0,2,2,0,4,0,0,1
38603,2,2,2,7,13,13,3,1,1,,,4,4,1,0,1
38604,2,2,2,7,13,14,0,1,1,,,4,4,1,0,1
38605,2,2,2,7,13,14,1,0,0,2,2,0,4,0,0,1
38606,2,2,2,7,13,14,2,0,0,2,2,0,4,0,0,1
38607,2,2,2,7,13,14,3,1,1,,,4,4,1,0,1
38608,2,2,2,7,13,15,0,1,1,,,4,4,1,0,1
38609,2,2,2,7,13,15,1,0,0,2,2,0,4,0,0,1
38610,2,2,2,7,13,15,2,0,0,2,2,0,4,0,0,1
38611,2,2,2,7,13,15,3,1,1,,,4,4,1,0,1
38612,2,2,2,7,14,0,0,1,1,,,4,4,1,0,1
38613,2,2,2,7,14,0,1,0,0,2,2,0,4,0,0,1
38614,2,2,2,7,14,0,2,0,0,2,2,0,4,0,0,1
38615,2,2,2,7,14,0,3,1,1,,,4,4,1,0,1
38616,2,2,2,7,14,1,0,1,1,,,4,4,1,0,1
38617,2,2,2,7,14,1,1,0,0,2,2,0,4,0,0,1
38618,2,2,2,7,14,1,2,0,0,2,2,0,4,0,0,1
38619,2,2,2,7,14,1,3,1,1,,,4,4,1,0,1
38620,2,2,2,7,14,2,0,1,1,,,4,4,1,0,1
38621,2,2,2,7,14,2,1,0,0,2,2,0,4,0,0,1
38622,2,2,2,7,14,2,2,0,0,2,2,0,4,0,0,1
38623,2,2,2,7,14,2,3,1,1,,,4,4,1,0,1
38624,2,2,2,7,14,3,0,1,1,,,4,4,1,0,1
38625,2,2,2,7,14,3,1,0,0,2,2,0,4,0,0,1
38626,2,2,2,7,14,3,2,0,0,2,2,0,4,0,0,1
38627,2,2,2,7,14,3,3,1,1,,,4,4,1,0,1
38628,2,2,2,7,14,4,0,1,1,,,4,4,1,0,1
38629,2,2,2,7,14,4,1,0,0,2,2,0,4,0,0,1
38630,2,2,2,7,14,4,2,0,0,2,2,0,4,0,0,1
38631,2,2,2,7,14,4,3,1,1,,,4,4,1,0,1
38632,2,2,2,7,14,5,0,1,1,,,4,4,1,0,1
38633,2,2,2,7,14,5,1,0,0,2,2,0,4,0,0,1
38634,2,2,2,7,14,5,2,0,0,2,2,0,4,0,0,1
38635,2,2,2,7,14,5,3,1,1,,,4,4,1,0,1
38636,2,2,2,7,14,6,0,1,1,,,4,4,1,0,1
38637,2,2,2,7,14,6,1,0,0,2,2,0,4,0,0,1
38638,2,2,2,7,14,6,2,0,0,2,2,0,4,0,0,1
38639,2,2,2,7,14,6,3,1,1,,,4,4,1,0,1
38640,2,2,2,7,14,7,0,1,1,,,4,4,1,0,1
38641,2,2,2,7,14,7,1,0,0,2,2,0,4,0,0,1
38642,2,2,2,7,14,7,2,0,0,2,2,0,4,0,0,1
38643,2,2,2,7,14,7,3,1,1,,,4,4,1,0,1
38644,2,2,2,7,14,8,0,1,1,,,4,4,1,0,1
38645,2,2,2,7,14,8,1,0,0,2,2,0,4,0,0,1
38646,2,2,2,7,14,8,2,0,0,2,2,0,4,0,0,1
38647,2,2,2,7,14,8,3,1,1,,,4,4,1,0,1
38648,2,2,2,7,14,9,0,1,1,,,4,4,1,0,1
38649,2,2,2,7,14,9,1,0,0,2,2,0,4,0,0,1
38650,2,2,2,7,14,9,2,0,0,2,2,0,4,0,0,1
38651,2,2,2,7,14,9,3,1,1,,,4,4,1,0,1
38652,2,2,2,7,14,10,0,1,1,,,4,4,1,0,1
38653,2,2,2,7,14,10,1,0,0,2,2,0,4,0,0,1
38654,2,2,2,7,14,10,2,0,0,2,2,0,4,0,0,1
38655,2,2,2,7,14,10,3,1,1,,,4,4,1,0,1
38656,2,2,2,7,14,11,0,1,1,,,4,4,1,0,1
38657,2,2,2,7,14,11,1,0,0,2,2,0,4,0,0,1
38658,2,2,2,7,14,11,2,0,0,2,2,0,4,0,0,1
38659,2,2,2,7,14,11,3,1,1,,,4,4,1,0,1
38660,2,2,2,7,14,12,0,1,1,,,4,4,1,0,1
38661,2,2,2,7,14,12,1,0,0,2,2,0,4,0,0,1
38662,2,2,2,7,14,12,2,0,0,2,2,0,4,0,0,1
38663,2,2,2,7,14,12,3,1,1,,,4,4,1,0,1
38664,2,2,2,7,14,13,0,1,1,,,4,4,1,0,1
38665,2,2,2,7,14,13,1,0,0,2,2,0,4,0,0,1
38666,2,2,2,7,14,13,2,0,0,2,2,0,4,0,0,1
38667,2,2,2,7,14,13,3,1,1,,,4,4,1,0,1
38668,2,2,2,7,14,14,0,1,1,,,4,4,1,0,1
38669,2,2,2,7,14,14,1,0,0,2,2,0,4,0,0,1
38670,2,2,2,7,14,14,2,0,0,2,2,0,4,0,0,1
38671,2,2,2,7,14,14,3,1,1,,,4,4,1,0,1
38672,2,2,2,7,14,15,0,1,1,,,4,4,1,0,1
38673,2,2,2,7,14,15,1,0,0,2,2,0,4,0,0,1
38674,2,2,2,7,14,15,2,0,0,2,2,0,4,0,0,1
38675,2,2,2,7,14,15,3,1,1,,,4,4,1,0,1
38676,2,2,2,7,15,0,0,1,1,,,4,3,1,0,1
38677,2,2,2,7,15,0,1,0,0,2,2,0,3,0,0,1
38678,2,2,2,7,15,0,2,0,0,2,2,0,3,0,0,1
38679,2,2,2,7,15,0,3,1,1,,,4,3,1,0,1
38680,2,2,2,7,15,1,0,1,1,,,4,3,1,0,1
38681,2,2,2,7,15,1,1,0,0,2,2,0,3,0,0,1
38682,2,2,2,7,15,1,2,0,0,2,2,0,3,0,0,1
38683,2,2,2,7,15,1,3,1,1,,,4,3,1,0,1
38684,2,2,2,7,15,2,0,1,1,,,4,3,1,0,1
38685,2,2,2,7,15,2,1,0,0,2,2,0,3,0,0,1
38686,2,2,2,7,15,2,2,0,0,2,2,0,3,0,0,1
38687,2,2,2,7,15,2,3,1,1,,,4,3,1,0,1
38688,2,2,2,7,15,3,0,1,1,,,4,3,1,0,1
38689,2,2,2,7,15,3,1,0,0,2,2,0,3,0,0,1
38690,2,2,2,7,15,3,2,0,0,2,2,0,3,0,0,1
38691,2,2,2,7,15,3,3,1,1,,,4,3,1,0,1
38692,2,2,2,7,15,4,0,1,1,,,4,3,1,0,1
38693,2,2,2,7,15,4,1,0,0,2,2,0,3,0,0,1
38694,2,2,2,7,15,4,2,0,0,2,2,0,3,0,0,1
38695,2,2,2,7,15,4,3,1,1,,,4,3,1,0,1
38696,2,2,2,7,15,5,0,1,1,,,4,3,1,0,1
38697,2,2,2,7,15,5,1,0,0,2,2,0,3,0,0,1
38698,2,2,2,7,15,5,2,0,0,2,2,0,3,0,0,1
38699,2,2,2,7,15,5,3,1,1,,,4,3,1,0,1
38700,2,2,2,7,15,6,0,1,1,,,4,3,1,0,1
38701,2,2,2,7,15,6,1,0,0,2,2,0,3,0,0,1
38702,2,2,2,7,15,6,2,0,0,2,2,0,3,0,0,1
38703,2,2,2,7,15,6,3,1,1,,,4,3,1,0,1
38704,2,2,2,7,15,7,0,1,1,,,4,3,1,0,1
38705,2,2,2,7,15,7,1,0,0,2,2,0,3,0,0,1
38706,2,2,2,7,15,7,2,0,0,2,2,0,3,0,0,1
38707,2,2,2,7,15,7,3,1,1,,,4,3,1,0,1
38708,2,2,2,7,15,8,0,1,1,,,4,3,1,0,1
38709,2,2,2,7,15,8,1,0,0,2,2,0,3,0,0,1
38710,2,2,2,7,15,8,2,0,0,2,2,0,3,0,0,1
38711,2,2,2,7,15,8,3,1,1,,,4,3,1,0,1
38712,2,2,2,7,15,9,0,1,1,,,4,3,1,0,1
38713,2,2,2,7,15,9,1,0,0,2,2,0,3,0,0,1
38714,2,2,2,7,15,9,2,0,0,2,2,0,3,0,0,1
38715,2,2,2,7,15,9,3,1,1,,,4,3,1,0,1
38716,2,2,2,7,15,10,0,1,1,,,4,3,1,0,1
38717,2,2,2,7,15,10,1,0,0,2,2,0,3,0,0,1
38718,2,2,2,7,15,10,2,0,0,2,2,0,3,0,0,1
38719,2,2,2,7,15,10,3,1,1,,,4,3,1,0,1
38720,2,2,2,7,15,11,0,1,1,,,4,3,1,0,1
38721,2,2,2,7,15,11,1,0,0,2,2,0,3,0,0,1
38722,2,2,2,7,15,11,2,0,0,2,2,0,3,0,0,1
38723,2,2,2,7,15,11,3,1,1,,,4,3,1,0,1
38724,2,2,2,7,15,12,0,1,1,,,4,3,1,0,1
38725,2,2,2,7,15,12,1,0,0,2,2,0,3,0,0,1
38726,2,2,2,7,15,12,2,0,0,2,2,0,3,0,0,1
38727,2,2,2,7,15,12,3,1,1,,,4,3,1,0,1
38728,2,2,2,7,15,13,0,1,1,,,4,3,1,0,1
38729,2,2,2,7,15,13,1,0,0,2,2,0,3,0,0,1
38730,2,2,2,7,15,13,2,0,0,2,2,0,3,0,0,1
38731,2,2,2,7,15,13,3,1,1,,,4,3,1,0,1
38732,2,2,2,7,15,14,0,1,1,,,4,3,1,0,1
38733,2,2,2,7,15,14,1,0,0,2,2,0,3,0,0,1
38734,2,2,2,7,15,14,2,0,0,2,2,0,3,0,0,1
38735,2,2,2,7,15,14,3,1,1,,,4,3,1,0,1
38736,2,2,2,7,15,15,0,1,1,,,4,3,1,0,1
38737,2,2,2,7,15,15,1,0,0,2,2,0,3,0,0,1
38738,2,2,2,7,15,15,2,0,0,2,2,0,3,0,0,1
38739,2,2,2,7,15,15,3,1,1,,,4,3,1,0,1
38740,2,2,2,8,0,0,0,1,1,,,4,1,1,1,1
38741,2,2,2,8,0,0,1,1,1,,,2,1,1,1,1
38742,2,2,2,8,0,0,2,1,1,,,2,1,1,1,1
38743,2,2,2,8,0,0,3,1,1,,,4,1,1,1,1
38744,2,2,2,8,0,1,0,1,1,,,4,1,1,1,1
38745,2,2,2,8,0,1,1,1,1,,,2,1,1,1,1
38746,2,2,2,8,0,1,2,1,1,,,2,1,1,1,1
38747,2,2,2,8,0,1,3,1,1,,,4,1,1,1,1
38748,2,2,2,8,0,2,0,1,1,,,4,1,1,1,1
38749,2,2,2,8,0,2,1,1,1,,,2,1,1,1,1
38750,2,2,2,8,0,2,2,1,1,,,2,1,1,1,1
38751,2,2,2,8,0,2,3,1,1,,,4,1,1,1,1
38752,2,2,2,8,0,3,0,1,1,,,4,1,1,1,1
38753,2,2,2,8,0,3,1,1,1,,,2,1,1,1,1
38754,2,2,2,8,0,3,2,1,1,,,2,1,1,1,1
38755,2,2,2,8,0,3,3,1,1,,,4,1,1,1,1
38756,2,2,2,8,0,4,0,1,1,,,4,1,1,1,1
38757,2,2,2,8,0,4,1,1,1,,,2,1,1,1,1
38758,2,2,2,8,0,4,2,1,1,,,2,1,1,1,1
38759,2,2,2,8,0,4,3,1,1,,,4,1,1,1,1
38760,2,2,2,8,0,5,0,1,1,,,4,1,1,1,1
38761,2,2,2,8,0,5,1,1,1,,,2,1,1,1,1
38762,2,2,2,8,0,5,2,1,1,,,2,1,1,1,1
38763,2,2,2,8,0,5,3,1,1,,,4,1,1,1,1
38764,2,2,2,8,0,6,0,1,1,,,4,1,1,1,1
38765,2,2,2,8,0,6,1,1,1,,,2,1,1,1,1
38766,2,2,2,8,0,6,2,1,1,,,2,1,1,1,1
38767,2,2,2,8,0,6,3,1,1,,,4,1,1,1,1
38768,2,2,2,8,0,7,0,1,1,,,4,1,1,1,1
38769,2,2,2,8,0,7,1,1,1,,,2,1,1,1,1
38770,2,2,2,8,0,7,2,1,1,,,2,1,1,1,1
38771,2,2,2,8,0,7,3,1,1,,,4,1,1,1,1
38772,2,2,2,8,0,8,0,1,1,,,4,1,1,1,1
38773,2,2,2,8,0,8,1,1,1,,,2,1,1,1,1
38774,2,2,2,8,0,8,2,1,1,,,2,1,1,1,1
38775,2,2,2,8,0,8,3,1,1,,,4,1,1,1,1
38776,2,2,2,8,0,9,0,1,1,,,4,1,1,1,1
38777,2,2,2,8,0,9,1,1,1,,,2,1,1,1,1
38778,2,2,2,8,0,9,2,1,1,,,2,1,1,1,1
38779,2,2,2,8,0,9,3,1,1,,,4,1,1,1,1
38780,2,2,2,8,0,10,0,1,1,,,4,1,1,1,1
38781,2,2,2,8,0,10,1,1,1,,,2,1,1,1,1
38782,2,2,2,8,0,10,2,1,1,,,2,1,1,1,1
38783,2,2,2,8,0,10,3,1,1,,,4,1,1,1,1
38784,2,2,2,8,0,11,0,1,1,,,4,1,1,1,1
38785,2,2,2,8,0,11,1,1,1,,,2,1,1,1,1
38786,2,2,2,8,0,11,2,1,1,,,2,1,1,1,1
38787,2,2,2,8,0,11,3,1,1,,,4,1,1,1,1
38788,2,2,2,8,0,12,0,1,1,,,4,1,1,1,1
38789,2,2,2,8,0,12,1,1,1,,,2,1,1,1,1
38790,2,2,2,8,0,12,2,1,1,,,2,1,1,1,1
38791,2,2,2,8,0,12,3,1,1,,,4,1,1,1,1
38792,2,2,2,8,0,13,0,1,1,,,4,1,1,1,1
38793,2,2,2,8,0,13,1,1,1,,,2,1,1,1,1
38794,2,2,2,8,0,13,2,1,1,,,2,1,1,1,1
38795,2,2,2,8,0,13,3,1,1,,,4,1,1,1,1
38796,2,2,2,8,0,14,0,1,1,,,4,1,1,1,1
38797,2,2,2,8,0,14,1,1,1,,,2,1,1,1,1
38798,2,2,2,8,0,14,2,1,1,,,2,1,1,1,1
38799,2,2,2,8,0,14,3,1,1,,,4,1,1,1,1
38800,2,2,2,8,0,15,0,1,1,,,4,1,1,1,1
38801,2,2,2,8,0,15,1,1,1,,,2,1,1,1,1
38802,2,2,2,8,0,15,2,1,1,,,2,1,1,1,1
38803,2,2,2,8,0,15,3,1,1,,,4,1,1,1,1
38804,2,2,2,8,1,0,0,1,1,,,4,2,1,0,1
38805,2,2,2,8,1,0,1,0,0,1,1,0,2,0,0,1
38806,2,2,2,8,1,0,2,0,0,1,1,0,2,0,0,1
38807,2,2,2,8,1,0,3,1,1,,,4,2,1,0,1
38808,2,2,2,8,1,1,0,1,1,,,4,2,1,0,1
38809,2,2,2,8,1,1,1,0,0,1,1,0,2,0,0,1
38810,2,2,2,8,1,1,2,0,0,1,1,0,2,0,0,1
38811,2,2,2,8,1,1,3,1,1,,,4,2,1,0,1
38812,2,2,2,8,1,2,0,1,1,,,4,2,1,0,1
38813,2,2,2,8,1,2,1,0,0,1,1,0,2,0,0,1
38814,2,2,2,8,1,2,2,0,0,1,1,0,2,0,0,1
38815,2,2,2,8,1,2,3,1,1,,,4,2,1,0,1
38816,2,2,2,8,1,3,0,1,1,,,4,2,1,0,1
38817,2,2,2,8,1,3,1,0,0,1,1,0,2,0,0,1
38818,2,2,2,8,1,3,2,0,0,1,1,0,2,0,0,1
38819,2,2,2,8,1,3,3,1,1,,,4,2,1,0,1
38820,2,2,2,8,1,4,0,1,1,,,4,2,1,0,1
38821,2,2,2,8,1,4,1,0,0,1,1,0,2,0,0,1
38822,2,2,2,8,1,4,2,0,0,1,1,0,2,0,0,1
38823,2,2,2,8,1,4,3,1,1,,,4,2,1,0,1
38824,2,2,2,8,1,5,0,1,1,,,4,2,1,0,1
38825,2,2,2,8,1,5,1,0,0,1,1,0,2,0,0,1
38826,2,2,2,8,1,5,2,0,0,1,1,0,2,0,0,1
38827,2,2,2,8,1,5,3,1,1,,,4,2,1,0,1
38828,2,2,2,8,1,6,0,1,1,,,4,2,1,0,1
38829,2,2,2,8,1,6,1,0,0,1,1,0,2,0,0,1
38830,2,2,2,8,1,6,2,0,0,1,1,0,2,0,0,1
38831,2,2,2,8,1,6,3,1,1,,,4,2,1,0,1
38832,2,2,2,8,1,7,0,1,1,,,4,2,1,0,1
38833,2,2,2,8,1,7,1,0,0,1,1,0,2,0,0,1
38834,2,2,2,8,1,7,2,0,0,1,1,0,2,0,0,1
38835,2,2,2,8,1,7,3,1,1,,,4,2,1,0,1
38836,2,2,2,8,1,8,0,1,1,,,4,2,1,0,1
38837,2,2,2,8,1,8,1,0,0,1,1,0,2,0,0,1
38838,2,2,2,8,1,8,2,0,0,1,1,0,2,0,0,1
38839,2,2,2,8,1,8,3,1,1,,,4,2,1,0,1
38840,2,2,2,8,1,9,0,1,1,,,4,2,1,0,1
38841,2,2,2,8,1,9,1,0,0,1,1,0,2,0,0,1
38842,2,2,2,8,1,9,2,0,0,1,1,0,2,0,0,1
38843,2,2,2,8,1,9,3,1,1,,,4,2,1,0,1
38844,2,2,2,8,1,10,0,1,1,,,4,2,1,0,1
38845,2,2,2,8,1,10,1,0,0,1,1,0,2,0,0,1
38846,2,2,2,8,1,10,2,0,0,1,1,0,2,0,0,1
38847,2,2,2,8,1,10,3,1,1,,,4,2,1,0,1
38848,2,2,2,8,1,11,0,1,1,,,4,2,1,0,1
38849,2,2,2,8,1,11,1,0,0,1,1,0,2,0,0,1
38850,2,2,2,8,1,11,2,0,0,1,1,0,2,0,0,1
38851,2,2,2,8,1,11,3,1,1,,,4,2,1,0,1
38852,2,2,2,8,1,12,0,1,1,,,4,2,1,0,1
38853,2,2,2,8,1,12,1,0,0,1,1,0,2,0,0,1
38854,2,2,2,8,1,12,2,0,0,1,1,0,2,0,0,1
38855,2,2,2,8,1,12,3,1,1,,,4,2,1,0,1
38856,2,2,2,8,1,13,0,1,1,,,4,2,1,0,1
38857,2,2,2,8,1,13,1,0,0,1,1,0,2,0,0,1
38858,2,2,2,8,1,13,2,0,0,1,1,0,2,0,0,1
38859,2,2,2,8,1,13,3,1,1,,,4,2,1,0,1
38860,2,2,2,8,1,14,0,1,1,,,4,2,1,0,1
38861,2,2,2,8,1,14,1,0,0,1,1,0,2,0,0,1
38862,2,2,2,8,1,14,2,0,0,1,1,0,2,0,0,1
38863,2,2,2,8,1,14,3,1,1,,,4,2,1,0,1
38864,2,2,2,8,1,15,0,1,1,,,4,2,1,0,1
38865,2,2,2,8,1,15,1,0,0,1,1,0,2,0,0,1
38866,2,2,2,8,1,15,2,0,0,1,1,0,2,0,0,1
38867,2,2,2,8,1,15,3,1,1,,,4,2,1,0,1
38868,2,2,2,8,2,0,0,1,1,,,4,2,1,0,1
38869,2,2,2,8,2,0,1,0,0,1,1,0,2,0,0,1
38870,2,2,2,8,2,0,2,0,0,1,1,0,2,0,0,1
38871,2,2,2,8,2,0,3,1,1,,,4,2,1,0,1
38872,2,2,2,8,2,1,0,1,1,,,4,2,1,0,1
38873,2,2,2,8,2,1,1,0,0,1,1,0,2,0,0,1
38874,2,2,2,8,2,1,2,0,0,1,1,0,2,0,0,1
38875,2,2,2,8,2,1,3,1,1,,,4,2,1,0,1
38876,2,2,2,8,2,2,0,1,1,,,4,2,1,0,1
38877,2,2,2,8,2,2,1,0,0,1,1,0,2,0,0,1
38878,2,2,2,8,2,2,2,0,0,1,1,0,2,0,0,1
38879,2,2,2,8,2,2,3,1,1,,,4,2,1,0,1
38880,2,2,2,8,2,3,0,1,1,,,4,2,1,0,1
38881,2,2,2,8,2,3,1,0,0,1,1,0,2,0,0,1
38882,2,2,2,8,2,3,2,0,0,1,1,0,2,0,0,1
38883,2,2,2,8,2,3,3,1,1,,,4,2,1,0,1
38884,2,2,2,8,2,4,0,1,1,,,4,2,1,0,1
38885,2,2,2,8,2,4,1,0,0,1,1,0,2,0,0,1
38886,2,2,2,8,2,4,2,0,0,1,1,0,2,0,0,1
38887,2,2,2,8,2,4,3,1,1,,,4,2,1,0,1
38888,2,2,2,8,2,5,0,1,1,,,4,2,1,0,1
38889,2,2,2,8,2,5,1,0,0,1,1,0,2,0,0,1
38890,2,2,2,8,2,5,2,0,0,1,1,0,2,0,0,1
38891,2,2,2,8,2,5,3,1,1,,,4,2,1,0,1
38892,2,2,2,8,2,6,0,1,1,,,4,2,1,0,1
38893,2,2,2,8,2,6,1,0,0,1,1,0,2,0,0,1
38894,2,2,2,8,2,6,2,0,0,1,1,0,2,0,0,1
38895,2,2,2,8,2,6,3,1,1,,,4,2,1,0,1
38896,2,2,2,8,2,7,0,1,1,,,4,2,1,0,1
38897,2,2,2,8,2,7,1,0,0,1,1,0,2,0,0,1
38898,2,2,2,8,2,7,2,0,0,1,1,0,2,0,0,1
38899,2,2,2,8,2,7,3,1,1,,,4,2,1,0,1
38900,2,2,2,8,2,8,0,1,1,,,4,2,1,0,1
38901,2,2,2,8,2,8,1,0,0,1,1,0,2,0,0,1
38902,2,2,2,8,2,8,2,0,0,1,1,0,2,0,0,1
38903,2,2,2,8,2,8,3,1,1,,,4,2,1,0,1
38904,2,2,2,8,2,9,0,1,1,,,4,2,1,0,1
38905,2,2,2,8,2,9,1,0,0,1,1,0,2,0,0,1
38906,2,2,2,8,2,9,2,0,0,1,1,0,2,0,0,1
38907,2,2,2,8,2,9,3,1,1,,,4,2,1,0,1
38908,2,2,2,8,2,10,0,1,1,,,4,2,1,0,1
38909,2,2,2,8,2,10,1,0,0,1,1,0,2,0,0,1
38910,2,2,2,8,2,10,2,0,0,1,1,0,2,0,0,1
38911,2,2,2,8,2,10,3,1,1,,,4,2,1,0,1
38912,2,2,2,8,2,11,0,1,1,,,4,2,1,0,1
38913,2,2,2,8,2,11,1,0,0,1,1,0,2,0,0,1
38914,2,2,2,8,2,11,2,0,0,1,1,0,2,0,0,1
38915,2,2,2,8,2,11,3,1,1,,,4,2,1,0,1
38916,2,2,2,8,2,12,0,1,1,,,4,2,1,0,1
38917,2,2,2,8,2,12,1,0,0,1,1,0,2,0,0,1
38918,2,2,2,8,2,12,2,0,0,1,1,0,2,0,0,1
38919,2,2,2,8,2,12,3,1,1,,,4,2,1,0,1
38920,2,2,2,8,2,13,0,1,1,,,4,2,1,0,1
38921,2,2,2,8,2,13,1,0,0,1,1,0,2,0,0,1
38922,2,2,2,8,2,13,2,0,0,1,1,0,2,0,0,1
38923,2,2,2,8,2,13,3,1,1,,,4,2,1,0,1
38924,2,2,2,8,2,14,0,1,1,,,4,2,1,0,1
38925,2,2,2,8,2,14,1,0,0,1,1,0,2,0,0,1
38926,2,2,2,8,2,14,2,0,0,1,1,0,2,0,0,1
38927,2,2,2,8,2,14,3,1,1,,,4,2,1,0,1
38928,2,2,2,8,2,15,0,1,1,,,4,2,1,0,1
38929,2,2,2,8,2,15,1,0,0,1,1,0,2,0,0,1
38930,2,2,2,8,2,15,2,0,0,1,1,0,2,0,0,1
38931,2,2,2,8,2,15,3,1,1,,,4,2,1,0,1
38932,2,2,2,8,3,0,0,1,1,,,4,2,1,0,1
38933,2,2,2,8,3,0,1,0,0,1,1,0,2,0,0,1
38934,2,2,2,8,3,0,2,0,0,1,1,0,2,0,0,1
38935,2,2,2,8,3,0,3,1,1,,,4,2,1,0,1
38936,2,2,2,8,3,1,0,1,1,,,4,2,1,0,1
38937,2,2,2,8,3,1,1,0,0,1,1,0,2,0,0,1
38938,2,2,2,8,3,1,2,0,0,1,1,0,2,0,0,1
38939,2,2,2,8,3,1,3,1,1,,,4,2,1,0,1
38940,2,2,2,8,3,2,0,1,1,,,4,2,1,0,1
38941,2,2,2,8,3,2,1,0,0,1,1,0,2,0,0,1
38942,2,2,2,8,3,2,2,0,0,1,1,0,2,0,0,1
38943,2,2,2,8,3,2,3,1,1,,,4,2,1,0,1
38944,2,2,2,8,3,3,0,1,1,,,4,2,1,0,1
38945,2,2,2,8,3,3,1,0,0,1,1,0,2,0,0,1
38946,2,2,2,8,3,3,2,0,0,1,1,0,2,0,0,1
38947,2,2,2,8,3,3,3,1,1,,,4,2,1,0,1
38948,2,2,2,8,3,4,0,1,1,,,4,2,1,0,1
38949,2,2,2,8,3,4,1,0,0,1,1,0,2,0,0,1
38950,2,2,2,8,3,4,2,0,0,1,1,0,2,0,0,1
38951,2,2,2,8,3,4,3,1,1,,,4,2,1,0,1
38952,2,2,2,8,3,5,0,1,1,,,4,2,1,0,1
38953,2,2,2,8,3,5,1,0,0,1,1,0,2,0,0,1
38954,2,2,2,8,3,5,2,0,0,1,1,0,2,0,0,1
38955,2,2,2,8,3,5,3,1,1,,,4,2,1,0,1
38956,2,2,2,8,3,6,0,1,1,,,4,2,1,0,1
38957,2,2,2,8,3,6,1,0,0,1,1,0,2,0,0,1
38958,2,2,2,8,3,6,2,0,0,1,1,0,2,0,0,1
38959,2,2,2,8,3,6,3,1,1,,,4,2,1,0,1
38960,2,2,2,8,3,7,0,1,1,,,4,2,1,0,1
38961,2,2,2,8,3,7,1,0,0,1,1,0,2,0,0,1
38962,2,2,2,8,3,7,2,0,0,1,1,0,2,0,0,1
38963,2,2,2,8,3,7,3,1,1,,,4,2,1,0,1
38964,2,2,2,8,3,8,0,1,1,,,4,2,1,0,1
38965,2,2,2,8,3,8,1,0,0,1,1,0,2,0,0,1
38966,2,2,2,8,3,8,2,0,0,1,1,0,2,0,0,1
38967,2,2,2,8,3,8,3,1,1,,,4,2,1,0,1
38968,2,2,2,8,3,9,0,1,1,,,4,2,1,0,1
38969,2,2,2,8,3,9,1,0,0,1,1,0,2,0,0,1
38970,2,2,2,8,3,9,2,0,0,1,1,0,2,0,0,1
38971,2,2,2,8,3,9,3,1,1,,,4,2,1,0,1
38972,2,2,2,8,3,10,0,1,1,,,4,2,1,0,1
38973,2,2,2,8,3,10,1,0,0,1,1,0,2,0,0,1
38974,2,2,2,8,3,10,2,0,0,1,1,0,2,0,0,1
38975,2,2,2,8,3,10,3,1,1,,,4,2,1,0,1
38976,2,2,2,8,3,11,0,1,1,,,4,2,1,0,1
38977,2,2,2,8,3,11,1,0,0,1,1,0,2,0,0,1
38978,2,2,2,8,3,11,2,0,0,1,1,0,2,0,0,1
38979,2,2,2,8,3,11,3,1,1,,,4,2,1,0,1
38980,2,2,2,8,3,12,0,1,1,,,4,2,1,0,1
38981,2,2,2,8,3,12,1,0,0,1,1,0,2,0,0,1
38982,2,2,2,8,3,12,2,0,0,1,1,0,2,0,0,1
38983,2,2,2,8,3,12,3,1,1,,,4,2,1,0,1
38984,2,2,2,8,3,13,0,1,1,,,4,2,1,0,1
38985,2,2,2,8,3,13,1,0,0,1,1,0,2,0,0,1
38986,2,2,2,8,3,13,2,0,0,1,1,0,2,0,0,1
38987,2,2,2,8,3,13,3,1,1,,,4,2,1,0,1
38988,2,2,2,8,3,14,0,1,1,,,4,2,1,0,1
38989,2,2,2,8,3,14,1,0,0,1,1,0,2,0,0,1
38990,2,2,2,8,3,14,2,0,0,1,1,0,2,0,0,1
38991,2,2,2,8,3,14,3,1,1,,,4,2,1,0,1
38992,2,2,2,8,3,15,0,1,1,,,4,2,1,0,1
38993,2,2,2,8,3,15,1,0,0,1,1,0,2,0,0,1
38994,2,2,2,8,3,15,2,0,0,1,1,0,2,0,0,1
38995,2,2,2,8,3,15,3,1,1,,,4,2,1,0,1
38996,2,2,2,8,4,0,0,1,1,,,4,1,1,1,1
38997,2,2,2,8,4,0,1,1,1,,,2,1,1,1,1
38998,2,2,2,8,4,0,2,1,1,,,2,1,1,1,1
38999,2,2,2,8,4,0,3,1,1,,,4,1,1,1,1
39000,2,2,2,8,4,1,0,1,1,,,4,1,1,1,1
39001,2,2,2,8,4,1,1,1,1,,,2,1,1,1,1
39002,2,2,2,8,4,1,2,1,1,,,2,1,1,1,1
39003,2,2,2,8,4,1,3,1,1,,,4,1,1,1,1
39004,2,2,2,8,4,2,0,1,1,,,4,1,1,1,1
39005,2,2,2,8,4,2,1,1,1,,,2,1,1,1,1
39006,2,2,2,8,4,2,2,1,1,,,2,1,1,1,1
39007,2,2,2,8,4,2,3,1,1,,,4,1,1,1,1
39008,2,2,2,8,4,3,0,1,1,,,4,1,1,1,1
39009,2,2,2,8,4,3,1,1,1,,,2,1,1,1,1
39010,2,2,2,8,4,3,2,1,1,,,2,1,1,1,1
39011,2,2,2,8,4,3,3,1,1,,,4,1,1,1,1
39012,2,2,2,8,4,4,0,1,1,,,4,1,1,1,1
39013,2,2,2,8,4,4,1,1,1,,,2,1,1,1,1
39014,2,2,2,8,4,4,2,1,1,,,2,1,1,1,1
39015,2,2,2,8,4,4,3,1,1,,,4,1,1,1,1
39016,2,2,2,8,4,5,0,1,1,,,4,1,1,1,1
39017,2,2,2,8,4,5,1,1,1,,,2,1,1,1,1
39018,2,2,2,8,4,5,2,1,1,,,2,1,1,1,1
39019,2,2,2,8,4,5,3,1,1,,,4,1,1,1,1
39020,2,2,2,8,4,6,0,1,1,,,4,1,1,1,1
39021,2,2,2,8,4,6,1,1,1,,,2,1,1,1,1
39022,2,2,2,8,4,6,2,1,1,,,2,1,1,1,1
39023,2,2,2,8,4,6,3,1,1,,,4,1,1,1,1
39024,2,2,2,8,4,7,0,1,1,,,4,1,1,1,1
39025,2,2,2,8,4,7,1,1,1,,,2,1,1,1,1
39026,2,2,2,8,4,7,2,1,1,,,2,1,1,1,1
39027,2,2,2,8,4,7,3,1,1,,,4,1,1,1,1
39028,2,2,2,8,4,8,0,1,1,,,4,1,1,1,1
39029,2,2,2,8,4,8,1,1,1,,,2,1,1,1,1
39030,2,2,2,8,4,8,2,1,1,,,2,1,1,1,1
39031,2,2,2,8,4,8,3,1,1,,,4,1,1,1,1
39032,2,2,2,8,4,9,0,1,1,,,4,1,1,1,1
39033,2,2,2,8,4,9,1,1,1,,,2,1,1,1,1
39034,2,2,2,8,4,9,2,1,1,,,2,1,1,1,1
39035,2,2,2,8,4,9,3,1,1,,,4,1,1,1,1
39036,2,2,2,8,4,10,0,1,1,,,4,1,1,1,1
39037,2,2,2,8,4,10,1,1,1,,,2,1,1,1,1
39038,2,2,2,8,4,10,2,1,1,,,2,1,1,1,1
39039,2,2,2,8,4,10,3,1,1,,,4,1,1,1,1
39040,2,2,2,8,4,11,0,1,1,,,4,1,1,1,1
39041,2,2,2,8,4,11,1,1,1,,,2,1,1,1,1
39042,2,2,2,8,4,11,2,1,1,,,2,1,1,1,1
39043,2,2,2,8,4,11,3,1,1,,,4,1,1,1,1
39044,2,2,2,8,4,12,0,1,1,,,4,1,1,1,1
39045,2,2,2,8,4,12,1,1,1,,,2,1,1,1,1
39046,2,2,2,8,4,12,2,1,1,,,2,1,1,1,1
39047,2,2,2,8,4,12,3,1,1,,,4,1,1,1,1
39048,2,2,2,8,4,13,0,1,1,,,4,1,1,1,1
39049,2,2,2,8,4,13,1,1,1,,,2,1,1,1,1
39050,2,2,2,8,4,13,2,1,1,,,2,1,1,1,1
39051,2,2,2,8,4,13,3,1,1,,,4,1,1,1,1
39052,2,2,2,8,4,14,0,1,1,,,4,1,1,1,1
39053,2,2,2,8,4,14,1,1,1,,,2,1,1,1,1
39054,2,2,2,8,4,14,2,1,1,,,2,1,1,1,1
39055,2,2,2,8,4,14,3,1,1,,,4,1,1,1,1
39056,2,2,2,8,4,15,0,1,1,,,4,1,1,1,1
39057,2,2,2,8,4,15,1,1,1,,,2,1,1,1,1
39058,2,2,2,8,4,15,2,1,1,,,2,1,1,1,1
39059,2,2,2,8,4,15,3,1,1,,,4,1,1,1,1
39060,2,2,2,8,5,0,0,1,1,,,4,2,1,0,1
39061,2,2,2,8,5,0,1,0,0,1,1,0,2,0,0,1
39062,2,2,2,8,5,0,2,0,0,1,1,0,2,0,0,1
39063,2,2,2,8,5,0,3,1,1,,,4,2,1,0,1
39064,2,2,2,8,5,1,0,1,1,,,4,2,1,0,1
39065,2,2,2,8,5,1,1,0,0,1,1,0,2,0,0,1
39066,2,2,2,8,5,1,2,0,0,1,1,0,2,0,0,1
39067,2,2,2,8,5,1,3,1,1,,,4,2,1,0,1
39068,2,2,2,8,5,2,0,1,1,,,4,2,1,0,1
39069,2,2,2,8,5,2,1,0,0,1,1,0,2,0,0,1
39070,2,2,2,8,5,2,2,0,0,1,1,0,2,0,0,1
39071,2,2,2,8,5,2,3,1,1,,,4,2,1,0,1
39072,2,2,2,8,5,3,0,1,1,,,4,2,1,0,1
39073,2,2,2,8,5,3,1,0,0,1,1,0,2,0,0,1
39074,2,2,2,8,5,3,2,0,0,1,1,0,2,0,0,1
39075,2,2,2,8,5,3,3,1,1,,,4,2,1,0,1
39076,2,2,2,8,5,4,0,1,1,,,4,2,1,0,1
39077,2,2,2,8,5,4,1,0,0,1,1,0,2,0,0,1
39078,2,2,2,8,5,4,2,0,0,1,1,0,2,0,0,1
39079,2,2,2,8,5,4,3,1,1,,,4,2,1,0,1
39080,2,2,2,8,5,5,0,1,1,,,4,2,1,0,1
39081,2,2,2,8,5,5,1,0,0,1,1,0,2,0,0,1
39082,2,2,2,8,5,5,2,0,0,1,1,0,2,0,0,1
39083,2,2,2,8,5,5,3,1,1,,,4,2,1,0,1
39084,2,2,2,8,5,6,0,1,1,,,4,2,1,0,1
39085,2,2,2,8,5,6,1,0,0,1,1,0,2,0,0,1
39086,2,2,2,8,5,6,2,0,0,1,1,0,2,0,0,1
39087,2,2,2,8,5,6,3,1,1,,,4,2,1,0,1
39088,2,2,2,8,5,7,0,1,1,,,4,2,1,0,1
39089,2,2,2,8,5,7,1,0,0,1,1,0,2,0,0,1
39090,2,2,2,8,5,7,2,0,0,1,1,0,2,0,0,1
39091,2,2,2,8,5,7,3,1,1,,,4,2,1,0,1
39092,2,2,2,8,5,8,0,1,1,,,4,2,1,0,1
39093,2,2,2,8,5,8,1,0,0,1,1,0,2,0,0,1
39094,2,2,2,8,5,8,2,0,0,1,1,0,2,0,0,1
39095,2,2,2,8,5,8,3,1,1,,,4,2,1,0,1
39096,2,2,2,8,5,9,0,1,1,,,4,2,1,0,1
39097,2,2,2,8,5,9,1,0,0,1,1,0,2,0,0,1
39098,2,2,2,8,5,9,2,0,0,1,1,0,2,0,0,1
39099,2,2,2,8,5,9,3,1,1,,,4,2,1,0,1
39100,2,2,2,8,5,10,0,1,1,,,4,2,1,0,1
39101,2,2,2,8,5,10,1,0,0,1,1,0,2,0,0,1
39102,2,2,2,8,5,10,2,0,0,1,1,0,2,0,0,1
39103,2,2,2,8,5,10,3,1,1,,,4,2,1,0,1
39104,2,2,2,8,5,11,0,1,1,,,4,2,1,0,1
39105,2,2,2,8,5,11,1,0,0,1,1,0,2,0,0,1
39106,2,2,2,8,5,11,2,0,0,1,1,0,2,0,0,1
39107,2,2,2,8,5,11,3,1,1,,,4,2,1,0,1
39108,2,2,2,8,5,12,0,1,1,,,4,2,1,0,1
39109,2,2,2,8,5,12,1,0,0,1,1,0,2,0,0,1
39110,2,2,2,8,5,12,2,0,0,1,1,0,2,0,0,1
39111,2,2,2,8,5,12,3,1,1,,,4,2,1,0,1
39112,2,2,2,8,5,13,0,1,1,,,4,2,1,0,1
39113,2,2,2,8,5,13,1,0,0,1,1,0,2,0,0,1
39114,2,2,2,8,5,13,2,0,0,1,1,0,2,0,0,1
39115,2,2,2,8,5,13,3,1,1,,,4,2,1,0,1
39116,2,2,2,8,5,14,0,1,1,,,4,2,1,0,1
39117,2,2,2,8,5,14,1,0,0,1,1,0,2,0,0,1
39118,2,2,2,8,5,14,2,0,0,1,1,0,2,0,0,1
39119,2,2,2,8,5,14,3,1,1,,,4,2,1,0,1
39120,2,2,2,8,5,15,0,1,1,,,4,2,1,0,1
39121,2,2,2,8,5,15,1,0,0,1,1,0,2,0,0,1
39122,2,2,2,8,5,15,2,0,0,1,1,0,2,0,0,1
39123,2,2,2,8,5,15,3,1,1,,,4,2,1,0,1
39124,2,2,2,8,6,0,0,1,1,,,4,2,1,0,1
39125,2,2,2,8,6,0,1,0,0,1,1,0,2,0,0,1
39126,2,2,2,8,6,0,2,0,0,1,1,0,2,0,0,1
39127,2,2,2,8,6,0,3,1,1,,,4,2,1,0,1
39128,2,2,2,8,6,1,0,1,1,,,4,2,1,0,1
39129,2,2,2,8,6,1,1,0,0,1,1,0,2,0,0,1
39130,2,2,2,8,6,1,2,0,0,1,1,0,2,0,0,1
39131,2,2,2,8,6,1,3,1,1,,,4,2,1,0,1
39132,2,2,2,8,6,2,0,1,1,,,4,2,1,0,1
39133,2,2,2,8,6,2,1,0,0,1,1,0,2,0,0,1
39134,2,2,2,8,6,2,2,0,0,1,1,0,2,0,0,1
39135,2,2,2,8,6,2,3,1,1,,,4,2,1,0,1
39136,2,2,2,8,6,3,0,1,1,,,4,2,1,0,1
39137,2,2,2,8,6,3,1,0,0,1,1,0,2,0,0,1
39138,2,2,2,8,6,3,2,0,0,1,1,0,2,0,0,1
39139,2,2,2,8,6,3,3,1,1,,,4,2,1,0,1
39140,2,2,2,8,6,4,0,1,1,,,4,2,1,0,1
39141,2,2,2,8,6,4,1,0,0,1,1,0,2,0,0,1
39142,2,2,2,8,6,4,2,0,0,1,1,0,2,0,0,1
39143,2,2,2,8,6,4,3,1,1,,,4,2,1,0,1
39144,2,2,2,8,6,5,0,1,1,,,4,2,1,0,1
39145,2,2,2,8,6,5,1,0,0,1,1,0,2,0,0,1
39146,2,2,2,8,6,5,2,0,0,1,1,0,2,0,0,1
39147,2,2,2,8,6,5,3,1,1,,,4,2,1,0,1
39148,2,2,2,8,6,6,0,1,1,,,4,2,1,0,1
39149,2,2,2,8,6,6,1,0,0,1,1,0,2,0,0,1
39150,2,2,2,8,6,6,2,0,0,1,1,0,2,0,0,1
39151,2,2,2,8,6,6,3,1,1,,,4,2,1,0,1
39152,2,2,2,8,6,7,0,1,1,,,4,2,1,0,1
39153,2,2,2,8,6,7,1,0,0,1,1,0,2,0,0,1
39154,2,2,2,8,6,7,2,0,0,1,1,0,2,0,0,1
39155,2,2,2,8,6,7,3,1,1,,,4,2,1,0,1
39156,2,2,2,8,6,8,0,1,1,,,4,2,1,0,1
39157,2,2,2,8,6,8,1,0,0,1,1,0,2,0,0,1
39158,2,2,2,8,6,8,2,0,0,1,1,0,2,0,0,1
39159,2,2,2,8,6,8,3,1,1,,,4,2,1,0,1
39160,2,2,2,8,6,9,0,1,1,,,4,2,1,0,1
39161,2,2,2,8,6,9,1,0,0,1,1,0,2,0,0,1
39162,2,2,2,8,6,9,2,0,0,1,1,0,2,0,0,1
39163,2,2,2,8,6,9,3,1,1,,,4,2,1,0,1
39164,2,2,2,8,6,10,0,1,1,,,4,2,1,0,1
39165,2,2,2,8,6,10,1,0,0,1,1,0,2,0,0,1
39166,2,2,2,8,6,10,2,0,0,1,1,0,2,0,0,1
39167,2,2,2,8,6,10,3,1,1,,,4,2,1,0,1
39168,2,2,2,8,6,11,0,1,1,,,4,2,1,0,1
39169,2,2,2,8,6,11,1,0,0,1,1,0,2,0,0,1
39170,2,2,2,8,6,11,2,0,0,1,1,0,2,0,0,1
39171,2,2,2,8,6,11,3,1,1,,,4,2,1,0,1
39172,2,2,2,8,6,12,0,1,1,,,4,2,1,0,1
39173,2,2,2,8,6,12,1,0,0,1,1,0,2,0,0,1
39174,2,2,2,8,6,12,2,0,0,1,1,0,2,0,0,1
39175,2,2,2,8,6,12,3,1,1,,,4,2,1,0,1
39176,2,2,2,8,6,13,0,1,1,,,4,2,1,0,1
39177,2,2,2,8,6,13,1,0,0,1,1,0,2,0,0,1
39178,2,2,2,8,6,13,2,0,0,1,1,0,2,0,0,1
39179,2,2,2,8,6,13,3,1,1,,,4,2,1,0,1
39180,2,2,2,8,6,14,0,1,1,,,4,2,1,0,1
39181,2,2,2,8,6,14,1,0,0,1,1,0,2,0,0,1
39182,2,2,2,8,6,14,2,0,0,1,1,0,2,0,0,1
39183,2,2,2,8,6,14,3,1,1,,,4,2,1,0,1
39184,2,2,2,8,6,15,0,1,1,,,4,2,1,0,1
39185,2,2,2,8,6,15,1,0,0,1,1,0,2,0,0,1
39186,2,2,2,8,6,15,2,0,0,1,1,0,2,0,0,1
39187,2,2,2,8,6,15,3,1,1,,,4,2,1,0,1
39188,2,2,2,8,7,0,0,1,1,,,4,2,1,0,1
39189,2,2,2,8,7,0,1,0,0,1,1,0,2,0,0,1
39190,2,2,2,8,7,0,2,0,0,1,1,0,2,0,0,1
39191,2,2,2,8,7,0,3,1,1,,,4,2,1,0,1
39192,2,2,2,8,7,1,0,1,1,,,4,2,1,0,1
39193,2,2,2,8,7,1,1,0,0,1,1,0,2,0,0,1
39194,2,2,2,8,7,1,2,0,0,1,1,0,2,0,0,1
39195,2,2,2,8,7,1,3,1,1,,,4,2,1,0,1
39196,2,2,2,8,7,2,0,1,1,,,4,2,1,0,1
39197,2,2,2,8,7,2,1,0,0,1,1,0,2,0,0,1
39198,2,2,2,8,7,2,2,0,0,1,1,0,2,0,0,1
39199,2,2,2,8,7,2,3,1,1,,,4,2,1,0,1
39200,2,2,2,8,7,3,0,1,1,,,4,2,1,0,1
39201,2,2,2,8,7,3,1,0,0,1,1,0,2,0,0,1
39202,2,2,2,8,7,3,2,0,0,1,1,0,2,0,0,1
39203,2,2,2,8,7,3,3,1,1,,,4,2,1,0,1
39204,2,2,2,8,7,4,0,1,1,,,4,2,1,0,1
39205,2,2,2,8,7,4,1,0,0,1,1,0,2,0,0,1
39206,2,2,2,8,7,4,2,0,0,1,1,0,2,0,0,1
39207,2,2,2,8,7,4,3,1,1,,,4,2,1,0,1
39208,2,2,2,8,7,5,0,1,1,,,4,2,1,0,1
39209,2,2,2,8,7,5,1,0,0,1,1,0,2,0,0,1
39210,2,2,2,8,7,5,2,0,0,1,1,0,2,0,0,1
39211,2,2,2,8,7,5,3,1,1,,,4,2,1,0,1
39212,2,2,2,8,7,6,0,1,1,,,4,2,1,0,1
39213,2,2,2,8,7,6,1,0,0,1,1,0,2,0,0,1
39214,2,2,2,8,7,6,2,0,0,1,1,0,2,0,0,1
39215,2,2,2,8,7,6,3,1,1,,,4,2,1,0,1
39216,2,2,2,8,7,7,0,1,1,,,4,2,1,0,1
39217,2,2,2,8,7,7,1,0,0,1,1,0,2,0,0,1
39218,2,2,2,8,7,7,2,0,0,1,1,0,2,0,0,1
39219,2,2,2,8,7,7,3,1,1,,,4,2,1,0,1
39220,2,2,2,8,7,8,0,1,1,,,4,2,1,0,1
39221,2,2,2,8,7,8,1,0,0,1,1,0,2,0,0,1
39222,2,2,2,8,7,8,2,0,0,1,1,0,2,0,0,1
39223,2,2,2,8,7,8,3,1,1,,,4,2,1,0,1
39224,2,2,2,8,7,9,0,1,1,,,4,2,1,0,1
39225,2,2,2,8,7,9,1,0,0,1,1,0,2,0,0,1
39226,2,2,2,8,7,9,2,0,0,1,1,0,2,0,0,1
39227,2,2,2,8,7,9,3,1,1,,,4,2,1,0,1
39228,2,2,2,8,7,10,0,1,1,,,4,2,1,0,1
39229,2,2,2,8,7,10,1,0,0,1,1,0,2,0,0,1
39230,2,2,2,8,7,10,2,0,0,1,1,0,2,0,0,1
39231,2,2,2,8,7,10,3,1,1,,,4,2,1,0,1
39232,2,2,2,8,7,11,0,1,1,,,4,2,1,0,1
39233,2,2,2,8,7,11,1,0,0,1,1,0,2,0,0,1
39234,2,2,2,8,7,11,2,0,0,1,1,0,2,0,0,1
39235,2,2,2,8,7,11,3,1,1,,,4,2,1,0,1
39236,2,2,2,8,7,12,0,1,1,,,4,2,1,0,1
39237,2,2,2,8,7,12,1,0,0,1,1,0,2,0,0,1
39238,2,2,2,8,7,12,2,0,0,1,1,0,2,0,0,1
39239,2,2,2,8,7,12,3,1,1,,,4,2,1,0,1
39240,2,2,2,8,7,13,0,1,1,,,4,2,1,0,1
39241,2,2,2,8,7,13,1,0,0,1,1,0,2,0,0,1
39242,2,2,2,8,7,13,2,0,0,1,1,0,2,0,0,1
39243,2,2,2,8,7,13,3,1,1,,,4,2,1,0,1
39244,2,2,2,8,7,14,0,1,1,,,4,2,1,0,1
39245,2,2,2,8,7,14,1,0,0,1,1,0,2,0,0,1
39246,2,2,2,8,7,14,2,0,0,1,1,0,2,0,0,1
39247,2,2,2,8,7,14,3,1,1,,,4,2,1,0,1
39248,2,2,2,8,7,15,0,1,1,,,4,2,1,0,1
39249,2,2,2,8,7,15,1,0,0,1,1,0,2,0,0,1
39250,2,2,2,8,7,15,2,0,0,1,1,0,2,0,0,1
39251,2,2,2,8,7,15,3,1,1,,,4,2,1,0,1
39252,2,2,2,8,8,0,0,1,1,,,4,1,1,1,1
39253,2,2,2,8,8,0,1,1,1,,,2,1,1,1,1
39254,2,2,2,8,8,0,2,1,1,,,2,1,1,1,1
39255,2,2,2,8,8,0,3,1,1,,,4,1,1,1,1
39256,2,2,2,8,8,1,0,1,1,,,4,1,1,1,1
39257,2,2,2,8,8,1,1,1,1,,,2,1,1,1,1
39258,2,2,2,8,8,1,2,1,1,,,2,1,1,1,1
39259,2,2,2,8,8,1,3,1,1,,,4,1,1,1,1
39260,2,2,2,8,8,2,0,1,1,,,4,1,1,1,1
39261,2,2,2,8,8,2,1,1,1,,,2,1,1,1,1
39262,2,2,2,8,8,2,2,1,1,,,2,1,1,1,1
39263,2,2,2,8,8,2,3,1,1,,,4,1,1,1,1
39264,2,2,2,8,8,3,0,1,1,,,4,1,1,1,1
39265,2,2,2,8,8,3,1,1,1,,,2,1,1,1,1
39266,2,2,2,8,8,3,2,1,1,,,2,1,1,1,1
39267,2,2,2,8,8,3,3,1,1,,,4,1,1,1,1
39268,2,2,2,8,8,4,0,1,1,,,4,1,1,1,1
39269,2,2,2,8,8,4,1,1,1,,,2,1,1,1,1
39270,2,2,2,8,8,4,2,1,1,,,2,1,1,1,1
39271,2,2,2,8,8,4,3,1,1,,,4,1,1,1,1
39272,2,2,2,8,8,5,0,1,1,,,4,1,1,1,1
39273,2,2,2,8,8,5,1,1,1,,,2,1,1,1,1
39274,2,2,2,8,8,5,2,1,1,,,2,1,1,1,1
39275,2,2,2,8,8,5,3,1,1,,,4,1,1,1,1
39276,2,2,2,8,8,6,0,1,1,,,4,1,1,1,1
39277,2,2,2,8,8,6,1,1,1,,,2,1,1,1,1
39278,2,2,2,8,8,6,2,1,1,,,2,1,1,1,1
39279,2,2,2,8,8,6,3,1,1,,,4,1,1,1,1
39280,2,2,2,8,8,7,0,1,1,,,4,1,1,1,1
39281,2,2,2,8,8,7,1,1,1,,,2,1,1,1,1
39282,2,2,2,8,8,7,2,1,1,,,2,1,1,1,1
39283,2,2,2,8,8,7,3,1,1,,,4,1,1,1,1
39284,2,2,2,8,8,8,0,1,1,,,4,1,1,1,1
39285,2,2,2,8,8,8,1,1,1,,,2,1,1,1,1
39286,2,2,2,8,8,8,2,1,1,,,2,1,1,1,1
39287,2,2,2,8,8,8,3,1,1,,,4,1,1,1,1
39288,2,2,2,8,8,9,0,1,1,,,4,1,1,1,1
39289,2,2,2,8,8,9,1,1,1,,,2,1,1,1,1
39290,2,2,2,8,8,9,2,1,1,,,2,1,1,1,1
39291,2,2,2,8,8,9,3,1,1,,,4,1,1,1,1
39292,2,2,2,8,8,10,0,1,1,,,4,1,1,1,1
39293,2,2,2,8,8,10,1,1,1,,,2,1,1,1,1
39294,2,2,2,8,8,10,2,1,1,,,2,1,1,1,1
39295,2,2,2,8,8,10,3,1,1,,,4,1,1,1,1
39296,2,2,2,8,8,11,0,1,1,,,4,1,1,1,1
39297,2,2,2,8,8,11,1,1,1,,,2,1,1,1,1
39298,2,2,2,8,8,11,2,1,1,,,2,1,1,1,1
39299,2,2,2,8,8,11,3,1,1,,,4,1,1,1,1
39300,2,2,2,8,8,12,0,1,1,,,4,1,1,1,1
39301,2,2,2,8,8,12,1,1,1,,,2,1,1,1,1
39302,2,2,2,8,8,12,2,1,1,,,2,1,1,1,1
39303,2,2,2,8,8,12,3,1,1,,,4,1,1,1,1
39304,2,2,2,8,8,13,0,1,1,,,4,1,1,1,1
39305,2,2,2,8,8,13,1,1,1,,,2,1,1,1,1
39306,2,2,2,8,8,13,2,1,1,,,2,1,1,1,1
39307,2,2,2,8,8,13,3,1,1,,,4,1,1,1,1
39308,2,2,2,8,8,14,0,1,1,,,4,1,1,1,1
39309,2,2,2,8,8,14,1,1,1,,,2,1,1,1,1
39310,2,2,2,8,8,14,2,1,1,,,2,1,1,1,1
39311,2,2,2,8,8,14,3,1,1,,,4,1,1,1,1
39312,2,2,2,8,8,15,0,1,1,,,4,1,1,1,1
39313,2,2,2,8,8,15,1,1,1,,,2,1,1,1,1
39314,2,2,2,8,8,15,2,1,1,,,2,1,1,1,1
39315,2,2,2,8,8,15,3,1,1,,,4,1,1,1,1
39316,2,2,2,8,9,0,0,1,1,,,4,2,1,0,1
39317,2,2,2,8,9,0,1,0,0,1,1,0,2,0,0,1
39318,2,2,2,8,9,0,2,0,0,1,1,0,2,0,0,1
39319,2,2,2,8,9,0,3,1,1,,,4,2,1,0,1
39320,2,2,2,8,9,1,0,1,1,,,4,2,1,0,1
39321,2,2,2,8,9,1,1,0,0,1,1,0,2,0,0,1
39322,2,2,2,8,9,1,2,0,0,1,1,0,2,0,0,1
39323,2,2,2,8,9,1,3,1,1,,,4,2,1,0,1
39324,2,2,2,8,9,2,0,1,1,,,4,2,1,0,1
39325,2,2,2,8,9,2,1,0,0,1,1,0,2,0,0,1
39326,2,2,2,8,9,2,2,0,0,1,1,0,2,0,0,1
39327,2,2,2,8,9,2,3,1,1,,,4,2,1,0,1
39328,2,2,2,8,9,3,0,1,1,,,4,2,1,0,1
39329,2,2,2,8,9,3,1,0,0,1,1,0,2,0,0,1
39330,2,2,2,8,9,3,2,0,0,1,1,0,2,0,0,1
39331,2,2,2,8,9,3,3,1,1,,,4,2,1,0,1
39332,2,2,2,8,9,4,0,1,1,,,4,2,1,0,1
39333,2,2,2,8,9,4,1,0,0,1,1,0,2,0,0,1
39334,2,2,2,8,9,4,2,0,0,1,1,0,2,0,0,1
39335,2,2,2,8,9,4,3,1,1,,,4,2,1,0,1
39336,2,2,2,8,9,5,0,1,1,,,4,2,1,0,1
39337,2,2,2,8,9,5,1,0,0,1,1,0,2,0,0,1
39338,2,2,2,8,9,5,2,0,0,1,1,0,2,0,0,1
39339,2,2,2,8,9,5,3,1,1,,,4,2,1,0,1
39340,2,2,2,8,9,6,0,1,1,,,4,2,1,0,1
39341,2,2,2,8,9,6,1,0,0,1,1,0,2,0,0,1
39342,2,2,2,8,9,6,2,0,0,1,1,0,2,0,0,1
39343,2,2,2,8,9,6,3,1,1,,,4,2,1,0,1
39344,2,2,2,8,9,7,0,1,1,,,4,2,1,0,1
39345,2,2,2,8,9,7,1,0,0,1,1,0,2,0,0,1
39346,2,2,2,8,9,7,2,0,0,1,1,0,2,0,0,1
39347,2,2,2,8,9,7,3,1,1,,,4,2,1,0,1
39348,2,2,2,8,9,8,0,1,1,,,4,2,1,0,1
39349,2,2,2,8,9,8,1,0,0,1,1,0,2,0,0,1
39350,2,2,2,8,9,8,2,0,0,1,1,0,2,0,0,1
39351,2,2,2,8,9,8,3,1,1,,,4,2,1,0,1
39352,2,2,2,8,9,9,0,1,1,,,4,2,1,0,1
39353,2,2,2,8,9,9,1,0,0,1,1,0,2,0,0,1
39354,2,2,2,8,9,9,2,0,0,1,1,0,2,0,0,1
39355,2,2,2,8,9,9,3,1,1,,,4,2,1,0,1
39356,2,2,2,8,9,10,0,1,1,,,4,2,1,0,1
39357,2,2,2,8,9,10,1,0,0,1,1,0,2,0,0,1
39358,2,2,2,8,9,10,2,0,0,1,1,0,2,0,0,1
39359,2,2,2,8,9,10,3,1,1,,,4,2,1,0,1
39360,2,2,2,8,9,11,0,1,1,,,4,2,1,0,1
39361,2,2,2,8,9,11,1,0,0,1,1,0,2,0,0,1
39362,2,2,2,8,9,11,2,0,0,1,1,0,2,0,0,1
39363,2,2,2,8,9,11,3,1,1,,,4,2,1,0,1
39364,2,2,2,8,9,12,0,1,1,,,4,2,1,0,1
39365,2,2,2,8,9,12,1,0,0,1,1,0,2,0,0,1
39366,2,2,2,8,9,12,2,0,0,1,1,0,2,0,0,1
39367,2,2,2,8,9,12,3,1,1,,,4,2,1,0,1
39368,2,2,2,8,9,13,0,1,1,,,4,2,1,0,1
39369,2,2,2,8,9,13,1,0,0,1,1,0,2,0,0,1
39370,2,2,2,8,9,13,2,0,0,1,1,0,2,0,0,1
39371,2,2,2,8,9,13,3,1,1,,,4,2,1,0,1
39372,2,2,2,8,9,14,0,1,1,,,4,2,1,0,1
39373,2,2,2,8,9,14,1,0,0,1,1,0,2,0,0,1
39374,2,2,2,8,9,14,2,0,0,1,1,0,2,0,0,1
39375,2,2,2,8,9,14,3,1,1,,,4,2,1,0,1
39376,2,2,2,8,9,15,0,1,1,,,4,2,1,0,1
39377,2,2,2,8,9,15,1,0,0,1,1,0,2,0,0,1
39378,2,2,2,8,9,15,2,0,0,1,1,0,2,0,0,1
39379,2,2,2,8,9,15,3,1,1,,,4,2,1,0,1
39380,2,2,2,8,10,0,0,1,1,,,4,2,1,0,1
39381,2,2,2,8,10,0,1,0,0,1,1,0,2,0,0,1
39382,2,2,2,8,10,0,2,0,0,1,1,0,2,0,0,1
39383,2,2,2,8,10,0,3,1,1,,,4,2,1,0,1
39384,2,2,2,8,10,1,0,1,1,,,4,2,1,0,1
39385,2,2,2,8,10,1,1,0,0,1,1,0,2,0,0,1
39386,2,2,2,8,10,1,2,0,0,1,1,0,2,0,0,1
39387,2,2,2,8,10,1,3,1,1,,,4,2,1,0,1
39388,2,2,2,8,10,2,0,1,1,,,4,2,1,0,1
39389,2,2,2,8,10,2,1,0,0,1,1,0,2,0,0,1
39390,2,2,2,8,10,2,2,0,0,1,1,0,2,0,0,1
39391,2,2,2,8,10,2,3,1,1,,,4,2,1,0,1
39392,2,2,2,8,10,3,0,1,1,,,4,2,1,0,1
39393,2,2,2,8,10,3,1,0,0,1,1,0,2,0,0,1
39394,2,2,2,8,10,3,2,0,0,1,1,0,2,0,0,1
39395,2,2,2,8,10,3,3,1,1,,,4,2,1,0,1
39396,2,2,2,8,10,4,0,1,1,,,4,2,1,0,1
39397,2,2,2,8,10,4,1,0,0,1,1,0,2,0,0,1
39398,2,2,2,8,10,4,2,0,0,1,1,0,2,0,0,1
39399,2,2,2,8,10,4,3,1,1,,,4,2,1,0,1
39400,2,2,2,8,10,5,0,1,1,,,4,2,1,0,1
39401,2,2,2,8,10,5,1,0,0,1,1,0,2,0,0,1
39402,2,2,2,8,10,5,2,0,0,1,1,0,2,0,0,1
39403,2,2,2,8,10,5,3,1,1,,,4,2,1,0,1
39404,2,2,2,8,10,6,0,1,1,,,4,2,1,0,1
39405,2,2,2,8,10,6,1,0,0,1,1,0,2,0,0,1
39406,2,2,2,8,10,6,2,0,0,1,1,0,2,0,0,1
39407,2,2,2,8,10,6,3,1,1,,,4,2,1,0,1
39408,2,2,2,8,10,7,0,1,1,,,4,2,1,0,1
39409,2,2,2,8,10,7,1,0,0,1,1,0,2,0,0,1
39410,2,2,2,8,10,7,2,0,0,1,1,0,2,0,0,1
39411,2,2,2,8,10,7,3,1,1,,,4,2,1,0,1
39412,2,2,2,8,10,8,0,1,1,,,4,2,1,0,1
39413,2,2,2,8,10,8,1,0,0,1,1,0,2,0,0,1
39414,2,2,2,8,10,8,2,0,0,1,1,0,2,0,0,1
39415,2,2,2,8,10,8,3,1,1,,,4,2,1,0,1
39416,2,2,2,8,10,9,0,1,1,,,4,2,1,0,1
39417,2,2,2,8,10,9,1,0,0,1,1,0,2,0,0,1
39418,2,2,2,8,10,9,2,0,0,1,1,0,2,0,0,1
39419,2,2,2,8,10,9,3,1,1,,,4,2,1,0,1
39420,2,2,2,8,10,10,0,1,1,,,4,2,1,0,1
39421,2,2,2,8,10,10,1,0,0,1,1,0,2,0,0,1
39422,2,2,2,8,10,10,2,0,0,1,1,0,2,0,0,1
39423,2,2,2,8,10,10,3,1,1,,,4,2,1,0,1
39424,2,2,2,8,10,11,0,1,1,,,4,2,1,0,1
39425,2,2,2,8,10,11,1,0,0,1,1,0,2,0,0,1
39426,2,2,2,8,10,11,2,0,0,1,1,0,2,0,0,1
39427,2,2,2,8,10,11,3,1,1,,,4,2,1,0,1
39428,2,2,2,8,10,12,0,1,1,,,4,2,1,0,1
39429,2,2,2,8,10,12,1,0,0,1,1,0,2,0,0,1
39430,2,2,2,8,10,12,2,0,0,1,1,0,2,0,0,1
39431,2,2,2,8,10,12,3,1,1,,,4,2,1,0,1
39432,2,2,2,8,10,13,0,1,1,,,4,2,1,0,1
39433,2,2,2,8,10,13,1,0,0,1,1,0,2,0,0,1
39434,2,2,2,8,10,13,2,0,0,1,1,0,2,0,0,1
39435,2,2,2,8,10,13,3,1,1,,,4,2,1,0,1
39436,2,2,2,8,10,14,0,1,1,,,4,2,1,0,1
39437,2,2,2,8,10,14,1,0,0,1,1,0,2,0,0,1
39438,2,2,2,8,10,14,2,0,0,1,1,0,2,0,0,1
39439,2,2,2,8,10,14,3,1,1,,,4,2,1,0,1
39440,2,2,2,8,10,15,0,1,1,,,4,2,1,0,1
39441,2,2,2,8,10,15,1,0,0,1,1,0,2,0,0,1
39442,2,2,2,8,10,15,2,0,0,1,1,0,2,0,0,1
39443,2,2,2,8,10,15,3,1,1,,,4,2,1,0,1
39444,2,2,2,8,11,0,0,1,1,,,4,2,1,0,1
39445,2,2,2,8,11,0,1,0,0,1,1,0,2,0,0,1
39446,2,2,2,8,11,0,2,0,0,1,1,0,2,0,0,1
39447,2,2,2,8,11,0,3,1,1,,,4,2,1,0,1
39448,2,2,2,8,11,1,0,1,1,,,4,2,1,0,1
39449,2,2,2,8,11,1,1,0,0,1,1,0,2,0,0,1
39450,2,2,2,8,11,1,2,0,0,1,1,0,2,0,0,1
39451,2,2,2,8,11,1,3,1,1,,,4,2,1,0,1
39452,2,2,2,8,11,2,0,1,1,,,4,2,1,0,1
39453,2,2,2,8,11,2,1,0,0,1,1,0,2,0,0,1
39454,2,2,2,8,11,2,2,0,0,1,1,0,2,0,0,1
39455,2,2,2,8,11,2,3,1,1,,,4,2,1,0,1
39456,2,2,2,8,11,3,0,1,1,,,4,2,1,0,1
39457,2,2,2,8,11,3,1,0,0,1,1,0,2,0,0,1
39458,2,2,2,8,11,3,2,0,0,1,1,0,2,0,0,1
39459,2,2,2,8,11,3,3,1,1,,,4,2,1,0,1
39460,2,2,2,8,11,4,0,1,1,,,4,2,1,0,1
39461,2,2,2,8,11,4,1,0,0,1,1,0,2,0,0,1
39462,2,2,2,8,11,4,2,0,0,1,1,0,2,0,0,1
39463,2,2,2,8,11,4,3,1,1,,,4,2,1,0,1
39464,2,2,2,8,11,5,0,1,1,,,4,2,1,0,1
39465,2,2,2,8,11,5,1,0,0,1,1,0,2,0,0,1
39466,2,2,2,8,11,5,2,0,0,1,1,0,2,0,0,1
39467,2,2,2,8,11,5,3,1,1,,,4,2,1,0,1
39468,2,2,2,8,11,6,0,1,1,,,4,2,1,0,1
39469,2,2,2,8,11,6,1,0,0,1,1,0,2,0,0,1
39470,2,2,2,8,11,6,2,0,0,1,1,0,2,0,0,1
39471,2,2,2,8,11,6,3,1,1,,,4,2,1,0,1
39472,2,2,2,8,11,7,0,1,1,,,4,2,1,0,1
39473,2,2,2,8,11,7,1,0,0,1,1,0,2,0,0,1
39474,2,2,2,8,11,7,2,0,0,1,1,0,2,0,0,1
39475,2,2,2,8,11,7,3,1,1,,,4,2,1,0,1
39476,2,2,2,8,11,8,0,1,1,,,4,2,1,0,1
39477,2,2,2,8,11,8,1,0,0,1,1,0,2,0,0,1
39478,2,2,2,8,11,8,2,0,0,1,1,0,2,0,0,1
39479,2,2,2,8,11,8,3,1,1,,,4,2,1,0,1
39480,2,2,2,8,11,9,0,1,1,,,4,2,1,0,1
39481,2,2,2,8,11,9,1,0,0,1,1,0,2,0,0,1
39482,2,2,2,8,11,9,2,0,0,1,1,0,2,0,0,1
39483,2,2,2,8,11,9,3,1,1,,,4,2,1,0,1
39484,2,2,2,8,11,10,0,1,1,,,4,2,1,0,1
39485,2,2,2,8,11,10,1,0,0,1,1,0,2,0,0,1
39486,2,2,2,8,11,10,2,0,0,1,1,0,2,0,0,1
39487,2,2,2,8,11,10,3,1,1,,,4,2,1,0,1
39488,2,2,2,8,11,11,0,1,1,,,4,2,1,0,1
39489,2,2,2,8,11,11,1,0,0,1,1,0,2,0,0,1
39490,2,2,2,8,11,11,2,0,0,1,1,0,2,0,0,1
39491,2,2,2,8,11,11,3,1,1,,,4,2,1,0,1
39492,2,2,2,8,11,12,0,1,1,,,4,2,1,0,1
39493,2,2,2,8,11,12,1,0,0,1,1,0,2,0,0,1
39494,2,2,2,8,11,12,2,0,0,1,1,0,2,0,0,1
39495,2,2,2,8,11,12,3,1,1,,,4,2,1,0,1
39496,2,2,2,8,11,13,0,1,1,,,4,2,1,0,1
39497,2,2,2,8,11,13,1,0,0,1,1,0,2,0,0,1
39498,2,2,2,8,11,13,2,0,0,1,1,0,2,0,0,1
39499,2,2,2,8,11,13,3,1,1,,,4,2,1,0,1
39500,2,2,2,8,11,14,0,1,1,,,4,2,1,0,1
39501,2,2,2,8,11,14,1,0,0,1,1,0,2,0,0,1
39502,2,2,2,8,11,14,2,0,0,1,1,0,2,0,0,1
39503,2,2,2,8,11,14,3,1,1,,,4,2,1,0,1
39504,2,2,2,8,11,15,0,1,1,,,4,2,1,0,1
39505,2,2,2,8,11,15,1,0,0,1,1,0,2,0,0,1
39506,2,2,2,8,11,15,2,0,0,1,1,0,2,0,0,1
39507,2,2,2,8,11,15,3,1,1,,,4,2,1,0,1
39508,2,2,2,8,12,0,0,1,1,,,4,1,1,1,1
39509,2,2,2,8,12,0,1,1,1,,,2,1,1,1,1
39510,2,2,2,8,12,0,2,1,1,,,2,1,1,1,1
39511,2,2,2,8,12,0,3,1,1,,,4,1,1,1,1
39512,2,2,2,8,12,1,0,1,1,,,4,1,1,1,1
39513,2,2,2,8,12,1,1,1,1,,,2,1,1,1,1
39514,2,2,2,8,12,1,2,1,1,,,2,1,1,1,1
39515,2,2,2,8,12,1,3,1,1,,,4,1,1,1,1
39516,2,2,2,8,12,2,0,1,1,,,4,1,1,1,1
39517,2,2,2,8,12,2,1,1,1,,,2,1,1,1,1
39518,2,2,2,8,12,2,2,1,1,,,2,1,1,1,1
39519,2,2,2,8,12,2,3,1,1,,,4,1,1,1,1
39520,2,2,2,8,12,3,0,1,1,,,4,1,1,1,1
39521,2,2,2,8,12,3,1,1,1,,,2,1,1,1,1
39522,2,2,2,8,12,3,2,1,1,,,2,1,1,1,1
39523,2,2,2,8,12,3,3,1,1,,,4,1,1,1,1
39524,2,2,2,8,12,4,0,1,1,,,4,1,1,1,1
39525,2,2,2,8,12,4,1,1,1,,,2,1,1,1,1
39526,2,2,2,8,12,4,2,1,1,,,2,1,1,1,1
39527,2,2,2,8,12,4,3,1,1,,,4,1,1,1,1
39528,2,2,2,8,12,5,0,1,1,,,4,1,1,1,1
39529,2,2,2,8,12,5,1,1,1,,,2,1,1,1,1
39530,2,2,2,8,12,5,2,1,1,,,2,1,1,1,1
39531,2,2,2,8,12,5,3,1,1,,,4,1,1,1,1
39532,2,2,2,8,12,6,0,1,1,,,4,1,1,1,1
39533,2,2,2,8,12,6,1,1,1,,,2,1,1,1,1
39534,2,2,2,8,12,6,2,1,1,,,2,1,1,1,1
39535,2,2,2,8,12,6,3,1,1,,,4,1,1,1,1
39536,2,2,2,8,12,7,0,1,1,,,4,1,1,1,1
39537,2,2,2,8,12,7,1,1,1,,,2,1,1,1,1
39538,2,2,2,8,12,7,2,1,1,,,2,1,1,1,1
39539,2,2,2,8,12,7,3,1,1,,,4,1,1,1,1
39540,2,2,2,8,12,8,0,1,1,,,4,1,1,1,1
39541,2,2,2,8,12,8,1,1,1,,,2,1,1,1,1
39542,2,2,2,8,12,8,2,1,1,,,2,1,1,1,1
39543,2,2,2,8,12,8,3,1,1,,,4,1,1,1,1
39544,2,2,2,8,12,9,0,1,1,,,4,1,1,1,1
39545,2,2,2,8,12,9,1,1,1,,,2,1,1,1,1
39546,2,2,2,8,12,9,2,1,1,,,2,1,1,1,1
39547,2,2,2,8,12,9,3,1,1,,,4,1,1,1,1
39548,2,2,2,8,12,10,0,1,1,,,4,1,1,1,1
39549,2,2,2,8,12,10,1,1,1,,,2,1,1,1,1
39550,2,2,2,8,12,10,2,1,1,,,2,1,1,1,1
39551,2,2,2,8,12,10,3,1,1,,,4,1,1,1,1
39552,2,2,2,8,12,11,0,1,1,,,4,1,1,1,1
39553,2,2,2,8,12,11,1,1,1,,,2,1,1,1,1
39554,2,2,2,8,12,11,2,1,1,,,2,1,1,1,1
39555,2,2,2,8,12,11,3,1,1,,,4,1,1,1,1
39556,2,2,2,8,12,12,0,1,1,,,4,1,1,1,1
39557,2,2,2,8,12,12,1,1,1,,,2,1,1,1,1
39558,2,2,2,8,12,12,2,1,1,,,2,1,1,1,1
39559,2,2,2,8,12,12,3,1,1,,,4,1,1,1,1
39560,2,2,2,8,12,13,0,1,1,,,4,1,1,1,1
39561,2,2,2,8,12,13,1,1,1,,,2,1,1,1,1
39562,2,2,2,8,12,13,2,1,1,,,2,1,1,1,1
39563,2,2,2,8,12,13,3,1,1,,,4,1,1,1,1
39564,2,2,2,8,12,14,0,1,1,,,4,1,1,1,1
39565,2,2,2,8,12,14,1,1,1,,,2,1,1,1,1
39566,2,2,2,8,12,14,2,1,1,,,2,1,1,1,1
39567,2,2,2,8,12,14,3,1,1,,,4,1,1,1,1
39568,2,2,2,8,12,15,0,1,1,,,4,1,1,1,1
39569,2,2,2,8,12,15,1,1,1,,,2,1,1,1,1
39570,2,2,2,8,12,15,2,1,1,,,2,1,1,1,1
39571,2,2,2,8,12,15,3,1,1,,,4,1,1,1,1
39572,2,2,2,8,13,0,0,1,1,,,4,2,1,0,1
39573,2,2,2,8,13,0,1,0,0,1,1,0,2,0,0,1
39574,2,2,2,8,13,0,2,0,0,1,1,0,2,0,0,1
39575,2,2,2,8,13,0,3,1,1,,,4,2,1,0,1
39576,2,2,2,8,13,1,0,1,1,,,4,2,1,0,1
39577,2,2,2,8,13,1,1,0,0,1,1,0,2,0,0,1
39578,2,2,2,8,13,1,2,0,0,1,1,0,2,0,0,1
39579,2,2,2,8,13,1,3,1,1,,,4,2,1,0,1
39580,2,2,2,8,13,2,0,1,1,,,4,2,1,0,1
39581,2,2,2,8,13,2,1,0,0,1,1,0,2,0,0,1
39582,2,2,2,8,13,2,2,0,0,1,1,0,2,0,0,1
39583,2,2,2,8,13,2,3,1,1,,,4,2,1,0,1
39584,2,2,2,8,13,3,0,1,1,,,4,2,1,0,1
39585,2,2,2,8,13,3,1,0,0,1,1,0,2,0,0,1
39586,2,2,2,8,13,3,2,0,0,1,1,0,2,0,0,1
39587,2,2,2,8,13,3,3,1,1,,,4,2,1,0,1
39588,2,2,2,8,13,4,0,1,1,,,4,2,1,0,1
39589,2,2,2,8,13,4,1,0,0,1,1,0,2,0,0,1
39590,2,2,2,8,13,4,2,0,0,1,1,0,2,0,0,1
39591,2,2,2,8,13,4,3,1,1,,,4,2,1,0,1
39592,2,2,2,8,13,5,0,1,1,,,4,2,1,0,1
39593,2,2,2,8,13,5,1,0,0,1,1,0,2,0,0,1
39594,2,2,2,8,13,5,2,0,0,1,1,0,2,0,0,1
39595,2,2,2,8,13,5,3,1,1,,,4,2,1,0,1
39596,2,2,2,8,13,6,0,1,1,,,4,2,1,0,1
39597,2,2,2,8,13,6,1,0,0,1,1,0,2,0,0,1
39598,2,2,2,8,13,6,2,0,0,1,1,0,2,0,0,1
39599,2,2,2,8,13,6,3,1,1,,,4,2,1,0,1
39600,2,2,2,8,13,7,0,1,1,,,4,2,1,0,1
39601,2,2,2,8,13,7,1,0,0,1,1,0,2,0,0,1
39602,2,2,2,8,13,7,2,0,0,1,1,0,2,0,0,1
39603,2,2,2,8,13,7,3,1,1,,,4,2,1,0,1
39604,2,2,2,8,13,8,0,1,1,,,4,2,1,0,1
39605,2,2,2,8,13,8,1,0,0,1,1,0,2,0,0,1
39606,2,2,2,8,13,8,2,0,0,1,1,0,2,0,0,1
39607,2,2,2,8,13,8,3,1,1,,,4,2,1,0,1
39608,2,2,2,8,13,9,0,1,1,,,4,2,1,0,1
39609,2,2,2,8,13,9,1,0,0,1,1,0,2,0,0,1
39610,2,2,2,8,13,9,2,0,0,1,1,0,2,0,0,1
39611,2,2,2,8,13,9,3,1,1,,,4,2,1,0,1
39612,2,2,2,8,13,10,0,1,1,,,4,2,1,0,1
39613,2,2,2,8,13,10,1,0,0,1,1,0,2,0,0,1
39614,2,2,2,8,13,10,2,0,0,1,1,0,2,0,0,1
39615,2,2,2,8,13,10,3,1,1,,,4,2,1,0,1
39616,2,2,2,8,13,11,0,1,1,,,4,2,1,0,1
39617,2,2,2,8,13,11,1,0,0,1,1,0,2,0,0,1
39618,2,2,2,8,13,11,2,0,0,1,1,0,2,0,0,1
39619,2,2,2,8,13,11,3,1,1,,,4,2,1,0,1
39620,2,2,2,8,13,12,0,1,1,,,4,2,1,0,1
39621,2,2,2,8,13,12,1,0,0,1,1,0,2,0,0,1
39622,2,2,2,8,13,12,2,0,0,1,1,0,2,0,0,1
39623,2,2,2,8,13,12,3,1,1,,,4,2,1,0,1
39624,2,2,2,8,13,13,0,1,1,,,4,2,1,0,1
39625,2,2,2,8,13,13,1,0,0,1,1,0,2,0,0,1
39626,2,2,2,8,13,13,2,0,0,1,1,0,2,0,0,1
39627,2,2,2,8,13,13,3,1,1,,,4,2,1,0,1
39628,2,2,2,8,13,14,0,1,1,,,4,2,1,0,1
39629,2,2,2,8,13,14,1,0,0,1,1,0,2,0,0,1
39630,2,2,2,8,13,14,2,0,0,1,1,0,2,0,0,1
39631,2,2,2,8,13,14,3,1,1,,,4,2,1,0,1
39632,2,2,2,8,13,15,0,1,1,,,4,2,1,0,1
39633,2,2,2,8,13,15,1,0,0,1,1,0,2,0,0,1
39634,2,2,2,8,13,15,2,0,0,1,1,0,2,0,0,1
39635,2,2,2,8,13,15,3,1,1,,,4,2,1,0,1
39636,2,2,2,8,14,0,0,1,1,,,4,2,1,0,1
39637,2,2,2,8,14,0,1,0,0,1,1,0,2,0,0,1
39638,2,2,2,8,14,0,2,0,0,1,1,0,2,0,0,1
39639,2,2,2,8,14,0,3,1,1,,,4,2,1,0,1
39640,2,2,2,8,14,1,0,1,1,,,4,2,1,0,1
39641,2,2,2,8,14,1,1,0,0,1,1,0,2,0,0,1
39642,2,2,2,8,14,1,2,0,0,1,1,0,2,0,0,1
39643,2,2,2,8,14,1,3,1,1,,,4,2,1,0,1
39644,2,2,2,8,14,2,0,1,1,,,4,2,1,0,1
39645,2,2,2,8,14,2,1,0,0,1,1,0,2,0,0,1
39646,2,2,2,8,14,2,2,0,0,1,1,0,2,0,0,1
39647,2,2,2,8,14,2,3,1,1,,,4,2,1,0,1
39648,2,2,2,8,14,3,0,1,1,,,4,2,1,0,1
39649,2,2,2,8,14,3,1,0,0,1,1,0,2,0,0,1
39650,2,2,2,8,14,3,2,0,0,1,1,0,2,0,0,1
39651,2,2,2,8,14,3,3,1,1,,,4,2,1,0,1
39652,2,2,2,8,14,4,0,1,1,,,4,2,1,0,1
39653,2,2,2,8,14,4,1,0,0,1,1,0,2,0,0,1
39654,2,2,2,8,14,4,2,0,0,1,1,0,2,0,0,1
39655,2,2,2,8,14,4,3,1,1,,,4,2,1,0,1
39656,2,2,2,8,14,5,0,1,1,,,4,2,1,0,1
39657,2,2,2,8,14,5,1,0,0,1,1,0,2,0,0,1
39658,2,2,2,8,14,5,2,0,0,1,1,0,2,0,0,1
39659,2,2,2,8,14,5,3,1,1,,,4,2,1,0,1
39660,2,2,2,8,14,6,0,1,1,,,4,2,1,0,1
39661,2,2,2,8,14,6,1,0,0,1,1,0,2,0,0,1
39662,2,2,2,8,14,6,2,0,0,1,1,0,2,0,0,1
39663,2,2,2,8,14,6,3,1,1,,,4,2,1,0,1
39664,2,2,2,8,14,7,0,1,1,,,4,2,1,0,1
39665,2,2,2,8,14,7,1,0,0,1,1,0,2,0,0,1
39666,2,2,2,8,14,7,2,0,0,1,1,0,2,0,0,1
39667,2,2,2,8,14,7,3,1,1,,,4,2,1,0,1
39668,2,2,2,8,14,8,0,1,1,,,4,2,1,0,1
39669,2,2,2,8,14,8,1,0,0,1,1,0,2,0,0,1
39670,2,2,2,8,14,8,2,0,0,1,1,0,2,0,0,1
39671,2,2,2,8,14,8,3,1,1,,,4,2,1,0,1
39672,2,2,2,8,14,9,0,1,1,,,4,2,1,0,1
39673,2,2,2,8,14,9,1,0,0,1,1,0,2,0,0,1
39674,2,2,2,8,14,9,2,0,0,1,1,0,2,0,0,1
39675,2,2,2,8,14,9,3,1,1,,,4,2,1,0,1
39676,2,2,2,8,14,10,0,1,1,,,4,2,1,0,1
39677,2,2,2,8,14,10,1,0,0,1,1,0,2,0,0,1
39678,2,2,2,8,14,10,2,0,0,1,1,0,2,0,0,1
39679,2,2,2,8,14,10,3,1,1,,,4,2,1,0,1
39680,2,2,2,8,14,11,0,1,1,,,4,2,1,0,1
39681,2,2,2,8,14,11,1,0,0,1,1,0,2,0,0,1
39682,2,2,2,8,14,11,2,0,0,1,1,0,2,0,0,1
39683,2,2,2,8,14,11,3,1,1,,,4,2,1,0,1
39684,2,2,2,8,14,12,0,1,1,,,4,2,1,0,1
39685,2,2,2,8,14,12,1,0,0,1,1,0,2,0,0,1
39686,2,2,2,8,14,12,2,0,0,1,1,0,2,0,0,1
39687,2,2,2,8,14,12,3,1,1,,,4,2,1,0,1
39688,2,2,2,8,14,13,0,1,1,,,4,2,1,0,1
39689,2,2,2,8,14,13,1,0,0,1,1,0,2,0,0,1
39690,2,2,2,8,14,13,2,0,0,1,1,0,2,0,0,1
39691,2,2,2,8,14,13,3,1,1,,,4,2,1,0,1
39692,2,2,2,8,14,14,0,1,1,,,4,2,1,0,1
39693,2,2,2,8,14,14,1,0,0,1,1,0,2,0,0,1
39694,2,2,2,8,14,14,2,0,0,1,1,0,2,0,0,1
39695,2,2,2,8,14,14,3,1,1,,,4,2,1,0,1
39696,2,2,2,8,14,15,0,1,1,,,4,2,1,0,1
39697,2,2,2,8,14,15,1,0,0,1,1,0,2,0,0,1
39698,2,2,2,8,14,15,2,0,0,1,1,0,2,0,0,1
39699,2,2,2,8,14,15,3,1,1,,,4,2,1,0,1
39700,2,2,2,8,15,0,0,1,1,,,4,2,1,0,1
39701,2,2,2,8,15,0,1,0,0,1,1,0,2,0,0,1
39702,2,2,2,8,15,0,2,0,0,1,1,0,2,0,0,1
39703,2,2,2,8,15,0,3,1,1,,,4,2,1,0,1
39704,2,2,2,8,15,1,0,1,1,,,4,2,1,0,1
39705,2,2,2,8,15,1,1,0,0,1,1,0,2,0,0,1
39706,2,2,2,8,15,1,2,0,0,1,1,0,2,0,0,1
39707,2,2,2,8,15,1,3,1,1,,,4,2,1,0,1
39708,2,2,2,8,15,2,0,1,1,,,4,2,1,0,1
39709,2,2,2,8,15,2,1,0,0,1,1,0,2,0,0,1
39710,2,2,2,8,15,2,2,0,0,1,1,0,2,0,0,1
39711,2,2,2,8,15,2,3,1,1,,,4,2,1,0,1
39712,2,2,2,8,15,3,0,1,1,,,4,2,1,0,1
39713,2,2,2,8,15,3,1,0,0,1,1,0,2,0,0,1
39714,2,2,2,8,15,3,2,0,0,1,1,0,2,0,0,1
39715,2,2,2,8,15,3,3,1,1,,,4,2,1,0,1
39716,2,2,2,8,15,4,0,1,1,,,4,2,1,0,1
39717,2,2,2,8,15,4,1,0,0,1,1,0,2,0,0,1
39718,2,2,2,8,15,4,2,0,0,1,1,0,2,0,0,1
39719,2,2,2,8,15,4,3,1,1,,,4,2,1,0,1
39720,2,2,2,8,15,5,0,1,1,,,4,2,1,0,1
39721,2,2,2,8,15,5,1,0,0,1,1,0,2,0,0,1
39722,2,2,2,8,15,5,2,0,0,1,1,0,2,0,0,1
39723,2,2,2,8,15,5,3,1,1,,,4,2,1,0,1
39724,2,2,2,8,15,6,0,1,1,,,4,2,1,0,1
39725,2,2,2,8,15,6,1,0,0,1,1,0,2,0,0,1
39726,2,2,2,8,15,6,2,0,0,1,1,0,2,0,0,1
39727,2,2,2,8,15,6,3,1,1,,,4,2,1,0,1
39728,2,2,2,8,15,7,0,1,1,,,4,2,1,0,1
39729,2,2,2,8,15,7,1,0,0,1,1,0,2,0,0,1
39730,2,2,2,8,15,7,2,0,0,1,1,0,2,0,0,1
39731,2,2,2,8,15,7,3,1,1,,,4,2,1,0,1
39732,2,2,2,8,15,8,0,1,1,,,4,2,1,0,1
39733,2,2,2,8,15,8,1,0,0,1,1,0,2,0,0,1
39734,2,2,2,8,15,8,2,0,0,1,1,0,2,0,0,1
39735,2,2,2,8,15,8,3,1,1,,,4,2,1,0,1
39736,2,2,2,8,15,9,0,1,1,,,4,2,1,0,1
39737,2,2,2,8,15,9,1,0,0,1,1,0,2,0,0,1
39738,2,2,2,8,15,9,2,0,0,1,1,0,2,0,0,1
39739,2,2,2,8,15,9,3,1,1,,,4,2,1,0,1
39740,2,2,2,8,15,10,0,1,1,,,4,2,1,0,1
39741,2,2,2,8,15,10,1,0,0,1,1,0,2,0,0,1
39742,2,2,2,8,15,10,2,0,0,1,1,0,2,0,0,1
39743,2,2,2,8,15,10,3,1,1,,,4,2,1,0,1
39744,2,2,2,8,15,11,0,1,1,,,4,2,1,0,1
39745,2,2,2,8,15,11,1,0,0,1,1,0,2,0,0,1
39746,2,2,2,8,15,11,2,0,0,1,1,0,2,0,0,1
39747,2,2,2,8,15,11,3,1,1,,,4,2,1,0,1
39748,2,2,2,8,15,12,0,1,1,,,4,2,1,0,1
39749,2,2,2,8,15,12,1,0,0,1,1,0,2,0,0,1
39750,2,2,2,8,15,12,2,0,0,1,1,0,2,0,0,1
39751,2,2,2,8,15,12,3,1,1,,,4,2,1,0,1
39752,2,2,2,8,15,13,0,1,1,,,4,2,1,0,1
39753,2,2,2,8,15,13,1,0,0,1,1,0,2,0,0,1
39754,2,2,2,8,15,13,2,0,0,1,1,0,2,0,0,1
39755,2,2,2,8,15,13,3,1,1,,,4,2,1,0,1
39756,2,2,2,8,15,14,0,1,1,,,4,2,1,0,1
39757,2,2,2,8,15,14,1,0,0,1,1,0,2,0,0,1
39758,2,2,2,8,15,14,2,0,0,1,1,0,2,0,0,1
39759,2,2,2,8,15,14,3,1,1,,,4,2,1,0,1
39760,2,2,2,8,15,15,0,1,1,,,4,2,1,0,1
39761,2,2,2,8,15,15,1,0,0,1,1,0,2,0,0,1
39762,2,2,2,8,15,15,2,0,0,1,1,0,2,0,0,1
39763,2,2,2,8,15,15,3,1,1,,,4,2,1,0,1
39764,2,2,2,9,0,0,0,1,1,,,4,2,1,1,1
39765,2,2,2,9,0,0,1,1,1,,,1,2,1,1,1
39766,2,2,2,9,0,0,2,1,1,,,1,2,1,1,1
39767,2,2,2,9,0,0,3,1,1,,,4,2,1,1,1
39768,2,2,2,9,0,1,0,1,1,,,4,2,1,1,1
39769,2,2,2,9,0,1,1,1,1,,,1,2,1,1,1
39770,2,2,2,9,0,1,2,1,1,,,1,2,1,1,1
39771,2,2,2,9,0,1,3,1,1,,,4,2,1,1,1
39772,2,2,2,9,0,2,0,1,1,,,4,2,1,1,1
39773,2,2,2,9,0,2,1,1,1,,,1,2,1,1,1
39774,2,2,2,9,0,2,2,1,1,,,1,2,1,1,1
39775,2,2,2,9,0,2,3,1,1,,,4,2,1,1,1
39776,2,2,2,9,0,3,0,1,1,,,4,2,1,1,1
39777,2,2,2,9,0,3,1,1,1,,,1,2,1,1,1
39778,2,2,2,9,0,3,2,1,1,,,1,2,1,1,1
39779,2,2,2,9,0,3,3,1,1,,,4,2,1,1,1
39780,2,2,2,9,0,4,0,1,1,,,4,2,1,1,1
39781,2,2,2,9,0,4,1,1,1,,,1,2,1,1,1
39782,2,2,2,9,0,4,2,1,1,,,1,2,1,1,1
39783,2,2,2,9,0,4,3,1,1,,,4,2,1,1,1
39784,2,2,2,9,0,5,0,1,1,,,4,2,1,1,1
39785,2,2,2,9,0,5,1,1,1,,,1,2,1,1,1
39786,2,2,2,9,0,5,2,1,1,,,1,2,1,1,1
39787,2,2,2,9,0,5,3,1,1,,,4,2,1,1,1
39788,2,2,2,9,0,6,0,1,1,,,4,2,1,1,1
39789,2,2,2,9,0,6,1,1,1,,,1,2,1,1,1
39790,2,2,2,9,0,6,2,1,1,,,1,2,1,1,1
39791,2,2,2,9,0,6,3,1,1,,,4,2,1,1,1
39792,2,2,2,9,0,7,0,1,1,,,4,2,1,1,1
39793,2,2,2,9,0,7,1,1,1,,,1,2,1,1,1
39794,2,2,2,9,0,7,2,1,1,,,1,2,1,1,1
39795,2,2,2,9,0,7,3,1,1,,,4,2,1,1,1
39796,2,2,2,9,0,8,0,1,1,,,4,2,1,1,1
39797,2,2,2,9,0,8,1,1,1,,,1,2,1,1,1
39798,2,2,2,9,0,8,2,1,1,,,1,2,1,1,1
39799,2,2,2,9,0,8,3,1,1,,,4,2,1,1,1
39800,2,2,2,9,0,9,0,1,1,,,4,2,1,1,1
39801,2,2,2,9,0,9,1,1,1,,,1,2,1,1,1
39802,2,2,2,9,0,9,2,1,1,,,1,2,1,1,1
39803,2,2,2,9,0,9,3,1,1,,,4,2,1,1,1
39804,2,2,2,9,0,10,0,1,1,,,4,2,1,1,1
39805,2,2,2,9,0,10,1,1,1,,,1,2,1,1,1
39806,2,2,2,9,0,10,2,1,1,,,1,2,1,1,1
39807,2,2,2,9,0,10,3,1,1,,,4,2,1,1,1
39808,2,2,2,9,0,11,0,1,1,,,4,2,1,1,1
39809,2,2,2,9,0,11,1,1,1,,,1,2,1,1,1
39810,2,2,2,9,0,11,2,1,1,,,1,2,1,1,1
39811,2,2,2,9,0,11,3,1,1,,,4,2,1,1,1
39812,2,2,2,9,0,12,0,1,1,,,4,2,1,1,1
39813,2,2,2,9,0,12,1,1,1,,,1,2,1,1,1
39814,2,2,2,9,0,12,2,1,1,,,1,2,1,1,1
39815,2,2,2,9,0,12,3,1,1,,,4,2,1,1,1
39816,2,2,2,9,0,13,0,1,1,,,4,2,1,1,1
39817,2,2,2,9,0,13,1,1,1,,,1,2,1,1,1
39818,2,2,2,9,0,13,2,1,1,,,1,2,1,1,1
39819,2,2,2,9,0,13,3,1,1,,,4,2,1,1,1
39820,2,2,2,9,0,14,0,1,1,,,4,2,1,1,1
39821,2,2,2,9,0,14,1,1,1,,,1,2,1,1,1
39822,2,2,2,9,0,14,2,1,1,,,1,2,1,1,1
39823,2,2,2,9,0,14,3,1,1,,,4,2,1,1,1
39824,2,2,2,9,0,15,0,1,1,,,4,2,1,1,1
39825,2,2,2,9,0,15,1,1,1,,,1,2,1,1,1
39826,2,2,2,9,0,15,2,1,1,,,1,2,1,1,1
39827,2,2,2,9,0,15,3,1,1,,,4,2,1,1,1
39828,2,2,2,9,1,0,0,1,1,,,4,4,1,0,1
39829,2,2,2,9,1,0,1,0,0,3,3,0,4,0,0,1
39830,2,2,2,9,1,0,2,0,0,3,3,0,4,0,0,1
39831,2,2,2,9,1,0,3,1,1,,,4,4,1,0,1
39832,2,2,2,9,1,1,0,1,1,,,4,4,1,0,1
39833,2,2,2,9,1,1,1,0,0,3,3,0,4,0,0,1
39834,2,2,2,9,1,1,2,0,0,3,3,0,4,0,0,1
39835,2,2,2,9,1,1,3,1,1,,,4,4,1,0,1
39836,2,2,2,9,1,2,0,1,1,,,4,4,1,0,1
39837,2,2,2,9,1,2,1,0,0,3,3,0,4,0,0,1
39838,2,2,2,9,1,2,2,0,0,3,3,0,4,0,0,1
39839,2,2,2,9,1,2,3,1,1,,,4,4,1,0,1
39840,2,2,2,9,1,3,0,1,1,,,4,4,1,0,1
39841,2,2,2,9,1,3,1,0,0,3,3,0,4,0,0,1
39842,2,2,2,9,1,3,2,0,0,3,3,0,4,0,0,1
39843,2,2,2,9,1,3,3,1,1,,,4,4,1,0,1
39844,2,2,2,9,1,4,0,1,1,,,4,4,1,0,1
39845,2,2,2,9,1,4,1,0,0,3,3,0,4,0,0,1
39846,2,2,2,9,1,4,2,0,0,3,3,0,4,0,0,1
39847,2,2,2,9,1,4,3,1,1,,,4,4,1,0,1
39848,2,2,2,9,1,5,0,1,1,,,4,4,1,0,1
39849,2,2,2,9,1,5,1,0,0,3,3,0,4,0,0,1
39850,2,2,2,9,1,5,2,0,0,3,3,0,4,0,0,1
39851,2,2,2,9,1,5,3,1,1,,,4,4,1,0,1
39852,2,2,2,9,1,6,0,1,1,,,4,4,1,0,1
39853,2,2,2,9,1,6,1,0,0,3,3,0,4,0,0,1
39854,2,2,2,9,1,6,2,0,0,3,3,0,4,0,0,1
39855,2,2,2,9,1,6,3,1,1,,,4,4,1,0,1
39856,2,2,2,9,1,7,0,1,1,,,4,4,1,0,1
39857,2,2,2,9,1,7,1,0,0,3,3,0,4,0,0,1
39858,2,2,2,9,1,7,2,0,0,3,3,0,4,0,0,1
39859,2,2,2,9,1,7,3,1,1,,,4,4,1,0,1
39860,2,2,2,9,1,8,0,1,1,,,4,4,1,0,1
39861,2,2,2,9,1,8,1,0,0,3,3,0,4,0,0,1
39862,2,2,2,9,1,8,2,0,0,3,3,0,4,0,0,1
39863,2,2,2,9,1,8,3,1,1,,,4,4,1,0,1
39864,2,2,2,9,1,9,0,1,1,,,4,4,1,0,1
39865,2,2,2,9,1,9,1,0,0,3,3,0,4,0,0,1
39866,2,2,2,9,1,9,2,0,0,3,3,0,4,0,0,1
39867,2,2,2,9,1,9,3,1,1,,,4,4,1,0,1
39868,2,2,2,9,1,10,0,1,1,,,4,4,1,0,1
39869,2,2,2,9,1,10,1,0,0,3,3,0,4,0,0,1
39870,2,2,2,9,1,10,2,0,0,3,3,0,4,0,0,1
39871,2,2,2,9,1,10,3,1,1,,,4,4,1,0,1
39872,2,2,2,9,1,11,0,1,1,,,4,4,1,0,1
39873,2,2,2,9,1,11,1,0,0,3,3,0,4,0,0,1
39874,2,2,2,9,1,11,2,0,0,3,3,0,4,0,0,1
39875,2,2,2,9,1,11,3,1,1,,,4,4,1,0,1
39876,2,2,2,9,1,12,0,1,1,,,4,4,1,0,1
39877,2,2,2,9,1,12,1,0,0,3,3,0,4,0,0,1
39878,2,2,2,9,1,12,2,0,0,3,3,0,4,0,0,1
39879,2,2,2,9,1,12,3,1,1,,,4,4,1,0,1
39880,2,2,2,9,1,13,0,1,1,,,4,4,1,0,1
39881,2,2,2,9,1,13,1,0,0,3,3,0,4,0,0,1
39882,2,2,2,9,1,13,2,0,0,3,3,0,4,0,0,1
39883,2,2,2,9,1,13,3,1,1,,,4,4,1,0,1
39884,2,2,2,9,1,14,0,1,1,,,4,4,1,0,1
39885,2,2,2,9,1,14,1,0,0,3,3,0,4,0,0,1
39886,2,2,2,9,1,14,2,0,0,3,3,0,4,0,0,1
39887,2,2,2,9,1,14,3,1,1,,,4,4,1,0,1
39888,2,2,2,9,1,15,0,1,1,,,4,4,1,0,1
39889,2,2,2,9,1,15,1,0,0,3,3,0,4,0,0,1
39890,2,2,2,9,1,15,2,0,0,3,3,0,4,0,0,1
39891,2,2,2,9,1,15,3,1,1,,,4,4,1,0,1
39892,2,2,2,9,2,0,0,1,1,,,4,4,1,0,1
39893,2,2,2,9,2,0,1,0,0,1,1,0,4,0,0,1
39894,2,2,2,9,2,0,2,0,0,1,1,0,4,0,0,1
39895,2,2,2,9,2,0,3,1,1,,,4,4,1,0,1
39896,2,2,2,9,2,1,0,1,1,,,4,4,1,0,1
39897,2,2,2,9,2,1,1,0,0,1,1,0,4,0,0,1
39898,2,2,2,9,2,1,2,0,0,1,1,0,4,0,0,1
39899,2,2,2,9,2,1,3,1,1,,,4,4,1,0,1
39900,2,2,2,9,2,2,0,1,1,,,4,4,1,0,1
39901,2,2,2,9,2,2,1,0,0,1,1,0,4,0,0,1
39902,2,2,2,9,2,2,2,0,0,1,1,0,4,0,0,1
39903,2,2,2,9,2,2,3,1,1,,,4,4,1,0,1
39904,2,2,2,9,2,3,0,1,1,,,4,4,1,0,1
39905,2,2,2,9,2,3,1,0,0,1,1,0,4,0,0,1
39906,2,2,2,9,2,3,2,0,0,1,1,0,4,0,0,1
39907,2,2,2,9,2,3,3,1,1,,,4,4,1,0,1
39908,2,2,2,9,2,4,0,1,1,,,4,4,1,0,1
39909,2,2,2,9,2,4,1,0,0,1,1,0,4,0,0,1
39910,2,2,2,9,2,4,2,0,0,1,1,0,4,0,0,1
39911,2,2,2,9,2,4,3,1,1,,,4,4,1,0,1
39912,2,2,2,9,2,5,0,1,1,,,4,4,1,0,1
39913,2,2,2,9,2,5,1,0,0,1,1,0,4,0,0,1
39914,2,2,2,9,2,5,2,0,0,1,1,0,4,0,0,1
39915,2,2,2,9,2,5,3,1,1,,,4,4,1,0,1
39916,2,2,2,9,2,6,0,1,1,,,4,4,1,0,1
39917,2,2,2,9,2,6,1,0,0,1,1,0,4,0,0,1
39918,2,2,2,9,2,6,2,0,0,1,1,0,4,0,0,1
39919,2,2,2,9,2,6,3,1,1,,,4,4,1,0,1
39920,2,2,2,9,2,7,0,1,1,,,4,4,1,0,1
39921,2,2,2,9,2,7,1,0,0,1,1,0,4,0,0,1
39922,2,2,2,9,2,7,2,0,0,1,1,0,4,0,0,1
39923,2,2,2,9,2,7,3,1,1,,,4,4,1,0,1
39924,2,2,2,9,2,8,0,1,1,,,4,4,1,0,1
39925,2,2,2,9,2,8,1,0,0,1,1,0,4,0,0,1
39926,2,2,2,9,2,8,2,0,0,1,1,0,4,0,0,1
39927,2,2,2,9,2,8,3,1,1,,,4,4,1,0,1
39928,2,2,2,9,2,9,0,1,1,,,4,4,1,0,1
39929,2,2,2,9,2,9,1,0,0,1,1,0,4,0,0,1
39930,2,2,2,9,2,9,2,0,0,1,1,0,4,0,0,1
39931,2,2,2,9,2,9,3,1,1,,,4,4,1,0,1
39932,2,2,2,9,2,10,0,1,1,,,4,4,1,0,1
39933,2,2,2,9,2,10,1,0,0,1,1,0,4,0,0,1
39934,2,2,2,9,2,10,2,0,0,1,1,0,4,0,0,1
39935,2,2,2,9,2,10,3,1,1,,,4,4,1,0,1
39936,2,2,2,9,2,11,0,1,1,,,4,4,1,0,1
39937,2,2,2,9,2,11,1,0,0,1,1,0,4,0,0,1
39938,2,2,2,9,2,11,2,0,0,1,1,0,4,0,0,1
39939,2,2,2,9,2,11,3,1,1,,,4,4,1,0,1
39940,2,2,2,9,2,12,0,1,1,,,4,4,1,0,1
39941,2,2,2,9,2,12,1,0,0,1,1,0,4,0,0,1
39942,2,2,2,9,2,12,2,0,0,1,1,0,4,0,0,1
39943,2,2,2,9,2,12,3,1,1,,,4,4,1,0,1
39944,2,2,2,9,2,13,0,1,1,,,4,4,1,0,1
39945,2,2,2,9,2,13,1,0,0,1,1,0,4,0,0,1
39946,2,2,2,9,2,13,2,0,0,1,1,0,4,0,0,1
39947,2,2,2,9,2,13,3,1,1,,,4,4,1,0,1
39948,2,2,2,9,2,14,0,1,1,,,4,4,1,0,1
39949,2,2,2,9,2,14,1,0,0,1,1,0,4,0,0,1
39950,2,2,2,9,2,14,2,0,0,1,1,0,4,0,0,1
39951,2,2,2,9,2,14,3,1,1,,,4,4,1,0,1
39952,2,2,2,9,2,15,0,1,1,,,4,4,1,0,1
39953,2,2,2,9,2,15,1,0,0,1,1,0,4,0,0,1
39954,2,2,2,9,2,15,2,0,0,1,1,0,4,0,0,1
39955,2,2,2,9,2,15,3,1,1,,,4,4,1,0,1
39956,2,2,2,9,3,0,0,1,1,,,4,4,1,0,1
39957,2,2,2,9,3,0,1,0,0,1,1,0,4,0,0,1
39958,2,2,2,9,3,0,2,0,0,1,1,0,4,0,0,1
39959,2,2,2,9,3,0,3,1,1,,,4,4,1,0,1
39960,2,2,2,9,3,1,0,1,1,,,4,4,1,0,1
39961,2,2,2,9,3,1,1,0,0,1,1,0,4,0,0,1
39962,2,2,2,9,3,1,2,0,0,1,1,0,4,0,0,1
39963,2,2,2,9,3,1,3,1,1,,,4,4,1,0,1
39964,2,2,2,9,3,2,0,1,1,,,4,4,1,0,1
39965,2,2,2,9,3,2,1,0,0,1,1,0,4,0,0,1
39966,2,2,2,9,3,2,2,0,0,1,1,0,4,0,0,1
39967,2,2,2,9,3,2,3,1,1,,,4,4,1,0,1
39968,2,2,2,9,3,3,0,1,1,,,4,4,1,0,1
39969,2,2,2,9,3,3,1,0,0,1,1,0,4,0,0,1
39970,2,2,2,9,3,3,2,0,0,1,1,0,4,0,0,1
39971,2,2,2,9,3,3,3,1,1,,,4,4,1,0,1
39972,2,2,2,9,3,4,0,1,1,,,4,4,1,0,1
39973,2,2,2,9,3,4,1,0,0,1,1,0,4,0,0,1
39974,2,2,2,9,3,4,2,0,0,1,1,0,4,0,0,1
39975,2,2,2,9,3,4,3,1,1,,,4,4,1,0,1
39976,2,2,2,9,3,5,0,1,1,,,4,4,1,0,1
39977,2,2,2,9,3,5,1,0,0,1,1,0,4,0,0,1
39978,2,2,2,9,3,5,2,0,0,1,1,0,4,0,0,1
39979,2,2,2,9,3,5,3,1,1,,,4,4,1,0,1
39980,2,2,2,9,3,6,0,1,1,,,4,4,1,0,1
39981,2,2,2,9,3,6,1,0,0,1,1,0,4,0,0,1
39982,2,2,2,9,3,6,2,0,0,1,1,0,4,0,0,1
39983,2,2,2,9,3,6,3,1,1,,,4,4,1,0,1
39984,2,2,2,9,3,7,0,1,1,,,4,4,1,0,1
39985,2,2,2,9,3,7,1,0,0,1,1,0,4,0,0,1
39986,2,2,2,9,3,7,2,0,0,1,1,0,4,0,0,1
39987,2,2,2,9,3,7,3,1,1,,,4,4,1,0,1
39988,2,2,2,9,3,8,0,1,1,,,4,4,1,0,1
39989,2,2,2,9,3,8,1,0,0,1,1,0,4,0,0,1
39990,2,2,2,9,3,8,2,0,0,1,1,0,4,0,0,1
39991,2,2,2,9,3,8,3,1,1,,,4,4,1,0,1
39992,2,2,2,9,3,9,0,1,1,,,4,4,1,0,1
39993,2,2,2,9,3,9,1,0,0,1,1,0,4,0,0,1
39994,2,2,2,9,3,9,2,0,0,1,1,0,4,0,0,1
39995,2,2,2,9,3,9,3,1,1,,,4,4,1,0,1
39996,2,2,2,9,3,10,0,1,1,,,4,4,1,0,1
39997,2,2,2,9,3,10,1,0,0,1,1,0,4,0,0,1
39998,2,2,2,9,3,10,2,0,0,1,1,0,4,0,0,1
39999,2,2,2,9,3,10,3,1,1,,,4,4,1,0,1
40000,2,2,2,9,3,11,0,1,1,,,4,4,1,0,1
40001,2,2,2,9,3,11,1,0,0,1,1,0,4,0,0,1
40002,2,2,2,9,3,11,2,0,0,1,1,0,4,0,0,1
40003,2,2,2,9,3,11,3,1,1,,,4,4,1,0,1
40004,2,2,2,9,3,12,0,1,1,,,4,4,1,0,1
40005,2,2,2,9,3,12,1,0,0,1,1,0,4,0,0,1
40006,2,2,2,9,3,12,2,0,0,1,1,0,4,0,0,1
40007,2,2,2,9,3,12,3,1,1,,,4,4,1,0,1
40008,2,2,2,9,3,13,0,1,1,,,4,4,1,0,1
40009,2,2,2,9,3,13,1,0,0,1,1,0,4,0,0,1
40010,2,2,2,9,3,13,2,0,0,1,1,0,4,0,0,1
40011,2,2,2,9,3,13,3,1,1,,,4,4,1,0,1
40012,2,2,2,9,3,14,0,1,1,,,4,4,1,0,1
40013,2,2,2,9,3,14,1,0,0,1,1,0,4,0,0,1
40014,2,2,2,9,3,14,2,0,0,1,1,0,4,0,0,1
40015,2,2,2,9,3,14,3,1,1,,,4,4,1,0,1
40016,2,2,2,9,3,15,0,1,1,,,4,4,1,0,1
40017,2,2,2,9,3,15,1,0,0,1,1,0,4,0,0,1
40018,2,2,2,9,3,15,2,0,0,1,1,0,4,0,0,1
40019,2,2,2,9,3,15,3,1,1,,,4,4,1,0,1
40020,2,2,2,9,4,0,0,1,1,,,4,2,1,1,1
40021,2,2,2,9,4,0,1,1,1,,,1,2,1,1,1
40022,2,2,2,9,4,0,2,1,1,,,1,2,1,1,1
40023,2,2,2,9,4,0,3,1,1,,,4,2,1,1,1
40024,2,2,2,9,4,1,0,1,1,,,4,2,1,1,1
40025,2,2,2,9,4,1,1,1,1,,,1,2,1,1,1
40026,2,2,2,9,4,1,2,1,1,,,1,2,1,1,1
40027,2,2,2,9,4,1,3,1,1,,,4,2,1,1,1
40028,2,2,2,9,4,2,0,1,1,,,4,2,1,1,1
40029,2,2,2,9,4,2,1,1,1,,,1,2,1,1,1
40030,2,2,2,9,4,2,2,1,1,,,1,2,1,1,1
40031,2,2,2,9,4,2,3,1,1,,,4,2,1,1,1
40032,2,2,2,9,4,3,0,1,1,,,4,2,1,1,1
40033,2,2,2,9,4,3,1,1,1,,,1,2,1,1,1
40034,2,2,2,9,4,3,2,1,1,,,1,2,1,1,1
40035,2,2,2,9,4,3,3,1,1,,,4,2,1,1,1
40036,2,2,2,9,4,4,0,1,1,,,4,2,1,1,1
40037,2,2,2,9,4,4,1,1,1,,,1,2,1,1,1
40038,2,2,2,9,4,4,2,1,1,,,1,2,1,1,1
40039,2,2,2,9,4,4,3,1,1,,,4,2,1,1,1
40040,2,2,2,9,4,5,0,1,1,,,4,2,1,1,1
40041,2,2,2,9,4,5,1,1,1,,,1,2,1,1,1
40042,2,2,2,9,4,5,2,1,1,,,1,2,1,1,1
40043,2,2,2,9,4,5,3,1,1,,,4,2,1,1,1
40044,2,2,2,9,4,6,0,1,1,,,4,2,1,1,1
40045,2,2,2,9,4,6,1,1,1,,,1,2,1,1,1
40046,2,2,2,9,4,6,2,1,1,,,1,2,1,1,1
40047,2,2,2,9,4,6,3,1,1,,,4,2,1,1,1
40048,2,2,2,9,4,7,0,1,1,,,4,2,1,1,1
40049,2,2,2,9,4,7,1,1,1,,,1,2,1,1,1
40050,2,2,2,9,4,7,2,1,1,,,1,2,1,1,1
40051,2,2,2,9,4,7,3,1,1,,,4,2,1,1,1
40052,2,2,2,9,4,8,0,1,1,,,4,2,1,1,1
40053,2,2,2,9,4,8,1,1,1,,,1,2,1,1,1
40054,2,2,2,9,4,8,2,1,1,,,1,2,1,1,1
40055,2,2,2,9,4,8,3,1,1,,,4,2,1,1,1
40056,2,2,2,9,4,9,0,1,1,,,4,2,1,1,1
40057,2,2,2,9,4,9,1,1,1,,,1,2,1,1,1
40058,2,2,2,9,4,9,2,1,1,,,1,2,1,1,1
40059,2,2,2,9,4,9,3,1,1,,,4,2,1,1,1
40060,2,2,2,9,4,10,0,1,1,,,4,2,1,1,1
40061,2,2,2,9,4,10,1,1,1,,,1,2,1,1,1
40062,2,2,2,9,4,10,2,1,1,,,1,2,1,1,1
40063,2,2,2,9,4,10,3,1,1,,,4,2,1,1,1
40064,2,2,2,9,4,11,0,1,1,,,4,2,1,1,1
40065,2,2,2,9,4,11,1,1,1,,,1,2,1,1,1
40066,2,2,2,9,4,11,2,1,1,,,1,2,1,1,1
40067,2,2,2,9,4,11,3,1,1,,,4,2,1,1,1
40068,2,2,2,9,4,12,0,1,1,,,4,2,1,1,1
40069,2,2,2,9,4,12,1,1,1,,,1,2,1,1,1
40070,2,2,2,9,4,12,2,1,1,,,1,2,1,1,1
40071,2,2,2,9,4,12,3,1,1,,,4,2,1,1,1
40072,2,2,2,9,4,13,0,1,1,,,4,2,1,1,1
40073,2,2,2,9,4,13,1,1,1,,,1,2,1,1,1
40074,2,2,2,9,4,13,2,1,1,,,1,2,1,1,1
40075,2,2,2,9,4,13,3,1,1,,,4,2,1,1,1
40076,2,2,2,9,4,14,0,1,1,,,4,2,1,1,1
40077,2,2,2,9,4,14,1,1,1,,,1,2,1,1,1
40078,2,2,2,9,4,14,2,1,1,,,1,2,1,1,1
40079,2,2,2,9,4,14,3,1,1,,,4,2,1,1,1
40080,2,2,2,9,4,15,0,1,1,,,4,2,1,1,1
40081,2,2,2,9,4,15,1,1,1,,,1,2,1,1,1
40082,2,2,2,9,4,15,2,1,1,,,1,2,1,1,1
40083,2,2,2,9,4,15,3,1,1,,,4,2,1,1,1
40084,2,2,2,9,5,0,0,1,1,,,4,4,1,0,1
40085,2,2,2,9,5,0,1,0,0,2,2,0,4,0,0,1
40086,2,2,2,9,5,0,2,0,0,2,2,0,4,0,0,1
40087,2,2,2,9,5,0,3,1,1,,,4,4,1,0,1
40088,2,2,2,9,5,1,0,1,1,,,4,4,1,0,1
40089,2,2,2,9,5,1,1,0,0,2,2,0,4,0,0,1
40090,2,2,2,9,5,1,2,0,0,2,2,0,4,0,0,1
40091,2,2,2,9,5,1,3,1,1,,,4,4,1,0,1
40092,2,2,2,9,5,2,0,1,1,,,4,4,1,0,1
40093,2,2,2,9,5,2,1,0,0,2,2,0,4,0,0,1
40094,2,2,2,9,5,2,2,0,0,2,2,0,4,0,0,1
40095,2,2,2,9,5,2,3,1,1,,,4,4,1,0,1
40096,2,2,2,9,5,3,0,1,1,,,4,4,1,0,1
40097,2,2,2,9,5,3,1,0,0,2,2,0,4,0,0,1
40098,2,2,2,9,5,3,2,0,0,2,2,0,4,0,0,1
40099,2,2,2,9,5,3,3,1,1,,,4,4,1,0,1
40100,2,2,2,9,5,4,0,1,1,,,4,4,1,0,1
40101,2,2,2,9,5,4,1,0,0,2,2,0,4,0,0,1
40102,2,2,2,9,5,4,2,0,0,2,2,0,4,0,0,1
40103,2,2,2,9,5,4,3,1,1,,,4,4,1,0,1
40104,2,2,2,9,5,5,0,1,1,,,4,4,1,0,1
40105,2,2,2,9,5,5,1,0,0,2,2,0,4,0,0,1
40106,2,2,2,9,5,5,2,0,0,2,2,0,4,0,0,1
40107,2,2,2,9,5,5,3,1,1,,,4,4,1,0,1
40108,2,2,2,9,5,6,0,1,1,,,4,4,1,0,1
40109,2,2,2,9,5,6,1,0,0,2,2,0,4,0,0,1
40110,2,2,2,9,5,6,2,0,0,2,2,0,4,0,0,1
40111,2,2,2,9,5,6,3,1,1,,,4,4,1,0,1
40112,2,2,2,9,5,7,0,1,1,,,4,4,1,0,1
40113,2,2,2,9,5,7,1,0,0,2,2,0,4,0,0,1
40114,2,2,2,9,5,7,2,0,0,2,2,0,4,0,0,1
40115,2,2,2,9,5,7,3,1,1,,,4,4,1,0,1
40116,2,2,2,9,5,8,0,1,1,,,4,4,1,0,1
40117,2,2,2,9,5,8,1,0,0,2,2,0,4,0,0,1
40118,2,2,2,9,5,8,2,0,0,2,2,0,4,0,0,1
40119,2,2,2,9,5,8,3,1,1,,,4,4,1,0,1
40120,2,2,2,9,5,9,0,1,1,,,4,4,1,0,1
40121,2,2,2,9,5,9,1,0,0,2,2,0,4,0,0,1
40122,2,2,2,9,5,9,2,0,0,2,2,0,4,0,0,1
40123,2,2,2,9,5,9,3,1,1,,,4,4,1,0,1
40124,2,2,2,9,5,10,0,1,1,,,4,4,1,0,1
40125,2,2,2,9,5,10,1,0,0,2,2,0,4,0,0,1
40126,2,2,2,9,5,10,2,0,0,2,2,0,4,0,0,1
40127,2,2,2,9,5,10,3,1,1,,,4,4,1,0,1
40128,2,2,2,9,5,11,0,1,1,,,4,4,1,0,1
40129,2,2,2,9,5,11,1,0,0,2,2,0,4,0,0,1
40130,2,2,2,9,5,11,2,0,0,2,2,0,4,0,0,1
40131,2,2,2,9,5,11,3,1,1,,,4,4,1,0,1
40132,2,2,2,9,5,12,0,1,1,,,4,4,1,0,1
40133,2,2,2,9,5,12,1,0,0,2,2,0,4,0,0,1
40134,2,2,2,9,5,12,2,0,0,2,2,0,4,0,0,1
40135,2,2,2,9,5,12,3,1,1,,,4,4,1,0,1
40136,2,2,2,9,5,13,0,1,1,,,4,4,1,0,1
40137,2,2,2,9,5,13,1,0,0,2,2,0,4,0,0,1
40138,2,2,2,9,5,13,2,0,0,2,2,0,4,0,0,1
40139,2,2,2,9,5,13,3,1,1,,,4,4,1,0,1
40140,2,2,2,9,5,14,0,1,1,,,4,4,1,0,1
40141,2,2,2,9,5,14,1,0,0,2,2,0,4,0,0,1
40142,2,2,2,9,5,14,2,0,0,2,2,0,4,0,0,1
40143,2,2,2,9,5,14,3,1,1,,,4,4,1,0,1
40144,2,2,2,9,5,15,0,1,1,,,4,4,1,0,1
40145,2,2,2,9,5,15,1,0,0,2,2,0,4,0,0,1
40146,2,2,2,9,5,15,2,0,0,2,2,0,4,0,0,1
40147,2,2,2,9,5,15,3,1,1,,,4,4,1,0,1
40148,2,2,2,9,6,0,0,1,1,,,4,4,1,0,1
40149,2,2,2,9,6,0,1,0,0,1,1,0,4,0,0,1
40150,2,2,2,9,6,0,2,0,0,1,1,0,4,0,0,1
40151,2,2,2,9,6,0,3,1,1,,,4,4,1,0,1
40152,2,2,2,9,6,1,0,1,1,,,4,4,1,0,1
40153,2,2,2,9,6,1,1,0,0,1,1,0,4,0,0,1
40154,2,2,2,9,6,1,2,0,0,1,1,0,4,0,0,1
40155,2,2,2,9,6,1,3,1,1,,,4,4,1,0,1
40156,2,2,2,9,6,2,0,1,1,,,4,4,1,0,1
40157,2,2,2,9,6,2,1,0,0,1,1,0,4,0,0,1
40158,2,2,2,9,6,2,2,0,0,1,1,0,4,0,0,1
40159,2,2,2,9,6,2,3,1,1,,,4,4,1,0,1
40160,2,2,2,9,6,3,0,1,1,,,4,4,1,0,1
40161,2,2,2,9,6,3,1,0,0,1,1,0,4,0,0,1
40162,2,2,2,9,6,3,2,0,0,1,1,0,4,0,0,1
40163,2,2,2,9,6,3,3,1,1,,,4,4,1,0,1
40164,2,2,2,9,6,4,0,1,1,,,4,4,1,0,1
40165,2,2,2,9,6,4,1,0,0,1,1,0,4,0,0,1
40166,2,2,2,9,6,4,2,0,0,1,1,0,4,0,0,1
40167,2,2,2,9,6,4,3,1,1,,,4,4,1,0,1
40168,2,2,2,9,6,5,0,1,1,,,4,4,1,0,1
40169,2,2,2,9,6,5,1,0,0,1,1,0,4,0,0,1
40170,2,2,2,9,6,5,2,0,0,1,1,0,4,0,0,1
40171,2,2,2,9,6,5,3,1,1,,,4,4,1,0,1
40172,2,2,2,9,6,6,0,1,1,,,4,4,1,0,1
40173,2,2,2,9,6,6,1,0,0,1,1,0,4,0,0,1
40174,2,2,2,9,6,6,2,0,0,1,1,0,4,0,0,1
40175,2,2,2,9,6,6,3,1,1,,,4,4,1,0,1
40176,2,2,2,9,6,7,0,1,1,,,4,4,1,0,1
40177,2,2,2,9,6,7,1,0,0,1,1,0,4,0,0,1
40178,2,2,2,9,6,7,2,0,0,1,1,0,4,0,0,1
40179,2,2,2,9,6,7,3,1,1,,,4,4,1,0,1
40180,2,2,2,9,6,8,0,1,1,,,4,4,1,0,1
40181,2,2,2,9,6,8,1,0,0,1,1,0,4,0,0,1
40182,2,2,2,9,6,8,2,0,0,1,1,0,4,0,0,1
40183,2,2,2,9,6,8,3,1,1,,,4,4,1,0,1
40184,2,2,2,9,6,9,0,1,1,,,4,4,1,0,1
40185,2,2,2,9,6,9,1,0,0,1,1,0,4,0,0,1
40186,2,2,2,9,6,9,2,0,0,1,1,0,4,0,0,1
40187,2,2,2,9,6,9,3,1,1,,,4,4,1,0,1
40188,2,2,2,9,6,10,0,1,1,,,4,4,1,0,1
40189,2,2,2,9,6,10,1,0,0,1,1,0,4,0,0,1
40190,2,2,2,9,6,10,2,0,0,1,1,0,4,0,0,1
40191,2,2,2,9,6,10,3,1,1,,,4,4,1,0,1
40192,2,2,2,9,6,11,0,1,1,,,4,4,1,0,1
40193,2,2,2,9,6,11,1,0,0,1,1,0,4,0,0,1
40194,2,2,2,9,6,11,2,0,0,1,1,0,4,0,0,1
40195,2,2,2,9,6,11,3,1,1,,,4,4,1,0,1
40196,2,2,2,9,6,12,0,1,1,,,4,4,1,0,1
40197,2,2,2,9,6,12,1,0,0,1,1,0,4,0,0,1
40198,2,2,2,9,6,12,2,0,0,1,1,0,4,0,0,1
40199,2,2,2,9,6,12,3,1,1,,,4,4,1,0,1
40200,2,2,2,9,6,13,0,1,1,,,4,4,1,0,1
40201,2,2,2,9,6,13,1,0,0,1,1,0,4,0,0,1
40202,2,2,2,9,6,13,2,0,0,1,1,0,4,0,0,1
40203,2,2,2,9,6,13,3,1,1,,,4,4,1,0,1
40204,2,2,2,9,6,14,0,1,1,,,4,4,1,0,1
40205,2,2,2,9,6,14,1,0,0,1,1,0,4,0,0,1
40206,2,2,2,9,6,14,2,0,0,1,1,0,4,0,0,1
40207,2,2,2,9,6,14,3,1,1,,,4,4,1,0,1
40208,2,2,2,9,6,15,0,1,1,,,4,4,1,0,1
40209,2,2,2,9,6,15,1,0,0,1,1,0,4,0,0,1
40210,2,2,2,9,6,15,2,0,0,1,1,0,4,0,0,1
40211,2,2,2,9,6,15,3,1,1,,,4,4,1,0,1
40212,2,2,2,9,7,0,0,1,1,,,4,4,1,0,1
40213,2,2,2,9,7,0,1,0,0,1,1,0,4,0,0,1
40214,2,2,2,9,7,0,2,0,0,1,1,0,4,0,0,1
40215,2,2,2,9,7,0,3,1,1,,,4,4,1,0,1
40216,2,2,2,9,7,1,0,1,1,,,4,4,1,0,1
40217,2,2,2,9,7,1,1,0,0,1,1,0,4,0,0,1
40218,2,2,2,9,7,1,2,0,0,1,1,0,4,0,0,1
40219,2,2,2,9,7,1,3,1,1,,,4,4,1,0,1
40220,2,2,2,9,7,2,0,1,1,,,4,4,1,0,1
40221,2,2,2,9,7,2,1,0,0,1,1,0,4,0,0,1
40222,2,2,2,9,7,2,2,0,0,1,1,0,4,0,0,1
40223,2,2,2,9,7,2,3,1,1,,,4,4,1,0,1
40224,2,2,2,9,7,3,0,1,1,,,4,4,1,0,1
40225,2,2,2,9,7,3,1,0,0,1,1,0,4,0,0,1
40226,2,2,2,9,7,3,2,0,0,1,1,0,4,0,0,1
40227,2,2,2,9,7,3,3,1,1,,,4,4,1,0,1
40228,2,2,2,9,7,4,0,1,1,,,4,4,1,0,1
40229,2,2,2,9,7,4,1,0,0,1,1,0,4,0,0,1
40230,2,2,2,9,7,4,2,0,0,1,1,0,4,0,0,1
40231,2,2,2,9,7,4,3,1,1,,,4,4,1,0,1
40232,2,2,2,9,7,5,0,1,1,,,4,4,1,0,1
40233,2,2,2,9,7,5,1,0,0,1,1,0,4,0,0,1
40234,2,2,2,9,7,5,2,0,0,1,1,0,4,0,0,1
40235,2,2,2,9,7,5,3,1,1,,,4,4,1,0,1
40236,2,2,2,9,7,6,0,1,1,,,4,4,1,0,1
40237,2,2,2,9,7,6,1,0,0,1,1,0,4,0,0,1
40238,2,2,2,9,7,6,2,0,0,1,1,0,4,0,0,1
40239,2,2,2,9,7,6,3,1,1,,,4,4,1,0,1
40240,2,2,2,9,7,7,0,1,1,,,4,4,1,0,1
40241,2,2,2,9,7,7,1,0,0,1,1,0,4,0,0,1
40242,2,2,2,9,7,7,2,0,0,1,1,0,4,0,0,1
40243,2,2,2,9,7,7,3,1,1,,,4,4,1,0,1
40244,2,2,2,9,7,8,0,1,1,,,4,4,1,0,1
40245,2,2,2,9,7,8,1,0,0,1,1,0,4,0,0,1
40246,2,2,2,9,7,8,2,0,0,1,1,0,4,0,0,1
40247,2,2,2,9,7,8,3,1,1,,,4,4,1,0,1
40248,2,2,2,9,7,9,0,1,1,,,4,4,1,0,1
40249,2,2,2,9,7,9,1,0,0,1,1,0,4,0,0,1
40250,2,2,2,9,7,9,2,0,0,1,1,0,4,0,0,1
40251,2,2,2,9,7,9,3,1,1,,,4,4,1,0,1
40252,2,2,2,9,7,10,0,1,1,,,4,4,1,0,1
40253,2,2,2,9,7,10,1,0,0,1,1,0,4,0,0,1
40254,2,2,2,9,7,10,2,0,0,1,1,0,4,0,0,1
40255,2,2,2,9,7,10,3,1,1,,,4,4,1,0,1
40256,2,2,2,9,7,11,0,1,1,,,4,4,1,0,1
40257,2,2,2,9,7,11,1,0,0,1,1,0,4,0,0,1
40258,2,2,2,9,7,11,2,0,0,1,1,0,4,0,0,1
40259,2,2,2,9,7,11,3,1,1,,,4,4,1,0,1
40260,2,2,2,9,7,12,0,1,1,,,4,4,1,0,1
40261,2,2,2,9,7,12,1,0,0,1,1,0,4,0,0,1
40262,2,2,2,9,7,12,2,0,0,1,1,0,4,0,0,1
40263,2,2,2,9,7,12,3,1,1,,,4,4,1,0,1
40264,2,2,2,9,7,13,0,1,1,,,4,4,1,0,1
40265,2,2,2,9,7,13,1,0,0,1,1,0,4,0,0,1
40266,2,2,2,9,7,13,2,0,0,1,1,0,4,0,0,1
40267,2,2,2,9,7,13,3,1,1,,,4,4,1,0,1
40268,2,2,2,9,7,14,0,1,1,,,4,4,1,0,1
40269,2,2,2,9,7,14,1,0,0,1,1,0,4,0,0,1
40270,2,2,2,9,7,14,2,0,0,1,1,0,4,0,0,1
40271,2,2,2,9,7,14,3,1,1,,,4,4,1,0,1
40272,2,2,2,9,7,15,0,1,1,,,4,4,1,0,1
40273,2,2,2,9,7,15,1,0,0,1,1,0,4,0,0,1
40274,2,2,2,9,7,15,2,0,0,1,1,0,4,0,0,1
40275,2,2,2,9,7,15,3,1,1,,,4,4,1,0,1
40276,2,2,2,9,8,0,0,1,1,,,4,2,1,1,1
40277,2,2,2,9,8,0,1,1,1,,,1,2,1,1,1
40278,2,2,2,9,8,0,2,1,1,,,1,2,1,1,1
40279,2,2,2,9,8,0,3,1,1,,,4,2,1,1,1
40280,2,2,2,9,8,1,0,1,1,,,4,2,1,1,1
40281,2,2,2,9,8,1,1,1,1,,,1,2,1,1,1
40282,2,2,2,9,8,1,2,1,1,,,1,2,1,1,1
40283,2,2,2,9,8,1,3,1,1,,,4,2,1,1,1
40284,2,2,2,9,8,2,0,1,1,,,4,2,1,1,1
40285,2,2,2,9,8,2,1,1,1,,,1,2,1,1,1
40286,2,2,2,9,8,2,2,1,1,,,1,2,1,1,1
40287,2,2,2,9,8,2,3,1,1,,,4,2,1,1,1
40288,2,2,2,9,8,3,0,1,1,,,4,2,1,1,1
40289,2,2,2,9,8,3,1,1,1,,,1,2,1,1,1
40290,2,2,2,9,8,3,2,1,1,,,1,2,1,1,1
40291,2,2,2,9,8,3,3,1,1,,,4,2,1,1,1
40292,2,2,2,9,8,4,0,1,1,,,4,2,1,1,1
40293,2,2,2,9,8,4,1,1,1,,,1,2,1,1,1
40294,2,2,2,9,8,4,2,1,1,,,1,2,1,1,1
40295,2,2,2,9,8,4,3,1,1,,,4,2,1,1,1
40296,2,2,2,9,8,5,0,1,1,,,4,2,1,1,1
40297,2,2,2,9,8,5,1,1,1,,,1,2,1,1,1
40298,2,2,2,9,8,5,2,1,1,,,1,2,1,1,1
40299,2,2,2,9,8,5,3,1,1,,,4,2,1,1,1
40300,2,2,2,9,8,6,0,1,1,,,4,2,1,1,1
40301,2,2,2,9,8,6,1,1,1,,,1,2,1,1,1
40302,2,2,2,9,8,6,2,1,1,,,1,2,1,1,1
40303,2,2,2,9,8,6,3,1,1,,,4,2,1,1,1
40304,2,2,2,9,8,7,0,1,1,,,4,2,1,1,1
40305,2,2,2,9,8,7,1,1,1,,,1,2,1,1,1
40306,2,2,2,9,8,7,2,1,1,,,1,2,1,1,1
40307,2,2,2,9,8,7,3,1,1,,,4,2,1,1,1
40308,2,2,2,9,8,8,0,1,1,,,4,2,1,1,1
40309,2,2,2,9,8,8,1,1,1,,,1,2,1,1,1
40310,2,2,2,9,8,8,2,1,1,,,1,2,1,1,1
40311,2,2,2,9,8,8,3,1,1,,,4,2,1,1,1
40312,2,2,2,9,8,9,0,1,1,,,4,2,1,1,1
40313,2,2,2,9,8,9,1,1,1,,,1,2,1,1,1
40314,2,2,2,9,8,9,2,1,1,,,1,2,1,1,1
40315,2,2,2,9,8,9,3,1,1,,,4,2,1,1,1
40316,2,2,2,9,8,10,0,1,1,,,4,2,1,1,1
40317,2,2,2,9,8,10,1,1,1,,,1,2,1,1,1
40318,2,2,2,9,8,10,2,1,1,,,1,2,1,1,1
40319,2,2,2,9,8,10,3,1,1,,,4,2,1,1,1
40320,2,2,2,9,8,11,0,1,1,,,4,2,1,1,1
40321,2,2,2,9,8,11,1,1,1,,,1,2,1,1,1
40322,2,2,2,9,8,11,2,1,1,,,1,2,1,1,1
40323,2,2,2,9,8,11,3,1,1,,,4,2,1,1,1
40324,2,2,2,9,8,12,0,1,1,,,4,2,1,1,1
40325,2,2,2,9,8,12,1,1,1,,,1,2,1,1,1
40326,2,2,2,9,8,12,2,1,1,,,1,2,1,1,1
40327,2,2,2,9,8,12,3,1,1,,,4,2,1,1,1
40328,2,2,2,9,8,13,0,1,1,,,4,2,1,1,1
40329,2,2,2,9,8,13,1,1,1,,,1,2,1,1,1
40330,2,2,2,9,8,13,2,1,1,,,1,2,1,1,1
40331,2,2,2,9,8,13,3,1,1,,,4,2,1,1,1
40332,2,2,2,9,8,14,0,1,1,,,4,2,1,1,1
40333,2,2,2,9,8,14,1,1,1,,,1,2,1,1,1
40334,2,2,2,9,8,14,2,1,1,,,1,2,1,1,1
40335,2,2,2,9,8,14,3,1,1,,,4,2,1,1,1
40336,2,2,2,9,8,15,0,1,1,,,4,2,1,1,1
40337,2,2,2,9,8,15,1,1,1,,,1,2,1,1,1
40338,2,2,2,9,8,15,2,1,1,,,1,2,1,1,1
40339,2,2,2,9,8,15,3,1,1,,,4,2,1,1,1
40340,2,2,2,9,9,0,0,1,1,,,4,2,1,1,1
40341,2,2,2,9,9,0,1,1,1,,,1,2,1,1,1
40342,2,2,2,9,9,0,2,1,1,,,1,2,1,1,1
40343,2,2,2,9,9,0,3,1,1,,,4,2,1,1,1
40344,2,2,2,9,9,1,0,1,1,,,4,2,1,1,1
40345,2,2,2,9,9,1,1,1,1,,,1,2,1,1,1
40346,2,2,2,9,9,1,2,1,1,,,1,2,1,1,1
40347,2,2,2,9,9,1,3,1,1,,,4,2,1,1,1
40348,2,2,2,9,9,2,0,1,1,,,4,2,1,1,1
40349,2,2,2,9,9,2,1,1,1,,,1,2,1,1,1
40350,2,2,2,9,9,2,2,1,1,,,1,2,1,1,1
40351,2,2,2,9,9,2,3,1,1,,,4,2,1,1,1
40352,2,2,2,9,9,3,0,1,1,,,4,2,1,1,1
40353,2,2,2,9,9,3,1,1,1,,,1,2,1,1,1
40354,2,2,2,9,9,3,2,1,1,,,1,2,1,1,1
40355,2,2,2,9,9,3,3,1,1,,,4,2,1,1,1
40356,2,2,2,9,9,4,0,1,1,,,4,2,1,1,1
40357,2,2,2,9,9,4,1,1,1,,,1,2,1,1,1
40358,2,2,2,9,9,4,2,1,1,,,1,2,1,1,1
40359,2,2,2,9,9,4,3,1,1,,,4,2,1,1,1
40360,2,2,2,9,9,5,0,1,1,,,4,2,1,1,1
40361,2,2,2,9,9,5,1,1,1,,,1,2,1,1,1
40362,2,2,2,9,9,5,2,1,1,,,1,2,1,1,1
40363,2,2,2,9,9,5,3,1,1,,,4,2,1,1,1
40364,2,2,2,9,9,6,0,1,1,,,4,2,1,1,1
40365,2,2,2,9,9,6,1,1,1,,,1,2,1,1,1
40366,2,2,2,9,9,6,2,1,1,,,1,2,1,1,1
40367,2,2,2,9,9,6,3,1,1,,,4,2,1,1,1
40368,2,2,2,9,9,7,0,1,1,,,4,2,1,1,1
40369,2,2,2,9,9,7,1,1,1,,,1,2,1,1,1
40370,2,2,2,9,9,7,2,1,1,,,1,2,1,1,1
40371,2,2,2,9,9,7,3,1,1,,,4,2,1,1,1
40372,2,2,2,9,9,8,0,1,1,,,4,2,1,1,1
40373,2,2,2,9,9,8,1,1,1,,,1,2,1,1,1
40374,2,2,2,9,9,8,2,1,1,,,1,2,1,1,1
40375,2,2,2,9,9,8,3,1,1,,,4,2,1,1,1
40376,2,2,2,9,9,9,0,1,1,,,4,2,1,1,1
40377,2,2,2,9,9,9,1,1,1,,,1,2,1,1,1
40378,2,2,2,9,9,9,2,1,1,,,1,2,1,1,1
40379,2,2,2,9,9,9,3,1,1,,,4,2,1,1,1
40380,2,2,2,9,9,10,0,1,1,,,4,2,1,1,1
40381,2,2,2,9,9,10,1,1,1,,,1,2,1,1,1
40382,2,2,2,9,9,10,2,1,1,,,1,2,1,1,1
40383,2,2,2,9,9,10,3,1,1,,,4,2,1,1,1
40384,2,2,2,9,9,11,0,1,1,,,4,2,1,1,1
40385,2,2,2,9,9,11,1,1,1,,,1,2,1,1,1
40386,2,2,2,9,9,11,2,1,1,,,1,2,1,1,1
40387,2,2,2,9,9,11,3,1,1,,,4,2,1,1,1
40388,2,2,2,9,9,12,0,1,1,,,4,2,1,1,1
40389,2,2,2,9,9,12,1,1,1,,,1,2,1,1,1
40390,2,2,2,9,9,12,2,1,1,,,1,2,1,1,1
40391,2,2,2,9,9,12,3,1,1,,,4,2,1,1,1
40392,2,2,2,9,9,13,0,1,1,,,4,2,1,1,1
40393,2,2,2,9,9,13,1,1,1,,,1,2,1,1,1
40394,2,2,2,9,9,13,2,1,1,,,1,2,1,1,1
40395,2,2,2,9,9,13,3,1,1,,,4,2,1,1,1
40396,2,2,2,9,9,14,0,1,1,,,4,2,1,1,1
40397,2,2,2,9,9,14,1,1,1,,,1,2,1,1,1
40398,2,2,2,9,9,14,2,1,1,,,1,2,1,1,1
40399,2,2,2,9,9,14,3,1,1,,,4,2,1,1,1
40400,2,2,2,9,9,15,0,1,1,,,4,2,1,1,1
40401,2,2,2,9,9,15,1,1,1,,,1,2,1,1,1
40402,2,2,2,9,9,15,2,1,1,,,1,2,1,1,1
40403,2,2,2,9,9,15,3,1,1,,,4,2,1,1,1
40404,2,2,2,9,10,0,0,1,1,,,4,4,1,0,1
40405,2,2,2,9,10,0,1,0,0,1,1,0,4,0,0,1
40406,2,2,2,9,10,0,2,0,0,1,1,0,4,0,0,1
40407,2,2,2,9,10,0,3,1,1,,,4,4,1,0,1
40408,2,2,2,9,10,1,0,1,1,,,4,4,1,0,1
40409,2,2,2,9,10,1,1,0,0,1,1,0,4,0,0,1
40410,2,2,2,9,10,1,2,0,0,1,1,0,4,0,0,1
40411,2,2,2,9,10,1,3,1,1,,,4,4,1,0,1
40412,2,2,2,9,10,2,0,1,1,,,4,4,1,0,1
40413,2,2,2,9,10,2,1,0,0,1,1,0,4,0,0,1
40414,2,2,2,9,10,2,2,0,0,1,1,0,4,0,0,1
40415,2,2,2,9,10,2,3,1,1,,,4,4,1,0,1
40416,2,2,2,9,10,3,0,1,1,,,4,4,1,0,1
40417,2,2,2,9,10,3,1,0,0,1,1,0,4,0,0,1
40418,2,2,2,9,10,3,2,0,0,1,1,0,4,0,0,1
40419,2,2,2,9,10,3,3,1,1,,,4,4,1,0,1
40420,2,2,2,9,10,4,0,1,1,,,4,4,1,0,1
40421,2,2,2,9,10,4,1,0,0,1,1,0,4,0,0,1
40422,2,2,2,9,10,4,2,0,0,1,1,0,4,0,0,1
40423,2,2,2,9,10,4,3,1,1,,,4,4,1,0,1
40424,2,2,2,9,10,5,0,1,1,,,4,4,1,0,1
40425,2,2,2,9,10,5,1,0,0,1,1,0,4,0,0,1
40426,2,2,2,9,10,5,2,0,0,1,1,0,4,0,0,1
40427,2,2,2,9,10,5,3,1,1,,,4,4,1,0,1
40428,2,2,2,9,10,6,0,1,1,,,4,4,1,0,1
40429,2,2,2,9,10,6,1,0,0,1,1,0,4,0,0,1
40430,2,2,2,9,10,6,2,0,0,1,1,0,4,0,0,1
40431,2,2,2,9,10,6,3,1,1,,,4,4,1,0,1
40432,2,2,2,9,10,7,0,1,1,,,4,4,1,0,1
40433,2,2,2,9,10,7,1,0,0,1,1,0,4,0,0,1
40434,2,2,2,9,10,7,2,0,0,1,1,0,4,0,0,1
40435,2,2,2,9,10,7,3,1,1,,,4,4,1,0,1
40436,2,2,2,9,10,8,0,1,1,,,4,4,1,0,1
40437,2,2,2,9,10,8,1,0,0,1,1,0,4,0,0,1
40438,2,2,2,9,10,8,2,0,0,1,1,0,4,0,0,1
40439,2,2,2,9,10,8,3,1,1,,,4,4,1,0,1
40440,2,2,2,9,10,9,0,1,1,,,4,4,1,0,1
40441,2,2,2,9,10,9,1,0,0,1,1,0,4,0,0,1
40442,2,2,2,9,10,9,2,0,0,1,1,0,4,0,0,1
40443,2,2,2,9,10,9,3,1,1,,,4,4,1,0,1
40444,2,2,2,9,10,10,0,1,1,,,4,4,1,0,1
40445,2,2,2,9,10,10,1,0,0,1,1,0,4,0,0,1
40446,2,2,2,9,10,10,2,0,0,1,1,0,4,0,0,1
40447,2,2,2,9,10,10,3,1,1,,,4,4,1,0,1
40448,2,2,2,9,10,11,0,1,1,,,4,4,1,0,1
40449,2,2,2,9,10,11,1,0,0,1,1,0,4,0,0,1
40450,2,2,2,9,10,11,2,0,0,1,1,0,4,0,0,1
40451,2,2,2,9,10,11,3,1,1,,,4,4,1,0,1
40452,2,2,2,9,10,12,0,1,1,,,4,4,1,0,1
40453,2,2,2,9,10,12,1,0,0,1,1,0,4,0,0,1
40454,2,2,2,9,10,12,2,0,0,1,1,0,4,0,0,1
40455,2,2,2,9,10,12,3,1,1,,,4,4,1,0,1
40456,2,2,2,9,10,13,0,1,1,,,4,4,1,0,1
40457,2,2,2,9,10,13,1,0,0,1,1,0,4,0,0,1
40458,2,2,2,9,10,13,2,0,0,1,1,0,4,0,0,1
40459,2,2,2,9,10,13,3,1,1,,,4,4,1,0,1
40460,2,2,2,9,10,14,0,1,1,,,4,4,1,0,1
40461,2,2,2,9,10,14,1,0,0,1,1,0,4,0,0,1
40462,2,2,2,9,10,14,2,0,0,1,1,0,4,0,0,1
40463,2,2,2,9,10,14,3,1,1,,,4,4,1,0,1
40464,2,2,2,9,10,15,0,1,1,,,4,4,1,0,1
40465,2,2,2,9,10,15,1,0,0,1,1,0,4,0,0,1
40466,2,2,2,9,10,15,2,0,0,1,1,0,4,0,0,1
40467,2,2,2,9,10,15,3,1,1,,,4,4,1,0,1
40468,2,2,2,9,11,0,0,1,1,,,4,4,1,0,1
40469,2,2,2,9,11,0,1,0,0,1,1,0,4,0,0,1
40470,2,2,2,9,11,0,2,0,0,1,1,0,4,0,0,1
40471,2,2,2,9,11,0,3,1,1,,,4,4,1,0,1
40472,2,2,2,9,11,1,0,1,1,,,4,4,1,0,1
40473,2,2,2,9,11,1,1,0,0,1,1,0,4,0,0,1
40474,2,2,2,9,11,1,2,0,0,1,1,0,4,0,0,1
40475,2,2,2,9,11,1,3,1,1,,,4,4,1,0,1
40476,2,2,2,9,11,2,0,1,1,,,4,4,1,0,1
40477,2,2,2,9,11,2,1,0,0,1,1,0,4,0,0,1
40478,2,2,2,9,11,2,2,0,0,1,1,0,4,0,0,1
40479,2,2,2,9,11,2,3,1,1,,,4,4,1,0,1
40480,2,2,2,9,11,3,0,1,1,,,4,4,1,0,1
40481,2,2,2,9,11,3,1,0,0,1,1,0,4,0,0,1
40482,2,2,2,9,11,3,2,0,0,1,1,0,4,0,0,1
40483,2,2,2,9,11,3,3,1,1,,,4,4,1,0,1
40484,2,2,2,9,11,4,0,1,1,,,4,4,1,0,1
40485,2,2,2,9,11,4,1,0,0,1,1,0,4,0,0,1
40486,2,2,2,9,11,4,2,0,0,1,1,0,4,0,0,1
40487,2,2,2,9,11,4,3,1,1,,,4,4,1,0,1
40488,2,2,2,9,11,5,0,1,1,,,4,4,1,0,1
40489,2,2,2,9,11,5,1,0,0,1,1,0,4,0,0,1
40490,2,2,2,9,11,5,2,0,0,1,1,0,4,0,0,1
40491,2,2,2,9,11,5,3,1,1,,,4,4,1,0,1
40492,2,2,2,9,11,6,0,1,1,,,4,4,1,0,1
40493,2,2,2,9,11,6,1,0,0,1,1,0,4,0,0,1
40494,2,2,2,9,11,6,2,0,0,1,1,0,4,0,0,1
40495,2,2,2,9,11,6,3,1,1,,,4,4,1,0,1
40496,2,2,2,9,11,7,0,1,1,,,4,4,1,0,1
40497,2,2,2,9,11,7,1,0,0,1,1,0,4,0,0,1
40498,2,2,2,9,11,7,2,0,0,1,1,0,4,0,0,1
40499,2,2,2,9,11,7,3,1,1,,,4,4,1,0,1
40500,2,2,2,9,11,8,0,1,1,,,4,4,1,0,1
40501,2,2,2,9,11,8,1,0,0,1,1,0,4,0,0,1
40502,2,2,2,9,11,8,2,0,0,1,1,0,4,0,0,1
40503,2,2,2,9,11,8,3,1,1,,,4,4,1,0,1
40504,2,2,2,9,11,9,0,1,1,,,4,4,1,0,1
40505,2,2,2,9,11,9,1,0,0,1,1,0,4,0,0,1
40506,2,2,2,9,11,9,2,0,0,1,1,0,4,0,0,1
40507,2,2,2,9,11,9,3,1,1,,,4,4,1,0,1
40508,2,2,2,9,11,10,0,1,1,,,4,4,1,0,1
40509,2,2,2,9,11,10,1,0,0,1,1,0,4,0,0,1
40510,2,2,2,9,11,10,2,0,0,1,1,0,4,0,0,1
40511,2,2,2,9,11,10,3,1,1,,,4,4,1,0,1
40512,2,2,2,9,11,11,0,1,1,,,4,4,1,0,1
40513,2,2,2,9,11,11,1,0,0,1,1,0,4,0,0,1
40514,2,2,2,9,11,11,2,0,0,1,1,0,4,0,0,1
40515,2,2,2,9,11,11,3,1,1,,,4,4,1,0,1
40516,2,2,2,9,11,12,0,1,1,,,4,4,1,0,1
40517,2,2,2,9,11,12,1,0,0,1,1,0,4,0,0,1
40518,2,2,2,9,11,12,2,0,0,1,1,0,4,0,0,1
40519,2,2,2,9,11,12,3,1,1,,,4,4,1,0,1
40520,2,2,2,9,11,13,0,1,1,,,4,4,1,0,1
40521,2,2,2,9,11,13,1,0,0,1,1,0,4,0,0,1
40522,2,2,2,9,11,13,2,0,0,1,1,0,4,0,0,1
40523,2,2,2,9,11,13,3,1,1,,,4,4,1,0,1
40524,2,2,2,9,11,14,0,1,1,,,4,4,1,0,1
40525,2,2,2,9,11,14,1,0,0,1,1,0,4,0,0,1
40526,2,2,2,9,11,14,2,0,0,1,1,0,4,0,0,1
40527,2,2,2,9,11,14,3,1,1,,,4,4,1,0,1
40528,2,2,2,9,11,15,0,1,1,,,4,4,1,0,1
40529,2,2,2,9,11,15,1,0,0,1,1,0,4,0,0,1
40530,2,2,2,9,11,15,2,0,0,1,1,0,4,0,0,1
40531,2,2,2,9,11,15,3,1,1,,,4,4,1,0,1
40532,2,2,2,9,12,0,0,1,1,,,4,2,1,1,1
40533,2,2,2,9,12,0,1,1,1,,,1,2,1,1,1
40534,2,2,2,9,12,0,2,1,1,,,1,2,1,1,1
40535,2,2,2,9,12,0,3,1,1,,,4,2,1,1,1
40536,2,2,2,9,12,1,0,1,1,,,4,2,1,1,1
40537,2,2,2,9,12,1,1,1,1,,,1,2,1,1,1
40538,2,2,2,9,12,1,2,1,1,,,1,2,1,1,1
40539,2,2,2,9,12,1,3,1,1,,,4,2,1,1,1
40540,2,2,2,9,12,2,0,1,1,,,4,2,1,1,1
40541,2,2,2,9,12,2,1,1,1,,,1,2,1,1,1
40542,2,2,2,9,12,2,2,1,1,,,1,2,1,1,1
40543,2,2,2,9,12,2,3,1,1,,,4,2,1,1,1
40544,2,2,2,9,12,3,0,1,1,,,4,2,1,1,1
40545,2,2,2,9,12,3,1,1,1,,,1,2,1,1,1
40546,2,2,2,9,12,3,2,1,1,,,1,2,1,1,1
40547,2,2,2,9,12,3,3,1,1,,,4,2,1,1,1
40548,2,2,2,9,12,4,0,1,1,,,4,2,1,1,1
40549,2,2,2,9,12,4,1,1,1,,,1,2,1,1,1
40550,2,2,2,9,12,4,2,1,1,,,1,2,1,1,1
40551,2,2,2,9,12,4,3,1,1,,,4,2,1,1,1
40552,2,2,2,9,12,5,0,1,1,,,4,2,1,1,1
40553,2,2,2,9,12,5,1,1,1,,,1,2,1,1,1
40554,2,2,2,9,12,5,2,1,1,,,1,2,1,1,1
40555,2,2,2,9,12,5,3,1,1,,,4,2,1,1,1
40556,2,2,2,9,12,6,0,1,1,,,4,2,1,1,1
40557,2,2,2,9,12,6,1,1,1,,,1,2,1,1,1
40558,2,2,2,9,12,6,2,1,1,,,1,2,1,1,1
40559,2,2,2,9,12,6,3,1,1,,,4,2,1,1,1
40560,2,2,2,9,12,7,0,1,1,,,4,2,1,1,1
40561,2,2,2,9,12,7,1,1,1,,,1,2,1,1,1
40562,2,2,2,9,12,7,2,1,1,,,1,2,1,1,1
40563,2,2,2,9,12,7,3,1,1,,,4,2,1,1,1
40564,2,2,2,9,12,8,0,1,1,,,4,2,1,1,1
40565,2,2,2,9,12,8,1,1,1,,,1,2,1,1,1
40566,2,2,2,9,12,8,2,1,1,,,1,2,1,1,1
40567,2,2,2,9,12,8,3,1,1,,,4,2,1,1,1
40568,2,2,2,9,12,9,0,1,1,,,4,2,1,1,1
40569,2,2,2,9,12,9,1,1,1,,,1,2,1,1,1
40570,2,2,2,9,12,9,2,1,1,,,1,2,1,1,1
40571,2,2,2,9,12,9,3,1,1,,,4,2,1,1,1
40572,2,2,2,9,12,10,0,1,1,,,4,2,1,1,1
40573,2,2,2,9,12,10,1,1,1,,,1,2,1,1,1
40574,2,2,2,9,12,10,2,1,1,,,1,2,1,1,1
40575,2,2,2,9,12,10,3,1,1,,,4,2,1,1,1
40576,2,2,2,9,12,11,0,1,1,,,4,2,1,1,1
40577,2,2,2,9,12,11,1,1,1,,,1,2,1,1,1
40578,2,2,2,9,12,11,2,1,1,,,1,2,1,1,1
40579,2,2,2,9,12,11,3,1,1,,,4,2,1,1,1
40580,2,2,2,9,12,12,0,1,1,,,4,2,1,1,1
40581,2,2,2,9,12,12,1,1,1,,,1,2,1,1,1
40582,2,2,2,9,12,12,2,1,1,,,1,2,1,1,1
40583,2,2,2,9,12,12,3,1,1,,,4,2,1,1,1
40584,2,2,2,9,12,13,0,1,1,,,4,2,1,1,1
40585,2,2,2,9,12,13,1,1,1,,,1,2,1,1,1
40586,2,2,2,9,12,13,2,1,1,,,1,2,1,1,1
40587,2,2,2,9,12,13,3,1,1,,,4,2,1,1,1
40588,2,2,2,9,12,14,0,1,1,,,4,2,1,1,1
40589,2,2,2,9,12,14,1,1,1,,,1,2,1,1,1
40590,2,2,2,9,12,14,2,1,1,,,1,2,1,1,1
40591,2,2,2,9,12,14,3,1,1,,,4,2,1,1,1
40592,2,2,2,9,12,15,0,1,1,,,4,2,1,1,1
40593,2,2,2,9,12,15,1,1,1,,,1,2,1,1,1
40594,2,2,2,9,12,15,2,1,1,,,1,2,1,1,1
40595,2,2,2,9,12,15,3,1,1,,,4,2,1,1,1
40596,2,2,2,9,13,0,0,1,1,,,4,3,1,0,1
40597,2,2,2,9,13,0,1,0,0,2,2,0,3,0,0,1
40598,2,2,2,9,13,0,2,0,0,2,2,0,3,0,0,1
40599,2,2,2,9,13,0,3,1,1,,,4,3,1,0,1
40600,2,2,2,9,13,1,0,1,1,,,4,3,1,0,1
40601,2,2,2,9,13,1,1,0,0,2,2,0,3,0,0,1
40602,2,2,2,9,13,1,2,0,0,2,2,0,3,0,0,1
40603,2,2,2,9,13,1,3,1,1,,,4,3,1,0,1
40604,2,2,2,9,13,2,0,1,1,,,4,3,1,0,1
40605,2,2,2,9,13,2,1,0,0,2,2,0,3,0,0,1
40606,2,2,2,9,13,2,2,0,0,2,2,0,3,0,0,1
40607,2,2,2,9,13,2,3,1,1,,,4,3,1,0,1
40608,2,2,2,9,13,3,0,1,1,,,4,3,1,0,1
40609,2,2,2,9,13,3,1,0,0,2,2,0,3,0,0,1
40610,2,2,2,9,13,3,2,0,0,2,2,0,3,0,0,1
40611,2,2,2,9,13,3,3,1,1,,,4,3,1,0,1
40612,2,2,2,9,13,4,0,1,1,,,4,3,1,0,1
40613,2,2,2,9,13,4,1,0,0,2,2,0,3,0,0,1
40614,2,2,2,9,13,4,2,0,0,2,2,0,3,0,0,1
40615,2,2,2,9,13,4,3,1,1,,,4,3,1,0,1
40616,2,2,2,9,13,5,0,1,1,,,4,3,1,0,1
40617,2,2,2,9,13,5,1,0,0,2,2,0,3,0,0,1
40618,2,2,2,9,13,5,2,0,0,2,2,0,3,0,0,1
40619,2,2,2,9,13,5,3,1,1,,,4,3,1,0,1
40620,2,2,2,9,13,6,0,1,1,,,4,3,1,0,1
40621,2,2,2,9,13,6,1,0,0,2,2,0,3,0,0,1
40622,2,2,2,9,13,6,2,0,0,2,2,0,3,0,0,1
40623,2,2,2,9,13,6,3,1,1,,,4,3,1,0,1
40624,2,2,2,9,13,7,0,1,1,,,4,3,1,0,1
40625,2,2,2,9,13,7,1,0,0,2,2,0,3,0,0,1
40626,2,2,2,9,13,7,2,0,0,2,2,0,3,0,0,1
40627,2,2,2,9,13,7,3,1,1,,,4,3,1,0,1
40628,2,2,2,9,13,8,0,1,1,,,4,3,1,0,1
40629,2,2,2,9,13,8,1,0,0,2,2,0,3,0,0,1
40630,2,2,2,9,13,8,2,0,0,2,2,0,3,0,0,1
40631,2,2,2,9,13,8,3,1,1,,,4,3,1,0,1
40632,2,2,2,9,13,9,0,1,1,,,4,3,1,0,1
40633,2,2,2,9,13,9,1,0,0,2,2,0,3,0,0,1
40634,2,2,2,9,13,9,2,0,0,2,2,0,3,0,0,1
40635,2,2,2,9,13,9,3,1,1,,,4,3,1,0,1
40636,2,2,2,9,13,10,0,1,1,,,4,3,1,0,1
40637,2,2,2,9,13,10,1,0,0,2,2,0,3,0,0,1
40638,2,2,2,9,13,10,2,0,0,2,2,0,3,0,0,1
40639,2,2,2,9,13,10,3,1,1,,,4,3,1,0,1
40640,2,2,2,9,13,11,0,1,1,,,4,3,1,0,1
40641,2,2,2,9,13,11,1,0,0,2,2,0,3,0,0,1
40642,2,2,2,9,13,11,2,0,0,2,2,0,3,0,0,1
40643,2,2,2,9,13,11,3,1,1,,,4,3,1,0,1
40644,2,2,2,9,13,12,0,1,1,,,4,3,1,0,1
40645,2,2,2,9,13,12,1,0,0,2,2,0,3,0,0,1
40646,2,2,2,9,13,12,2,0,0,2,2,0,3,0,0,1
40647,2,2,2,9,13,12,3,1,1,,,4,3,1,0,1
40648,2,2,2,9,13,13,0,1,1,,,4,3,1,0,1
40649,2,2,2,9,13,13,1,0,0,2,2,0,3,0,0,1
40650,2,2,2,9,13,13,2,0,0,2,2,0,3,0,0,1
40651,2,2,2,9,13,13,3,1,1,,,4,3,1,0,1
40652,2,2,2,9,13,14,0,1,1,,,4,3,1,0,1
40653,2,2,2,9,13,14,1,0,0,2,2,0,3,0,0,1
40654,2,2,2,9,13,14,2,0,0,2,2,0,3,0,0,1
40655,2,2,2,9,13,14,3,1,1,,,4,3,1,0,1
40656,2,2,2,9,13,15,0,1,1,,,4,3,1,0,1
40657,2,2,2,9,13,15,1,0,0,2,2,0,3,0,0,1
40658,2,2,2,9,13,15,2,0,0,2,2,0,3,0,0,1
40659,2,2,2,9,13,15,3,1,1,,,4,3,1,0,1
40660,2,2,2,9,14,0,0,1,1,,,4,4,1,0,1
40661,2,2,2,9,14,0,1,0,0,1,1,0,4,0,0,1
40662,2,2,2,9,14,0,2,0,0,1,1,0,4,0,0,1
40663,2,2,2,9,14,0,3,1,1,,,4,4,1,0,1
40664,2,2,2,9,14,1,0,1,1,,,4,4,1,0,1
40665,2,2,2,9,14,1,1,0,0,1,1,0,4,0,0,1
40666,2,2,2,9,14,1,2,0,0,1,1,0,4,0,0,1
40667,2,2,2,9,14,1,3,1,1,,,4,4,1,0,1
40668,2,2,2,9,14,2,0,1,1,,,4,4,1,0,1
40669,2,2,2,9,14,2,1,0,0,1,1,0,4,0,0,1
40670,2,2,2,9,14,2,2,0,0,1,1,0,4,0,0,1
40671,2,2,2,9,14,2,3,1,1,,,4,4,1,0,1
40672,2,2,2,9,14,3,0,1,1,,,4,4,1,0,1
40673,2,2,2,9,14,3,1,0,0,1,1,0,4,0,0,1
40674,2,2,2,9,14,3,2,0,0,1,1,0,4,0,0,1
40675,2,2,2,9,14,3,3,1,1,,,4,4,1,0,1
40676,2,2,2,9,14,4,0,1,1,,,4,4,1,0,1
40677,2,2,2,9,14,4,1,0,0,1,1,0,4,0,0,1
40678,2,2,2,9,14,4,2,0,0,1,1,0,4,0,0,1
40679,2,2,2,9,14,4,3,1,1,,,4,4,1,0,1
40680,2,2,2,9,14,5,0,1,1,,,4,4,1,0,1
40681,2,2,2,9,14,5,1,0,0,1,1,0,4,0,0,1
40682,2,2,2,9,14,5,2,0,0,1,1,0,4,0,0,1
40683,2,2,2,9,14,5,3,1,1,,,4,4,1,0,1
40684,2,2,2,9,14,6,0,1,1,,,4,4,1,0,1
40685,2,2,2,9,14,6,1,0,0,1,1,0,4,0,0,1
40686,2,2,2,9,14,6,2,0,0,1,1,0,4,0,0,1
40687,2,2,2,9,14,6,3,1,1,,,4,4,1,0,1
40688,2,2,2,9,14,7,0,1,1,,,4,4,1,0,1
40689,2,2,2,9,14,7,1,0,0,1,1,0,4,0,0,1
40690,2,2,2,9,14,7,2,0,0,1,1,0,4,0,0,1
40691,2,2,2,9,14,7,3,1,1,,,4,4,1,0,1
40692,2,2,2,9,14,8,0,1,1,,,4,4,1,0,1
40693,2,2,2,9,14,8,1,0,0,1,1,0,4,0,0,1
40694,2,2,2,9,14,8,2,0,0,1,1,0,4,0,0,1
40695,2,2,2,9,14,8,3,1,1,,,4,4,1,0,1
40696,2,2,2,9,14,9,0,1,1,,,4,4,1,0,1
40697,2,2,2,9,14,9,1,0,0,1,1,0,4,0,0,1
40698,2,2,2,9,14,9,2,0,0,1,1,0,4,0,0,1
40699,2,2,2,9,14,9,3,1,1,,,4,4,1,0,1
40700,2,2,2,9,14,10,0,1,1,,,4,4,1,0,1
40701,2,2,2,9,14,10,1,0,0,1,1,0,4,0,0,1
40702,2,2,2,9,14,10,2,0,0,1,1,0,4,0,0,1
40703,2,2,2,9,14,10,3,1,1,,,4,4,1,0,1
40704,2,2,2,9,14,11,0,1,1,,,4,4,1,0,1
40705,2,2,2,9,14,11,1,0,0,1,1,0,4,0,0,1
40706,2,2,2,9,14,11,2,0,0,1,1,0,4,0,0,1
40707,2,2,2,9,14,11,3,1,1,,,4,4,1,0,1
40708,2,2,2,9,14,12,0,1,1,,,4,4,1,0,1
40709,2,2,2,9,14,12,1,0,0,1,1,0,4,0,0,1
40710,2,2,2,9,14,12,2,0,0,1,1,0,4,0,0,1
40711,2,2,2,9,14,12,3,1,1,,,4,4,1,0,1
40712,2,2,2,9,14,13,0,1,1,,,4,4,1,0,1
40713,2,2,2,9,14,13,1,0,0,1,1,0,4,0,0,1
40714,2,2,2,9,14,13,2,0,0,1,1,0,4,0,0,1
40715,2,2,2,9,14,13,3,1,1,,,4,4,1,0,1
40716,2,2,2,9,14,14,0,1,1,,,4,4,1,0,1
40717,2,2,2,9,14,14,1,0,0,1,1,0,4,0,0,1
40718,2,2,2,9,14,14,2,0,0,1,1,0,4,0,0,1
40719,2,2,2,9,14,14,3,1,1,,,4,4,1,0,1
40720,2,2,2,9,14,15,0,1,1,,,4,4,1,0,1
40721,2,2,2,9,14,15,1,0,0,1,1,0,4,0,0,1
40722,2,2,2,9,14,15,2,0,0,1,1,0,4,0,0,1
40723,2,2,2,9,14,15,3,1,1,,,4,4,1,0,1
40724,2,2,2,9,15,0,0,1,1,,,4,3,1,0,1
40725,2,2,2,9,15,0,1,0,0,1,1,0,3,0,0,1
40726,2,2,2,9,15,0,2,0,0,1,1,0,3,0,0,1
40727,2,2,2,9,15,0,3,1,1,,,4,3,1,0,1
40728,2,2,2,9,15,1,0,1,1,,,4,3,1,0,1
40729,2,2,2,9,15,1,1,0,0,1,1,0,3,0,0,1
40730,2,2,2,9,15,1,2,0,0,1,1,0,3,0,0,1
40731,2,2,2,9,15,1,3,1,1,,,4,3,1,0,1
40732,2,2,2,9,15,2,0,1,1,,,4,3,1,0,1
40733,2,2,2,9,15,2,1,0,0,1,1,0,3,0,0,1
40734,2,2,2,9,15,2,2,0,0,1,1,0,3,0,0,1
40735,2,2,2,9,15,2,3,1,1,,,4,3,1,0,1
40736,2,2,2,9,15,3,0,1,1,,,4,3,1,0,1
40737,2,2,2,9,15,3,1,0,0,1,1,0,3,0,0,1
40738,2,2,2,9,15,3,2,0,0,1,1,0,3,0,0,1
40739,2,2,2,9,15,3,3,1,1,,,4,3,1,0,1
40740,2,2,2,9,15,4,0,1,1,,,4,3,1,0,1
40741,2,2,2,9,15,4,1,0,0,1,1,0,3,0,0,1
40742,2,2,2,9,15,4,2,0,0,1,1,0,3,0,0,1
40743,2,2,2,9,15,4,3,1,1,,,4,3,1,0,1
40744,2,2,2,9,15,5,0,1,1,,,4,3,1,0,1
40745,2,2,2,9,15,5,1,0,0,1,1,0,3,0,0,1
40746,2,2,2,9,15,5,2,0,0,1,1,0,3,0,0,1
40747,2,2,2,9,15,5,3,1,1,,,4,3,1,0,1
40748,2,2,2,9,15,6,0,1,1,,,4,3,1,0,1
40749,2,2,2,9,15,6,1,0,0,1,1,0,3,0,0,1
40750,2,2,2,9,15,6,2,0,0,1,1,0,3,0,0,1
40751,2,2,2,9,15,6,3,1,1,,,4,3,1,0,1
40752,2,2,2,9,15,7,0,1,1,,,4,3,1,0,1
40753,2,2,2,9,15,7,1,0,0,1,1,0,3,0,0,1
40754,2,2,2,9,15,7,2,0,0,1,1,0,3,0,0,1
40755,2,2,2,9,15,7,3,1,1,,,4,3,1,0,1
40756,2,2,2,9,15,8,0,1,1,,,4,3,1,0,1
40757,2,2,2,9,15,8,1,0,0,1,1,0,3,0,0,1
40758,2,2,2,9,15,8,2,0,0,1,1,0,3,0,0,1
40759,2,2,2,9,15,8,3,1,1,,,4,3,1,0,1
40760,2,2,2,9,15,9,0,1,1,,,4,3,1,0,1
40761,2,2,2,9,15,9,1,0,0,1,1,0,3,0,0,1
40762,2,2,2,9,15,9,2,0,0,1,1,0,3,0,0,1
40763,2,2,2,9,15,9,3,1,1,,,4,3,1,0,1
40764,2,2,2,9,15,10,0,1,1,,,4,3,1,0,1
40765,2,2,2,9,15,10,1,0,0,1,1,0,3,0,0,1
40766,2,2,2,9,15,10,2,0,0,1,1,0,3,0,0,1
40767,2,2,2,9,15,10,3,1,1,,,4,3,1,0,1
40768,2,2,2,9,15,11,0,1,1,,,4,3,1,0,1
40769,2,2,2,9,15,11,1,0,0,1,1,0,3,0,0,1
40770,2,2,2,9,15,11,2,0,0,1,1,0,3,0,0,1
40771,2,2,2,9,15,11,3,1,1,,,4,3,1,0,1
40772,2,2,2,9,15,12,0,1,1,,,4,3,1,0,1
40773,2,2,2,9,15,12,1,0,0,1,1,0,3,0,0,1
40774,2,2,2,9,15,12,2,0,0,1,1,0,3,0,0,1
40775,2,2,2,9,15,12,3,1,1,,,4,3,1,0,1
40776,2,2,2,9,15,13,0,1,1,,,4,3,1,0,1
40777,2,2,2,9,15,13,1,0,0,1,1,0,3,0,0,1
40778,2,2,2,9,15,13,2,0,0,1,1,0,3,0,0,1
40779,2,2,2,9,15,13,3,1,1,,,4,3,1,0,1
40780,2,2,2,9,15,14,0,1,1,,,4,3,1,0,1
40781,2,2,2,9,15,14,1,0,0,1,1,0,3,0,0,1
40782,2,2,2,9,15,14,2,0,0,1,1,0,3,0,0,1
40783,2,2,2,9,15,14,3,1,1,,,4,3,1,0,1
40784,2,2,2,9,15,15,0,1,1,,,4,3,1,0,1
40785,2,2,2,9,15,15,1,0,0,1,1,0,3,0,0,1
40786,2,2,2,9,15,15,2,0,0,1,1,0,3,0,0,1
40787,2,2,2,9,15,15,3,1,1,,,4,3,1,0,1
40788,2,2,2,10,0,0,0,1,1,,,4,2,1,1,1
40789,2,2,2,10,0,0,1,1,1,,,1,2,1,1,1
40790,2,2,2,10,0,0,2,1,1,,,1,2,1,1,1
40791,2,2,2,10,0,0,3,1,1,,,4,2,1,1,1
40792,2,2,2,10,0,1,0,1,1,,,4,2,1,1,1
40793,2,2,2,10,0,1,1,1,1,,,1,2,1,1,1
40794,2,2,2,10,0,1,2,1,1,,,1,2,1,1,1
40795,2,2,2,10,0,1,3,1,1,,,4,2,1,1,1
40796,2,2,2,10,0,2,0,1,1,,,4,2,1,1,1
40797,2,2,2,10,0,2,1,1,1,,,1,2,1,1,1
40798,2,2,2,10,0,2,2,1,1,,,1,2,1,1,1
40799,2,2,2,10,0,2,3,1,1,,,4,2,1,1,1
40800,2,2,2,10,0,3,0,1,1,,,4,2,1,1,1
40801,2,2,2,10,0,3,1,1,1,,,1,2,1,1,1
40802,2,2,2,10,0,3,2,1,1,,,1,2,1,1,1
40803,2,2,2,10,0,3,3,1,1,,,4,2,1,1,1
40804,2,2,2,10,0,4,0,1,1,,,4,2,1,1,1
40805,2,2,2,10,0,4,1,1,1,,,1,2,1,1,1
40806,2,2,2,10,0,4,2,1,1,,,1,2,1,1,1
40807,2,2,2,10,0,4,3,1,1,,,4,2,1,1,1
40808,2,2,2,10,0,5,0,1,1,,,4,2,1,1,1
40809,2,2,2,10,0,5,1,1,1,,,1,2,1,1,1
40810,2,2,2,10,0,5,2,1,1,,,1,2,1,1,1
40811,2,2,2,10,0,5,3,1,1,,,4,2,1,1,1
40812,2,2,2,10,0,6,0,1,1,,,4,2,1,1,1
40813,2,2,2,10,0,6,1,1,1,,,1,2,1,1,1
40814,2,2,2,10,0,6,2,1,1,,,1,2,1,1,1
40815,2,2,2,10,0,6,3,1,1,,,4,2,1,1,1
40816,2,2,2,10,0,7,0,1,1,,,4,2,1,1,1
40817,2,2,2,10,0,7,1,1,1,,,1,2,1,1,1
40818,2,2,2,10,0,7,2,1,1,,,1,2,1,1,1
40819,2,2,2,10,0,7,3,1,1,,,4,2,1,1,1
40820,2,2,2,10,0,8,0,1,1,,,4,2,1,1,1
40821,2,2,2,10,0,8,1,1,1,,,1,2,1,1,1
40822,2,2,2,10,0,8,2,1,1,,,1,2,1,1,1
40823,2,2,2,10,0,8,3,1,1,,,4,2,1,1,1
40824,2,2,2,10,0,9,0,1,1,,,4,2,1,1,1
40825,2,2,2,10,0,9,1,1,1,,,1,2,1,1,1
40826,2,2,2,10,0,9,2,1,1,,,1,2,1,1,1
40827,2,2,2,10,0,9,3,1,1,,,4,2,1,1,1
40828,2,2,2,10,0,10,0,1,1,,,4,2,1,1,1
40829,2,2,2,10,0,10,1,1,1,,,1,2,1,1,1
40830,2,2,2,10,0,10,2,1,1,,,1,2,1,1,1
40831,2,2,2,10,0,10,3,1,1,,,4,2,1,1,1
40832,2,2,2,10,0,11,0,1,1,,,4,2,1,1,1
40833,2,2,2,10,0,11,1,1,1,,,1,2,1,1,1
40834,2,2,2,10,0,11,2,1,1,,,1,2,1,1,1
40835,2,2,2,10,0,11,3,1,1,,,4,2,1,1,1
40836,2,2,2,10,0,12,0,1,1,,,4,2,1,1,1
40837,2,2,2,10,0,12,1,1,1,,,1,2,1,1,1
40838,2,2,2,10,0,12,2,1,1,,,1,2,1,1,1
40839,2,2,2,10,0,12,3,1,1,,,4,2,1,1,1
40840,2,2,2,10,0,13,0,1,1,,,4,2,1,1,1
40841,2,2,2,10,0,13,1,1,1,,,1,2,1,1,1
40842,2,2,2,10,0,13,2,1,1,,,1,2,1,1,1
40843,2,2,2,10,0,13,3,1,1,,,4,2,1,1,1
40844,2,2,2,10,0,14,0,1,1,,,4,2,1,1,1
40845,2,2,2,10,0,14,1,1,1,,,1,2,1,1,1
40846,2,2,2,10,0,14,2,1,1,,,1,2,1,1,1
40847,2,2,2,10,0,14,3,1,1,,,4,2,1,1,1
40848,2,2,2,10,0,15,0,1,1,,,4,2,1,1,1
40849,2,2,2,10,0,15,1,1,1,,,1,2,1,1,1
40850,2,2,2,10,0,15,2,1,1,,,1,2,1,1,1
40851,2,2,2,10,0,15,3,1,1,,,4,2,1,1,1
40852,2,2,2,10,1,0,0,1,1,,,4,3,1,0,1
40853,2,2,2,10,1,0,1,0,0,1,1,0,3,0,0,1
40854,2,2,2,10,1,0,2,0,0,1,1,0,3,0,0,1
40855,2,2,2,10,1,0,3,1,1,,,4,3,1,0,1
40856,2,2,2,10,1,1,0,1,1,,,4,3,1,0,1
40857,2,2,2,10,1,1,1,0,0,1,1,0,3,0,0,1
40858,2,2,2,10,1,1,2,0,0,1,1,0,3,0,0,1
40859,2,2,2,10,1,1,3,1,1,,,4,3,1,0,1
40860,2,2,2,10,1,2,0,1,1,,,4,3,1,0,1
40861,2,2,2,10,1,2,1,0,0,1,1,0,3,0,0,1
40862,2,2,2,10,1,2,2,0,0,1,1,0,3,0,0,1
40863,2,2,2,10,1,2,3,1,1,,,4,3,1,0,1
40864,2,2,2,10,1,3,0,1,1,,,4,3,1,0,1
40865,2,2,2,10,1,3,1,0,0,1,1,0,3,0,0,1
40866,2,2,2,10,1,3,2,0,0,1,1,0,3,0,0,1
40867,2,2,2,10,1,3,3,1,1,,,4,3,1,0,1
40868,2,2,2,10,1,4,0,1,1,,,4,3,1,0,1
40869,2,2,2,10,1,4,1,0,0,1,1,0,3,0,0,1
40870,2,2,2,10,1,4,2,0,0,1,1,0,3,0,0,1
40871,2,2,2,10,1,4,3,1,1,,,4,3,1,0,1
40872,2,2,2,10,1,5,0,1,1,,,4,3,1,0,1
40873,2,2,2,10,1,5,1,0,0,1,1,0,3,0,0,1
40874,2,2,2,10,1,5,2,0,0,1,1,0,3,0,0,1
40875,2,2,2,10,1,5,3,1,1,,,4,3,1,0,1
40876,2,2,2,10,1,6,0,1,1,,,4,3,1,0,1
40877,2,2,2,10,1,6,1,0,0,1,1,0,3,0,0,1
40878,2,2,2,10,1,6,2,0,0,1,1,0,3,0,0,1
40879,2,2,2,10,1,6,3,1,1,,,4,3,1,0,1
40880,2,2,2,10,1,7,0,1,1,,,4,3,1,0,1
40881,2,2,2,10,1,7,1,0,0,1,1,0,3,0,0,1
40882,2,2,2,10,1,7,2,0,0,1,1,0,3,0,0,1
40883,2,2,2,10,1,7,3,1,1,,,4,3,1,0,1
40884,2,2,2,10,1,8,0,1,1,,,4,3,1,0,1
40885,2,2,2,10,1,8,1,0,0,1,1,0,3,0,0,1
40886,2,2,2,10,1,8,2,0,0,1,1,0,3,0,0,1
40887,2,2,2,10,1,8,3,1,1,,,4,3,1,0,1
40888,2,2,2,10,1,9,0,1,1,,,4,3,1,0,1
40889,2,2,2,10,1,9,1,0,0,1,1,0,3,0,0,1
40890,2,2,2,10,1,9,2,0,0,1,1,0,3,0,0,1
40891,2,2,2,10,1,9,3,1,1,,,4,3,1,0,1
40892,2,2,2,10,1,10,0,1,1,,,4,3,1,0,1
40893,2,2,2,10,1,10,1,0,0,1,1,0,3,0,0,1
40894,2,2,2,10,1,10,2,0,0,1,1,0,3,0,0,1
40895,2,2,2,10,1,10,3,1,1,,,4,3,1,0,1
40896,2,2,2,10,1,11,0,1,1,,,4,3,1,0,1
40897,2,2,2,10,1,11,1,0,0,1,1,0,3,0,0,1
40898,2,2,2,10,1,11,2,0,0,1,1,0,3,0,0,1
40899,2,2,2,10,1,11,3,1,1,,,4,3,1,0,1
40900,2,2,2,10,1,12,0,1,1,,,4,3,1,0,1
40901,2,2,2,10,1,12,1,0,0,1,1,0,3,0,0,1
40902,2,2,2,10,1,12,2,0,0,1,1,0,3,0,0,1
40903,2,2,2,10,1,12,3,1,1,,,4,3,1,0,1
40904,2,2,2,10,1,13,0,1,1,,,4,3,1,0,1
40905,2,2,2,10,1,13,1,0,0,1,1,0,3,0,0,1
40906,2,2,2,10,1,13,2,0,0,1,1,0,3,0,0,1
40907,2,2,2,10,1,13,3,1,1,,,4,3,1,0,1
40908,2,2,2,10,1,14,0,1,1,,,4,3,1,0,1
40909,2,2,2,10,1,14,1,0,0,1,1,0,3,0,0,1
40910,2,2,2,10,1,14,2,0,0,1,1,0,3,0,0,1
40911,2,2,2,10,1,14,3,1,1,,,4,3,1,0,1
40912,2,2,2,10,1,15,0,1,1,,,4,3,1,0,1
40913,2,2,2,10,1,15,1,0,0,1,1,0,3,0,0,1
40914,2,2,2,10,1,15,2,0,0,1,1,0,3,0,0,1
40915,2,2,2,10,1,15,3,1,1,,,4,3,1,0,1
40916,2,2,2,10,2,0,0,1,1,,,4,3,1,0,1
40917,2,2,2,10,2,0,1,0,0,3,3,0,3,0,0,1
40918,2,2,2,10,2,0,2,0,0,3,3,0,3,0,0,1
40919,2,2,2,10,2,0,3,1,1,,,4,3,1,0,1
40920,2,2,2,10,2,1,0,1,1,,,4,3,1,0,1
40921,2,2,2,10,2,1,1,0,0,3,3,0,3,0,0,1
40922,2,2,2,10,2,1,2,0,0,3,3,0,3,0,0,1
40923,2,2,2,10,2,1,3,1,1,,,4,3,1,0,1
40924,2,2,2,10,2,2,0,1,1,,,4,3,1,0,1
40925,2,2,2,10,2,2,1,0,0,3,3,0,3,0,0,1
40926,2,2,2,10,2,2,2,0,0,3,3,0,3,0,0,1
40927,2,2,2,10,2,2,3,1,1,,,4,3,1,0,1
40928,2,2,2,10,2,3,0,1,1,,,4,3,1,0,1
40929,2,2,2,10,2,3,1,0,0,3,3,0,3,0,0,1
40930,2,2,2,10,2,3,2,0,0,3,3,0,3,0,0,1
40931,2,2,2,10,2,3,3,1,1,,,4,3,1,0,1
40932,2,2,2,10,2,4,0,1,1,,,4,3,1,0,1
40933,2,2,2,10,2,4,1,0,0,3,3,0,3,0,0,1
40934,2,2,2,10,2,4,2,0,0,3,3,0,3,0,0,1
40935,2,2,2,10,2,4,3,1,1,,,4,3,1,0,1
40936,2,2,2,10,2,5,0,1,1,,,4,3,1,0,1
40937,2,2,2,10,2,5,1,0,0,3,3,0,3,0,0,1
40938,2,2,2,10,2,5,2,0,0,3,3,0,3,0,0,1
40939,2,2,2,10,2,5,3,1,1,,,4,3,1,0,1
40940,2,2,2,10,2,6,0,1,1,,,4,3,1,0,1
40941,2,2,2,10,2,6,1,0,0,3,3,0,3,0,0,1
40942,2,2,2,10,2,6,2,0,0,3,3,0,3,0,0,1
40943,2,2,2,10,2,6,3,1,1,,,4,3,1,0,1
40944,2,2,2,10,2,7,0,1,1,,,4,3,1,0,1
40945,2,2,2,10,2,7,1,0,0,3,3,0,3,0,0,1
40946,2,2,2,10,2,7,2,0,0,3,3,0,3,0,0,1
40947,2,2,2,10,2,7,3,1,1,,,4,3,1,0,1
40948,2,2,2,10,2,8,0,1,1,,,4,3,1,0,1
40949,2,2,2,10,2,8,1,0,0,3,3,0,3,0,0,1
40950,2,2,2,10,2,8,2,0,0,3,3,0,3,0,0,1
40951,2,2,2,10,2,8,3,1,1,,,4,3,1,0,1
40952,2,2,2,10,2,9,0,1,1,,,4,3,1,0,1
40953,2,2,2,10,2,9,1,0,0,3,3,0,3,0,0,1
40954,2,2,2,10,2,9,2,0,0,3,3,0,3,0,0,1
40955,2,2,2,10,2,9,3,1,1,,,4,3,1,0,1
40956,2,2,2,10,2,10,0,1,1,,,4,3,1,0,1
40957,2,2,2,10,2,10,1,0,0,3,3,0,3,0,0,1
40958,2,2,2,10,2,10,2,0,0,3,3,0,3,0,0,1
40959,2,2,2,10,2,10,3,1,1,,,4,3,1,0,1
40960,2,2,2,10,2,11,0,1,1,,,4,3,1,0,1
40961,2,2,2,10,2,11,1,0,0,3,3,0,3,0,0,1
40962,2,2,2,10,2,11,2,0,0,3,3,0,3,0,0,1
40963,2,2,2,10,2,11,3,1,1,,,4,3,1,0,1
40964,2,2,2,10,2,12,0,1,1,,,4,3,1,0,1
40965,2,2,2,10,2,12,1,0,0,3,3,0,3,0,0,1
40966,2,2,2,10,2,12,2,0,0,3,3,0,3,0,0,1
40967,2,2,2,10,2,12,3,1,1,,,4,3,1,0,1
40968,2,2,2,10,2,13,0,1,1,,,4,3,1,0,1
40969,2,2,2,10,2,13,1,0,0,3,3,0,3,0,0,1
40970,2,2,2,10,2,13,2,0,0,3,3,0,3,0,0,1
40971,2,2,2,10,2,13,3,1,1,,,4,3,1,0,1
40972,2,2,2,10,2,14,0,1,1,,,4,3,1,0,1
40973,2,2,2,10,2,14,1,0,0,3,3,0,3,0,0,1
40974,2,2,2,10,2,14,2,0,0,3,3,0,3,0,0,1
40975,2,2,2,10,2,14,3,1,1,,,4,3,1,0,1
40976,2,2,2,10,2,15,0,1,1,,,4,3,1,0,1
40977,2,2,2,10,2,15,1,0,0,3,3,0,3,0,0,1
40978,2,2,2,10,2,15,2,0,0,3,3,0,3,0,0,1
40979,2,2,2,10,2,15,3,1,1,,,4,3,1,0,1
40980,2,2,2,10,3,0,0,1,1,,,4,4,1,0,1
40981,2,2,2,10,3,0,1,0,0,1,1,0,4,0,0,1
40982,2,2,2,10,3,0,2,0,0,1,1,0,4,0,0,1
40983,2,2,2,10,3,0,3,1,1,,,4,4,1,0,1
40984,2,2,2,10,3,1,0,1,1,,,4,4,1,0,1
40985,2,2,2,10,3,1,1,0,0,1,1,0,4,0,0,1
40986,2,2,2,10,3,1,2,0,0,1,1,0,4,0,0,1
40987,2,2,2,10,3,1,3,1,1,,,4,4,1,0,1
40988,2,2,2,10,3,2,0,1,1,,,4,4,1,0,1
40989,2,2,2,10,3,2,1,0,0,1,1,0,4,0,0,1
40990,2,2,2,10,3,2,2,0,0,1,1,0,4,0,0,1
40991,2,2,2,10,3,2,3,1,1,,,4,4,1,0,1
40992,2,2,2,10,3,3,0,1,1,,,4,4,1,0,1
40993,2,2,2,10,3,3,1,0,0,1,1,0,4,0,0,1
40994,2,2,2,10,3,3,2,0,0,1,1,0,4,0,0,1
40995,2,2,2,10,3,3,3,1,1,,,4,4,1,0,1
40996,2,2,2,10,3,4,0,1,1,,,4,4,1,0,1
40997,2,2,2,10,3,4,1,0,0,1,1,0,4,0,0,1
40998,2,2,2,10,3,4,2,0,0,1,1,0,4,0,0,1
40999,2,2,2,10,3,4,3,1,1,,,4,4,1,0,1
41000,2,2,2,10,3,5,0,1,1,,,4,4,1,0,1
41001,2,2,2,10,3,5,1,0,0,1,1,0,4,0,0,1
41002,2,2,2,10,3,5,2,0,0,1,1,0,4,0,0,1
41003,2,2,2,10,3,5,3,1,1,,,4,4,1,0,1
41004,2,2,2,10,3,6,0,1,1,,,4,4,1,0,1
41005,2,2,2,10,3,6,1,0,0,1,1,0,4,0,0,1
41006,2,2,2,10,3,6,2,0,0,1,1,0,4,0,0,1
41007,2,2,2,10,3,6,3,1,1,,,4,4,1,0,1
41008,2,2,2,10,3,7,0,1,1,,,4,4,1,0,1
41009,2,2,2,10,3,7,1,0,0,1,1,0,4,0,0,1
41010,2,2,2,10,3,7,2,0,0,1,1,0,4,0,0,1
41011,2,2,2,10,3,7,3,1,1,,,4,4,1,0,1
41012,2,2,2,10,3,8,0,1,1,,,4,4,1,0,1
41013,2,2,2,10,3,8,1,0,0,1,1,0,4,0,0,1
41014,2,2,2,10,3,8,2,0,0,1,1,0,4,0,0,1
41015,2,2,2,10,3,8,3,1,1,,,4,4,1,0,1
41016,2,2,2,10,3,9,0,1,1,,,4,4,1,0,1
41017,2,2,2,10,3,9,1,0,0,1,1,0,4,0,0,1
41018,2,2,2,10,3,9,2,0,0,1,1,0,4,0,0,1
41019,2,2,2,10,3,9,3,1,1,,,4,4,1,0,1
41020,2,2,2,10,3,10,0,1,1,,,4,4,1,0,1
41021,2,2,2,10,3,10,1,0,0,1,1,0,4,0,0,1
41022,2,2,2,10,3,10,2,0,0,1,1,0,4,0,0,1
41023,2,2,2,10,3,10,3,1,1,,,4,4,1,0,1
41024,2,2,2,10,3,11,0,1,1,,,4,4,1,0,1
41025,2,2,2,10,3,11,1,0,0,1,1,0,4,0,0,1
41026,2,2,2,10,3,11,2,0,0,1,1,0,4,0,0,1
41027,2,2,2,10,3,11,3,1,1,,,4,4,1,0,1
41028,2,2,2,10,3,12,0,1,1,,,4,4,1,0,1
41029,2,2,2,10,3,12,1,0,0,1,1,0,4,0,0,1
41030,2,2,2,10,3,12,2,0,0,1,1,0,4,0,0,1
41031,2,2,2,10,3,12,3,1,1,,,4,4,1,0,1
41032,2,2,2,10,3,13,0,1,1,,,4,4,1,0,1
41033,2,2,2,10,3,13,1,0,0,1,1,0,4,0,0,1
41034,2,2,2,10,3,13,2,0,0,1,1,0,4,0,0,1
41035,2,2,2,10,3,13,3,1,1,,,4,4,1,0,1
41036,2,2,2,10,3,14,0,1,1,,,4,4,1,0,1
41037,2,2,2,10,3,14,1,0,0,1,1,0,4,0,0,1
41038,2,2,2,10,3,14,2,0,0,1,1,0,4,0,0,1
41039,2,2,2,10,3,14,3,1,1,,,4,4,1,0,1
41040,2,2,2,10,3,15,0,1,1,,,4,4,1,0,1
41041,2,2,2,10,3,15,1,0,0,1,1,0,4,0,0,1
41042,2,2,2,10,3,15,2,0,0,1,1,0,4,0,0,1
41043,2,2,2,10,3,15,3,1,1,,,4,4,1,0,1
41044,2,2,2,10,4,0,0,1,1,,,4,2,1,1,1
41045,2,2,2,10,4,0,1,1,1,,,1,2,1,1,1
41046,2,2,2,10,4,0,2,1,1,,,1,2,1,1,1
41047,2,2,2,10,4,0,3,1,1,,,4,2,1,1,1
41048,2,2,2,10,4,1,0,1,1,,,4,2,1,1,1
41049,2,2,2,10,4,1,1,1,1,,,1,2,1,1,1
41050,2,2,2,10,4,1,2,1,1,,,1,2,1,1,1
41051,2,2,2,10,4,1,3,1,1,,,4,2,1,1,1
41052,2,2,2,10,4,2,0,1,1,,,4,2,1,1,1
41053,2,2,2,10,4,2,1,1,1,,,1,2,1,1,1
41054,2,2,2,10,4,2,2,1,1,,,1,2,1,1,1
41055,2,2,2,10,4,2,3,1,1,,,4,2,1,1,1
41056,2,2,2,10,4,3,0,1,1,,,4,2,1,1,1
41057,2,2,2,10,4,3,1,1,1,,,1,2,1,1,1
41058,2,2,2,10,4,3,2,1,1,,,1,2,1,1,1
41059,2,2,2,10,4,3,3,1,1,,,4,2,1,1,1
41060,2,2,2,10,4,4,0,1,1,,,4,2,1,1,1
41061,2,2,2,10,4,4,1,1,1,,,1,2,1,1,1
41062,2,2,2,10,4,4,2,1,1,,,1,2,1,1,1
41063,2,2,2,10,4,4,3,1,1,,,4,2,1,1,1
41064,2,2,2,10,4,5,0,1,1,,,4,2,1,1,1
41065,2,2,2,10,4,5,1,1,1,,,1,2,1,1,1
41066,2,2,2,10,4,5,2,1,1,,,1,2,1,1,1
41067,2,2,2,10,4,5,3,1,1,,,4,2,1,1,1
41068,2,2,2,10,4,6,0,1,1,,,4,2,1,1,1
41069,2,2,2,10,4,6,1,1,1,,,1,2,1,1,1
41070,2,2,2,10,4,6,2,1,1,,,1,2,1,1,1
41071,2,2,2,10,4,6,3,1,1,,,4,2,1,1,1
41072,2,2,2,10,4,7,0,1,1,,,4,2,1,1,1
41073,2,2,2,10,4,7,1,1,1,,,1,2,1,1,1
41074,2,2,2,10,4,7,2,1,1,,,1,2,1,1,1
41075,2,2,2,10,4,7,3,1,1,,,4,2,1,1,1
41076,2,2,2,10,4,8,0,1,1,,,4,2,1,1,1
41077,2,2,2,10,4,8,1,1,1,,,1,2,1,1,1
41078,2,2,2,10,4,8,2,1,1,,,1,2,1,1,1
41079,2,2,2,10,4,8,3,1,1,,,4,2,1,1,1
41080,2,2,2,10,4,9,0,1,1,,,4,2,1,1,1
41081,2,2,2,10,4,9,1,1,1,,,1,2,1,1,1
41082,2,2,2,10,4,9,2,1,1,,,1,2,1,1,1
41083,2,2,2,10,4,9,3,1,1,,,4,2,1,1,1
41084,2,2,2,10,4,10,0,1,1,,,4,2,1,1,1
41085,2,2,2,10,4,10,1,1,1,,,1,2,1,1,1
41086,2,2,2,10,4,10,2,1,1,,,1,2,1,1,1
41087,2,2,2,10,4,10,3,1,1,,,4,2,1,1,1
41088,2,2,2,10,4,11,0,1,1,,,4,2,1,1,1
41089,2,2,2,10,4,11,1,1,1,,,1,2,1,1,1
41090,2,2,2,10,4,11,2,1,1,,,1,2,1,1,1
41091,2,2,2,10,4,11,3,1,1,,,4,2,1,1,1
41092,2,2,2,10,4,12,0,1,1,,,4,2,1,1,1
41093,2,2,2,10,4,12,1,1,1,,,1,2,1,1,1
41094,2,2,2,10,4,12,2,1,1,,,1,2,1,1,1
41095,2,2,2,10,4,12,3,1,1,,,4,2,1,1,1
41096,2,2,2,10,4,13,0,1,1,,,4,2,1,1,1
41097,2,2,2,10,4,13,1,1,1,,,1,2,1,1,1
41098,2,2,2,10,4,13,2,1,1,,,1,2,1,1,1
41099,2,2,2,10,4,13,3,1,1,,,4,2,1,1,1
41100,2,2,2,10,4,14,0,1,1,,,4,2,1,1,1
41101,2,2,2,10,4,14,1,1,1,,,1,2,1,1,1
41102,2,2,2,10,4,14,2,1,1,,,1,2,1,1,1
41103,2,2,2,10,4,14,3,1,1,,,4,2,1,1,1
41104,2,2,2,10,4,15,0,1,1,,,4,2,1,1,1
41105,2,2,2,10,4,15,1,1,1,,,1,2,1,1,1
41106,2,2,2,10,4,15,2,1,1,,,1,2,1,1,1
41107,2,2,2,10,4,15,3,1,1,,,4,2,1,1,1
41108,2,2,2,10,5,0,0,1,1,,,4,3,1,0,1
41109,2,2,2,10,5,0,1,0,0,1,1,0,3,0,0,1
41110,2,2,2,10,5,0,2,0,0,1,1,0,3,0,0,1
41111,2,2,2,10,5,0,3,1,1,,,4,3,1,0,1
41112,2,2,2,10,5,1,0,1,1,,,4,3,1,0,1
41113,2,2,2,10,5,1,1,0,0,1,1,0,3,0,0,1
41114,2,2,2,10,5,1,2,0,0,1,1,0,3,0,0,1
41115,2,2,2,10,5,1,3,1,1,,,4,3,1,0,1
41116,2,2,2,10,5,2,0,1,1,,,4,3,1,0,1
41117,2,2,2,10,5,2,1,0,0,1,1,0,3,0,0,1
41118,2,2,2,10,5,2,2,0,0,1,1,0,3,0,0,1
41119,2,2,2,10,5,2,3,1,1,,,4,3,1,0,1
41120,2,2,2,10,5,3,0,1,1,,,4,3,1,0,1
41121,2,2,2,10,5,3,1,0,0,1,1,0,3,0,0,1
41122,2,2,2,10,5,3,2,0,0,1,1,0,3,0,0,1
41123,2,2,2,10,5,3,3,1,1,,,4,3,1,0,1
41124,2,2,2,10,5,4,0,1,1,,,4,3,1,0,1
41125,2,2,2,10,5,4,1,0,0,1,1,0,3,0,0,1
41126,2,2,2,10,5,4,2,0,0,1,1,0,3,0,0,1
41127,2,2,2,10,5,4,3,1,1,,,4,3,1,0,1
41128,2,2,2,10,5,5,0,1,1,,,4,3,1,0,1
41129,2,2,2,10,5,5,1,0,0,1,1,0,3,0,0,1
41130,2,2,2,10,5,5,2,0,0,1,1,0,3,0,0,1
41131,2,2,2,10,5,5,3,1,1,,,4,3,1,0,1
41132,2,2,2,10,5,6,0,1,1,,,4,3,1,0,1
41133,2,2,2,10,5,6,1,0,0,1,1,0,3,0,0,1
41134,2,2,2,10,5,6,2,0,0,1,1,0,3,0,0,1
41135,2,2,2,10,5,6,3,1,1,,,4,3,1,0,1
41136,2,2,2,10,5,7,0,1,1,,,4,3,1,0,1
41137,2,2,2,10,5,7,1,0,0,1,1,0,3,0,0,1
41138,2,2,2,10,5,7,2,0,0,1,1,0,3,0,0,1
41139,2,2,2,10,5,7,3,1,1,,,4,3,1,0,1
41140,2,2,2,10,5,8,0,1,1,,,4,3,1,0,1
41141,2,2,2,10,5,8,1,0,0,1,1,0,3,0,0,1
41142,2,2,2,10,5,8,2,0,0,1,1,0,3,0,0,1
41143,2,2,2,10,5,8,3,1,1,,,4,3,1,0,1
41144,2,2,2,10,5,9,0,1,1,,,4,3,1,0,1
41145,2,2,2,10,5,9,1,0,0,1,1,0,3,0,0,1
41146,2,2,2,10,5,9,2,0,0,1,1,0,3,0,0,1
41147,2,2,2,10,5,9,3,1,1,,,4,3,1,0,1
41148,2,2,2,10,5,10,0,1,1,,,4,3,1,0,1
41149,2,2,2,10,5,10,1,0,0,1,1,0,3,0,0,1
41150,2,2,2,10,5,10,2,0,0,1,1,0,3,0,0,1
41151,2,2,2,10,5,10,3,1,1,,,4,3,1,0,1
41152,2,2,2,10,5,11,0,1,1,,,4,3,1,0,1
41153,2,2,2,10,5,11,1,0,0,1,1,0,3,0,0,1
41154,2,2,2,10,5,11,2,0,0,1,1,0,3,0,0,1
41155,2,2,2,10,5,11,3,1,1,,,4,3,1,0,1
41156,2,2,2,10,5,12,0,1,1,,,4,3,1,0,1
41157,2,2,2,10,5,12,1,0,0,1,1,0,3,0,0,1
41158,2,2,2,10,5,12,2,0,0,1,1,0,3,0,0,1
41159,2,2,2,10,5,12,3,1,1,,,4,3,1,0,1
41160,2,2,2,10,5,13,0,1,1,,,4,3,1,0,1
41161,2,2,2,10,5,13,1,0,0,1,1,0,3,0,0,1
41162,2,2,2,10,5,13,2,0,0,1,1,0,3,0,0,1
41163,2,2,2,10,5,13,3,1,1,,,4,3,1,0,1
41164,2,2,2,10,5,14,0,1,1,,,4,3,1,0,1
41165,2,2,2,10,5,14,1,0,0,1,1,0,3,0,0,1
41166,2,2,2,10,5,14,2,0,0,1,1,0,3,0,0,1
41167,2,2,2,10,5,14,3,1,1,,,4,3,1,0,1
41168,2,2,2,10,5,15,0,1,1,,,4,3,1,0,1
41169,2,2,2,10,5,15,1,0,0,1,1,0,3,0,0,1
41170,2,2,2,10,5,15,2,0,0,1,1,0,3,0,0,1
41171,2,2,2,10,5,15,3,1,1,,,4,3,1,0,1
41172,2,2,2,10,6,0,0,1,1,,,4,4,1,0,1
41173,2,2,2,10,6,0,1,0,0,2,2,0,4,0,0,1
41174,2,2,2,10,6,0,2,0,0,2,2,0,4,0,0,1
41175,2,2,2,10,6,0,3,1,1,,,4,4,1,0,1
41176,2,2,2,10,6,1,0,1,1,,,4,4,1,0,1
41177,2,2,2,10,6,1,1,0,0,2,2,0,4,0,0,1
41178,2,2,2,10,6,1,2,0,0,2,2,0,4,0,0,1
41179,2,2,2,10,6,1,3,1,1,,,4,4,1,0,1
41180,2,2,2,10,6,2,0,1,1,,,4,4,1,0,1
41181,2,2,2,10,6,2,1,0,0,2,2,0,4,0,0,1
41182,2,2,2,10,6,2,2,0,0,2,2,0,4,0,0,1
41183,2,2,2,10,6,2,3,1,1,,,4,4,1,0,1
41184,2,2,2,10,6,3,0,1,1,,,4,4,1,0,1
41185,2,2,2,10,6,3,1,0,0,2,2,0,4,0,0,1
41186,2,2,2,10,6,3,2,0,0,2,2,0,4,0,0,1
41187,2,2,2,10,6,3,3,1,1,,,4,4,1,0,1
41188,2,2,2,10,6,4,0,1,1,,,4,4,1,0,1
41189,2,2,2,10,6,4,1,0,0,2,2,0,4,0,0,1
41190,2,2,2,10,6,4,2,0,0,2,2,0,4,0,0,1
41191,2,2,2,10,6,4,3,1,1,,,4,4,1,0,1
41192,2,2,2,10,6,5,0,1,1,,,4,4,1,0,1
41193,2,2,2,10,6,5,1,0,0,2,2,0,4,0,0,1
41194,2,2,2,10,6,5,2,0,0,2,2,0,4,0,0,1
41195,2,2,2,10,6,5,3,1,1,,,4,4,1,0,1
41196,2,2,2,10,6,6,0,1,1,,,4,4,1,0,1
41197,2,2,2,10,6,6,1,0,0,2,2,0,4,0,0,1
41198,2,2,2,10,6,6,2,0,0,2,2,0,4,0,0,1
41199,2,2,2,10,6,6,3,1,1,,,4,4,1,0,1
41200,2,2,2,10,6,7,0,1,1,,,4,4,1,0,1
41201,2,2,2,10,6,7,1,0,0,2,2,0,4,0,0,1
41202,2,2,2,10,6,7,2,0,0,2,2,0,4,0,0,1
41203,2,2,2,10,6,7,3,1,1,,,4,4,1,0,1
41204,2,2,2,10,6,8,0,1,1,,,4,4,1,0,1
41205,2,2,2,10,6,8,1,0,0,2,2,0,4,0,0,1
41206,2,2,2,10,6,8,2,0,0,2,2,0,4,0,0,1
41207,2,2,2,10,6,8,3,1,1,,,4,4,1,0,1
41208,2,2,2,10,6,9,0,1,1,,,4,4,1,0,1
41209,2,2,2,10,6,9,1,0,0,2,2,0,4,0,0,1
41210,2,2,2,10,6,9,2,0,0,2,2,0,4,0,0,1
41211,2,2,2,10,6,9,3,1,1,,,4,4,1,0,1
41212,2,2,2,10,6,10,0,1,1,,,4,4,1,0,1
41213,2,2,2,10,6,10,1,0,0,2,2,0,4,0,0,1
41214,2,2,2,10,6,10,2,0,0,2,2,0,4,0,0,1
41215,2,2,2,10,6,10,3,1,1,,,4,4,1,0,1
41216,2,2,2,10,6,11,0,1,1,,,4,4,1,0,1
41217,2,2,2,10,6,11,1,0,0,2,2,0,4,0,0,1
41218,2,2,2,10,6,11,2,0,0,2,2,0,4,0,0,1
41219,2,2,2,10,6,11,3,1,1,,,4,4,1,0,1
41220,2,2,2,10,6,12,0,1,1,,,4,4,1,0,1
41221,2,2,2,10,6,12,1,0,0,2,2,0,4,0,0,1
41222,2,2,2,10,6,12,2,0,0,2,2,0,4,0,0,1
41223,2,2,2,10,6,12,3,1,1,,,4,4,1,0,1
41224,2,2,2,10,6,13,0,1,1,,,4,4,1,0,1
41225,2,2,2,10,6,13,1,0,0,2,2,0,4,0,0,1
41226,2,2,2,10,6,13,2,0,0,2,2,0,4,0,0,1
41227,2,2,2,10,6,13,3,1,1,,,4,4,1,0,1
41228,2,2,2,10,6,14,0,1,1,,,4,4,1,0,1
41229,2,2,2,10,6,14,1,0,0,2,2,0,4,0,0,1
41230,2,2,2,10,6,14,2,0,0,2,2,0,4,0,0,1
41231,2,2,2,10,6,14,3,1,1,,,4,4,1,0,1
41232,2,2,2,10,6,15,0,1,1,,,4,4,1,0,1
41233,2,2,2,10,6,15,1,0,0,2,2,0,4,0,0,1
41234,2,2,2,10,6,15,2,0,0,2,2,0,4,0,0,1
41235,2,2,2,10,6,15,3,1,1,,,4,4,1,0,1
41236,2,2,2,10,7,0,0,1,1,,,4,4,1,0,1
41237,2,2,2,10,7,0,1,0,0,1,1,0,4,0,0,1
41238,2,2,2,10,7,0,2,0,0,1,1,0,4,0,0,1
41239,2,2,2,10,7,0,3,1,1,,,4,4,1,0,1
41240,2,2,2,10,7,1,0,1,1,,,4,4,1,0,1
41241,2,2,2,10,7,1,1,0,0,1,1,0,4,0,0,1
41242,2,2,2,10,7,1,2,0,0,1,1,0,4,0,0,1
41243,2,2,2,10,7,1,3,1,1,,,4,4,1,0,1
41244,2,2,2,10,7,2,0,1,1,,,4,4,1,0,1
41245,2,2,2,10,7,2,1,0,0,1,1,0,4,0,0,1
41246,2,2,2,10,7,2,2,0,0,1,1,0,4,0,0,1
41247,2,2,2,10,7,2,3,1,1,,,4,4,1,0,1
41248,2,2,2,10,7,3,0,1,1,,,4,4,1,0,1
41249,2,2,2,10,7,3,1,0,0,1,1,0,4,0,0,1
41250,2,2,2,10,7,3,2,0,0,1,1,0,4,0,0,1
41251,2,2,2,10,7,3,3,1,1,,,4,4,1,0,1
41252,2,2,2,10,7,4,0,1,1,,,4,4,1,0,1
41253,2,2,2,10,7,4,1,0,0,1,1,0,4,0,0,1
41254,2,2,2,10,7,4,2,0,0,1,1,0,4,0,0,1
41255,2,2,2,10,7,4,3,1,1,,,4,4,1,0,1
41256,2,2,2,10,7,5,0,1,1,,,4,4,1,0,1
41257,2,2,2,10,7,5,1,0,0,1,1,0,4,0,0,1
41258,2,2,2,10,7,5,2,0,0,1,1,0,4,0,0,1
41259,2,2,2,10,7,5,3,1,1,,,4,4,1,0,1
41260,2,2,2,10,7,6,0,1,1,,,4,4,1,0,1
41261,2,2,2,10,7,6,1,0,0,1,1,0,4,0,0,1
41262,2,2,2,10,7,6,2,0,0,1,1,0,4,0,0,1
41263,2,2,2,10,7,6,3,1,1,,,4,4,1,0,1
41264,2,2,2,10,7,7,0,1,1,,,4,4,1,0,1
41265,2,2,2,10,7,7,1,0,0,1,1,0,4,0,0,1
41266,2,2,2,10,7,7,2,0,0,1,1,0,4,0,0,1
41267,2,2,2,10,7,7,3,1,1,,,4,4,1,0,1
41268,2,2,2,10,7,8,0,1,1,,,4,4,1,0,1
41269,2,2,2,10,7,8,1,0,0,1,1,0,4,0,0,1
41270,2,2,2,10,7,8,2,0,0,1,1,0,4,0,0,1
41271,2,2,2,10,7,8,3,1,1,,,4,4,1,0,1
41272,2,2,2,10,7,9,0,1,1,,,4,4,1,0,1
41273,2,2,2,10,7,9,1,0,0,1,1,0,4,0,0,1
41274,2,2,2,10,7,9,2,0,0,1,1,0,4,0,0,1
41275,2,2,2,10,7,9,3,1,1,,,4,4,1,0,1
41276,2,2,2,10,7,10,0,1,1,,,4,4,1,0,1
41277,2,2,2,10,7,10,1,0,0,1,1,0,4,0,0,1
41278,2,2,2,10,7,10,2,0,0,1,1,0,4,0,0,1
41279,2,2,2,10,7,10,3,1,1,,,4,4,1,0,1
41280,2,2,2,10,7,11,0,1,1,,,4,4,1,0,1
41281,2,2,2,10,7,11,1,0,0,1,1,0,4,0,0,1
41282,2,2,2,10,7,11,2,0,0,1,1,0,4,0,0,1
41283,2,2,2,10,7,11,3,1,1,,,4,4,1,0,1
41284,2,2,2,10,7,12,0,1,1,,,4,4,1,0,1
41285,2,2,2,10,7,12,1,0,0,1,1,0,4,0,0,1
41286,2,2,2,10,7,12,2,0,0,1,1,0,4,0,0,1
41287,2,2,2,10,7,12,3,1,1,,,4,4,1,0,1
41288,2,2,2,10,7,13,0,1,1,,,4,4,1,0,1
41289,2,2,2,10,7,13,1,0,0,1,1,0,4,0,0,1
41290,2,2,2,10,7,13,2,0,0,1,1,0,4,0,0,1
41291,2,2,2,10,7,13,3,1,1,,,4,4,1,0,1
41292,2,2,2,10,7,14,0,1,1,,,4,4,1,0,1
41293,2,2,2,10,7,14,1,0,0,1,1,0,4,0,0,1
41294,2,2,2,10,7,14,2,0,0,1,1,0,4,0,0,1
41295,2,2,2,10,7,14,3,1,1,,,4,4,1,0,1
41296,2,2,2,10,7,15,0,1,1,,,4,4,1,0,1
41297,2,2,2,10,7,15,1,0,0,1,1,0,4,0,0,1
41298,2,2,2,10,7,15,2,0,0,1,1,0,4,0,0,1
41299,2,2,2,10,7,15,3,1,1,,,4,4,1,0,1
41300,2,2,2,10,8,0,0,1,1,,,4,2,1,1,1
41301,2,2,2,10,8,0,1,1,1,,,1,2,1,1,1
41302,2,2,2,10,8,0,2,1,1,,,1,2,1,1,1
41303,2,2,2,10,8,0,3,1,1,,,4,2,1,1,1
41304,2,2,2,10,8,1,0,1,1,,,4,2,1,1,1
41305,2,2,2,10,8,1,1,1,1,,,1,2,1,1,1
41306,2,2,2,10,8,1,2,1,1,,,1,2,1,1,1
41307,2,2,2,10,8,1,3,1,1,,,4,2,1,1,1
41308,2,2,2,10,8,2,0,1,1,,,4,2,1,1,1
41309,2,2,2,10,8,2,1,1,1,,,1,2,1,1,1
41310,2,2,2,10,8,2,2,1,1,,,1,2,1,1,1
41311,2,2,2,10,8,2,3,1,1,,,4,2,1,1,1
41312,2,2,2,10,8,3,0,1,1,,,4,2,1,1,1
41313,2,2,2,10,8,3,1,1,1,,,1,2,1,1,1
41314,2,2,2,10,8,3,2,1,1,,,1,2,1,1,1
41315,2,2,2,10,8,3,3,1,1,,,4,2,1,1,1
41316,2,2,2,10,8,4,0,1,1,,,4,2,1,1,1
41317,2,2,2,10,8,4,1,1,1,,,1,2,1,1,1
41318,2,2,2,10,8,4,2,1,1,,,1,2,1,1,1
41319,2,2,2,10,8,4,3,1,1,,,4,2,1,1,1
41320,2,2,2,10,8,5,0,1,1,,,4,2,1,1,1
41321,2,2,2,10,8,5,1,1,1,,,1,2,1,1,1
41322,2,2,2,10,8,5,2,1,1,,,1,2,1,1,1
41323,2,2,2,10,8,5,3,1,1,,,4,2,1,1,1
41324,2,2,2,10,8,6,0,1,1,,,4,2,1,1,1
41325,2,2,2,10,8,6,1,1,1,,,1,2,1,1,1
41326,2,2,2,10,8,6,2,1,1,,,1,2,1,1,1
41327,2,2,2,10,8,6,3,1,1,,,4,2,1,1,1
41328,2,2,2,10,8,7,0,1,1,,,4,2,1,1,1
41329,2,2,2,10,8,7,1,1,1,,,1,2,1,1,1
41330,2,2,2,10,8,7,2,1,1,,,1,2,1,1,1
41331,2,2,2,10,8,7,3,1,1,,,4,2,1,1,1
41332,2,2,2,10,8,8,0,1,1,,,4,2,1,1,1
41333,2,2,2,10,8,8,1,1,1,,,1,2,1,1,1
41334,2,2,2,10,8,8,2,1,1,,,1,2,1,1,1
41335,2,2,2,10,8,8,3,1,1,,,4,2,1,1,1
41336,2,2,2,10,8,9,0,1,1,,,4,2,1,1,1
41337,2,2,2,10,8,9,1,1,1,,,1,2,1,1,1
41338,2,2,2,10,8,9,2,1,1,,,1,2,1,1,1
41339,2,2,2,10,8,9,3,1,1,,,4,2,1,1,1
41340,2,2,2,10,8,10,0,1,1,,,4,2,1,1,1
41341,2,2,2,10,8,10,1,1,1,,,1,2,1,1,1
41342,2,2,2,10,8,10,2,1,1,,,1,2,1,1,1
41343,2,2,2,10,8,10,3,1,1,,,4,2,1,1,1
41344,2,2,2,10,8,11,0,1,1,,,4,2,1,1,1
41345,2,2,2,10,8,11,1,1,1,,,1,2,1,1,1
41346,2,2,2,10,8,11,2,1,1,,,1,2,1,1,1
41347,2,2,2,10,8,11,3,1,1,,,4,2,1,1,1
41348,2,2,2,10,8,12,0,1,1,,,4,2,1,1,1
41349,2,2,2,10,8,12,1,1,1,,,1,2,1,1,1
41350,2,2,2,10,8,12,2,1,1,,,1,2,1,1,1
41351,2,2,2,10,8,12,3,1,1,,,4,2,1,1,1
41352,2,2,2,10,8,13,0,1,1,,,4,2,1,1,1
41353,2,2,2,10,8,13,1,1,1,,,1,2,1,1,1
41354,2,2,2,10,8,13,2,1,1,,,1,2,1,1,1
41355,2,2,2,10,8,13,3,1,1,,,4,2,1,1,1
41356,2,2,2,10,8,14,0,1,1,,,4,2,1,1,1
41357,2,2,2,10,8,14,1,1,1,,,1,2,1,1,1
41358,2,2,2,10,8,14,2,1,1,,,1,2,1,1,1
41359,2,2,2,10,8,14,3,1,1,,,4,2,1,1,1
41360,2,2,2,10,8,15,0,1,1,,,4,2,1,1,1
41361,2,2,2,10,8,15,1,1,1,,,1,2,1,1,1
41362,2,2,2,10,8,15,2,1,1,,,1,2,1,1,1
41363,2,2,2,10,8,15,3,1,1,,,4,2,1,1,1
41364,2,2,2,10,9,0,0,1,1,,,4,4,1,0,1
41365,2,2,2,10,9,0,1,0,0,1,1,0,4,0,0,1
41366,2,2,2,10,9,0,2,0,0,1,1,0,4,0,0,1
41367,2,2,2,10,9,0,3,1,1,,,4,4,1,0,1
41368,2,2,2,10,9,1,0,1,1,,,4,4,1,0,1
41369,2,2,2,10,9,1,1,0,0,1,1,0,4,0,0,1
41370,2,2,2,10,9,1,2,0,0,1,1,0,4,0,0,1
41371,2,2,2,10,9,1,3,1,1,,,4,4,1,0,1
41372,2,2,2,10,9,2,0,1,1,,,4,4,1,0,1
41373,2,2,2,10,9,2,1,0,0,1,1,0,4,0,0,1
41374,2,2,2,10,9,2,2,0,0,1,1,0,4,0,0,1
41375,2,2,2,10,9,2,3,1,1,,,4,4,1,0,1
41376,2,2,2,10,9,3,0,1,1,,,4,4,1,0,1
41377,2,2,2,10,9,3,1,0,0,1,1,0,4,0,0,1
41378,2,2,2,10,9,3,2,0,0,1,1,0,4,0,0,1
41379,2,2,2,10,9,3,3,1,1,,,4,4,1,0,1
41380,2,2,2,10,9,4,0,1,1,,,4,4,1,0,1
41381,2,2,2,10,9,4,1,0,0,1,1,0,4,0,0,1
41382,2,2,2,10,9,4,2,0,0,1,1,0,4,0,0,1
41383,2,2,2,10,9,4,3,1,1,,,4,4,1,0,1
41384,2,2,2,10,9,5,0,1,1,,,4,4,1,0,1
41385,2,2,2,10,9,5,1,0,0,1,1,0,4,0,0,1
41386,2,2,2,10,9,5,2,0,0,1,1,0,4,0,0,1
41387,2,2,2,10,9,5,3,1,1,,,4,4,1,0,1
41388,2,2,2,10,9,6,0,1,1,,,4,4,1,0,1
41389,2,2,2,10,9,6,1,0,0,1,1,0,4,0,0,1
41390,2,2,2,10,9,6,2,0,0,1,1,0,4,0,0,1
41391,2,2,2,10,9,6,3,1,1,,,4,4,1,0,1
41392,2,2,2,10,9,7,0,1,1,,,4,4,1,0,1
41393,2,2,2,10,9,7,1,0,0,1,1,0,4,0,0,1
41394,2,2,2,10,9,7,2,0,0,1,1,0,4,0,0,1
41395,2,2,2,10,9,7,3,1,1,,,4,4,1,0,1
41396,2,2,2,10,9,8,0,1,1,,,4,4,1,0,1
41397,2,2,2,10,9,8,1,0,0,1,1,0,4,0,0,1
41398,2,2,2,10,9,8,2,0,0,1,1,0,4,0,0,1
41399,2,2,2,10,9,8,3,1,1,,,4,4,1,0,1
41400,2,2,2,10,9,9,0,1,1,,,4,4,1,0,1
41401,2,2,2,10,9,9,1,0,0,1,1,0,4,0,0,1
41402,2,2,2,10,9,9,2,0,0,1,1,0,4,0,0,1
41403,2,2,2,10,9,9,3,1,1,,,4,4,1,0,1
41404,2,2,2,10,9,10,0,1,1,,,4,4,1,0,1
41405,2,2,2,10,9,10,1,0,0,1,1,0,4,0,0,1
41406,2,2,2,10,9,10,2,0,0,1,1,0,4,0,0,1
41407,2,2,2,10,9,10,3,1,1,,,4,4,1,0,1
41408,2,2,2,10,9,11,0,1,1,,,4,4,1,0,1
41409,2,2,2,10,9,11,1,0,0,1,1,0,4,0,0,1
41410,2,2,2,10,9,11,2,0,0,1,1,0,4,0,0,1
41411,2,2,2,10,9,11,3,1,1,,,4,4,1,0,1
41412,2,2,2,10,9,12,0,1,1,,,4,4,1,0,1
41413,2,2,2,10,9,12,1,0,0,1,1,0,4,0,0,1
41414,2,2,2,10,9,12,2,0,0,1,1,0,4,0,0,1
41415,2,2,2,10,9,12,3,1,1,,,4,4,1,0,1
41416,2,2,2,10,9,13,0,1,1,,,4,4,1,0,1
41417,2,2,2,10,9,13,1,0,0,1,1,0,4,0,0,1
41418,2,2,2,10,9,13,2,0,0,1,1,0,4,0,0,1
41419,2,2,2,10,9,13,3,1,1,,,4,4,1,0,1
41420,2,2,2,10,9,14,0,1,1,,,4,4,1,0,1
41421,2,2,2,10,9,14,1,0,0,1,1,0,4,0,0,1
41422,2,2,2,10,9,14,2,0,0,1,1,0,4,0,0,1
41423,2,2,2,10,9,14,3,1,1,,,4,4,1,0,1
41424,2,2,2,10,9,15,0,1,1,,,4,4,1,0,1
41425,2,2,2,10,9,15,1,0,0,1,1,0,4,0,0,1
41426,2,2,2,10,9,15,2,0,0,1,1,0,4,0,0,1
41427,2,2,2,10,9,15,3,1,1,,,4,4,1,0,1
41428,2,2,2,10,10,0,0,1,1,,,4,2,1,1,1
41429,2,2,2,10,10,0,1,1,1,,,1,2,1,1,1
41430,2,2,2,10,10,0,2,1,1,,,1,2,1,1,1
41431,2,2,2,10,10,0,3,1,1,,,4,2,1,1,1
41432,2,2,2,10,10,1,0,1,1,,,4,2,1,1,1
41433,2,2,2,10,10,1,1,1,1,,,1,2,1,1,1
41434,2,2,2,10,10,1,2,1,1,,,1,2,1,1,1
41435,2,2,2,10,10,1,3,1,1,,,4,2,1,1,1
41436,2,2,2,10,10,2,0,1,1,,,4,2,1,1,1
41437,2,2,2,10,10,2,1,1,1,,,1,2,1,1,1
41438,2,2,2,10,10,2,2,1,1,,,1,2,1,1,1
41439,2,2,2,10,10,2,3,1,1,,,4,2,1,1,1
41440,2,2,2,10,10,3,0,1,1,,,4,2,1,1,1
41441,2,2,2,10,10,3,1,1,1,,,1,2,1,1,1
41442,2,2,2,10,10,3,2,1,1,,,1,2,1,1,1
41443,2,2,2,10,10,3,3,1,1,,,4,2,1,1,1
41444,2,2,2,10,10,4,0,1,1,,,4,2,1,1,1
41445,2,2,2,10,10,4,1,1,1,,,1,2,1,1,1
41446,2,2,2,10,10,4,2,1,1,,,1,2,1,1,1
41447,2,2,2,10,10,4,3,1,1,,,4,2,1,1,1
41448,2,2,2,10,10,5,0,1,1,,,4,2,1,1,1
41449,2,2,2,10,10,5,1,1,1,,,1,2,1,1,1
41450,2,2,2,10,10,5,2,1,1,,,1,2,1,1,1
41451,2,2,2,10,10,5,3,1,1,,,4,2,1,1,1
41452,2,2,2,10,10,6,0,1,1,,,4,2,1,1,1
41453,2,2,2,10,10,6,1,1,1,,,1,2,1,1,1
41454,2,2,2,10,10,6,2,1,1,,,1,2,1,1,1
41455,2,2,2,10,10,6,3,1,1,,,4,2,1,1,1
41456,2,2,2,10,10,7,0,1,1,,,4,2,1,1,1
41457,2,2,2,10,10,7,1,1,1,,,1,2,1,1,1
41458,2,2,2,10,10,7,2,1,1,,,1,2,1,1,1
41459,2,2,2,10,10,7,3,1,1,,,4,2,1,1,1
41460,2,2,2,10,10,8,0,1,1,,,4,2,1,1,1
41461,2,2,2,10,10,8,1,1,1,,,1,2,1,1,1
41462,2,2,2,10,10,8,2,1,1,,,1,2,1,1,1
41463,2,2,2,10,10,8,3,1,1,,,4,2,1,1,1
41464,2,2,2,10,10,9,0,1,1,,,4,2,1,1,1
41465,2,2,2,10,10,9,1,1,1,,,1,2,1,1,1
41466,2,2,2,10,10,9,2,1,1,,,1,2,1,1,1
41467,2,2,2,10,10,9,3,1,1,,,4,2,1,1,1
41468,2,2,2,10,10,10,0,1,1,,,4,2,1,1,1
41469,2,2,2,10,10,10,1,1,1,,,1,2,1,1,1
41470,2,2,2,10,10,10,2,1,1,,,1,2,1,1,1
41471,2,2,2,10,10,10,3,1,1,,,4,2,1,1,1
41472,2,2,2,10,10,11,0,1,1,,,4,2,1,1,1
41473,2,2,2,10,10,11,1,1,1,,,1,2,1,1,1
41474,2,2,2,10,10,11,2,1,1,,,1,2,1,1,1
41475,2,2,2,10,10,11,3,1,1,,,4,2,1,1,1
41476,2,2,2,10,10,12,0,1,1,,,4,2,1,1,1
41477,2,2,2,10,10,12,1,1,1,,,1,2,1,1,1
41478,2,2,2,10,10,12,2,1,1,,,1,2,1,1,1
41479,2,2,2,10,10,12,3,1,1,,,4,2,1,1,1
41480,2,2,2,10,10,13,0,1,1,,,4,2,1,1,1
41481,2,2,2,10,10,13,1,1,1,,,1,2,1,1,1
41482,2,2,2,10,10,13,2,1,1,,,1,2,1,1,1
41483,2,2,2,10,10,13,3,1,1,,,4,2,1,1,1
41484,2,2,2,10,10,14,0,1,1,,,4,2,1,1,1
41485,2,2,2,10,10,14,1,1,1,,,1,2,1,1,1
41486,2,2,2,10,10,14,2,1,1,,,1,2,1,1,1
41487,2,2,2,10,10,14,3,1,1,,,4,2,1,1,1
41488,2,2,2,10,10,15,0,1,1,,,4,2,1,1,1
41489,2,2,2,10,10,15,1,1,1,,,1,2,1,1,1
41490,2,2,2,10,10,15,2,1,1,,,1,2,1,1,1
41491,2,2,2,10,10,15,3,1,1,,,4,2,1,1,1
41492,2,2,2,10,11,0,0,1,1,,,4,3,1,0,1
41493,2,2,2,10,11,0,1,0,0,1,1,0,3,0,0,1
41494,2,2,2,10,11,0,2,0,0,1,1,0,3,0,0,1
41495,2,2,2,10,11,0,3,1,1,,,4,3,1,0,1
41496,2,2,2,10,11,1,0,1,1,,,4,3,1,0,1
41497,2,2,2,10,11,1,1,0,0,1,1,0,3,0,0,1
41498,2,2,2,10,11,1,2,0,0,1,1,0,3,0,0,1
41499,2,2,2,10,11,1,3,1,1,,,4,3,1,0,1
41500,2,2,2,10,11,2,0,1,1,,,4,3,1,0,1
41501,2,2,2,10,11,2,1,0,0,1,1,0,3,0,0,1
41502,2,2,2,10,11,2,2,0,0,1,1,0,3,0,0,1
41503,2,2,2,10,11,2,3,1,1,,,4,3,1,0,1
41504,2,2,2,10,11,3,0,1,1,,,4,3,1,0,1
41505,2,2,2,10,11,3,1,0,0,1,1,0,3,0,0,1
41506,2,2,2,10,11,3,2,0,0,1,1,0,3,0,0,1
41507,2,2,2,10,11,3,3,1,1,,,4,3,1,0,1
41508,2,2,2,10,11,4,0,1,1,,,4,3,1,0,1
41509,2,2,2,10,11,4,1,0,0,1,1,0,3,0,0,1
41510,2,2,2,10,11,4,2,0,0,1,1,0,3,0,0,1
41511,2,2,2,10,11,4,3,1,1,,,4,3,1,0,1
41512,2,2,2,10,11,5,0,1,1,,,4,3,1,0,1
41513,2,2,2,10,11,5,1,0,0,1,1,0,3,0,0,1
41514,2,2,2,10,11,5,2,0,0,1,1,0,3,0,0,1
41515,2,2,2,10,11,5,3,1,1,,,4,3,1,0,1
41516,2,2,2,10,11,6,0,1,1,,,4,3,1,0,1
41517,2,2,2,10,11,6,1,0,0,1,1,0,3,0,0,1
41518,2,2,2,10,11,6,2,0,0,1,1,0,3,0,0,1
41519,2,2,2,10,11,6,3,1,1,,,4,3,1,0,1
41520,2,2,2,10,11,7,0,1,1,,,4,3,1,0,1
41521,2,2,2,10,11,7,1,0,0,1,1,0,3,0,0,1
41522,2,2,2,10,11,7,2,0,0,1,1,0,3,0,0,1
41523,2,2,2,10,11,7,3,1,1,,,4,3,1,0,1
41524,2,2,2,10,11,8,0,1,1,,,4,3,1,0,1
41525,2,2,2,10,11,8,1,0,0,1,1,0,3,0,0,1
41526,2,2,2,10,11,8,2,0,0,1,1,0,3,0,0,1
41527,2,2,2,10,11,8,3,1,1,,,4,3,1,0,1
41528,2,2,2,10,11,9,0,1,1,,,4,3,1,0,1
41529,2,2,2,10,11,9,1,0,0,1,1,0,3,0,0,1
41530,2,2,2,10,11,9,2,0,0,1,1,0,3,0,0,1
41531,2,2,2,10,11,9,3,1,1,,,4,3,1,0,1
41532,2,2,2,10,11,10,0,1,1,,,4,3,1,0,1
41533,2,2,2,10,11,10,1,0,0,1,1,0,3,0,0,1
41534,2,2,2,10,11,10,2,0,0,1,1,0,3,0,0,1
41535,2,2,2,10,11,10,3,1,1,,,4,3,1,0,1
41536,2,2,2,10,11,11,0,1,1,,,4,3,1,0,1
41537,2,2,2,10,11,11,1,0,0,1,1,0,3,0,0,1
41538,2,2,2,10,11,11,2,0,0,1,1,0,3,0,0,1
41539,2,2,2,10,11,11,3,1,1,,,4,3,1,0,1
41540,2,2,2,10,11,12,0,1,1,,,4,3,1,0,1
41541,2,2,2,10,11,12,1,0,0,1,1,0,3,0,0,1
41542,2,2,2,10,11,12,2,0,0,1,1,0,3,0,0,1
41543,2,2,2,10,11,12,3,1,1,,,4,3,1,0,1
41544,2,2,2,10,11,13,0,1,1,,,4,3,1,0,1
41545,2,2,2,10,11,13,1,0,0,1,1,0,3,0,0,1
41546,2,2,2,10,11,13,2,0,0,1,1,0,3,0,0,1
41547,2,2,2,10,11,13,3,1,1,,,4,3,1,0,1
41548,2,2,2,10,11,14,0,1,1,,,4,3,1,0,1
41549,2,2,2,10,11,14,1,0,0,1,1,0,3,0,0,1
41550,2,2,2,10,11,14,2,0,0,1,1,0,3,0,0,1
41551,2,2,2,10,11,14,3,1,1,,,4,3,1,0,1
41552,2,2,2,10,11,15,0,1,1,,,4,3,1,0,1
41553,2,2,2,10,11,15,1,0,0,1,1,0,3,0,0,1
41554,2,2,2,10,11,15,2,0,0,1,1,0,3,0,0,1
41555,2,2,2,10,11,15,3,1,1,,,4,3,1,0,1
41556,2,2,2,10,12,0,0,1,1,,,4,2,1,1,1
41557,2,2,2,10,12,0,1,1,1,,,1,2,1,1,1
41558,2,2,2,10,12,0,2,1,1,,,1,2,1,1,1
41559,2,2,2,10,12,0,3,1,1,,,4,2,1,1,1
41560,2,2,2,10,12,1,0,1,1,,,4,2,1,1,1
41561,2,2,2,10,12,1,1,1,1,,,1,2,1,1,1
41562,2,2,2,10,12,1,2,1,1,,,1,2,1,1,1
41563,2,2,2,10,12,1,3,1,1,,,4,2,1,1,1
41564,2,2,2,10,12,2,0,1,1,,,4,2,1,1,1
41565,2,2,2,10,12,2,1,1,1,,,1,2,1,1,1
41566,2,2,2,10,12,2,2,1,1,,,1,2,1,1,1
41567,2,2,2,10,12,2,3,1,1,,,4,2,1,1,1
41568,2,2,2,10,12,3,0,1,1,,,4,2,1,1,1
41569,2,2,2,10,12,3,1,1,1,,,1,2,1,1,1
41570,2,2,2,10,12,3,2,1,1,,,1,2,1,1,1
41571,2,2,2,10,12,3,3,1,1,,,4,2,1,1,1
41572,2,2,2,10,12,4,0,1,1,,,4,2,1,1,1
41573,2,2,2,10,12,4,1,1,1,,,1,2,1,1,1
41574,2,2,2,10,12,4,2,1,1,,,1,2,1,1,1
41575,2,2,2,10,12,4,3,1,1,,,4,2,1,1,1
41576,2,2,2,10,12,5,0,1,1,,,4,2,1,1,1
41577,2,2,2,10,12,5,1,1,1,,,1,2,1,1,1
41578,2,2,2,10,12,5,2,1,1,,,1,2,1,1,1
41579,2,2,2,10,12,5,3,1,1,,,4,2,1,1,1
41580,2,2,2,10,12,6,0,1,1,,,4,2,1,1,1
41581,2,2,2,10,12,6,1,1,1,,,1,2,1,1,1
41582,2,2,2,10,12,6,2,1,1,,,1,2,1,1,1
41583,2,2,2,10,12,6,3,1,1,,,4,2,1,1,1
41584,2,2,2,10,12,7,0,1,1,,,4,2,1,1,1
41585,2,2,2,10,12,7,1,1,1,,,1,2,1,1,1
41586,2,2,2,10,12,7,2,1,1,,,1,2,1,1,1
41587,2,2,2,10,12,7,3,1,1,,,4,2,1,1,1
41588,2,2,2,10,12,8,0,1,1,,,4,2,1,1,1
41589,2,2,2,10,12,8,1,1,1,,,1,2,1,1,1
41590,2,2,2,10,12,8,2,1,1,,,1,2,1,1,1
41591,2,2,2,10,12,8,3,1,1,,,4,2,1,1,1
41592,2,2,2,10,12,9,0,1,1,,,4,2,1,1,1
41593,2,2,2,10,12,9,1,1,1,,,1,2,1,1,1
41594,2,2,2,10,12,9,2,1,1,,,1,2,1,1,1
41595,2,2,2,10,12,9,3,1,1,,,4,2,1,1,1
41596,2,2,2,10,12,10,0,1,1,,,4,2,1,1,1
41597,2,2,2,10,12,10,1,1,1,,,1,2,1,1,1
41598,2,2,2,10,12,10,2,1,1,,,1,2,1,1,1
41599,2,2,2,10,12,10,3,1,1,,,4,2,1,1,1
41600,2,2,2,10,12,11,0,1,1,,,4,2,1,1,1
41601,2,2,2,10,12,11,1,1,1,,,1,2,1,1,1
41602,2,2,2,10,12,11,2,1,1,,,1,2,1,1,1
41603,2,2,2,10,12,11,3,1,1,,,4,2,1,1,1
41604,2,2,2,10,12,12,0,1,1,,,4,2,1,1,1
41605,2,2,2,10,12,12,1,1,1,,,1,2,1,1,1
41606,2,2,2,10,12,12,2,1,1,,,1,2,1,1,1
41607,2,2,2,10,12,12,3,1,1,,,4,2,1,1,1
41608,2,2,2,10,12,13,0,1,1,,,4,2,1,1,1
41609,2,2,2,10,12,13,1,1,1,,,1,2,1,1,1
41610,2,2,2,10,12,13,2,1,1,,,1,2,1,1,1
41611,2,2,2,10,12,13,3,1,1,,,4,2,1,1,1
41612,2,2,2,10,12,14,0,1,1,,,4,2,1,1,1
41613,2,2,2,10,12,14,1,1,1,,,1,2,1,1,1
41614,2,2,2,10,12,14,2,1,1,,,1,2,1,1,1
41615,2,2,2,10,12,14,3,1,1,,,4,2,1,1,1
41616,2,2,2,10,12,15,0,1,1,,,4,2,1,1,1
41617,2,2,2,10,12,15,1,1,1,,,1,2,1,1,1
41618,2,2,2,10,12,15,2,1,1,,,1,2,1,1,1
41619,2,2,2,10,12,15,3,1,1,,,4,2,1,1,1
41620,2,2,2,10,13,0,0,1,1,,,4,4,1,0,1
41621,2,2,2,10,13,0,1,0,0,1,1,0,4,0,0,1
41622,2,2,2,10,13,0,2,0,0,1,1,0,4,0,0,1
41623,2,2,2,10,13,0,3,1,1,,,4,4,1,0,1
41624,2,2,2,10,13,1,0,1,1,,,4,4,1,0,1
41625,2,2,2,10,13,1,1,0,0,1,1,0,4,0,0,1
41626,2,2,2,10,13,1,2,0,0,1,1,0,4,0,0,1
41627,2,2,2,10,13,1,3,1,1,,,4,4,1,0,1
41628,2,2,2,10,13,2,0,1,1,,,4,4,1,0,1
41629,2,2,2,10,13,2,1,0,0,1,1,0,4,0,0,1
41630,2,2,2,10,13,2,2,0,0,1,1,0,4,0,0,1
41631,2,2,2,10,13,2,3,1,1,,,4,4,1,0,1
41632,2,2,2,10,13,3,0,1,1,,,4,4,1,0,1
41633,2,2,2,10,13,3,1,0,0,1,1,0,4,0,0,1
41634,2,2,2,10,13,3,2,0,0,1,1,0,4,0,0,1
41635,2,2,2,10,13,3,3,1,1,,,4,4,1,0,1
41636,2,2,2,10,13,4,0,1,1,,,4,4,1,0,1
41637,2,2,2,10,13,4,1,0,0,1,1,0,4,0,0,1
41638,2,2,2,10,13,4,2,0,0,1,1,0,4,0,0,1
41639,2,2,2,10,13,4,3,1,1,,,4,4,1,0,1
41640,2,2,2,10,13,5,0,1,1,,,4,4,1,0,1
41641,2,2,2,10,13,5,1,0,0,1,1,0,4,0,0,1
41642,2,2,2,10,13,5,2,0,0,1,1,0,4,0,0,1
41643,2,2,2,10,13,5,3,1,1,,,4,4,1,0,1
41644,2,2,2,10,13,6,0,1,1,,,4,4,1,0,1
41645,2,2,2,10,13,6,1,0,0,1,1,0,4,0,0,1
41646,2,2,2,10,13,6,2,0,0,1,1,0,4,0,0,1
41647,2,2,2,10,13,6,3,1,1,,,4,4,1,0,1
41648,2,2,2,10,13,7,0,1,1,,,4,4,1,0,1
41649,2,2,2,10,13,7,1,0,0,1,1,0,4,0,0,1
41650,2,2,2,10,13,7,2,0,0,1,1,0,4,0,0,1
41651,2,2,2,10,13,7,3,1,1,,,4,4,1,0,1
41652,2,2,2,10,13,8,0,1,1,,,4,4,1,0,1
41653,2,2,2,10,13,8,1,0,0,1,1,0,4,0,0,1
41654,2,2,2,10,13,8,2,0,0,1,1,0,4,0,0,1
41655,2,2,2,10,13,8,3,1,1,,,4,4,1,0,1
41656,2,2,2,10,13,9,0,1,1,,,4,4,1,0,1
41657,2,2,2,10,13,9,1,0,0,1,1,0,4,0,0,1
41658,2,2,2,10,13,9,2,0,0,1,1,0,4,0,0,1
41659,2,2,2,10,13,9,3,1,1,,,4,4,1,0,1
41660,2,2,2,10,13,10,0,1,1,,,4,4,1,0,1
41661,2,2,2,10,13,10,1,0,0,1,1,0,4,0,0,1
41662,2,2,2,10,13,10,2,0,0,1,1,0,4,0,0,1
41663,2,2,2,10,13,10,3,1,1,,,4,4,1,0,1
41664,2,2,2,10,13,11,0,1,1,,,4,4,1,0,1
41665,2,2,2,10,13,11,1,0,0,1,1,0,4,0,0,1
41666,2,2,2,10,13,11,2,0,0,1,1,0,4,0,0,1
41667,2,2,2,10,13,11,3,1,1,,,4,4,1,0,1
41668,2,2,2,10,13,12,0,1,1,,,4,4,1,0,1
41669,2,2,2,10,13,12,1,0,0,1,1,0,4,0,0,1
41670,2,2,2,10,13,12,2,0,0,1,1,0,4,0,0,1
41671,2,2,2,10,13,12,3,1,1,,,4,4,1,0,1
41672,2,2,2,10,13,13,0,1,1,,,4,4,1,0,1
41673,2,2,2,10,13,13,1,0,0,1,1,0,4,0,0,1
41674,2,2,2,10,13,13,2,0,0,1,1,0,4,0,0,1
41675,2,2,2,10,13,13,3,1,1,,,4,4,1,0,1
41676,2,2,2,10,13,14,0,1,1,,,4,4,1,0,1
41677,2,2,2,10,13,14,1,0,0,1,1,0,4,0,0,1
41678,2,2,2,10,13,14,2,0,0,1,1,0,4,0,0,1
41679,2,2,2,10,13,14,3,1,1,,,4,4,1,0,1
41680,2,2,2,10,13,15,0,1,1,,,4,4,1,0,1
41681,2,2,2,10,13,15,1,0,0,1,1,0,4,0,0,1
41682,2,2,2,10,13,15,2,0,0,1,1,0,4,0,0,1
41683,2,2,2,10,13,15,3,1,1,,,4,4,1,0,1
41684,2,2,2,10,14,0,0,1,1,,,4,3,1,0,1
41685,2,2,2,10,14,0,1,0,0,2,2,0,3,0,0,1
41686,2,2,2,10,14,0,2,0,0,2,2,0,3,0,0,1
41687,2,2,2,10,14,0,3,1,1,,,4,3,1,0,1
41688,2,2,2,10,14,1,0,1,1,,,4,3,1,0,1
41689,2,2,2,10,14,1,1,0,0,2,2,0,3,0,0,1
41690,2,2,2,10,14,1,2,0,0,2,2,0,3,0,0,1
41691,2,2,2,10,14,1,3,1,1,,,4,3,1,0,1
41692,2,2,2,10,14,2,0,1,1,,,4,3,1,0,1
41693,2,2,2,10,14,2,1,0,0,2,2,0,3,0,0,1
41694,2,2,2,10,14,2,2,0,0,2,2,0,3,0,0,1
41695,2,2,2,10,14,2,3,1,1,,,4,3,1,0,1
41696,2,2,2,10,14,3,0,1,1,,,4,3,1,0,1
41697,2,2,2,10,14,3,1,0,0,2,2,0,3,0,0,1
41698,2,2,2,10,14,3,2,0,0,2,2,0,3,0,0,1
41699,2,2,2,10,14,3,3,1,1,,,4,3,1,0,1
41700,2,2,2,10,14,4,0,1,1,,,4,3,1,0,1
41701,2,2,2,10,14,4,1,0,0,2,2,0,3,0,0,1
41702,2,2,2,10,14,4,2,0,0,2,2,0,3,0,0,1
41703,2,2,2,10,14,4,3,1,1,,,4,3,1,0,1
41704,2,2,2,10,14,5,0,1,1,,,4,3,1,0,1
41705,2,2,2,10,14,5,1,0,0,2,2,0,3,0,0,1
41706,2,2,2,10,14,5,2,0,0,2,2,0,3,0,0,1
41707,2,2,2,10,14,5,3,1,1,,,4,3,1,0,1
41708,2,2,2,10,14,6,0,1,1,,,4,3,1,0,1
41709,2,2,2,10,14,6,1,0,0,2,2,0,3,0,0,1
41710,2,2,2,10,14,6,2,0,0,2,2,0,3,0,0,1
41711,2,2,2,10,14,6,3,1,1,,,4,3,1,0,1
41712,2,2,2,10,14,7,0,1,1,,,4,3,1,0,1
41713,2,2,2,10,14,7,1,0,0,2,2,0,3,0,0,1
41714,2,2,2,10,14,7,2,0,0,2,2,0,3,0,0,1
41715,2,2,2,10,14,7,3,1,1,,,4,3,1,0,1
41716,2,2,2,10,14,8,0,1,1,,,4,3,1,0,1
41717,2,2,2,10,14,8,1,0,0,2,2,0,3,0,0,1
41718,2,2,2,10,14,8,2,0,0,2,2,0,3,0,0,1
41719,2,2,2,10,14,8,3,1,1,,,4,3,1,0,1
41720,2,2,2,10,14,9,0,1,1,,,4,3,1,0,1
41721,2,2,2,10,14,9,1,0,0,2,2,0,3,0,0,1
41722,2,2,2,10,14,9,2,0,0,2,2,0,3,0,0,1
41723,2,2,2,10,14,9,3,1,1,,,4,3,1,0,1
41724,2,2,2,10,14,10,0,1,1,,,4,3,1,0,1
41725,2,2,2,10,14,10,1,0,0,2,2,0,3,0,0,1
41726,2,2,2,10,14,10,2,0,0,2,2,0,3,0,0,1
41727,2,2,2,10,14,10,3,1,1,,,4,3,1,0,1
41728,2,2,2,10,14,11,0,1,1,,,4,3,1,0,1
41729,2,2,2,10,14,11,1,0,0,2,2,0,3,0,0,1
41730,2,2,2,10,14,11,2,0,0,2,2,0,3,0,0,1
41731,2,2,2,10,14,11,3,1,1,,,4,3,1,0,1
41732,2,2,2,10,14,12,0,1,1,,,4,3,1,0,1
41733,2,2,2,10,14,12,1,0,0,2,2,0,3,0,0,1
41734,2,2,2,10,14,12,2,0,0,2,2,0,3,0,0,1
41735,2,2,2,10,14,12,3,1,1,,,4,3,1,0,1
41736,2,2,2,10,14,13,0,1,1,,,4,3,1,0,1
41737,2,2,2,10,14,13,1,0,0,2,2,0,3,0,0,1
41738,2,2,2,10,14,13,2,0,0,2,2,0,3,0,0,1
41739,2,2,2,10,14,13,3,1,1,,,4,3,1,0,1
41740,2,2,2,10,14,14,0,1,1,,,4,3,1,0,1
41741,2,2,2,10,14,14,1,0,0,2,2,0,3,0,0,1
41742,2,2,2,10,14,14,2,0,0,2,2,0,3,0,0,1
41743,2,2,2,10,14,14,3,1,1,,,4,3,1,0,1
41744,2,2,2,10,14,15,0,1,1,,,4,3,1,0,1
41745,2,2,2,10,14,15,1,0,0,2,2,0,3,0,0,1
41746,2,2,2,10,14,15,2,0,0,2,2,0,3,0,0,1
41747,2,2,2,10,14,15,3,1,1,,,4,3,1,0,1
41748,2,2,2,10,15,0,0,1,1,,,4,3,1,0,1
41749,2,2,2,10,15,0,1,0,0,1,1,0,3,0,0,1
41750,2,2,2,10,15,0,2,0,0,1,1,0,3,0,0,1
41751,2,2,2,10,15,0,3,1,1,,,4,3,1,0,1
41752,2,2,2,10,15,1,0,1,1,,,4,3,1,0,1
41753,2,2,2,10,15,1,1,0,0,1,1,0,3,0,0,1
41754,2,2,2,10,15,1,2,0,0,1,1,0,3,0,0,1
41755,2,2,2,10,15,1,3,1,1,,,4,3,1,0,1
41756,2,2,2,10,15,2,0,1,1,,,4,3,1,0,1
41757,2,2,2,10,15,2,1,0,0,1,1,0,3,0,0,1
41758,2,2,2,10,15,2,2,0,0,1,1,0,3,0,0,1
41759,2,2,2,10,15,2,3,1,1,,,4,3,1,0,1
41760,2,2,2,10,15,3,0,1,1,,,4,3,1,0,1
41761,2,2,2,10,15,3,1,0,0,1,1,0,3,0,0,1
41762,2,2,2,10,15,3,2,0,0,1,1,0,3,0,0,1
41763,2,2,2,10,15,3,3,1,1,,,4,3,1,0,1
41764,2,2,2,10,15,4,0,1,1,,,4,3,1,0,1
41765,2,2,2,10,15,4,1,0,0,1,1,0,3,0,0,1
41766,2,2,2,10,15,4,2,0,0,1,1,0,3,0,0,1
41767,2,2,2,10,15,4,3,1,1,,,4,3,1,0,1
41768,2,2,2,10,15,5,0,1,1,,,4,3,1,0,1
41769,2,2,2,10,15,5,1,0,0,1,1,0,3,0,0,1
41770,2,2,2,10,15,5,2,0,0,1,1,0,3,0,0,1
41771,2,2,2,10,15,5,3,1,1,,,4,3,1,0,1
41772,2,2,2,10,15,6,0,1,1,,,4,3,1,0,1
41773,2,2,2,10,15,6,1,0,0,1,1,0,3,0,0,1
41774,2,2,2,10,15,6,2,0,0,1,1,0,3,0,0,1
41775,2,2,2,10,15,6,3,1,1,,,4,3,1,0,1
41776,2,2,2,10,15,7,0,1,1,,,4,3,1,0,1
41777,2,2,2,10,15,7,1,0,0,1,1,0,3,0,0,1
41778,2,2,2,10,15,7,2,0,0,1,1,0,3,0,0,1
41779,2,2,2,10,15,7,3,1,1,,,4,3,1,0,1
41780,2,2,2,10,15,8,0,1,1,,,4,3,1,0,1
41781,2,2,2,10,15,8,1,0,0,1,1,0,3,0,0,1
41782,2,2,2,10,15,8,2,0,0,1,1,0,3,0,0,1
41783,2,2,2,10,15,8,3,1,1,,,4,3,1,0,1
41784,2,2,2,10,15,9,0,1,1,,,4,3,1,0,1
41785,2,2,2,10,15,9,1,0,0,1,1,0,3,0,0,1
41786,2,2,2,10,15,9,2,0,0,1,1,0,3,0,0,1
41787,2,2,2,10,15,9,3,1,1,,,4,3,1,0,1
41788,2,2,2,10,15,10,0,1,1,,,4,3,1,0,1
41789,2,2,2,10,15,10,1,0,0,1,1,0,3,0,0,1
41790,2,2,2,10,15,10,2,0,0,1,1,0,3,0,0,1
41791,2,2,2,10,15,10,3,1,1,,,4,3,1,0,1
41792,2,2,2,10,15,11,0,1,1,,,4,3,1,0,1
41793,2,2,2,10,15,11,1,0,0,1,1,0,3,0,0,1
41794,2,2,2,10,15,11,2,0,0,1,1,0,3,0,0,1
41795,2,2,2,10,15,11,3,1,1,,,4,3,1,0,1
41796,2,2,2,10,15,12,0,1,1,,,4,3,1,0,1
41797,2,2,2,10,15,12,1,0,0,1,1,0,3,0,0,1
41798,2,2,2,10,15,12,2,0,0,1,1,0,3,0,0,1
41799,2,2,2,10,15,12,3,1,1,,,4,3,1,0,1
41800,2,2,2,10,15,13,0,1,1,,,4,3,1,0,1
41801,2,2,2,10,15,13,1,0,0,1,1,0,3,0,0,1
41802,2,2,2,10,15,13,2,0,0,1,1,0,3,0,0,1
41803,2,2,2,10,15,13,3,1,1,,,4,3,1,0,1
41804,2,2,2,10,15,14,0,1,1,,,4,3,1,0,1
41805,2,2,2,10,15,14,1,0,0,1,1,0,3,0,0,1
41806,2,2,2,10,15,14,2,0,0,1,1,0,3,0,0,1
41807,2,2,2,10,15,14,3,1,1,,,4,3,1,0,1
41808,2,2,2,10,15,15,0,1,1,,,4,3,1,0,1
41809,2,2,2,10,15,15,1,0,0,1,1,0,3,0,0,1
41810,2,2,2,10,15,15,2,0,0,1,1,0,3,0,0,1
41811,2,2,2,10,15,15,3,1,1,,,4,3,1,0,1
41812,2,2,2,11,0,0,0,1,1,,,4,2,1,1,1
41813,2,2,2,11,0,0,1,1,1,,,1,2,1,1,1
41814,2,2,2,11,0,0,2,1,1,,,1,2,1,1,1
41815,2,2,2,11,0,0,3,1,1,,,4,2,1,1,1
41816,2,2,2,11,0,1,0,1,1,,,4,2,1,1,1
41817,2,2,2,11,0,1,1,1,1,,,1,2,1,1,1
41818,2,2,2,11,0,1,2,1,1,,,1,2,1,1,1
41819,2,2,2,11,0,1,3,1,1,,,4,2,1,1,1
41820,2,2,2,11,0,2,0,1,1,,,4,2,1,1,1
41821,2,2,2,11,0,2,1,1,1,,,1,2,1,1,1
41822,2,2,2,11,0,2,2,1,1,,,1,2,1,1,1
41823,2,2,2,11,0,2,3,1,1,,,4,2,1,1,1
41824,2,2,2,11,0,3,0,1,1,,,4,2,1,1,1
41825,2,2,2,11,0,3,1,1,1,,,1,2,1,1,1
41826,2,2,2,11,0,3,2,1,1,,,1,2,1,1,1
41827,2,2,2,11,0,3,3,1,1,,,4,2,1,1,1
41828,2,2,2,11,0,4,0,1,1,,,4,2,1,1,1
41829,2,2,2,11,0,4,1,1,1,,,1,2,1,1,1
41830,2,2,2,11,0,4,2,1,1,,,1,2,1,1,1
41831,2,2,2,11,0,4,3,1,1,,,4,2,1,1,1
41832,2,2,2,11,0,5,0,1,1,,,4,2,1,1,1
41833,2,2,2,11,0,5,1,1,1,,,1,2,1,1,1
41834,2,2,2,11,0,5,2,1,1,,,1,2,1,1,1
41835,2,2,2,11,0,5,3,1,1,,,4,2,1,1,1
41836,2,2,2,11,0,6,0,1,1,,,4,2,1,1,1
41837,2,2,2,11,0,6,1,1,1,,,1,2,1,1,1
41838,2,2,2,11,0,6,2,1,1,,,1,2,1,1,1
41839,2,2,2,11,0,6,3,1,1,,,4,2,1,1,1
41840,2,2,2,11,0,7,0,1,1,,,4,2,1,1,1
41841,2,2,2,11,0,7,1,1,1,,,1,2,1,1,1
41842,2,2,2,11,0,7,2,1,1,,,1,2,1,1,1
41843,2,2,2,11,0,7,3,1,1,,,4,2,1,1,1
41844,2,2,2,11,0,8,0,1,1,,,4,2,1,1,1
41845,2,2,2,11,0,8,1,1,1,,,1,2,1,1,1
41846,2,2,2,11,0,8,2,1,1,,,1,2,1,1,1
41847,2,2,2,11,0,8,3,1,1,,,4,2,1,1,1
41848,2,2,2,11,0,9,0,1,1,,,4,2,1,1,1
41849,2,2,2,11,0,9,1,1,1,,,1,2,1,1,1
41850,2,2,2,11,0,9,2,1,1,,,1,2,1,1,1
41851,2,2,2,11,0,9,3,1,1,,,4,2,1,1,1
41852,2,2,2,11,0,10,0,1,1,,,4,2,1,1,1
41853,2,2,2,11,0,10,1,1,1,,,1,2,1,1,1
41854,2,2,2,11,0,10,2,1,1,,,1,2,1,1,1
41855,2,2,2,11,0,10,3,1,1,,,4,2,1,1,1
41856,2,2,2,11,0,11,0,1,1,,,4,2,1,1,1
41857,2,2,2,11,0,11,1,1,1,,,1,2,1,1,1
41858,2,2,2,11,0,11,2,1,1,,,1,2,1,1,1
41859,2,2,2,11,0,11,3,1,1,,,4,2,1,1,1
41860,2,2,2,11,0,12,0,1,1,,,4,2,1,1,1
41861,2,2,2,11,0,12,1,1,1,,,1,2,1,1,1
41862,2,2,2,11,0,12,2,1,1,,,1,2,1,1,1
41863,2,2,2,11,0,12,3,1,1,,,4,2,1,1,1
41864,2,2,2,11,0,13,0,1,1,,,4,2,1,1,1
41865,2,2,2,11,0,13,1,1,1,,,1,2,1,1,1
41866,2,2,2,11,0,13,2,1,1,,,1,2,1,1,1
41867,2,2,2,11,0,13,3,1,1,,,4,2,1,1,1
41868,2,2,2,11,0,14,0,1,1,,,4,2,1,1,1
41869,2,2,2,11,0,14,1,1,1,,,1,2,1,1,1
41870,2,2,2,11,0,14,2,1,1,,,1,2,1,1,1
41871,2,2,2,11,0,14,3,1,1,,,4,2,1,1,1
41872,2,2,2,11,0,15,0,1,1,,,4,2,1,1,1
41873,2,2,2,11,0,15,1,1,1,,,1,2,1,1,1
41874,2,2,2,11,0,15,2,1,1,,,1,2,1,1,1
41875,2,2,2,11,0,15,3,1,1,,,4,2,1,1,1
41876,2,2,2,11,1,0,0,1,1,,,4,4,1,0,1
41877,2,2,2,11,1,0,1,0,0,2,2,0,4,0,0,1
41878,2,2,2,11,1,0,2,0,0,2,2,0,4,0,0,1
41879,2,2,2,11,1,0,3,1,1,,,4,4,1,0,1
41880,2,2,2,11,1,1,0,1,1,,,4,4,1,0,1
41881,2,2,2,11,1,1,1,0,0,2,2,0,4,0,0,1
41882,2,2,2,11,1,1,2,0,0,2,2,0,4,0,0,1
41883,2,2,2,11,1,1,3,1,1,,,4,4,1,0,1
41884,2,2,2,11,1,2,0,1,1,,,4,4,1,0,1
41885,2,2,2,11,1,2,1,0,0,2,2,0,4,0,0,1
41886,2,2,2,11,1,2,2,0,0,2,2,0,4,0,0,1
41887,2,2,2,11,1,2,3,1,1,,,4,4,1,0,1
41888,2,2,2,11,1,3,0,1,1,,,4,4,1,0,1
41889,2,2,2,11,1,3,1,0,0,2,2,0,4,0,0,1
41890,2,2,2,11,1,3,2,0,0,2,2,0,4,0,0,1
41891,2,2,2,11,1,3,3,1,1,,,4,4,1,0,1
41892,2,2,2,11,1,4,0,1,1,,,4,4,1,0,1
41893,2,2,2,11,1,4,1,0,0,2,2,0,4,0,0,1
41894,2,2,2,11,1,4,2,0,0,2,2,0,4,0,0,1
41895,2,2,2,11,1,4,3,1,1,,,4,4,1,0,1
41896,2,2,2,11,1,5,0,1,1,,,4,4,1,0,1
41897,2,2,2,11,1,5,1,0,0,2,2,0,4,0,0,1
41898,2,2,2,11,1,5,2,0,0,2,2,0,4,0,0,1
41899,2,2,2,11,1,5,3,1,1,,,4,4,1,0,1
41900,2,2,2,11,1,6,0,1,1,,,4,4,1,0,1
41901,2,2,2,11,1,6,1,0,0,2,2,0,4,0,0,1
41902,2,2,2,11,1,6,2,0,0,2,2,0,4,0,0,1
41903,2,2,2,11,1,6,3,1,1,,,4,4,1,0,1
41904,2,2,2,11,1,7,0,1,1,,,4,4,1,0,1
41905,2,2,2,11,1,7,1,0,0,2,2,0,4,0,0,1
41906,2,2,2,11,1,7,2,0,0,2,2,0,4,0,0,1
41907,2,2,2,11,1,7,3,1,1,,,4,4,1,0,1
41908,2,2,2,11,1,8,0,1,1,,,4,4,1,0,1
41909,2,2,2,11,1,8,1,0,0,2,2,0,4,0,0,1
41910,2,2,2,11,1,8,2,0,0,2,2,0,4,0,0,1
41911,2,2,2,11,1,8,3,1,1,,,4,4,1,0,1
41912,2,2,2,11,1,9,0,1,1,,,4,4,1,0,1
41913,2,2,2,11,1,9,1,0,0,2,2,0,4,0,0,1
41914,2,2,2,11,1,9,2,0,0,2,2,0,4,0,0,1
41915,2,2,2,11,1,9,3,1,1,,,4,4,1,0,1
41916,2,2,2,11,1,10,0,1,1,,,4,4,1,0,1
41917,2,2,2,11,1,10,1,0,0,2,2,0,4,0,0,1
41918,2,2,2,11,1,10,2,0,0,2,2,0,4,0,0,1
41919,2,2,2,11,1,10,3,1,1,,,4,4,1,0,1
41920,2,2,2,11,1,11,0,1,1,,,4,4,1,0,1
41921,2,2,2,11,1,11,1,0,0,2,2,0,4,0,0,1
41922,2,2,2,11,1,11,2,0,0,2,2,0,4,0,0,1
41923,2,2,2,11,1,11,3,1,1,,,4,4,1,0,1
41924,2,2,2,11,1,12,0,1,1,,,4,4,1,0,1
41925,2,2,2,11,1,12,1,0,0,2,2,0,4,0,0,1
41926,2,2,2,11,1,12,2,0,0,2,2,0,4,0,0,1
41927,2,2,2,11,1,12,3,1,1,,,4,4,1,0,1
41928,2,2,2,11,1,13,0,1,1,,,4,4,1,0,1
41929,2,2,2,11,1,13,1,0,0,2,2,0,4,0,0,1
41930,2,2,2,11,1,13,2,0,0,2,2,0,4,0,0,1
41931,2,2,2,11,1,13,3,1,1,,,4,4,1,0,1
41932,2,2,2,11,1,14,0,1,1,,,4,4,1,0,1
41933,2,2,2,11,1,14,1,0,0,2,2,0,4,0,0,1
41934,2,2,2,11,1,14,2,0,0,2,2,0,4,0,0,1
41935,2,2,2,11,1,14,3,1,1,,,4,4,1,0,1
41936,2,2,2,11,1,15,0,1,1,,,4,4,1,0,1
41937,2,2,2,11,1,15,1,0,0,2,2,0,4,0,0,1
41938,2,2,2,11,1,15,2,0,0,2,2,0,4,0,0,1
41939,2,2,2,11,1,15,3,1,1,,,4,4,1,0,1
41940,2,2,2,11,2,0,0,1,1,,,4,3,1,0,1
41941,2,2,2,11,2,0,1,0,0,2,2,0,3,0,0,1
41942,2,2,2,11,2,0,2,0,0,2,2,0,3,0,0,1
41943,2,2,2,11,2,0,3,1,1,,,4,3,1,0,1
41944,2,2,2,11,2,1,0,1,1,,,4,3,1,0,1
41945,2,2,2,11,2,1,1,0,0,2,2,0,3,0,0,1
41946,2,2,2,11,2,1,2,0,0,2,2,0,3,0,0,1
41947,2,2,2,11,2,1,3,1,1,,,4,3,1,0,1
41948,2,2,2,11,2,2,0,1,1,,,4,3,1,0,1
41949,2,2,2,11,2,2,1,0,0,2,2,0,3,0,0,1
41950,2,2,2,11,2,2,2,0,0,2,2,0,3,0,0,1
41951,2,2,2,11,2,2,3,1,1,,,4,3,1,0,1
41952,2,2,2,11,2,3,0,1,1,,,4,3,1,0,1
41953,2,2,2,11,2,3,1,0,0,2,2,0,3,0,0,1
41954,2,2,2,11,2,3,2,0,0,2,2,0,3,0,0,1
41955,2,2,2,11,2,3,3,1,1,,,4,3,1,0,1
41956,2,2,2,11,2,4,0,1,1,,,4,3,1,0,1
41957,2,2,2,11,2,4,1,0,0,2,2,0,3,0,0,1
41958,2,2,2,11,2,4,2,0,0,2,2,0,3,0,0,1
41959,2,2,2,11,2,4,3,1,1,,,4,3,1,0,1
41960,2,2,2,11,2,5,0,1,1,,,4,3,1,0,1
41961,2,2,2,11,2,5,1,0,0,2,2,0,3,0,0,1
41962,2,2,2,11,2,5,2,0,0,2,2,0,3,0,0,1
41963,2,2,2,11,2,5,3,1,1,,,4,3,1,0,1
41964,2,2,2,11,2,6,0,1,1,,,4,3,1,0,1
41965,2,2,2,11,2,6,1,0,0,2,2,0,3,0,0,1
41966,2,2,2,11,2,6,2,0,0,2,2,0,3,0,0,1
41967,2,2,2,11,2,6,3,1,1,,,4,3,1,0,1
41968,2,2,2,11,2,7,0,1,1,,,4,3,1,0,1
41969,2,2,2,11,2,7,1,0,0,2,2,0,3,0,0,1
41970,2,2,2,11,2,7,2,0,0,2,2,0,3,0,0,1
41971,2,2,2,11,2,7,3,1,1,,,4,3,1,0,1
41972,2,2,2,11,2,8,0,1,1,,,4,3,1,0,1
41973,2,2,2,11,2,8,1,0,0,2,2,0,3,0,0,1
41974,2,2,2,11,2,8,2,0,0,2,2,0,3,0,0,1
41975,2,2,2,11,2,8,3,1,1,,,4,3,1,0,1
41976,2,2,2,11,2,9,0,1,1,,,4,3,1,0,1
41977,2,2,2,11,2,9,1,0,0,2,2,0,3,0,0,1
41978,2,2,2,11,2,9,2,0,0,2,2,0,3,0,0,1
41979,2,2,2,11,2,9,3,1,1,,,4,3,1,0,1
41980,2,2,2,11,2,10,0,1,1,,,4,3,1,0,1
41981,2,2,2,11,2,10,1,0,0,2,2,0,3,0,0,1
41982,2,2,2,11,2,10,2,0,0,2,2,0,3,0,0,1
41983,2,2,2,11,2,10,3,1,1,,,4,3,1,0,1
41984,2,2,2,11,2,11,0,1,1,,,4,3,1,0,1
41985,2,2,2,11,2,11,1,0,0,2,2,0,3,0,0,1
41986,2,2,2,11,2,11,2,0,0,2,2,0,3,0,0,1
41987,2,2,2,11,2,11,3,1,1,,,4,3,1,0,1
41988,2,2,2,11,2,12,0,1,1,,,4,3,1,0,1
41989,2,2,2,11,2,12,1,0,0,2,2,0,3,0,0,1
41990,2,2,2,11,2,12,2,0,0,2,2,0,3,0,0,1
41991,2,2,2,11,2,12,3,1,1,,,4,3,1,0,1
41992,2,2,2,11,2,13,0,1,1,,,4,3,1,0,1
41993,2,2,2,11,2,13,1,0,0,2,2,0,3,0,0,1
41994,2,2,2,11,2,13,2,0,0,2,2,0,3,0,0,1
41995,2,2,2,11,2,13,3,1,1,,,4,3,1,0,1
41996,2,2,2,11,2,14,0,1,1,,,4,3,1,0,1
41997,2,2,2,11,2,14,1,0,0,2,2,0,3,0,0,1
41998,2,2,2,11,2,14,2,0,0,2,2,0,3,0,0,1
41999,2,2,2,11,2,14,3,1,1,,,4,3,1,0,1
