case,alphabet,retained_states,target_states,retained_table,history_table,future_table,output_code,admissible,oracle_admissible,minimum_cost,oracle_minimum_cost,oracle_migration_maps,reachable_pairs,current_only,state_equality,certificate_valid
30000,2,1,2,0,7,15,0,1,1,,,2,2,1,0,1
30001,2,1,2,0,7,15,1,0,0,1,1,0,2,0,0,1
30002,2,1,2,0,7,15,2,0,0,1,1,0,2,0,0,1
30003,2,1,2,0,7,15,3,1,1,,,2,2,1,0,1
30004,2,1,2,0,8,0,0,1,1,,,2,1,1,1,1
30005,2,1,2,0,8,0,1,1,1,,,1,1,1,1,1
30006,2,1,2,0,8,0,2,1,1,,,1,1,1,1,1
30007,2,1,2,0,8,0,3,1,1,,,2,1,1,1,1
30008,2,1,2,0,8,1,0,1,1,,,2,1,1,1,1
30009,2,1,2,0,8,1,1,1,1,,,1,1,1,1,1
30010,2,1,2,0,8,1,2,1,1,,,1,1,1,1,1
30011,2,1,2,0,8,1,3,1,1,,,2,1,1,1,1
30012,2,1,2,0,8,2,0,1,1,,,2,1,1,1,1
30013,2,1,2,0,8,2,1,1,1,,,1,1,1,1,1
30014,2,1,2,0,8,2,2,1,1,,,1,1,1,1,1
30015,2,1,2,0,8,2,3,1,1,,,2,1,1,1,1
30016,2,1,2,0,8,3,0,1,1,,,2,1,1,1,1
30017,2,1,2,0,8,3,1,1,1,,,1,1,1,1,1
30018,2,1,2,0,8,3,2,1,1,,,1,1,1,1,1
30019,2,1,2,0,8,3,3,1,1,,,2,1,1,1,1
30020,2,1,2,0,8,4,0,1,1,,,2,1,1,1,1
30021,2,1,2,0,8,4,1,1,1,,,1,1,1,1,1
30022,2,1,2,0,8,4,2,1,1,,,1,1,1,1,1
30023,2,1,2,0,8,4,3,1,1,,,2,1,1,1,1
30024,2,1,2,0,8,5,0,1,1,,,2,1,1,1,1
30025,2,1,2,0,8,5,1,1,1,,,1,1,1,1,1
30026,2,1,2,0,8,5,2,1,1,,,1,1,1,1,1
30027,2,1,2,0,8,5,3,1,1,,,2,1,1,1,1
30028,2,1,2,0,8,6,0,1,1,,,2,1,1,1,1
30029,2,1,2,0,8,6,1,1,1,,,1,1,1,1,1
30030,2,1,2,0,8,6,2,1,1,,,1,1,1,1,1
30031,2,1,2,0,8,6,3,1,1,,,2,1,1,1,1
30032,2,1,2,0,8,7,0,1,1,,,2,1,1,1,1
30033,2,1,2,0,8,7,1,1,1,,,1,1,1,1,1
30034,2,1,2,0,8,7,2,1,1,,,1,1,1,1,1
30035,2,1,2,0,8,7,3,1,1,,,2,1,1,1,1
30036,2,1,2,0,8,8,0,1,1,,,2,1,1,1,1
30037,2,1,2,0,8,8,1,1,1,,,1,1,1,1,1
30038,2,1,2,0,8,8,2,1,1,,,1,1,1,1,1
30039,2,1,2,0,8,8,3,1,1,,,2,1,1,1,1
30040,2,1,2,0,8,9,0,1,1,,,2,1,1,1,1
30041,2,1,2,0,8,9,1,1,1,,,1,1,1,1,1
30042,2,1,2,0,8,9,2,1,1,,,1,1,1,1,1
30043,2,1,2,0,8,9,3,1,1,,,2,1,1,1,1
30044,2,1,2,0,8,10,0,1,1,,,2,1,1,1,1
30045,2,1,2,0,8,10,1,1,1,,,1,1,1,1,1
30046,2,1,2,0,8,10,2,1,1,,,1,1,1,1,1
30047,2,1,2,0,8,10,3,1,1,,,2,1,1,1,1
30048,2,1,2,0,8,11,0,1,1,,,2,1,1,1,1
30049,2,1,2,0,8,11,1,1,1,,,1,1,1,1,1
30050,2,1,2,0,8,11,2,1,1,,,1,1,1,1,1
30051,2,1,2,0,8,11,3,1,1,,,2,1,1,1,1
30052,2,1,2,0,8,12,0,1,1,,,2,1,1,1,1
30053,2,1,2,0,8,12,1,1,1,,,1,1,1,1,1
30054,2,1,2,0,8,12,2,1,1,,,1,1,1,1,1
30055,2,1,2,0,8,12,3,1,1,,,2,1,1,1,1
30056,2,1,2,0,8,13,0,1,1,,,2,1,1,1,1
30057,2,1,2,0,8,13,1,1,1,,,1,1,1,1,1
30058,2,1,2,0,8,13,2,1,1,,,1,1,1,1,1
30059,2,1,2,0,8,13,3,1,1,,,2,1,1,1,1
30060,2,1,2,0,8,14,0,1,1,,,2,1,1,1,1
30061,2,1,2,0,8,14,1,1,1,,,1,1,1,1,1
30062,2,1,2,0,8,14,2,1,1,,,1,1,1,1,1
30063,2,1,2,0,8,14,3,1,1,,,2,1,1,1,1
30064,2,1,2,0,8,15,0,1,1,,,2,1,1,1,1
30065,2,1,2,0,8,15,1,1,1,,,1,1,1,1,1
30066,2,1,2,0,8,15,2,1,1,,,1,1,1,1,1
30067,2,1,2,0,8,15,3,1,1,,,2,1,1,1,1
30068,2,1,2,0,9,0,0,1,1,,,2,2,1,0,1
30069,2,1,2,0,9,0,1,0,0,1,1,0,2,0,0,1
30070,2,1,2,0,9,0,2,0,0,1,1,0,2,0,0,1
30071,2,1,2,0,9,0,3,1,1,,,2,2,1,0,1
30072,2,1,2,0,9,1,0,1,1,,,2,2,1,0,1
30073,2,1,2,0,9,1,1,0,0,1,1,0,2,0,0,1
30074,2,1,2,0,9,1,2,0,0,1,1,0,2,0,0,1
30075,2,1,2,0,9,1,3,1,1,,,2,2,1,0,1
30076,2,1,2,0,9,2,0,1,1,,,2,2,1,0,1
30077,2,1,2,0,9,2,1,0,0,1,1,0,2,0,0,1
30078,2,1,2,0,9,2,2,0,0,1,1,0,2,0,0,1
30079,2,1,2,0,9,2,3,1,1,,,2,2,1,0,1
30080,2,1,2,0,9,3,0,1,1,,,2,2,1,0,1
30081,2,1,2,0,9,3,1,0,0,1,1,0,2,0,0,1
30082,2,1,2,0,9,3,2,0,0,1,1,0,2,0,0,1
30083,2,1,2,0,9,3,3,1,1,,,2,2,1,0,1
30084,2,1,2,0,9,4,0,1,1,,,2,2,1,0,1
30085,2,1,2,0,9,4,1,0,0,1,1,0,2,0,0,1
30086,2,1,2,0,9,4,2,0,0,1,1,0,2,0,0,1
30087,2,1,2,0,9,4,3,1,1,,,2,2,1,0,1
30088,2,1,2,0,9,5,0,1,1,,,2,2,1,0,1
30089,2,1,2,0,9,5,1,0,0,1,1,0,2,0,0,1
30090,2,1,2,0,9,5,2,0,0,1,1,0,2,0,0,1
30091,2,1,2,0,9,5,3,1,1,,,2,2,1,0,1
30092,2,1,2,0,9,6,0,1,1,,,2,2,1,0,1
30093,2,1,2,0,9,6,1,0,0,1,1,0,2,0,0,1
30094,2,1,2,0,9,6,2,0,0,1,1,0,2,0,0,1
30095,2,1,2,0,9,6,3,1,1,,,2,2,1,0,1
30096,2,1,2,0,9,7,0,1,1,,,2,2,1,0,1
30097,2,1,2,0,9,7,1,0,0,1,1,0,2,0,0,1
30098,2,1,2,0,9,7,2,0,0,1,1,0,2,0,0,1
30099,2,1,2,0,9,7,3,1,1,,,2,2,1,0,1
30100,2,1,2,0,9,8,0,1,1,,,2,2,1,0,1
30101,2,1,2,0,9,8,1,0,0,1,1,0,2,0,0,1
30102,2,1,2,0,9,8,2,0,0,1,1,0,2,0,0,1
30103,2,1,2,0,9,8,3,1,1,,,2,2,1,0,1
30104,2,1,2,0,9,9,0,1,1,,,2,2,1,0,1
30105,2,1,2,0,9,9,1,0,0,1,1,0,2,0,0,1
30106,2,1,2,0,9,9,2,0,0,1,1,0,2,0,0,1
30107,2,1,2,0,9,9,3,1,1,,,2,2,1,0,1
30108,2,1,2,0,9,10,0,1,1,,,2,2,1,0,1
30109,2,1,2,0,9,10,1,0,0,1,1,0,2,0,0,1
30110,2,1,2,0,9,10,2,0,0,1,1,0,2,0,0,1
30111,2,1,2,0,9,10,3,1,1,,,2,2,1,0,1
30112,2,1,2,0,9,11,0,1,1,,,2,2,1,0,1
30113,2,1,2,0,9,11,1,0,0,1,1,0,2,0,0,1
30114,2,1,2,0,9,11,2,0,0,1,1,0,2,0,0,1
30115,2,1,2,0,9,11,3,1,1,,,2,2,1,0,1
30116,2,1,2,0,9,12,0,1,1,,,2,2,1,0,1
30117,2,1,2,0,9,12,1,0,0,1,1,0,2,0,0,1
30118,2,1,2,0,9,12,2,0,0,1,1,0,2,0,0,1
30119,2,1,2,0,9,12,3,1,1,,,2,2,1,0,1
30120,2,1,2,0,9,13,0,1,1,,,2,2,1,0,1
30121,2,1,2,0,9,13,1,0,0,1,1,0,2,0,0,1
30122,2,1,2,0,9,13,2,0,0,1,1,0,2,0,0,1
30123,2,1,2,0,9,13,3,1,1,,,2,2,1,0,1
30124,2,1,2,0,9,14,0,1,1,,,2,2,1,0,1
30125,2,1,2,0,9,14,1,0,0,1,1,0,2,0,0,1
30126,2,1,2,0,9,14,2,0,0,1,1,0,2,0,0,1
30127,2,1,2,0,9,14,3,1,1,,,2,2,1,0,1
30128,2,1,2,0,9,15,0,1,1,,,2,2,1,0,1
30129,2,1,2,0,9,15,1,0,0,1,1,0,2,0,0,1
30130,2,1,2,0,9,15,2,0,0,1,1,0,2,0,0,1
30131,2,1,2,0,9,15,3,1,1,,,2,2,1,0,1
30132,2,1,2,0,10,0,0,1,1,,,2,2,1,0,1
30133,2,1,2,0,10,0,1,0,0,1,1,0,2,0,0,1
30134,2,1,2,0,10,0,2,0,0,1,1,0,2,0,0,1
30135,2,1,2,0,10,0,3,1,1,,,2,2,1,0,1
30136,2,1,2,0,10,1,0,1,1,,,2,2,1,0,1
30137,2,1,2,0,10,1,1,0,0,1,1,0,2,0,0,1
30138,2,1,2,0,10,1,2,0,0,1,1,0,2,0,0,1
30139,2,1,2,0,10,1,3,1,1,,,2,2,1,0,1
30140,2,1,2,0,10,2,0,1,1,,,2,2,1,0,1
30141,2,1,2,0,10,2,1,0,0,1,1,0,2,0,0,1
30142,2,1,2,0,10,2,2,0,0,1,1,0,2,0,0,1
30143,2,1,2,0,10,2,3,1,1,,,2,2,1,0,1
30144,2,1,2,0,10,3,0,1,1,,,2,2,1,0,1
30145,2,1,2,0,10,3,1,0,0,1,1,0,2,0,0,1
30146,2,1,2,0,10,3,2,0,0,1,1,0,2,0,0,1
30147,2,1,2,0,10,3,3,1,1,,,2,2,1,0,1
30148,2,1,2,0,10,4,0,1,1,,,2,2,1,0,1
30149,2,1,2,0,10,4,1,0,0,1,1,0,2,0,0,1
30150,2,1,2,0,10,4,2,0,0,1,1,0,2,0,0,1
30151,2,1,2,0,10,4,3,1,1,,,2,2,1,0,1
30152,2,1,2,0,10,5,0,1,1,,,2,2,1,0,1
30153,2,1,2,0,10,5,1,0,0,1,1,0,2,0,0,1
30154,2,1,2,0,10,5,2,0,0,1,1,0,2,0,0,1
30155,2,1,2,0,10,5,3,1,1,,,2,2,1,0,1
30156,2,1,2,0,10,6,0,1,1,,,2,2,1,0,1
30157,2,1,2,0,10,6,1,0,0,1,1,0,2,0,0,1
30158,2,1,2,0,10,6,2,0,0,1,1,0,2,0,0,1
30159,2,1,2,0,10,6,3,1,1,,,2,2,1,0,1
30160,2,1,2,0,10,7,0,1,1,,,2,2,1,0,1
30161,2,1,2,0,10,7,1,0,0,1,1,0,2,0,0,1
30162,2,1,2,0,10,7,2,0,0,1,1,0,2,0,0,1
30163,2,1,2,0,10,7,3,1,1,,,2,2,1,0,1
30164,2,1,2,0,10,8,0,1,1,,,2,2,1,0,1
30165,2,1,2,0,10,8,1,0,0,1,1,0,2,0,0,1
30166,2,1,2,0,10,8,2,0,0,1,1,0,2,0,0,1
30167,2,1,2,0,10,8,3,1,1,,,2,2,1,0,1
30168,2,1,2,0,10,9,0,1,1,,,2,2,1,0,1
30169,2,1,2,0,10,9,1,0,0,1,1,0,2,0,0,1
30170,2,1,2,0,10,9,2,0,0,1,1,0,2,0,0,1
30171,2,1,2,0,10,9,3,1,1,,,2,2,1,0,1
30172,2,1,2,0,10,10,0,1,1,,,2,2,1,0,1
30173,2,1,2,0,10,10,1,0,0,1,1,0,2,0,0,1
30174,2,1,2,0,10,10,2,0,0,1,1,0,2,0,0,1
30175,2,1,2,0,10,10,3,1,1,,,2,2,1,0,1
30176,2,1,2,0,10,11,0,1,1,,,2,2,1,0,1
30177,2,1,2,0,10,11,1,0,0,1,1,0,2,0,0,1
30178,2,1,2,0,10,11,2,0,0,1,1,0,2,0,0,1
30179,2,1,2,0,10,11,3,1,1,,,2,2,1,0,1
30180,2,1,2,0,10,12,0,1,1,,,2,2,1,0,1
30181,2,1,2,0,10,12,1,0,0,1,1,0,2,0,0,1
30182,2,1,2,0,10,12,2,0,0,1,1,0,2,0,0,1
30183,2,1,2,0,10,12,3,1,1,,,2,2,1,0,1
30184,2,1,2,0,10,13,0,1,1,,,2,2,1,0,1
30185,2,1,2,0,10,13,1,0,0,1,1,0,2,0,0,1
30186,2,1,2,0,10,13,2,0,0,1,1,0,2,0,0,1
30187,2,1,2,0,10,13,3,1,1,,,2,2,1,0,1
30188,2,1,2,0,10,14,0,1,1,,,2,2,1,0,1
30189,2,1,2,0,10,14,1,0,0,1,1,0,2,0,0,1
30190,2,1,2,0,10,14,2,0,0,1,1,0,2,0,0,1
30191,2,1,2,0,10,14,3,1,1,,,2,2,1,0,1
30192,2,1,2,0,10,15,0,1,1,,,2,2,1,0,1
30193,2,1,2,0,10,15,1,0,0,1,1,0,2,0,0,1
30194,2,1,2,0,10,15,2,0,0,1,1,0,2,0,0,1
30195,2,1,2,0,10,15,3,1,1,,,2,2,1,0,1
30196,2,1,2,0,11,0,0,1,1,,,2,2,1,0,1
30197,2,1,2,0,11,0,1,0,0,1,1,0,2,0,0,1
30198,2,1,2,0,11,0,2,0,0,1,1,0,2,0,0,1
30199,2,1,2,0,11,0,3,1,1,,,2,2,1,0,1
30200,2,1,2,0,11,1,0,1,1,,,2,2,1,0,1
30201,2,1,2,0,11,1,1,0,0,1,1,0,2,0,0,1
30202,2,1,2,0,11,1,2,0,0,1,1,0,2,0,0,1
30203,2,1,2,0,11,1,3,1,1,,,2,2,1,0,1
30204,2,1,2,0,11,2,0,1,1,,,2,2,1,0,1
30205,2,1,2,0,11,2,1,0,0,1,1,0,2,0,0,1
30206,2,1,2,0,11,2,2,0,0,1,1,0,2,0,0,1
30207,2,1,2,0,11,2,3,1,1,,,2,2,1,0,1
30208,2,1,2,0,11,3,0,1,1,,,2,2,1,0,1
30209,2,1,2,0,11,3,1,0,0,1,1,0,2,0,0,1
30210,2,1,2,0,11,3,2,0,0,1,1,0,2,0,0,1
30211,2,1,2,0,11,3,3,1,1,,,2,2,1,0,1
30212,2,1,2,0,11,4,0,1,1,,,2,2,1,0,1
30213,2,1,2,0,11,4,1,0,0,1,1,0,2,0,0,1
30214,2,1,2,0,11,4,2,0,0,1,1,0,2,0,0,1
30215,2,1,2,0,11,4,3,1,1,,,2,2,1,0,1
30216,2,1,2,0,11,5,0,1,1,,,2,2,1,0,1
30217,2,1,2,0,11,5,1,0,0,1,1,0,2,0,0,1
30218,2,1,2,0,11,5,2,0,0,1,1,0,2,0,0,1
30219,2,1,2,0,11,5,3,1,1,,,2,2,1,0,1
30220,2,1,2,0,11,6,0,1,1,,,2,2,1,0,1
30221,2,1,2,0,11,6,1,0,0,1,1,0,2,0,0,1
30222,2,1,2,0,11,6,2,0,0,1,1,0,2,0,0,1
30223,2,1,2,0,11,6,3,1,1,,,2,2,1,0,1
30224,2,1,2,0,11,7,0,1,1,,,2,2,1,0,1
30225,2,1,2,0,11,7,1,0,0,1,1,0,2,0,0,1
30226,2,1,2,0,11,7,2,0,0,1,1,0,2,0,0,1
30227,2,1,2,0,11,7,3,1,1,,,2,2,1,0,1
30228,2,1,2,0,11,8,0,1,1,,,2,2,1,0,1
30229,2,1,2,0,11,8,1,0,0,1,1,0,2,0,0,1
30230,2,1,2,0,11,8,2,0,0,1,1,0,2,0,0,1
30231,2,1,2,0,11,8,3,1,1,,,2,2,1,0,1
30232,2,1,2,0,11,9,0,1,1,,,2,2,1,0,1
30233,2,1,2,0,11,9,1,0,0,1,1,0,2,0,0,1
30234,2,1,2,0,11,9,2,0,0,1,1,0,2,0,0,1
30235,2,1,2,0,11,9,3,1,1,,,2,2,1,0,1
30236,2,1,2,0,11,10,0,1,1,,,2,2,1,0,1
30237,2,1,2,0,11,10,1,0,0,1,1,0,2,0,0,1
30238,2,1,2,0,11,10,2,0,0,1,1,0,2,0,0,1
30239,2,1,2,0,11,10,3,1,1,,,2,2,1,0,1
30240,2,1,2,0,11,11,0,1,1,,,2,2,1,0,1
30241,2,1,2,0,11,11,1,0,0,1,1,0,2,0,0,1
30242,2,1,2,0,11,11,2,0,0,1,1,0,2,0,0,1
30243,2,1,2,0,11,11,3,1,1,,,2,2,1,0,1
30244,2,1,2,0,11,12,0,1,1,,,2,2,1,0,1
30245,2,1,2,0,11,12,1,0,0,1,1,0,2,0,0,1
30246,2,1,2,0,11,12,2,0,0,1,1,0,2,0,0,1
30247,2,1,2,0,11,12,3,1,1,,,2,2,1,0,1
30248,2,1,2,0,11,13,0,1,1,,,2,2,1,0,1
30249,2,1,2,0,11,13,1,0,0,1,1,0,2,0,0,1
30250,2,1,2,0,11,13,2,0,0,1,1,0,2,0,0,1
30251,2,1,2,0,11,13,3,1,1,,,2,2,1,0,1
30252,2,1,2,0,11,14,0,1,1,,,2,2,1,0,1
30253,2,1,2,0,11,14,1,0,0,1,1,0,2,0,0,1
30254,2,1,2,0,11,14,2,0,0,1,1,0,2,0,0,1
30255,2,1,2,0,11,14,3,1,1,,,2,2,1,0,1
30256,2,1,2,0,11,15,0,1,1,,,2,2,1,0,1
30257,2,1,2,0,11,15,1,0,0,1,1,0,2,0,0,1
30258,2,1,2,0,11,15,2,0,0,1,1,0,2,0,0,1
30259,2,1,2,0,11,15,3,1,1,,,2,2,1,0,1
30260,2,1,2,0,12,0,0,1,1,,,2,1,1,1,1
30261,2,1,2,0,12,0,1,1,1,,,1,1,1,1,1
30262,2,1,2,0,12,0,2,1,1,,,1,1,1,1,1
30263,2,1,2,0,12,0,3,1,1,,,2,1,1,1,1
30264,2,1,2,0,12,1,0,1,1,,,2,1,1,1,1
30265,2,1,2,0,12,1,1,1,1,,,1,1,1,1,1
30266,2,1,2,0,12,1,2,1,1,,,1,1,1,1,1
30267,2,1,2,0,12,1,3,1,1,,,2,1,1,1,1
30268,2,1,2,0,12,2,0,1,1,,,2,1,1,1,1
30269,2,1,2,0,12,2,1,1,1,,,1,1,1,1,1
30270,2,1,2,0,12,2,2,1,1,,,1,1,1,1,1
30271,2,1,2,0,12,2,3,1,1,,,2,1,1,1,1
30272,2,1,2,0,12,3,0,1,1,,,2,1,1,1,1
30273,2,1,2,0,12,3,1,1,1,,,1,1,1,1,1
30274,2,1,2,0,12,3,2,1,1,,,1,1,1,1,1
30275,2,1,2,0,12,3,3,1,1,,,2,1,1,1,1
30276,2,1,2,0,12,4,0,1,1,,,2,1,1,1,1
30277,2,1,2,0,12,4,1,1,1,,,1,1,1,1,1
30278,2,1,2,0,12,4,2,1,1,,,1,1,1,1,1
30279,2,1,2,0,12,4,3,1,1,,,2,1,1,1,1
30280,2,1,2,0,12,5,0,1,1,,,2,1,1,1,1
30281,2,1,2,0,12,5,1,1,1,,,1,1,1,1,1
30282,2,1,2,0,12,5,2,1,1,,,1,1,1,1,1
30283,2,1,2,0,12,5,3,1,1,,,2,1,1,1,1
30284,2,1,2,0,12,6,0,1,1,,,2,1,1,1,1
30285,2,1,2,0,12,6,1,1,1,,,1,1,1,1,1
30286,2,1,2,0,12,6,2,1,1,,,1,1,1,1,1
30287,2,1,2,0,12,6,3,1,1,,,2,1,1,1,1
30288,2,1,2,0,12,7,0,1,1,,,2,1,1,1,1
30289,2,1,2,0,12,7,1,1,1,,,1,1,1,1,1
30290,2,1,2,0,12,7,2,1,1,,,1,1,1,1,1
30291,2,1,2,0,12,7,3,1,1,,,2,1,1,1,1
30292,2,1,2,0,12,8,0,1,1,,,2,1,1,1,1
30293,2,1,2,0,12,8,1,1,1,,,1,1,1,1,1
30294,2,1,2,0,12,8,2,1,1,,,1,1,1,1,1
30295,2,1,2,0,12,8,3,1,1,,,2,1,1,1,1
30296,2,1,2,0,12,9,0,1,1,,,2,1,1,1,1
30297,2,1,2,0,12,9,1,1,1,,,1,1,1,1,1
30298,2,1,2,0,12,9,2,1,1,,,1,1,1,1,1
30299,2,1,2,0,12,9,3,1,1,,,2,1,1,1,1
30300,2,1,2,0,12,10,0,1,1,,,2,1,1,1,1
30301,2,1,2,0,12,10,1,1,1,,,1,1,1,1,1
30302,2,1,2,0,12,10,2,1,1,,,1,1,1,1,1
30303,2,1,2,0,12,10,3,1,1,,,2,1,1,1,1
30304,2,1,2,0,12,11,0,1,1,,,2,1,1,1,1
30305,2,1,2,0,12,11,1,1,1,,,1,1,1,1,1
30306,2,1,2,0,12,11,2,1,1,,,1,1,1,1,1
30307,2,1,2,0,12,11,3,1,1,,,2,1,1,1,1
30308,2,1,2,0,12,12,0,1,1,,,2,1,1,1,1
30309,2,1,2,0,12,12,1,1,1,,,1,1,1,1,1
30310,2,1,2,0,12,12,2,1,1,,,1,1,1,1,1
30311,2,1,2,0,12,12,3,1,1,,,2,1,1,1,1
30312,2,1,2,0,12,13,0,1,1,,,2,1,1,1,1
30313,2,1,2,0,12,13,1,1,1,,,1,1,1,1,1
30314,2,1,2,0,12,13,2,1,1,,,1,1,1,1,1
30315,2,1,2,0,12,13,3,1,1,,,2,1,1,1,1
30316,2,1,2,0,12,14,0,1,1,,,2,1,1,1,1
30317,2,1,2,0,12,14,1,1,1,,,1,1,1,1,1
30318,2,1,2,0,12,14,2,1,1,,,1,1,1,1,1
30319,2,1,2,0,12,14,3,1,1,,,2,1,1,1,1
30320,2,1,2,0,12,15,0,1,1,,,2,1,1,1,1
30321,2,1,2,0,12,15,1,1,1,,,1,1,1,1,1
30322,2,1,2,0,12,15,2,1,1,,,1,1,1,1,1
30323,2,1,2,0,12,15,3,1,1,,,2,1,1,1,1
30324,2,1,2,0,13,0,0,1,1,,,2,2,1,0,1
30325,2,1,2,0,13,0,1,0,0,1,1,0,2,0,0,1
30326,2,1,2,0,13,0,2,0,0,1,1,0,2,0,0,1
30327,2,1,2,0,13,0,3,1,1,,,2,2,1,0,1
30328,2,1,2,0,13,1,0,1,1,,,2,2,1,0,1
30329,2,1,2,0,13,1,1,0,0,1,1,0,2,0,0,1
30330,2,1,2,0,13,1,2,0,0,1,1,0,2,0,0,1
30331,2,1,2,0,13,1,3,1,1,,,2,2,1,0,1
30332,2,1,2,0,13,2,0,1,1,,,2,2,1,0,1
30333,2,1,2,0,13,2,1,0,0,1,1,0,2,0,0,1
30334,2,1,2,0,13,2,2,0,0,1,1,0,2,0,0,1
30335,2,1,2,0,13,2,3,1,1,,,2,2,1,0,1
30336,2,1,2,0,13,3,0,1,1,,,2,2,1,0,1
30337,2,1,2,0,13,3,1,0,0,1,1,0,2,0,0,1
30338,2,1,2,0,13,3,2,0,0,1,1,0,2,0,0,1
30339,2,1,2,0,13,3,3,1,1,,,2,2,1,0,1
30340,2,1,2,0,13,4,0,1,1,,,2,2,1,0,1
30341,2,1,2,0,13,4,1,0,0,1,1,0,2,0,0,1
30342,2,1,2,0,13,4,2,0,0,1,1,0,2,0,0,1
30343,2,1,2,0,13,4,3,1,1,,,2,2,1,0,1
30344,2,1,2,0,13,5,0,1,1,,,2,2,1,0,1
30345,2,1,2,0,13,5,1,0,0,1,1,0,2,0,0,1
30346,2,1,2,0,13,5,2,0,0,1,1,0,2,0,0,1
30347,2,1,2,0,13,5,3,1,1,,,2,2,1,0,1
30348,2,1,2,0,13,6,0,1,1,,,2,2,1,0,1
30349,2,1,2,0,13,6,1,0,0,1,1,0,2,0,0,1
30350,2,1,2,0,13,6,2,0,0,1,1,0,2,0,0,1
30351,2,1,2,0,13,6,3,1,1,,,2,2,1,0,1
30352,2,1,2,0,13,7,0,1,1,,,2,2,1,0,1
30353,2,1,2,0,13,7,1,0,0,1,1,0,2,0,0,1
30354,2,1,2,0,13,7,2,0,0,1,1,0,2,0,0,1
30355,2,1,2,0,13,7,3,1,1,,,2,2,1,0,1
30356,2,1,2,0,13,8,0,1,1,,,2,2,1,0,1
30357,2,1,2,0,13,8,1,0,0,1,1,0,2,0,0,1
30358,2,1,2,0,13,8,2,0,0,1,1,0,2,0,0,1
30359,2,1,2,0,13,8,3,1,1,,,2,2,1,0,1
30360,2,1,2,0,13,9,0,1,1,,,2,2,1,0,1
30361,2,1,2,0,13,9,1,0,0,1,1,0,2,0,0,1
30362,2,1,2,0,13,9,2,0,0,1,1,0,2,0,0,1
30363,2,1,2,0,13,9,3,1,1,,,2,2,1,0,1
30364,2,1,2,0,13,10,0,1,1,,,2,2,1,0,1
30365,2,1,2,0,13,10,1,0,0,1,1,0,2,0,0,1
30366,2,1,2,0,13,10,2,0,0,1,1,0,2,0,0,1
30367,2,1,2,0,13,10,3,1,1,,,2,2,1,0,1
30368,2,1,2,0,13,11,0,1,1,,,2,2,1,0,1
30369,2,1,2,0,13,11,1,0,0,1,1,0,2,0,0,1
30370,2,1,2,0,13,11,2,0,0,1,1,0,2,0,0,1
30371,2,1,2,0,13,11,3,1,1,,,2,2,1,0,1
30372,2,1,2,0,13,12,0,1,1,,,2,2,1,0,1
30373,2,1,2,0,13,12,1,0,0,1,1,0,2,0,0,1
30374,2,1,2,0,13,12,2,0,0,1,1,0,2,0,0,1
30375,2,1,2,0,13,12,3,1,1,,,2,2,1,0,1
30376,2,1,2,0,13,13,0,1,1,,,2,2,1,0,1
30377,2,1,2,0,13,13,1,0,0,1,1,0,2,0,0,1
30378,2,1,2,0,13,13,2,0,0,1,1,0,2,0,0,1
30379,2,1,2,0,13,13,3,1,1,,,2,2,1,0,1
30380,2,1,2,0,13,14,0,1,1,,,2,2,1,0,1
30381,2,1,2,0,13,14,1,0,0,1,1,0,2,0,0,1
30382,2,1,2,0,13,14,2,0,0,1,1,0,2,0,0,1
30383,2,1,2,0,13,14,3,1,1,,,2,2,1,0,1
30384,2,1,2,0,13,15,0,1,1,,,2,2,1,0,1
30385,2,1,2,0,13,15,1,0,0,1,1,0,2,0,0,1
30386,2,1,2,0,13,15,2,0,0,1,1,0,2,0,0,1
30387,2,1,2,0,13,15,3,1,1,,,2,2,1,0,1
30388,2,1,2,0,14,0,0,1,1,,,2,2,1,0,1
30389,2,1,2,0,14,0,1,0,0,1,1,0,2,0,0,1
30390,2,1,2,0,14,0,2,0,0,1,1,0,2,0,0,1
30391,2,1,2,0,14,0,3,1,1,,,2,2,1,0,1
30392,2,1,2,0,14,1,0,1,1,,,2,2,1,0,1
30393,2,1,2,0,14,1,1,0,0,1,1,0,2,0,0,1
30394,2,1,2,0,14,1,2,0,0,1,1,0,2,0,0,1
30395,2,1,2,0,14,1,3,1,1,,,2,2,1,0,1
30396,2,1,2,0,14,2,0,1,1,,,2,2,1,0,1
30397,2,1,2,0,14,2,1,0,0,1,1,0,2,0,0,1
30398,2,1,2,0,14,2,2,0,0,1,1,0,2,0,0,1
30399,2,1,2,0,14,2,3,1,1,,,2,2,1,0,1
30400,2,1,2,0,14,3,0,1,1,,,2,2,1,0,1
30401,2,1,2,0,14,3,1,0,0,1,1,0,2,0,0,1
30402,2,1,2,0,14,3,2,0,0,1,1,0,2,0,0,1
30403,2,1,2,0,14,3,3,1,1,,,2,2,1,0,1
30404,2,1,2,0,14,4,0,1,1,,,2,2,1,0,1
30405,2,1,2,0,14,4,1,0,0,1,1,0,2,0,0,1
30406,2,1,2,0,14,4,2,0,0,1,1,0,2,0,0,1
30407,2,1,2,0,14,4,3,1,1,,,2,2,1,0,1
30408,2,1,2,0,14,5,0,1,1,,,2,2,1,0,1
30409,2,1,2,0,14,5,1,0,0,1,1,0,2,0,0,1
30410,2,1,2,0,14,5,2,0,0,1,1,0,2,0,0,1
30411,2,1,2,0,14,5,3,1,1,,,2,2,1,0,1
30412,2,1,2,0,14,6,0,1,1,,,2,2,1,0,1
30413,2,1,2,0,14,6,1,0,0,1,1,0,2,0,0,1
30414,2,1,2,0,14,6,2,0,0,1,1,0,2,0,0,1
30415,2,1,2,0,14,6,3,1,1,,,2,2,1,0,1
30416,2,1,2,0,14,7,0,1,1,,,2,2,1,0,1
30417,2,1,2,0,14,7,1,0,0,1,1,0,2,0,0,1
30418,2,1,2,0,14,7,2,0,0,1,1,0,2,0,0,1
30419,2,1,2,0,14,7,3,1,1,,,2,2,1,0,1
30420,2,1,2,0,14,8,0,1,1,,,2,2,1,0,1
30421,2,1,2,0,14,8,1,0,0,1,1,0,2,0,0,1
30422,2,1,2,0,14,8,2,0,0,1,1,0,2,0,0,1
30423,2,1,2,0,14,8,3,1,1,,,2,2,1,0,1
30424,2,1,2,0,14,9,0,1,1,,,2,2,1,0,1
30425,2,1,2,0,14,9,1,0,0,1,1,0,2,0,0,1
30426,2,1,2,0,14,9,2,0,0,1,1,0,2,0,0,1
30427,2,1,2,0,14,9,3,1,1,,,2,2,1,0,1
30428,2,1,2,0,14,10,0,1,1,,,2,2,1,0,1
30429,2,1,2,0,14,10,1,0,0,1,1,0,2,0,0,1
30430,2,1,2,0,14,10,2,0,0,1,1,0,2,0,0,1
30431,2,1,2,0,14,10,3,1,1,,,2,2,1,0,1
30432,2,1,2,0,14,11,0,1,1,,,2,2,1,0,1
30433,2,1,2,0,14,11,1,0,0,1,1,0,2,0,0,1
30434,2,1,2,0,14,11,2,0,0,1,1,0,2,0,0,1
30435,2,1,2,0,14,11,3,1,1,,,2,2,1,0,1
30436,2,1,2,0,14,12,0,1,1,,,2,2,1,0,1
30437,2,1,2,0,14,12,1,0,0,1,1,0,2,0,0,1
30438,2,1,2,0,14,12,2,0,0,1,1,0,2,0,0,1
30439,2,1,2,0,14,12,3,1,1,,,2,2,1,0,1
30440,2,1,2,0,14,13,0,1,1,,,2,2,1,0,1
30441,2,1,2,0,14,13,1,0,0,1,1,0,2,0,0,1
30442,2,1,2,0,14,13,2,0,0,1,1,0,2,0,0,1
30443,2,1,2,0,14,13,3,1,1,,,2,2,1,0,1
30444,2,1,2,0,14,14,0,1,1,,,2,2,1,0,1
30445,2,1,2,0,14,14,1,0,0,1,1,0,2,0,0,1
30446,2,1,2,0,14,14,2,0,0,1,1,0,2,0,0,1
30447,2,1,2,0,14,14,3,1,1,,,2,2,1,0,1
30448,2,1,2,0,14,15,0,1,1,,,2,2,1,0,1
30449,2,1,2,0,14,15,1,0,0,1,1,0,2,0,0,1
30450,2,1,2,0,14,15,2,0,0,1,1,0,2,0,0,1
30451,2,1,2,0,14,15,3,1,1,,,2,2,1,0,1
30452,2,1,2,0,15,0,0,1,1,,,2,2,1,0,1
30453,2,1,2,0,15,0,1,0,0,1,1,0,2,0,0,1
30454,2,1,2,0,15,0,2,0,0,1,1,0,2,0,0,1
30455,2,1,2,0,15,0,3,1,1,,,2,2,1,0,1
30456,2,1,2,0,15,1,0,1,1,,,2,2,1,0,1
30457,2,1,2,0,15,1,1,0,0,1,1,0,2,0,0,1
30458,2,1,2,0,15,1,2,0,0,1,1,0,2,0,0,1
30459,2,1,2,0,15,1,3,1,1,,,2,2,1,0,1
30460,2,1,2,0,15,2,0,1,1,,,2,2,1,0,1
30461,2,1,2,0,15,2,1,0,0,1,1,0,2,0,0,1
30462,2,1,2,0,15,2,2,0,0,1,1,0,2,0,0,1
30463,2,1,2,0,15,2,3,1,1,,,2,2,1,0,1
30464,2,1,2,0,15,3,0,1,1,,,2,2,1,0,1
30465,2,1,2,0,15,3,1,0,0,1,1,0,2,0,0,1
30466,2,1,2,0,15,3,2,0,0,1,1,0,2,0,0,1
30467,2,1,2,0,15,3,3,1,1,,,2,2,1,0,1
30468,2,1,2,0,15,4,0,1,1,,,2,2,1,0,1
30469,2,1,2,0,15,4,1,0,0,1,1,0,2,0,0,1
30470,2,1,2,0,15,4,2,0,0,1,1,0,2,0,0,1
30471,2,1,2,0,15,4,3,1,1,,,2,2,1,0,1
30472,2,1,2,0,15,5,0,1,1,,,2,2,1,0,1
30473,2,1,2,0,15,5,1,0,0,1,1,0,2,0,0,1
30474,2,1,2,0,15,5,2,0,0,1,1,0,2,0,0,1
30475,2,1,2,0,15,5,3,1,1,,,2,2,1,0,1
30476,2,1,2,0,15,6,0,1,1,,,2,2,1,0,1
30477,2,1,2,0,15,6,1,0,0,1,1,0,2,0,0,1
30478,2,1,2,0,15,6,2,0,0,1,1,0,2,0,0,1
30479,2,1,2,0,15,6,3,1,1,,,2,2,1,0,1
30480,2,1,2,0,15,7,0,1,1,,,2,2,1,0,1
30481,2,1,2,0,15,7,1,0,0,1,1,0,2,0,0,1
30482,2,1,2,0,15,7,2,0,0,1,1,0,2,0,0,1
30483,2,1,2,0,15,7,3,1,1,,,2,2,1,0,1
30484,2,1,2,0,15,8,0,1,1,,,2,2,1,0,1
30485,2,1,2,0,15,8,1,0,0,1,1,0,2,0,0,1
30486,2,1,2,0,15,8,2,0,0,1,1,0,2,0,0,1
30487,2,1,2,0,15,8,3,1,1,,,2,2,1,0,1
30488,2,1,2,0,15,9,0,1,1,,,2,2,1,0,1
30489,2,1,2,0,15,9,1,0,0,1,1,0,2,0,0,1
30490,2,1,2,0,15,9,2,0,0,1,1,0,2,0,0,1
30491,2,1,2,0,15,9,3,1,1,,,2,2,1,0,1
30492,2,1,2,0,15,10,0,1,1,,,2,2,1,0,1
30493,2,1,2,0,15,10,1,0,0,1,1,0,2,0,0,1
30494,2,1,2,0,15,10,2,0,0,1,1,0,2,0,0,1
30495,2,1,2,0,15,10,3,1,1,,,2,2,1,0,1
30496,2,1,2,0,15,11,0,1,1,,,2,2,1,0,1
30497,2,1,2,0,15,11,1,0,0,1,1,0,2,0,0,1
30498,2,1,2,0,15,11,2,0,0,1,1,0,2,0,0,1
30499,2,1,2,0,15,11,3,1,1,,,2,2,1,0,1
30500,2,1,2,0,15,12,0,1,1,,,2,2,1,0,1
30501,2,1,2,0,15,12,1,0,0,1,1,0,2,0,0,1
30502,2,1,2,0,15,12,2,0,0,1,1,0,2,0,0,1
30503,2,1,2,0,15,12,3,1,1,,,2,2,1,0,1
30504,2,1,2,0,15,13,0,1,1,,,2,2,1,0,1
30505,2,1,2,0,15,13,1,0,0,1,1,0,2,0,0,1
30506,2,1,2,0,15,13,2,0,0,1,1,0,2,0,0,1
30507,2,1,2,0,15,13,3,1,1,,,2,2,1,0,1
30508,2,1,2,0,15,14,0,1,1,,,2,2,1,0,1
30509,2,1,2,0,15,14,1,0,0,1,1,0,2,0,0,1
30510,2,1,2,0,15,14,2,0,0,1,1,0,2,0,0,1
30511,2,1,2,0,15,14,3,1,1,,,2,2,1,0,1
30512,2,1,2,0,15,15,0,1,1,,,2,2,1,0,1
30513,2,1,2,0,15,15,1,0,0,1,1,0,2,0,0,1
30514,2,1,2,0,15,15,2,0,0,1,1,0,2,0,0,1
30515,2,1,2,0,15,15,3,1,1,,,2,2,1,0,1
30516,2,2,1,0,0,0,0,1,1,,,1,1,1,1,1
30517,2,2,1,0,0,0,1,1,1,,,1,1,1,1,1
30518,2,2,1,1,0,0,0,1,1,,,1,2,1,1,1
30519,2,2,1,1,0,0,1,1,1,,,1,2,1,1,1
30520,2,2,1,2,0,0,0,1,1,,,1,2,1,1,1
30521,2,2,1,2,0,0,1,1,1,,,1,2,1,1,1
30522,2,2,1,3,0,0,0,1,1,,,1,2,1,1,1
30523,2,2,1,3,0,0,1,1,1,,,1,2,1,1,1
30524,2,2,1,4,0,0,0,1,1,,,1,1,1,1,1
30525,2,2,1,4,0,0,1,1,1,,,1,1,1,1,1
30526,2,2,1,5,0,0,0,1,1,,,1,2,1,1,1
30527,2,2,1,5,0,0,1,1,1,,,1,2,1,1,1
30528,2,2,1,6,0,0,0,1,1,,,1,2,1,1,1
30529,2,2,1,6,0,0,1,1,1,,,1,2,1,1,1
30530,2,2,1,7,0,0,0,1,1,,,1,2,1,1,1
30531,2,2,1,7,0,0,1,1,1,,,1,2,1,1,1
30532,2,2,1,8,0,0,0,1,1,,,1,1,1,1,1
30533,2,2,1,8,0,0,1,1,1,,,1,1,1,1,1
30534,2,2,1,9,0,0,0,1,1,,,1,2,1,1,1
30535,2,2,1,9,0,0,1,1,1,,,1,2,1,1,1
30536,2,2,1,10,0,0,0,1,1,,,1,2,1,1,1
30537,2,2,1,10,0,0,1,1,1,,,1,2,1,1,1
30538,2,2,1,11,0,0,0,1,1,,,1,2,1,1,1
30539,2,2,1,11,0,0,1,1,1,,,1,2,1,1,1
30540,2,2,1,12,0,0,0,1,1,,,1,1,1,1,1
30541,2,2,1,12,0,0,1,1,1,,,1,1,1,1,1
30542,2,2,1,13,0,0,0,1,1,,,1,2,1,1,1
30543,2,2,1,13,0,0,1,1,1,,,1,2,1,1,1
30544,2,2,1,14,0,0,0,1,1,,,1,2,1,1,1
30545,2,2,1,14,0,0,1,1,1,,,1,2,1,1,1
30546,2,2,1,15,0,0,0,1,1,,,1,2,1,1,1
30547,2,2,1,15,0,0,1,1,1,,,1,2,1,1,1
30548,2,2,2,0,0,0,0,1,1,,,4,1,1,1,1
30549,2,2,2,0,0,0,1,1,1,,,2,1,1,1,1
30550,2,2,2,0,0,0,2,1,1,,,2,1,1,1,1
30551,2,2,2,0,0,0,3,1,1,,,4,1,1,1,1
30552,2,2,2,0,0,1,0,1,1,,,4,1,1,1,1
30553,2,2,2,0,0,1,1,1,1,,,2,1,1,1,1
30554,2,2,2,0,0,1,2,1,1,,,2,1,1,1,1
30555,2,2,2,0,0,1,3,1,1,,,4,1,1,1,1
30556,2,2,2,0,0,2,0,1,1,,,4,1,1,1,1
30557,2,2,2,0,0,2,1,1,1,,,2,1,1,1,1
30558,2,2,2,0,0,2,2,1,1,,,2,1,1,1,1
30559,2,2,2,0,0,2,3,1,1,,,4,1,1,1,1
30560,2,2,2,0,0,3,0,1,1,,,4,1,1,1,1
30561,2,2,2,0,0,3,1,1,1,,,2,1,1,1,1
30562,2,2,2,0,0,3,2,1,1,,,2,1,1,1,1
30563,2,2,2,0,0,3,3,1,1,,,4,1,1,1,1
30564,2,2,2,0,0,4,0,1,1,,,4,1,1,1,1
30565,2,2,2,0,0,4,1,1,1,,,2,1,1,1,1
30566,2,2,2,0,0,4,2,1,1,,,2,1,1,1,1
30567,2,2,2,0,0,4,3,1,1,,,4,1,1,1,1
30568,2,2,2,0,0,5,0,1,1,,,4,1,1,1,1
30569,2,2,2,0,0,5,1,1,1,,,2,1,1,1,1
30570,2,2,2,0,0,5,2,1,1,,,2,1,1,1,1
30571,2,2,2,0,0,5,3,1,1,,,4,1,1,1,1
30572,2,2,2,0,0,6,0,1,1,,,4,1,1,1,1
30573,2,2,2,0,0,6,1,1,1,,,2,1,1,1,1
30574,2,2,2,0,0,6,2,1,1,,,2,1,1,1,1
30575,2,2,2,0,0,6,3,1,1,,,4,1,1,1,1
30576,2,2,2,0,0,7,0,1,1,,,4,1,1,1,1
30577,2,2,2,0,0,7,1,1,1,,,2,1,1,1,1
30578,2,2,2,0,0,7,2,1,1,,,2,1,1,1,1
30579,2,2,2,0,0,7,3,1,1,,,4,1,1,1,1
30580,2,2,2,0,0,8,0,1,1,,,4,1,1,1,1
30581,2,2,2,0,0,8,1,1,1,,,2,1,1,1,1
30582,2,2,2,0,0,8,2,1,1,,,2,1,1,1,1
30583,2,2,2,0,0,8,3,1,1,,,4,1,1,1,1
30584,2,2,2,0,0,9,0,1,1,,,4,1,1,1,1
30585,2,2,2,0,0,9,1,1,1,,,2,1,1,1,1
30586,2,2,2,0,0,9,2,1,1,,,2,1,1,1,1
30587,2,2,2,0,0,9,3,1,1,,,4,1,1,1,1
30588,2,2,2,0,0,10,0,1,1,,,4,1,1,1,1
30589,2,2,2,0,0,10,1,1,1,,,2,1,1,1,1
30590,2,2,2,0,0,10,2,1,1,,,2,1,1,1,1
30591,2,2,2,0,0,10,3,1,1,,,4,1,1,1,1
30592,2,2,2,0,0,11,0,1,1,,,4,1,1,1,1
30593,2,2,2,0,0,11,1,1,1,,,2,1,1,1,1
30594,2,2,2,0,0,11,2,1,1,,,2,1,1,1,1
30595,2,2,2,0,0,11,3,1,1,,,4,1,1,1,1
30596,2,2,2,0,0,12,0,1,1,,,4,1,1,1,1
30597,2,2,2,0,0,12,1,1,1,,,2,1,1,1,1
30598,2,2,2,0,0,12,2,1,1,,,2,1,1,1,1
30599,2,2,2,0,0,12,3,1,1,,,4,1,1,1,1
30600,2,2,2,0,0,13,0,1,1,,,4,1,1,1,1
30601,2,2,2,0,0,13,1,1,1,,,2,1,1,1,1
30602,2,2,2,0,0,13,2,1,1,,,2,1,1,1,1
30603,2,2,2,0,0,13,3,1,1,,,4,1,1,1,1
30604,2,2,2,0,0,14,0,1,1,,,4,1,1,1,1
30605,2,2,2,0,0,14,1,1,1,,,2,1,1,1,1
30606,2,2,2,0,0,14,2,1,1,,,2,1,1,1,1
30607,2,2,2,0,0,14,3,1,1,,,4,1,1,1,1
30608,2,2,2,0,0,15,0,1,1,,,4,1,1,1,1
30609,2,2,2,0,0,15,1,1,1,,,2,1,1,1,1
30610,2,2,2,0,0,15,2,1,1,,,2,1,1,1,1
30611,2,2,2,0,0,15,3,1,1,,,4,1,1,1,1
30612,2,2,2,0,1,0,0,1,1,,,4,2,1,0,1
30613,2,2,2,0,1,0,1,0,0,1,1,0,2,0,0,1
30614,2,2,2,0,1,0,2,0,0,1,1,0,2,0,0,1
30615,2,2,2,0,1,0,3,1,1,,,4,2,1,0,1
30616,2,2,2,0,1,1,0,1,1,,,4,2,1,0,1
30617,2,2,2,0,1,1,1,0,0,1,1,0,2,0,0,1
30618,2,2,2,0,1,1,2,0,0,1,1,0,2,0,0,1
30619,2,2,2,0,1,1,3,1,1,,,4,2,1,0,1
30620,2,2,2,0,1,2,0,1,1,,,4,2,1,0,1
30621,2,2,2,0,1,2,1,0,0,1,1,0,2,0,0,1
30622,2,2,2,0,1,2,2,0,0,1,1,0,2,0,0,1
30623,2,2,2,0,1,2,3,1,1,,,4,2,1,0,1
30624,2,2,2,0,1,3,0,1,1,,,4,2,1,0,1
30625,2,2,2,0,1,3,1,0,0,1,1,0,2,0,0,1
30626,2,2,2,0,1,3,2,0,0,1,1,0,2,0,0,1
30627,2,2,2,0,1,3,3,1,1,,,4,2,1,0,1
30628,2,2,2,0,1,4,0,1,1,,,4,2,1,0,1
30629,2,2,2,0,1,4,1,0,0,1,1,0,2,0,0,1
30630,2,2,2,0,1,4,2,0,0,1,1,0,2,0,0,1
30631,2,2,2,0,1,4,3,1,1,,,4,2,1,0,1
30632,2,2,2,0,1,5,0,1,1,,,4,2,1,0,1
30633,2,2,2,0,1,5,1,0,0,1,1,0,2,0,0,1
30634,2,2,2,0,1,5,2,0,0,1,1,0,2,0,0,1
30635,2,2,2,0,1,5,3,1,1,,,4,2,1,0,1
30636,2,2,2,0,1,6,0,1,1,,,4,2,1,0,1
30637,2,2,2,0,1,6,1,0,0,1,1,0,2,0,0,1
30638,2,2,2,0,1,6,2,0,0,1,1,0,2,0,0,1
30639,2,2,2,0,1,6,3,1,1,,,4,2,1,0,1
30640,2,2,2,0,1,7,0,1,1,,,4,2,1,0,1
30641,2,2,2,0,1,7,1,0,0,1,1,0,2,0,0,1
30642,2,2,2,0,1,7,2,0,0,1,1,0,2,0,0,1
30643,2,2,2,0,1,7,3,1,1,,,4,2,1,0,1
30644,2,2,2,0,1,8,0,1,1,,,4,2,1,0,1
30645,2,2,2,0,1,8,1,0,0,1,1,0,2,0,0,1
30646,2,2,2,0,1,8,2,0,0,1,1,0,2,0,0,1
30647,2,2,2,0,1,8,3,1,1,,,4,2,1,0,1
30648,2,2,2,0,1,9,0,1,1,,,4,2,1,0,1
30649,2,2,2,0,1,9,1,0,0,1,1,0,2,0,0,1
30650,2,2,2,0,1,9,2,0,0,1,1,0,2,0,0,1
30651,2,2,2,0,1,9,3,1,1,,,4,2,1,0,1
30652,2,2,2,0,1,10,0,1,1,,,4,2,1,0,1
30653,2,2,2,0,1,10,1,0,0,1,1,0,2,0,0,1
30654,2,2,2,0,1,10,2,0,0,1,1,0,2,0,0,1
30655,2,2,2,0,1,10,3,1,1,,,4,2,1,0,1
30656,2,2,2,0,1,11,0,1,1,,,4,2,1,0,1
30657,2,2,2,0,1,11,1,0,0,1,1,0,2,0,0,1
30658,2,2,2,0,1,11,2,0,0,1,1,0,2,0,0,1
30659,2,2,2,0,1,11,3,1,1,,,4,2,1,0,1
30660,2,2,2,0,1,12,0,1,1,,,4,2,1,0,1
30661,2,2,2,0,1,12,1,0,0,1,1,0,2,0,0,1
30662,2,2,2,0,1,12,2,0,0,1,1,0,2,0,0,1
30663,2,2,2,0,1,12,3,1,1,,,4,2,1,0,1
30664,2,2,2,0,1,13,0,1,1,,,4,2,1,0,1
30665,2,2,2,0,1,13,1,0,0,1,1,0,2,0,0,1
30666,2,2,2,0,1,13,2,0,0,1,1,0,2,0,0,1
30667,2,2,2,0,1,13,3,1,1,,,4,2,1,0,1
30668,2,2,2,0,1,14,0,1,1,,,4,2,1,0,1
30669,2,2,2,0,1,14,1,0,0,1,1,0,2,0,0,1
30670,2,2,2,0,1,14,2,0,0,1,1,0,2,0,0,1
30671,2,2,2,0,1,14,3,1,1,,,4,2,1,0,1
30672,2,2,2,0,1,15,0,1,1,,,4,2,1,0,1
30673,2,2,2,0,1,15,1,0,0,1,1,0,2,0,0,1
30674,2,2,2,0,1,15,2,0,0,1,1,0,2,0,0,1
30675,2,2,2,0,1,15,3,1,1,,,4,2,1,0,1
30676,2,2,2,0,2,0,0,1,1,,,4,2,1,0,1
30677,2,2,2,0,2,0,1,0,0,1,1,0,2,0,0,1
30678,2,2,2,0,2,0,2,0,0,1,1,0,2,0,0,1
30679,2,2,2,0,2,0,3,1,1,,,4,2,1,0,1
30680,2,2,2,0,2,1,0,1,1,,,4,2,1,0,1
30681,2,2,2,0,2,1,1,0,0,1,1,0,2,0,0,1
30682,2,2,2,0,2,1,2,0,0,1,1,0,2,0,0,1
30683,2,2,2,0,2,1,3,1,1,,,4,2,1,0,1
30684,2,2,2,0,2,2,0,1,1,,,4,2,1,0,1
30685,2,2,2,0,2,2,1,0,0,1,1,0,2,0,0,1
30686,2,2,2,0,2,2,2,0,0,1,1,0,2,0,0,1
30687,2,2,2,0,2,2,3,1,1,,,4,2,1,0,1
30688,2,2,2,0,2,3,0,1,1,,,4,2,1,0,1
30689,2,2,2,0,2,3,1,0,0,1,1,0,2,0,0,1
30690,2,2,2,0,2,3,2,0,0,1,1,0,2,0,0,1
30691,2,2,2,0,2,3,3,1,1,,,4,2,1,0,1
30692,2,2,2,0,2,4,0,1,1,,,4,2,1,0,1
30693,2,2,2,0,2,4,1,0,0,1,1,0,2,0,0,1
30694,2,2,2,0,2,4,2,0,0,1,1,0,2,0,0,1
30695,2,2,2,0,2,4,3,1,1,,,4,2,1,0,1
30696,2,2,2,0,2,5,0,1,1,,,4,2,1,0,1
30697,2,2,2,0,2,5,1,0,0,1,1,0,2,0,0,1
30698,2,2,2,0,2,5,2,0,0,1,1,0,2,0,0,1
30699,2,2,2,0,2,5,3,1,1,,,4,2,1,0,1
30700,2,2,2,0,2,6,0,1,1,,,4,2,1,0,1
30701,2,2,2,0,2,6,1,0,0,1,1,0,2,0,0,1
30702,2,2,2,0,2,6,2,0,0,1,1,0,2,0,0,1
30703,2,2,2,0,2,6,3,1,1,,,4,2,1,0,1
30704,2,2,2,0,2,7,0,1,1,,,4,2,1,0,1
30705,2,2,2,0,2,7,1,0,0,1,1,0,2,0,0,1
30706,2,2,2,0,2,7,2,0,0,1,1,0,2,0,0,1
30707,2,2,2,0,2,7,3,1,1,,,4,2,1,0,1
30708,2,2,2,0,2,8,0,1,1,,,4,2,1,0,1
30709,2,2,2,0,2,8,1,0,0,1,1,0,2,0,0,1
30710,2,2,2,0,2,8,2,0,0,1,1,0,2,0,0,1
30711,2,2,2,0,2,8,3,1,1,,,4,2,1,0,1
30712,2,2,2,0,2,9,0,1,1,,,4,2,1,0,1
30713,2,2,2,0,2,9,1,0,0,1,1,0,2,0,0,1
30714,2,2,2,0,2,9,2,0,0,1,1,0,2,0,0,1
30715,2,2,2,0,2,9,3,1,1,,,4,2,1,0,1
30716,2,2,2,0,2,10,0,1,1,,,4,2,1,0,1
30717,2,2,2,0,2,10,1,0,0,1,1,0,2,0,0,1
30718,2,2,2,0,2,10,2,0,0,1,1,0,2,0,0,1
30719,2,2,2,0,2,10,3,1,1,,,4,2,1,0,1
30720,2,2,2,0,2,11,0,1,1,,,4,2,1,0,1
30721,2,2,2,0,2,11,1,0,0,1,1,0,2,0,0,1
30722,2,2,2,0,2,11,2,0,0,1,1,0,2,0,0,1
30723,2,2,2,0,2,11,3,1,1,,,4,2,1,0,1
30724,2,2,2,0,2,12,0,1,1,,,4,2,1,0,1
30725,2,2,2,0,2,12,1,0,0,1,1,0,2,0,0,1
30726,2,2,2,0,2,12,2,0,0,1,1,0,2,0,0,1
30727,2,2,2,0,2,12,3,1,1,,,4,2,1,0,1
30728,2,2,2,0,2,13,0,1,1,,,4,2,1,0,1
30729,2,2,2,0,2,13,1,0,0,1,1,0,2,0,0,1
30730,2,2,2,0,2,13,2,0,0,1,1,0,2,0,0,1
30731,2,2,2,0,2,13,3,1,1,,,4,2,1,0,1
30732,2,2,2,0,2,14,0,1,1,,,4,2,1,0,1
30733,2,2,2,0,2,14,1,0,0,1,1,0,2,0,0,1
30734,2,2,2,0,2,14,2,0,0,1,1,0,2,0,0,1
30735,2,2,2,0,2,14,3,1,1,,,4,2,1,0,1
30736,2,2,2,0,2,15,0,1,1,,,4,2,1,0,1
30737,2,2,2,0,2,15,1,0,0,1,1,0,2,0,0,1
30738,2,2,2,0,2,15,2,0,0,1,1,0,2,0,0,1
30739,2,2,2,0,2,15,3,1,1,,,4,2,1,0,1
30740,2,2,2,0,3,0,0,1,1,,,4,2,1,0,1
30741,2,2,2,0,3,0,1,0,0,1,1,0,2,0,0,1
30742,2,2,2,0,3,0,2,0,0,1,1,0,2,0,0,1
30743,2,2,2,0,3,0,3,1,1,,,4,2,1,0,1
30744,2,2,2,0,3,1,0,1,1,,,4,2,1,0,1
30745,2,2,2,0,3,1,1,0,0,1,1,0,2,0,0,1
30746,2,2,2,0,3,1,2,0,0,1,1,0,2,0,0,1
30747,2,2,2,0,3,1,3,1,1,,,4,2,1,0,1
30748,2,2,2,0,3,2,0,1,1,,,4,2,1,0,1
30749,2,2,2,0,3,2,1,0,0,1,1,0,2,0,0,1
30750,2,2,2,0,3,2,2,0,0,1,1,0,2,0,0,1
30751,2,2,2,0,3,2,3,1,1,,,4,2,1,0,1
30752,2,2,2,0,3,3,0,1,1,,,4,2,1,0,1
30753,2,2,2,0,3,3,1,0,0,1,1,0,2,0,0,1
30754,2,2,2,0,3,3,2,0,0,1,1,0,2,0,0,1
30755,2,2,2,0,3,3,3,1,1,,,4,2,1,0,1
30756,2,2,2,0,3,4,0,1,1,,,4,2,1,0,1
30757,2,2,2,0,3,4,1,0,0,1,1,0,2,0,0,1
30758,2,2,2,0,3,4,2,0,0,1,1,0,2,0,0,1
30759,2,2,2,0,3,4,3,1,1,,,4,2,1,0,1
30760,2,2,2,0,3,5,0,1,1,,,4,2,1,0,1
30761,2,2,2,0,3,5,1,0,0,1,1,0,2,0,0,1
30762,2,2,2,0,3,5,2,0,0,1,1,0,2,0,0,1
30763,2,2,2,0,3,5,3,1,1,,,4,2,1,0,1
30764,2,2,2,0,3,6,0,1,1,,,4,2,1,0,1
30765,2,2,2,0,3,6,1,0,0,1,1,0,2,0,0,1
30766,2,2,2,0,3,6,2,0,0,1,1,0,2,0,0,1
30767,2,2,2,0,3,6,3,1,1,,,4,2,1,0,1
30768,2,2,2,0,3,7,0,1,1,,,4,2,1,0,1
30769,2,2,2,0,3,7,1,0,0,1,1,0,2,0,0,1
30770,2,2,2,0,3,7,2,0,0,1,1,0,2,0,0,1
30771,2,2,2,0,3,7,3,1,1,,,4,2,1,0,1
30772,2,2,2,0,3,8,0,1,1,,,4,2,1,0,1
30773,2,2,2,0,3,8,1,0,0,1,1,0,2,0,0,1
30774,2,2,2,0,3,8,2,0,0,1,1,0,2,0,0,1
30775,2,2,2,0,3,8,3,1,1,,,4,2,1,0,1
30776,2,2,2,0,3,9,0,1,1,,,4,2,1,0,1
30777,2,2,2,0,3,9,1,0,0,1,1,0,2,0,0,1
30778,2,2,2,0,3,9,2,0,0,1,1,0,2,0,0,1
30779,2,2,2,0,3,9,3,1,1,,,4,2,1,0,1
30780,2,2,2,0,3,10,0,1,1,,,4,2,1,0,1
30781,2,2,2,0,3,10,1,0,0,1,1,0,2,0,0,1
30782,2,2,2,0,3,10,2,0,0,1,1,0,2,0,0,1
30783,2,2,2,0,3,10,3,1,1,,,4,2,1,0,1
30784,2,2,2,0,3,11,0,1,1,,,4,2,1,0,1
30785,2,2,2,0,3,11,1,0,0,1,1,0,2,0,0,1
30786,2,2,2,0,3,11,2,0,0,1,1,0,2,0,0,1
30787,2,2,2,0,3,11,3,1,1,,,4,2,1,0,1
30788,2,2,2,0,3,12,0,1,1,,,4,2,1,0,1
30789,2,2,2,0,3,12,1,0,0,1,1,0,2,0,0,1
30790,2,2,2,0,3,12,2,0,0,1,1,0,2,0,0,1
30791,2,2,2,0,3,12,3,1,1,,,4,2,1,0,1
30792,2,2,2,0,3,13,0,1,1,,,4,2,1,0,1
30793,2,2,2,0,3,13,1,0,0,1,1,0,2,0,0,1
30794,2,2,2,0,3,13,2,0,0,1,1,0,2,0,0,1
30795,2,2,2,0,3,13,3,1,1,,,4,2,1,0,1
30796,2,2,2,0,3,14,0,1,1,,,4,2,1,0,1
30797,2,2,2,0,3,14,1,0,0,1,1,0,2,0,0,1
30798,2,2,2,0,3,14,2,0,0,1,1,0,2,0,0,1
30799,2,2,2,0,3,14,3,1,1,,,4,2,1,0,1
30800,2,2,2,0,3,15,0,1,1,,,4,2,1,0,1
30801,2,2,2,0,3,15,1,0,0,1,1,0,2,0,0,1
30802,2,2,2,0,3,15,2,0,0,1,1,0,2,0,0,1
30803,2,2,2,0,3,15,3,1,1,,,4,2,1,0,1
30804,2,2,2,0,4,0,0,1,1,,,4,1,1,1,1
30805,2,2,2,0,4,0,1,1,1,,,2,1,1,1,1
30806,2,2,2,0,4,0,2,1,1,,,2,1,1,1,1
30807,2,2,2,0,4,0,3,1,1,,,4,1,1,1,1
30808,2,2,2,0,4,1,0,1,1,,,4,1,1,1,1
30809,2,2,2,0,4,1,1,1,1,,,2,1,1,1,1
30810,2,2,2,0,4,1,2,1,1,,,2,1,1,1,1
30811,2,2,2,0,4,1,3,1,1,,,4,1,1,1,1
30812,2,2,2,0,4,2,0,1,1,,,4,1,1,1,1
30813,2,2,2,0,4,2,1,1,1,,,2,1,1,1,1
30814,2,2,2,0,4,2,2,1,1,,,2,1,1,1,1
30815,2,2,2,0,4,2,3,1,1,,,4,1,1,1,1
30816,2,2,2,0,4,3,0,1,1,,,4,1,1,1,1
30817,2,2,2,0,4,3,1,1,1,,,2,1,1,1,1
30818,2,2,2,0,4,3,2,1,1,,,2,1,1,1,1
30819,2,2,2,0,4,3,3,1,1,,,4,1,1,1,1
30820,2,2,2,0,4,4,0,1,1,,,4,1,1,1,1
30821,2,2,2,0,4,4,1,1,1,,,2,1,1,1,1
30822,2,2,2,0,4,4,2,1,1,,,2,1,1,1,1
30823,2,2,2,0,4,4,3,1,1,,,4,1,1,1,1
30824,2,2,2,0,4,5,0,1,1,,,4,1,1,1,1
30825,2,2,2,0,4,5,1,1,1,,,2,1,1,1,1
30826,2,2,2,0,4,5,2,1,1,,,2,1,1,1,1
30827,2,2,2,0,4,5,3,1,1,,,4,1,1,1,1
30828,2,2,2,0,4,6,0,1,1,,,4,1,1,1,1
30829,2,2,2,0,4,6,1,1,1,,,2,1,1,1,1
30830,2,2,2,0,4,6,2,1,1,,,2,1,1,1,1
30831,2,2,2,0,4,6,3,1,1,,,4,1,1,1,1
30832,2,2,2,0,4,7,0,1,1,,,4,1,1,1,1
30833,2,2,2,0,4,7,1,1,1,,,2,1,1,1,1
30834,2,2,2,0,4,7,2,1,1,,,2,1,1,1,1
30835,2,2,2,0,4,7,3,1,1,,,4,1,1,1,1
30836,2,2,2,0,4,8,0,1,1,,,4,1,1,1,1
30837,2,2,2,0,4,8,1,1,1,,,2,1,1,1,1
30838,2,2,2,0,4,8,2,1,1,,,2,1,1,1,1
30839,2,2,2,0,4,8,3,1,1,,,4,1,1,1,1
30840,2,2,2,0,4,9,0,1,1,,,4,1,1,1,1
30841,2,2,2,0,4,9,1,1,1,,,2,1,1,1,1
30842,2,2,2,0,4,9,2,1,1,,,2,1,1,1,1
30843,2,2,2,0,4,9,3,1,1,,,4,1,1,1,1
30844,2,2,2,0,4,10,0,1,1,,,4,1,1,1,1
30845,2,2,2,0,4,10,1,1,1,,,2,1,1,1,1
30846,2,2,2,0,4,10,2,1,1,,,2,1,1,1,1
30847,2,2,2,0,4,10,3,1,1,,,4,1,1,1,1
30848,2,2,2,0,4,11,0,1,1,,,4,1,1,1,1
30849,2,2,2,0,4,11,1,1,1,,,2,1,1,1,1
30850,2,2,2,0,4,11,2,1,1,,,2,1,1,1,1
30851,2,2,2,0,4,11,3,1,1,,,4,1,1,1,1
30852,2,2,2,0,4,12,0,1,1,,,4,1,1,1,1
30853,2,2,2,0,4,12,1,1,1,,,2,1,1,1,1
30854,2,2,2,0,4,12,2,1,1,,,2,1,1,1,1
30855,2,2,2,0,4,12,3,1,1,,,4,1,1,1,1
30856,2,2,2,0,4,13,0,1,1,,,4,1,1,1,1
30857,2,2,2,0,4,13,1,1,1,,,2,1,1,1,1
30858,2,2,2,0,4,13,2,1,1,,,2,1,1,1,1
30859,2,2,2,0,4,13,3,1,1,,,4,1,1,1,1
30860,2,2,2,0,4,14,0,1,1,,,4,1,1,1,1
30861,2,2,2,0,4,14,1,1,1,,,2,1,1,1,1
30862,2,2,2,0,4,14,2,1,1,,,2,1,1,1,1
30863,2,2,2,0,4,14,3,1,1,,,4,1,1,1,1
30864,2,2,2,0,4,15,0,1,1,,,4,1,1,1,1
30865,2,2,2,0,4,15,1,1,1,,,2,1,1,1,1
30866,2,2,2,0,4,15,2,1,1,,,2,1,1,1,1
30867,2,2,2,0,4,15,3,1,1,,,4,1,1,1,1
30868,2,2,2,0,5,0,0,1,1,,,4,2,1,0,1
30869,2,2,2,0,5,0,1,0,0,1,1,0,2,0,0,1
30870,2,2,2,0,5,0,2,0,0,1,1,0,2,0,0,1
30871,2,2,2,0,5,0,3,1,1,,,4,2,1,0,1
30872,2,2,2,0,5,1,0,1,1,,,4,2,1,0,1
30873,2,2,2,0,5,1,1,0,0,1,1,0,2,0,0,1
30874,2,2,2,0,5,1,2,0,0,1,1,0,2,0,0,1
30875,2,2,2,0,5,1,3,1,1,,,4,2,1,0,1
30876,2,2,2,0,5,2,0,1,1,,,4,2,1,0,1
30877,2,2,2,0,5,2,1,0,0,1,1,0,2,0,0,1
30878,2,2,2,0,5,2,2,0,0,1,1,0,2,0,0,1
30879,2,2,2,0,5,2,3,1,1,,,4,2,1,0,1
30880,2,2,2,0,5,3,0,1,1,,,4,2,1,0,1
30881,2,2,2,0,5,3,1,0,0,1,1,0,2,0,0,1
30882,2,2,2,0,5,3,2,0,0,1,1,0,2,0,0,1
30883,2,2,2,0,5,3,3,1,1,,,4,2,1,0,1
30884,2,2,2,0,5,4,0,1,1,,,4,2,1,0,1
30885,2,2,2,0,5,4,1,0,0,1,1,0,2,0,0,1
30886,2,2,2,0,5,4,2,0,0,1,1,0,2,0,0,1
30887,2,2,2,0,5,4,3,1,1,,,4,2,1,0,1
30888,2,2,2,0,5,5,0,1,1,,,4,2,1,0,1
30889,2,2,2,0,5,5,1,0,0,1,1,0,2,0,0,1
30890,2,2,2,0,5,5,2,0,0,1,1,0,2,0,0,1
30891,2,2,2,0,5,5,3,1,1,,,4,2,1,0,1
30892,2,2,2,0,5,6,0,1,1,,,4,2,1,0,1
30893,2,2,2,0,5,6,1,0,0,1,1,0,2,0,0,1
30894,2,2,2,0,5,6,2,0,0,1,1,0,2,0,0,1
30895,2,2,2,0,5,6,3,1,1,,,4,2,1,0,1
30896,2,2,2,0,5,7,0,1,1,,,4,2,1,0,1
30897,2,2,2,0,5,7,1,0,0,1,1,0,2,0,0,1
30898,2,2,2,0,5,7,2,0,0,1,1,0,2,0,0,1
30899,2,2,2,0,5,7,3,1,1,,,4,2,1,0,1
30900,2,2,2,0,5,8,0,1,1,,,4,2,1,0,1
30901,2,2,2,0,5,8,1,0,0,1,1,0,2,0,0,1
30902,2,2,2,0,5,8,2,0,0,1,1,0,2,0,0,1
30903,2,2,2,0,5,8,3,1,1,,,4,2,1,0,1
30904,2,2,2,0,5,9,0,1,1,,,4,2,1,0,1
30905,2,2,2,0,5,9,1,0,0,1,1,0,2,0,0,1
30906,2,2,2,0,5,9,2,0,0,1,1,0,2,0,0,1
30907,2,2,2,0,5,9,3,1,1,,,4,2,1,0,1
30908,2,2,2,0,5,10,0,1,1,,,4,2,1,0,1
30909,2,2,2,0,5,10,1,0,0,1,1,0,2,0,0,1
30910,2,2,2,0,5,10,2,0,0,1,1,0,2,0,0,1
30911,2,2,2,0,5,10,3,1,1,,,4,2,1,0,1
30912,2,2,2,0,5,11,0,1,1,,,4,2,1,0,1
30913,2,2,2,0,5,11,1,0,0,1,1,0,2,0,0,1
30914,2,2,2,0,5,11,2,0,0,1,1,0,2,0,0,1
30915,2,2,2,0,5,11,3,1,1,,,4,2,1,0,1
30916,2,2,2,0,5,12,0,1,1,,,4,2,1,0,1
30917,2,2,2,0,5,12,1,0,0,1,1,0,2,0,0,1
30918,2,2,2,0,5,12,2,0,0,1,1,0,2,0,0,1
30919,2,2,2,0,5,12,3,1,1,,,4,2,1,0,1
30920,2,2,2,0,5,13,0,1,1,,,4,2,1,0,1
30921,2,2,2,0,5,13,1,0,0,1,1,0,2,0,0,1
30922,2,2,2,0,5,13,2,0,0,1,1,0,2,0,0,1
30923,2,2,2,0,5,13,3,1,1,,,4,2,1,0,1
30924,2,2,2,0,5,14,0,1,1,,,4,2,1,0,1
30925,2,2,2,0,5,14,1,0,0,1,1,0,2,0,0,1
30926,2,2,2,0,5,14,2,0,0,1,1,0,2,0,0,1
30927,2,2,2,0,5,14,3,1,1,,,4,2,1,0,1
30928,2,2,2,0,5,15,0,1,1,,,4,2,1,0,1
30929,2,2,2,0,5,15,1,0,0,1,1,0,2,0,0,1
30930,2,2,2,0,5,15,2,0,0,1,1,0,2,0,0,1
30931,2,2,2,0,5,15,3,1,1,,,4,2,1,0,1
30932,2,2,2,0,6,0,0,1,1,,,4,2,1,0,1
30933,2,2,2,0,6,0,1,0,0,1,1,0,2,0,0,1
30934,2,2,2,0,6,0,2,0,0,1,1,0,2,0,0,1
30935,2,2,2,0,6,0,3,1,1,,,4,2,1,0,1
30936,2,2,2,0,6,1,0,1,1,,,4,2,1,0,1
30937,2,2,2,0,6,1,1,0,0,1,1,0,2,0,0,1
30938,2,2,2,0,6,1,2,0,0,1,1,0,2,0,0,1
30939,2,2,2,0,6,1,3,1,1,,,4,2,1,0,1
30940,2,2,2,0,6,2,0,1,1,,,4,2,1,0,1
30941,2,2,2,0,6,2,1,0,0,1,1,0,2,0,0,1
30942,2,2,2,0,6,2,2,0,0,1,1,0,2,0,0,1
30943,2,2,2,0,6,2,3,1,1,,,4,2,1,0,1
30944,2,2,2,0,6,3,0,1,1,,,4,2,1,0,1
30945,2,2,2,0,6,3,1,0,0,1,1,0,2,0,0,1
30946,2,2,2,0,6,3,2,0,0,1,1,0,2,0,0,1
30947,2,2,2,0,6,3,3,1,1,,,4,2,1,0,1
30948,2,2,2,0,6,4,0,1,1,,,4,2,1,0,1
30949,2,2,2,0,6,4,1,0,0,1,1,0,2,0,0,1
30950,2,2,2,0,6,4,2,0,0,1,1,0,2,0,0,1
30951,2,2,2,0,6,4,3,1,1,,,4,2,1,0,1
30952,2,2,2,0,6,5,0,1,1,,,4,2,1,0,1
30953,2,2,2,0,6,5,1,0,0,1,1,0,2,0,0,1
30954,2,2,2,0,6,5,2,0,0,1,1,0,2,0,0,1
30955,2,2,2,0,6,5,3,1,1,,,4,2,1,0,1
30956,2,2,2,0,6,6,0,1,1,,,4,2,1,0,1
30957,2,2,2,0,6,6,1,0,0,1,1,0,2,0,0,1
30958,2,2,2,0,6,6,2,0,0,1,1,0,2,0,0,1
30959,2,2,2,0,6,6,3,1,1,,,4,2,1,0,1
30960,2,2,2,0,6,7,0,1,1,,,4,2,1,0,1
30961,2,2,2,0,6,7,1,0,0,1,1,0,2,0,0,1
30962,2,2,2,0,6,7,2,0,0,1,1,0,2,0,0,1
30963,2,2,2,0,6,7,3,1,1,,,4,2,1,0,1
30964,2,2,2,0,6,8,0,1,1,,,4,2,1,0,1
30965,2,2,2,0,6,8,1,0,0,1,1,0,2,0,0,1
30966,2,2,2,0,6,8,2,0,0,1,1,0,2,0,0,1
30967,2,2,2,0,6,8,3,1,1,,,4,2,1,0,1
30968,2,2,2,0,6,9,0,1,1,,,4,2,1,0,1
30969,2,2,2,0,6,9,1,0,0,1,1,0,2,0,0,1
30970,2,2,2,0,6,9,2,0,0,1,1,0,2,0,0,1
30971,2,2,2,0,6,9,3,1,1,,,4,2,1,0,1
30972,2,2,2,0,6,10,0,1,1,,,4,2,1,0,1
30973,2,2,2,0,6,10,1,0,0,1,1,0,2,0,0,1
30974,2,2,2,0,6,10,2,0,0,1,1,0,2,0,0,1
30975,2,2,2,0,6,10,3,1,1,,,4,2,1,0,1
30976,2,2,2,0,6,11,0,1,1,,,4,2,1,0,1
30977,2,2,2,0,6,11,1,0,0,1,1,0,2,0,0,1
30978,2,2,2,0,6,11,2,0,0,1,1,0,2,0,0,1
30979,2,2,2,0,6,11,3,1,1,,,4,2,1,0,1
30980,2,2,2,0,6,12,0,1,1,,,4,2,1,0,1
30981,2,2,2,0,6,12,1,0,0,1,1,0,2,0,0,1
30982,2,2,2,0,6,12,2,0,0,1,1,0,2,0,0,1
30983,2,2,2,0,6,12,3,1,1,,,4,2,1,0,1
30984,2,2,2,0,6,13,0,1,1,,,4,2,1,0,1
30985,2,2,2,0,6,13,1,0,0,1,1,0,2,0,0,1
30986,2,2,2,0,6,13,2,0,0,1,1,0,2,0,0,1
30987,2,2,2,0,6,13,3,1,1,,,4,2,1,0,1
30988,2,2,2,0,6,14,0,1,1,,,4,2,1,0,1
30989,2,2,2,0,6,14,1,0,0,1,1,0,2,0,0,1
30990,2,2,2,0,6,14,2,0,0,1,1,0,2,0,0,1
30991,2,2,2,0,6,14,3,1,1,,,4,2,1,0,1
30992,2,2,2,0,6,15,0,1,1,,,4,2,1,0,1
30993,2,2,2,0,6,15,1,0,0,1,1,0,2,0,0,1
30994,2,2,2,0,6,15,2,0,0,1,1,0,2,0,0,1
30995,2,2,2,0,6,15,3,1,1,,,4,2,1,0,1
30996,2,2,2,0,7,0,0,1,1,,,4,2,1,0,1
30997,2,2,2,0,7,0,1,0,0,1,1,0,2,0,0,1
30998,2,2,2,0,7,0,2,0,0,1,1,0,2,0,0,1
30999,2,2,2,0,7,0,3,1,1,,,4,2,1,0,1
31000,2,2,2,0,7,1,0,1,1,,,4,2,1,0,1
31001,2,2,2,0,7,1,1,0,0,1,1,0,2,0,0,1
31002,2,2,2,0,7,1,2,0,0,1,1,0,2,0,0,1
31003,2,2,2,0,7,1,3,1,1,,,4,2,1,0,1
31004,2,2,2,0,7,2,0,1,1,,,4,2,1,0,1
31005,2,2,2,0,7,2,1,0,0,1,1,0,2,0,0,1
31006,2,2,2,0,7,2,2,0,0,1,1,0,2,0,0,1
31007,2,2,2,0,7,2,3,1,1,,,4,2,1,0,1
31008,2,2,2,0,7,3,0,1,1,,,4,2,1,0,1
31009,2,2,2,0,7,3,1,0,0,1,1,0,2,0,0,1
31010,2,2,2,0,7,3,2,0,0,1,1,0,2,0,0,1
31011,2,2,2,0,7,3,3,1,1,,,4,2,1,0,1
31012,2,2,2,0,7,4,0,1,1,,,4,2,1,0,1
31013,2,2,2,0,7,4,1,0,0,1,1,0,2,0,0,1
31014,2,2,2,0,7,4,2,0,0,1,1,0,2,0,0,1
31015,2,2,2,0,7,4,3,1,1,,,4,2,1,0,1
31016,2,2,2,0,7,5,0,1,1,,,4,2,1,0,1
31017,2,2,2,0,7,5,1,0,0,1,1,0,2,0,0,1
31018,2,2,2,0,7,5,2,0,0,1,1,0,2,0,0,1
31019,2,2,2,0,7,5,3,1,1,,,4,2,1,0,1
31020,2,2,2,0,7,6,0,1,1,,,4,2,1,0,1
31021,2,2,2,0,7,6,1,0,0,1,1,0,2,0,0,1
31022,2,2,2,0,7,6,2,0,0,1,1,0,2,0,0,1
31023,2,2,2,0,7,6,3,1,1,,,4,2,1,0,1
31024,2,2,2,0,7,7,0,1,1,,,4,2,1,0,1
31025,2,2,2,0,7,7,1,0,0,1,1,0,2,0,0,1
31026,2,2,2,0,7,7,2,0,0,1,1,0,2,0,0,1
31027,2,2,2,0,7,7,3,1,1,,,4,2,1,0,1
31028,2,2,2,0,7,8,0,1,1,,,4,2,1,0,1
31029,2,2,2,0,7,8,1,0,0,1,1,0,2,0,0,1
31030,2,2,2,0,7,8,2,0,0,1,1,0,2,0,0,1
31031,2,2,2,0,7,8,3,1,1,,,4,2,1,0,1
31032,2,2,2,0,7,9,0,1,1,,,4,2,1,0,1
31033,2,2,2,0,7,9,1,0,0,1,1,0,2,0,0,1
31034,2,2,2,0,7,9,2,0,0,1,1,0,2,0,0,1
31035,2,2,2,0,7,9,3,1,1,,,4,2,1,0,1
31036,2,2,2,0,7,10,0,1,1,,,4,2,1,0,1
31037,2,2,2,0,7,10,1,0,0,1,1,0,2,0,0,1
31038,2,2,2,0,7,10,2,0,0,1,1,0,2,0,0,1
31039,2,2,2,0,7,10,3,1,1,,,4,2,1,0,1
31040,2,2,2,0,7,11,0,1,1,,,4,2,1,0,1
31041,2,2,2,0,7,11,1,0,0,1,1,0,2,0,0,1
31042,2,2,2,0,7,11,2,0,0,1,1,0,2,0,0,1
31043,2,2,2,0,7,11,3,1,1,,,4,2,1,0,1
31044,2,2,2,0,7,12,0,1,1,,,4,2,1,0,1
31045,2,2,2,0,7,12,1,0,0,1,1,0,2,0,0,1
31046,2,2,2,0,7,12,2,0,0,1,1,0,2,0,0,1
31047,2,2,2,0,7,12,3,1,1,,,4,2,1,0,1
31048,2,2,2,0,7,13,0,1,1,,,4,2,1,0,1
31049,2,2,2,0,7,13,1,0,0,1,1,0,2,0,0,1
31050,2,2,2,0,7,13,2,0,0,1,1,0,2,0,0,1
31051,2,2,2,0,7,13,3,1,1,,,4,2,1,0,1
31052,2,2,2,0,7,14,0,1,1,,,4,2,1,0,1
31053,2,2,2,0,7,14,1,0,0,1,1,0,2,0,0,1
31054,2,2,2,0,7,14,2,0,0,1,1,0,2,0,0,1
31055,2,2,2,0,7,14,3,1,1,,,4,2,1,0,1
31056,2,2,2,0,7,15,0,1,1,,,4,2,1,0,1
31057,2,2,2,0,7,15,1,0,0,1,1,0,2,0,0,1
31058,2,2,2,0,7,15,2,0,0,1,1,0,2,0,0,1
31059,2,2,2,0,7,15,3,1,1,,,4,2,1,0,1
31060,2,2,2,0,8,0,0,1,1,,,4,1,1,1,1
31061,2,2,2,0,8,0,1,1,1,,,2,1,1,1,1
31062,2,2,2,0,8,0,2,1,1,,,2,1,1,1,1
31063,2,2,2,0,8,0,3,1,1,,,4,1,1,1,1
31064,2,2,2,0,8,1,0,1,1,,,4,1,1,1,1
31065,2,2,2,0,8,1,1,1,1,,,2,1,1,1,1
31066,2,2,2,0,8,1,2,1,1,,,2,1,1,1,1
31067,2,2,2,0,8,1,3,1,1,,,4,1,1,1,1
31068,2,2,2,0,8,2,0,1,1,,,4,1,1,1,1
31069,2,2,2,0,8,2,1,1,1,,,2,1,1,1,1
31070,2,2,2,0,8,2,2,1,1,,,2,1,1,1,1
31071,2,2,2,0,8,2,3,1,1,,,4,1,1,1,1
31072,2,2,2,0,8,3,0,1,1,,,4,1,1,1,1
31073,2,2,2,0,8,3,1,1,1,,,2,1,1,1,1
31074,2,2,2,0,8,3,2,1,1,,,2,1,1,1,1
31075,2,2,2,0,8,3,3,1,1,,,4,1,1,1,1
31076,2,2,2,0,8,4,0,1,1,,,4,1,1,1,1
31077,2,2,2,0,8,4,1,1,1,,,2,1,1,1,1
31078,2,2,2,0,8,4,2,1,1,,,2,1,1,1,1
31079,2,2,2,0,8,4,3,1,1,,,4,1,1,1,1
31080,2,2,2,0,8,5,0,1,1,,,4,1,1,1,1
31081,2,2,2,0,8,5,1,1,1,,,2,1,1,1,1
31082,2,2,2,0,8,5,2,1,1,,,2,1,1,1,1
31083,2,2,2,0,8,5,3,1,1,,,4,1,1,1,1
31084,2,2,2,0,8,6,0,1,1,,,4,1,1,1,1
31085,2,2,2,0,8,6,1,1,1,,,2,1,1,1,1
31086,2,2,2,0,8,6,2,1,1,,,2,1,1,1,1
31087,2,2,2,0,8,6,3,1,1,,,4,1,1,1,1
31088,2,2,2,0,8,7,0,1,1,,,4,1,1,1,1
31089,2,2,2,0,8,7,1,1,1,,,2,1,1,1,1
31090,2,2,2,0,8,7,2,1,1,,,2,1,1,1,1
31091,2,2,2,0,8,7,3,1,1,,,4,1,1,1,1
31092,2,2,2,0,8,8,0,1,1,,,4,1,1,1,1
31093,2,2,2,0,8,8,1,1,1,,,2,1,1,1,1
31094,2,2,2,0,8,8,2,1,1,,,2,1,1,1,1
31095,2,2,2,0,8,8,3,1,1,,,4,1,1,1,1
31096,2,2,2,0,8,9,0,1,1,,,4,1,1,1,1
31097,2,2,2,0,8,9,1,1,1,,,2,1,1,1,1
31098,2,2,2,0,8,9,2,1,1,,,2,1,1,1,1
31099,2,2,2,0,8,9,3,1,1,,,4,1,1,1,1
31100,2,2,2,0,8,10,0,1,1,,,4,1,1,1,1
31101,2,2,2,0,8,10,1,1,1,,,2,1,1,1,1
31102,2,2,2,0,8,10,2,1,1,,,2,1,1,1,1
31103,2,2,2,0,8,10,3,1,1,,,4,1,1,1,1
31104,2,2,2,0,8,11,0,1,1,,,4,1,1,1,1
31105,2,2,2,0,8,11,1,1,1,,,2,1,1,1,1
31106,2,2,2,0,8,11,2,1,1,,,2,1,1,1,1
31107,2,2,2,0,8,11,3,1,1,,,4,1,1,1,1
31108,2,2,2,0,8,12,0,1,1,,,4,1,1,1,1
31109,2,2,2,0,8,12,1,1,1,,,2,1,1,1,1
31110,2,2,2,0,8,12,2,1,1,,,2,1,1,1,1
31111,2,2,2,0,8,12,3,1,1,,,4,1,1,1,1
31112,2,2,2,0,8,13,0,1,1,,,4,1,1,1,1
31113,2,2,2,0,8,13,1,1,1,,,2,1,1,1,1
31114,2,2,2,0,8,13,2,1,1,,,2,1,1,1,1
31115,2,2,2,0,8,13,3,1,1,,,4,1,1,1,1
31116,2,2,2,0,8,14,0,1,1,,,4,1,1,1,1
31117,2,2,2,0,8,14,1,1,1,,,2,1,1,1,1
31118,2,2,2,0,8,14,2,1,1,,,2,1,1,1,1
31119,2,2,2,0,8,14,3,1,1,,,4,1,1,1,1
31120,2,2,2,0,8,15,0,1,1,,,4,1,1,1,1
31121,2,2,2,0,8,15,1,1,1,,,2,1,1,1,1
31122,2,2,2,0,8,15,2,1,1,,,2,1,1,1,1
31123,2,2,2,0,8,15,3,1,1,,,4,1,1,1,1
31124,2,2,2,0,9,0,0,1,1,,,4,2,1,0,1
31125,2,2,2,0,9,0,1,0,0,1,1,0,2,0,0,1
31126,2,2,2,0,9,0,2,0,0,1,1,0,2,0,0,1
31127,2,2,2,0,9,0,3,1,1,,,4,2,1,0,1
31128,2,2,2,0,9,1,0,1,1,,,4,2,1,0,1
31129,2,2,2,0,9,1,1,0,0,1,1,0,2,0,0,1
31130,2,2,2,0,9,1,2,0,0,1,1,0,2,0,0,1
31131,2,2,2,0,9,1,3,1,1,,,4,2,1,0,1
31132,2,2,2,0,9,2,0,1,1,,,4,2,1,0,1
31133,2,2,2,0,9,2,1,0,0,1,1,0,2,0,0,1
31134,2,2,2,0,9,2,2,0,0,1,1,0,2,0,0,1
31135,2,2,2,0,9,2,3,1,1,,,4,2,1,0,1
31136,2,2,2,0,9,3,0,1,1,,,4,2,1,0,1
31137,2,2,2,0,9,3,1,0,0,1,1,0,2,0,0,1
31138,2,2,2,0,9,3,2,0,0,1,1,0,2,0,0,1
31139,2,2,2,0,9,3,3,1,1,,,4,2,1,0,1
31140,2,2,2,0,9,4,0,1,1,,,4,2,1,0,1
31141,2,2,2,0,9,4,1,0,0,1,1,0,2,0,0,1
31142,2,2,2,0,9,4,2,0,0,1,1,0,2,0,0,1
31143,2,2,2,0,9,4,3,1,1,,,4,2,1,0,1
31144,2,2,2,0,9,5,0,1,1,,,4,2,1,0,1
31145,2,2,2,0,9,5,1,0,0,1,1,0,2,0,0,1
31146,2,2,2,0,9,5,2,0,0,1,1,0,2,0,0,1
31147,2,2,2,0,9,5,3,1,1,,,4,2,1,0,1
31148,2,2,2,0,9,6,0,1,1,,,4,2,1,0,1
31149,2,2,2,0,9,6,1,0,0,1,1,0,2,0,0,1
31150,2,2,2,0,9,6,2,0,0,1,1,0,2,0,0,1
31151,2,2,2,0,9,6,3,1,1,,,4,2,1,0,1
31152,2,2,2,0,9,7,0,1,1,,,4,2,1,0,1
31153,2,2,2,0,9,7,1,0,0,1,1,0,2,0,0,1
31154,2,2,2,0,9,7,2,0,0,1,1,0,2,0,0,1
31155,2,2,2,0,9,7,3,1,1,,,4,2,1,0,1
31156,2,2,2,0,9,8,0,1,1,,,4,2,1,0,1
31157,2,2,2,0,9,8,1,0,0,1,1,0,2,0,0,1
31158,2,2,2,0,9,8,2,0,0,1,1,0,2,0,0,1
31159,2,2,2,0,9,8,3,1,1,,,4,2,1,0,1
31160,2,2,2,0,9,9,0,1,1,,,4,2,1,0,1
31161,2,2,2,0,9,9,1,0,0,1,1,0,2,0,0,1
31162,2,2,2,0,9,9,2,0,0,1,1,0,2,0,0,1
31163,2,2,2,0,9,9,3,1,1,,,4,2,1,0,1
31164,2,2,2,0,9,10,0,1,1,,,4,2,1,0,1
31165,2,2,2,0,9,10,1,0,0,1,1,0,2,0,0,1
31166,2,2,2,0,9,10,2,0,0,1,1,0,2,0,0,1
31167,2,2,2,0,9,10,3,1,1,,,4,2,1,0,1
31168,2,2,2,0,9,11,0,1,1,,,4,2,1,0,1
31169,2,2,2,0,9,11,1,0,0,1,1,0,2,0,0,1
31170,2,2,2,0,9,11,2,0,0,1,1,0,2,0,0,1
31171,2,2,2,0,9,11,3,1,1,,,4,2,1,0,1
31172,2,2,2,0,9,12,0,1,1,,,4,2,1,0,1
31173,2,2,2,0,9,12,1,0,0,1,1,0,2,0,0,1
31174,2,2,2,0,9,12,2,0,0,1,1,0,2,0,0,1
31175,2,2,2,0,9,12,3,1,1,,,4,2,1,0,1
31176,2,2,2,0,9,13,0,1,1,,,4,2,1,0,1
31177,2,2,2,0,9,13,1,0,0,1,1,0,2,0,0,1
31178,2,2,2,0,9,13,2,0,0,1,1,0,2,0,0,1
31179,2,2,2,0,9,13,3,1,1,,,4,2,1,0,1
31180,2,2,2,0,9,14,0,1,1,,,4,2,1,0,1
31181,2,2,2,0,9,14,1,0,0,1,1,0,2,0,0,1
31182,2,2,2,0,9,14,2,0,0,1,1,0,2,0,0,1
31183,2,2,2,0,9,14,3,1,1,,,4,2,1,0,1
31184,2,2,2,0,9,15,0,1,1,,,4,2,1,0,1
31185,2,2,2,0,9,15,1,0,0,1,1,0,2,0,0,1
31186,2,2,2,0,9,15,2,0,0,1,1,0,2,0,0,1
31187,2,2,2,0,9,15,3,1,1,,,4,2,1,0,1
31188,2,2,2,0,10,0,0,1,1,,,4,2,1,0,1
31189,2,2,2,0,10,0,1,0,0,1,1,0,2,0,0,1
31190,2,2,2,0,10,0,2,0,0,1,1,0,2,0,0,1
31191,2,2,2,0,10,0,3,1,1,,,4,2,1,0,1
31192,2,2,2,0,10,1,0,1,1,,,4,2,1,0,1
31193,2,2,2,0,10,1,1,0,0,1,1,0,2,0,0,1
31194,2,2,2,0,10,1,2,0,0,1,1,0,2,0,0,1
31195,2,2,2,0,10,1,3,1,1,,,4,2,1,0,1
31196,2,2,2,0,10,2,0,1,1,,,4,2,1,0,1
31197,2,2,2,0,10,2,1,0,0,1,1,0,2,0,0,1
31198,2,2,2,0,10,2,2,0,0,1,1,0,2,0,0,1
31199,2,2,2,0,10,2,3,1,1,,,4,2,1,0,1
31200,2,2,2,0,10,3,0,1,1,,,4,2,1,0,1
31201,2,2,2,0,10,3,1,0,0,1,1,0,2,0,0,1
31202,2,2,2,0,10,3,2,0,0,1,1,0,2,0,0,1
31203,2,2,2,0,10,3,3,1,1,,,4,2,1,0,1
31204,2,2,2,0,10,4,0,1,1,,,4,2,1,0,1
31205,2,2,2,0,10,4,1,0,0,1,1,0,2,0,0,1
31206,2,2,2,0,10,4,2,0,0,1,1,0,2,0,0,1
31207,2,2,2,0,10,4,3,1,1,,,4,2,1,0,1
31208,2,2,2,0,10,5,0,1,1,,,4,2,1,0,1
31209,2,2,2,0,10,5,1,0,0,1,1,0,2,0,0,1
31210,2,2,2,0,10,5,2,0,0,1,1,0,2,0,0,1
31211,2,2,2,0,10,5,3,1,1,,,4,2,1,0,1
31212,2,2,2,0,10,6,0,1,1,,,4,2,1,0,1
31213,2,2,2,0,10,6,1,0,0,1,1,0,2,0,0,1
31214,2,2,2,0,10,6,2,0,0,1,1,0,2,0,0,1
31215,2,2,2,0,10,6,3,1,1,,,4,2,1,0,1
31216,2,2,2,0,10,7,0,1,1,,,4,2,1,0,1
31217,2,2,2,0,10,7,1,0,0,1,1,0,2,0,0,1
31218,2,2,2,0,10,7,2,0,0,1,1,0,2,0,0,1
31219,2,2,2,0,10,7,3,1,1,,,4,2,1,0,1
31220,2,2,2,0,10,8,0,1,1,,,4,2,1,0,1
31221,2,2,2,0,10,8,1,0,0,1,1,0,2,0,0,1
31222,2,2,2,0,10,8,2,0,0,1,1,0,2,0,0,1
31223,2,2,2,0,10,8,3,1,1,,,4,2,1,0,1
31224,2,2,2,0,10,9,0,1,1,,,4,2,1,0,1
31225,2,2,2,0,10,9,1,0,0,1,1,0,2,0,0,1
31226,2,2,2,0,10,9,2,0,0,1,1,0,2,0,0,1
31227,2,2,2,0,10,9,3,1,1,,,4,2,1,0,1
31228,2,2,2,0,10,10,0,1,1,,,4,2,1,0,1
31229,2,2,2,0,10,10,1,0,0,1,1,0,2,0,0,1
31230,2,2,2,0,10,10,2,0,0,1,1,0,2,0,0,1
31231,2,2,2,0,10,10,3,1,1,,,4,2,1,0,1
31232,2,2,2,0,10,11,0,1,1,,,4,2,1,0,1
31233,2,2,2,0,10,11,1,0,0,1,1,0,2,0,0,1
31234,2,2,2,0,10,11,2,0,0,1,1,0,2,0,0,1
31235,2,2,2,0,10,11,3,1,1,,,4,2,1,0,1
31236,2,2,2,0,10,12,0,1,1,,,4,2,1,0,1
31237,2,2,2,0,10,12,1,0,0,1,1,0,2,0,0,1
31238,2,2,2,0,10,12,2,0,0,1,1,0,2,0,0,1
31239,2,2,2,0,10,12,3,1,1,,,4,2,1,0,1
31240,2,2,2,0,10,13,0,1,1,,,4,2,1,0,1
31241,2,2,2,0,10,13,1,0,0,1,1,0,2,0,0,1
31242,2,2,2,0,10,13,2,0,0,1,1,0,2,0,0,1
31243,2,2,2,0,10,13,3,1,1,,,4,2,1,0,1
31244,2,2,2,0,10,14,0,1,1,,,4,2,1,0,1
31245,2,2,2,0,10,14,1,0,0,1,1,0,2,0,0,1
31246,2,2,2,0,10,14,2,0,0,1,1,0,2,0,0,1
31247,2,2,2,0,10,14,3,1,1,,,4,2,1,0,1
31248,2,2,2,0,10,15,0,1,1,,,4,2,1,0,1
31249,2,2,2,0,10,15,1,0,0,1,1,0,2,0,0,1
31250,2,2,2,0,10,15,2,0,0,1,1,0,2,0,0,1
31251,2,2,2,0,10,15,3,1,1,,,4,2,1,0,1
31252,2,2,2,0,11,0,0,1,1,,,4,2,1,0,1
31253,2,2,2,0,11,0,1,0,0,1,1,0,2,0,0,1
31254,2,2,2,0,11,0,2,0,0,1,1,0,2,0,0,1
31255,2,2,2,0,11,0,3,1,1,,,4,2,1,0,1
31256,2,2,2,0,11,1,0,1,1,,,4,2,1,0,1
31257,2,2,2,0,11,1,1,0,0,1,1,0,2,0,0,1
31258,2,2,2,0,11,1,2,0,0,1,1,0,2,0,0,1
31259,2,2,2,0,11,1,3,1,1,,,4,2,1,0,1
31260,2,2,2,0,11,2,0,1,1,,,4,2,1,0,1
31261,2,2,2,0,11,2,1,0,0,1,1,0,2,0,0,1
31262,2,2,2,0,11,2,2,0,0,1,1,0,2,0,0,1
31263,2,2,2,0,11,2,3,1,1,,,4,2,1,0,1
31264,2,2,2,0,11,3,0,1,1,,,4,2,1,0,1
31265,2,2,2,0,11,3,1,0,0,1,1,0,2,0,0,1
31266,2,2,2,0,11,3,2,0,0,1,1,0,2,0,0,1
31267,2,2,2,0,11,3,3,1,1,,,4,2,1,0,1
31268,2,2,2,0,11,4,0,1,1,,,4,2,1,0,1
31269,2,2,2,0,11,4,1,0,0,1,1,0,2,0,0,1
31270,2,2,2,0,11,4,2,0,0,1,1,0,2,0,0,1
31271,2,2,2,0,11,4,3,1,1,,,4,2,1,0,1
31272,2,2,2,0,11,5,0,1,1,,,4,2,1,0,1
31273,2,2,2,0,11,5,1,0,0,1,1,0,2,0,0,1
31274,2,2,2,0,11,5,2,0,0,1,1,0,2,0,0,1
31275,2,2,2,0,11,5,3,1,1,,,4,2,1,0,1
31276,2,2,2,0,11,6,0,1,1,,,4,2,1,0,1
31277,2,2,2,0,11,6,1,0,0,1,1,0,2,0,0,1
31278,2,2,2,0,11,6,2,0,0,1,1,0,2,0,0,1
31279,2,2,2,0,11,6,3,1,1,,,4,2,1,0,1
31280,2,2,2,0,11,7,0,1,1,,,4,2,1,0,1
31281,2,2,2,0,11,7,1,0,0,1,1,0,2,0,0,1
31282,2,2,2,0,11,7,2,0,0,1,1,0,2,0,0,1
31283,2,2,2,0,11,7,3,1,1,,,4,2,1,0,1
31284,2,2,2,0,11,8,0,1,1,,,4,2,1,0,1
31285,2,2,2,0,11,8,1,0,0,1,1,0,2,0,0,1
31286,2,2,2,0,11,8,2,0,0,1,1,0,2,0,0,1
31287,2,2,2,0,11,8,3,1,1,,,4,2,1,0,1
31288,2,2,2,0,11,9,0,1,1,,,4,2,1,0,1
31289,2,2,2,0,11,9,1,0,0,1,1,0,2,0,0,1
31290,2,2,2,0,11,9,2,0,0,1,1,0,2,0,0,1
31291,2,2,2,0,11,9,3,1,1,,,4,2,1,0,1
31292,2,2,2,0,11,10,0,1,1,,,4,2,1,0,1
31293,2,2,2,0,11,10,1,0,0,1,1,0,2,0,0,1
31294,2,2,2,0,11,10,2,0,0,1,1,0,2,0,0,1
31295,2,2,2,0,11,10,3,1,1,,,4,2,1,0,1
31296,2,2,2,0,11,11,0,1,1,,,4,2,1,0,1
31297,2,2,2,0,11,11,1,0,0,1,1,0,2,0,0,1
31298,2,2,2,0,11,11,2,0,0,1,1,0,2,0,0,1
31299,2,2,2,0,11,11,3,1,1,,,4,2,1,0,1
31300,2,2,2,0,11,12,0,1,1,,,4,2,1,0,1
31301,2,2,2,0,11,12,1,0,0,1,1,0,2,0,0,1
31302,2,2,2,0,11,12,2,0,0,1,1,0,2,0,0,1
31303,2,2,2,0,11,12,3,1,1,,,4,2,1,0,1
31304,2,2,2,0,11,13,0,1,1,,,4,2,1,0,1
31305,2,2,2,0,11,13,1,0,0,1,1,0,2,0,0,1
31306,2,2,2,0,11,13,2,0,0,1,1,0,2,0,0,1
31307,2,2,2,0,11,13,3,1,1,,,4,2,1,0,1
31308,2,2,2,0,11,14,0,1,1,,,4,2,1,0,1
31309,2,2,2,0,11,14,1,0,0,1,1,0,2,0,0,1
31310,2,2,2,0,11,14,2,0,0,1,1,0,2,0,0,1
31311,2,2,2,0,11,14,3,1,1,,,4,2,1,0,1
31312,2,2,2,0,11,15,0,1,1,,,4,2,1,0,1
31313,2,2,2,0,11,15,1,0,0,1,1,0,2,0,0,1
31314,2,2,2,0,11,15,2,0,0,1,1,0,2,0,0,1
31315,2,2,2,0,11,15,3,1,1,,,4,2,1,0,1
31316,2,2,2,0,12,0,0,1,1,,,4,1,1,1,1
31317,2,2,2,0,12,0,1,1,1,,,2,1,1,1,1
31318,2,2,2,0,12,0,2,1,1,,,2,1,1,1,1
31319,2,2,2,0,12,0,3,1,1,,,4,1,1,1,1
31320,2,2,2,0,12,1,0,1,1,,,4,1,1,1,1
31321,2,2,2,0,12,1,1,1,1,,,2,1,1,1,1
31322,2,2,2,0,12,1,2,1,1,,,2,1,1,1,1
31323,2,2,2,0,12,1,3,1,1,,,4,1,1,1,1
31324,2,2,2,0,12,2,0,1,1,,,4,1,1,1,1
31325,2,2,2,0,12,2,1,1,1,,,2,1,1,1,1
31326,2,2,2,0,12,2,2,1,1,,,2,1,1,1,1
31327,2,2,2,0,12,2,3,1,1,,,4,1,1,1,1
31328,2,2,2,0,12,3,0,1,1,,,4,1,1,1,1
31329,2,2,2,0,12,3,1,1,1,,,2,1,1,1,1
31330,2,2,2,0,12,3,2,1,1,,,2,1,1,1,1
31331,2,2,2,0,12,3,3,1,1,,,4,1,1,1,1
31332,2,2,2,0,12,4,0,1,1,,,4,1,1,1,1
31333,2,2,2,0,12,4,1,1,1,,,2,1,1,1,1
31334,2,2,2,0,12,4,2,1,1,,,2,1,1,1,1
31335,2,2,2,0,12,4,3,1,1,,,4,1,1,1,1
31336,2,2,2,0,12,5,0,1,1,,,4,1,1,1,1
31337,2,2,2,0,12,5,1,1,1,,,2,1,1,1,1
31338,2,2,2,0,12,5,2,1,1,,,2,1,1,1,1
31339,2,2,2,0,12,5,3,1,1,,,4,1,1,1,1
31340,2,2,2,0,12,6,0,1,1,,,4,1,1,1,1
31341,2,2,2,0,12,6,1,1,1,,,2,1,1,1,1
31342,2,2,2,0,12,6,2,1,1,,,2,1,1,1,1
31343,2,2,2,0,12,6,3,1,1,,,4,1,1,1,1
31344,2,2,2,0,12,7,0,1,1,,,4,1,1,1,1
31345,2,2,2,0,12,7,1,1,1,,,2,1,1,1,1
31346,2,2,2,0,12,7,2,1,1,,,2,1,1,1,1
31347,2,2,2,0,12,7,3,1,1,,,4,1,1,1,1
31348,2,2,2,0,12,8,0,1,1,,,4,1,1,1,1
31349,2,2,2,0,12,8,1,1,1,,,2,1,1,1,1
31350,2,2,2,0,12,8,2,1,1,,,2,1,1,1,1
31351,2,2,2,0,12,8,3,1,1,,,4,1,1,1,1
31352,2,2,2,0,12,9,0,1,1,,,4,1,1,1,1
31353,2,2,2,0,12,9,1,1,1,,,2,1,1,1,1
31354,2,2,2,0,12,9,2,1,1,,,2,1,1,1,1
31355,2,2,2,0,12,9,3,1,1,,,4,1,1,1,1
31356,2,2,2,0,12,10,0,1,1,,,4,1,1,1,1
31357,2,2,2,0,12,10,1,1,1,,,2,1,1,1,1
31358,2,2,2,0,12,10,2,1,1,,,2,1,1,1,1
31359,2,2,2,0,12,10,3,1,1,,,4,1,1,1,1
31360,2,2,2,0,12,11,0,1,1,,,4,1,1,1,1
31361,2,2,2,0,12,11,1,1,1,,,2,1,1,1,1
31362,2,2,2,0,12,11,2,1,1,,,2,1,1,1,1
31363,2,2,2,0,12,11,3,1,1,,,4,1,1,1,1
31364,2,2,2,0,12,12,0,1,1,,,4,1,1,1,1
31365,2,2,2,0,12,12,1,1,1,,,2,1,1,1,1
31366,2,2,2,0,12,12,2,1,1,,,2,1,1,1,1
31367,2,2,2,0,12,12,3,1,1,,,4,1,1,1,1
31368,2,2,2,0,12,13,0,1,1,,,4,1,1,1,1
31369,2,2,2,0,12,13,1,1,1,,,2,1,1,1,1
31370,2,2,2,0,12,13,2,1,1,,,2,1,1,1,1
31371,2,2,2,0,12,13,3,1,1,,,4,1,1,1,1
31372,2,2,2,0,12,14,0,1,1,,,4,1,1,1,1
31373,2,2,2,0,12,14,1,1,1,,,2,1,1,1,1
31374,2,2,2,0,12,14,2,1,1,,,2,1,1,1,1
31375,2,2,2,0,12,14,3,1,1,,,4,1,1,1,1
31376,2,2,2,0,12,15,0,1,1,,,4,1,1,1,1
31377,2,2,2,0,12,15,1,1,1,,,2,1,1,1,1
31378,2,2,2,0,12,15,2,1,1,,,2,1,1,1,1
31379,2,2,2,0,12,15,3,1,1,,,4,1,1,1,1
31380,2,2,2,0,13,0,0,1,1,,,4,2,1,0,1
31381,2,2,2,0,13,0,1,0,0,1,1,0,2,0,0,1
31382,2,2,2,0,13,0,2,0,0,1,1,0,2,0,0,1
31383,2,2,2,0,13,0,3,1,1,,,4,2,1,0,1
31384,2,2,2,0,13,1,0,1,1,,,4,2,1,0,1
31385,2,2,2,0,13,1,1,0,0,1,1,0,2,0,0,1
31386,2,2,2,0,13,1,2,0,0,1,1,0,2,0,0,1
31387,2,2,2,0,13,1,3,1,1,,,4,2,1,0,1
31388,2,2,2,0,13,2,0,1,1,,,4,2,1,0,1
31389,2,2,2,0,13,2,1,0,0,1,1,0,2,0,0,1
31390,2,2,2,0,13,2,2,0,0,1,1,0,2,0,0,1
31391,2,2,2,0,13,2,3,1,1,,,4,2,1,0,1
31392,2,2,2,0,13,3,0,1,1,,,4,2,1,0,1
31393,2,2,2,0,13,3,1,0,0,1,1,0,2,0,0,1
31394,2,2,2,0,13,3,2,0,0,1,1,0,2,0,0,1
31395,2,2,2,0,13,3,3,1,1,,,4,2,1,0,1
31396,2,2,2,0,13,4,0,1,1,,,4,2,1,0,1
31397,2,2,2,0,13,4,1,0,0,1,1,0,2,0,0,1
31398,2,2,2,0,13,4,2,0,0,1,1,0,2,0,0,1
31399,2,2,2,0,13,4,3,1,1,,,4,2,1,0,1
31400,2,2,2,0,13,5,0,1,1,,,4,2,1,0,1
31401,2,2,2,0,13,5,1,0,0,1,1,0,2,0,0,1
31402,2,2,2,0,13,5,2,0,0,1,1,0,2,0,0,1
31403,2,2,2,0,13,5,3,1,1,,,4,2,1,0,1
31404,2,2,2,0,13,6,0,1,1,,,4,2,1,0,1
31405,2,2,2,0,13,6,1,0,0,1,1,0,2,0,0,1
31406,2,2,2,0,13,6,2,0,0,1,1,0,2,0,0,1
31407,2,2,2,0,13,6,3,1,1,,,4,2,1,0,1
31408,2,2,2,0,13,7,0,1,1,,,4,2,1,0,1
31409,2,2,2,0,13,7,1,0,0,1,1,0,2,0,0,1
31410,2,2,2,0,13,7,2,0,0,1,1,0,2,0,0,1
31411,2,2,2,0,13,7,3,1,1,,,4,2,1,0,1
31412,2,2,2,0,13,8,0,1,1,,,4,2,1,0,1
31413,2,2,2,0,13,8,1,0,0,1,1,0,2,0,0,1
31414,2,2,2,0,13,8,2,0,0,1,1,0,2,0,0,1
31415,2,2,2,0,13,8,3,1,1,,,4,2,1,0,1
31416,2,2,2,0,13,9,0,1,1,,,4,2,1,0,1
31417,2,2,2,0,13,9,1,0,0,1,1,0,2,0,0,1
31418,2,2,2,0,13,9,2,0,0,1,1,0,2,0,0,1
31419,2,2,2,0,13,9,3,1,1,,,4,2,1,0,1
31420,2,2,2,0,13,10,0,1,1,,,4,2,1,0,1
31421,2,2,2,0,13,10,1,0,0,1,1,0,2,0,0,1
31422,2,2,2,0,13,10,2,0,0,1,1,0,2,0,0,1
31423,2,2,2,0,13,10,3,1,1,,,4,2,1,0,1
31424,2,2,2,0,13,11,0,1,1,,,4,2,1,0,1
31425,2,2,2,0,13,11,1,0,0,1,1,0,2,0,0,1
31426,2,2,2,0,13,11,2,0,0,1,1,0,2,0,0,1
31427,2,2,2,0,13,11,3,1,1,,,4,2,1,0,1
31428,2,2,2,0,13,12,0,1,1,,,4,2,1,0,1
31429,2,2,2,0,13,12,1,0,0,1,1,0,2,0,0,1
31430,2,2,2,0,13,12,2,0,0,1,1,0,2,0,0,1
31431,2,2,2,0,13,12,3,1,1,,,4,2,1,0,1
31432,2,2,2,0,13,13,0,1,1,,,4,2,1,0,1
31433,2,2,2,0,13,13,1,0,0,1,1,0,2,0,0,1
31434,2,2,2,0,13,13,2,0,0,1,1,0,2,0,0,1
31435,2,2,2,0,13,13,3,1,1,,,4,2,1,0,1
31436,2,2,2,0,13,14,0,1,1,,,4,2,1,0,1
31437,2,2,2,0,13,14,1,0,0,1,1,0,2,0,0,1
31438,2,2,2,0,13,14,2,0,0,1,1,0,2,0,0,1
31439,2,2,2,0,13,14,3,1,1,,,4,2,1,0,1
31440,2,2,2,0,13,15,0,1,1,,,4,2,1,0,1
31441,2,2,2,0,13,15,1,0,0,1,1,0,2,0,0,1
31442,2,2,2,0,13,15,2,0,0,1,1,0,2,0,0,1
31443,2,2,2,0,13,15,3,1,1,,,4,2,1,0,1
31444,2,2,2,0,14,0,0,1,1,,,4,2,1,0,1
31445,2,2,2,0,14,0,1,0,0,1,1,0,2,0,0,1
31446,2,2,2,0,14,0,2,0,0,1,1,0,2,0,0,1
31447,2,2,2,0,14,0,3,1,1,,,4,2,1,0,1
31448,2,2,2,0,14,1,0,1,1,,,4,2,1,0,1
31449,2,2,2,0,14,1,1,0,0,1,1,0,2,0,0,1
31450,2,2,2,0,14,1,2,0,0,1,1,0,2,0,0,1
31451,2,2,2,0,14,1,3,1,1,,,4,2,1,0,1
31452,2,2,2,0,14,2,0,1,1,,,4,2,1,0,1
31453,2,2,2,0,14,2,1,0,0,1,1,0,2,0,0,1
31454,2,2,2,0,14,2,2,0,0,1,1,0,2,0,0,1
31455,2,2,2,0,14,2,3,1,1,,,4,2,1,0,1
31456,2,2,2,0,14,3,0,1,1,,,4,2,1,0,1
31457,2,2,2,0,14,3,1,0,0,1,1,0,2,0,0,1
31458,2,2,2,0,14,3,2,0,0,1,1,0,2,0,0,1
31459,2,2,2,0,14,3,3,1,1,,,4,2,1,0,1
31460,2,2,2,0,14,4,0,1,1,,,4,2,1,0,1
31461,2,2,2,0,14,4,1,0,0,1,1,0,2,0,0,1
31462,2,2,2,0,14,4,2,0,0,1,1,0,2,0,0,1
31463,2,2,2,0,14,4,3,1,1,,,4,2,1,0,1
31464,2,2,2,0,14,5,0,1,1,,,4,2,1,0,1
31465,2,2,2,0,14,5,1,0,0,1,1,0,2,0,0,1
31466,2,2,2,0,14,5,2,0,0,1,1,0,2,0,0,1
31467,2,2,2,0,14,5,3,1,1,,,4,2,1,0,1
31468,2,2,2,0,14,6,0,1,1,,,4,2,1,0,1
31469,2,2,2,0,14,6,1,0,0,1,1,0,2,0,0,1
31470,2,2,2,0,14,6,2,0,0,1,1,0,2,0,0,1
31471,2,2,2,0,14,6,3,1,1,,,4,2,1,0,1
31472,2,2,2,0,14,7,0,1,1,,,4,2,1,0,1
31473,2,2,2,0,14,7,1,0,0,1,1,0,2,0,0,1
31474,2,2,2,0,14,7,2,0,0,1,1,0,2,0,0,1
31475,2,2,2,0,14,7,3,1,1,,,4,2,1,0,1
31476,2,2,2,0,14,8,0,1,1,,,4,2,1,0,1
31477,2,2,2,0,14,8,1,0,0,1,1,0,2,0,0,1
31478,2,2,2,0,14,8,2,0,0,1,1,0,2,0,0,1
31479,2,2,2,0,14,8,3,1,1,,,4,2,1,0,1
31480,2,2,2,0,14,9,0,1,1,,,4,2,1,0,1
31481,2,2,2,0,14,9,1,0,0,1,1,0,2,0,0,1
31482,2,2,2,0,14,9,2,0,0,1,1,0,2,0,0,1
31483,2,2,2,0,14,9,3,1,1,,,4,2,1,0,1
31484,2,2,2,0,14,10,0,1,1,,,4,2,1,0,1
31485,2,2,2,0,14,10,1,0,0,1,1,0,2,0,0,1
31486,2,2,2,0,14,10,2,0,0,1,1,0,2,0,0,1
31487,2,2,2,0,14,10,3,1,1,,,4,2,1,0,1
31488,2,2,2,0,14,11,0,1,1,,,4,2,1,0,1
31489,2,2,2,0,14,11,1,0,0,1,1,0,2,0,0,1
31490,2,2,2,0,14,11,2,0,0,1,1,0,2,0,0,1
31491,2,2,2,0,14,11,3,1,1,,,4,2,1,0,1
31492,2,2,2,0,14,12,0,1,1,,,4,2,1,0,1
31493,2,2,2,0,14,12,1,0,0,1,1,0,2,0,0,1
31494,2,2,2,0,14,12,2,0,0,1,1,0,2,0,0,1
31495,2,2,2,0,14,12,3,1,1,,,4,2,1,0,1
31496,2,2,2,0,14,13,0,1,1,,,4,2,1,0,1
31497,2,2,2,0,14,13,1,0,0,1,1,0,2,0,0,1
31498,2,2,2,0,14,13,2,0,0,1,1,0,2,0,0,1
31499,2,2,2,0,14,13,3,1,1,,,4,2,1,0,1
31500,2,2,2,0,14,14,0,1,1,,,4,2,1,0,1
31501,2,2,2,0,14,14,1,0,0,1,1,0,2,0,0,1
31502,2,2,2,0,14,14,2,0,0,1,1,0,2,0,0,1
31503,2,2,2,0,14,14,3,1,1,,,4,2,1,0,1
31504,2,2,2,0,14,15,0,1,1,,,4,2,1,0,1
31505,2,2,2,0,14,15,1,0,0,1,1,0,2,0,0,1
31506,2,2,2,0,14,15,2,0,0,1,1,0,2,0,0,1
31507,2,2,2,0,14,15,3,1,1,,,4,2,1,0,1
31508,2,2,2,0,15,0,0,1,1,,,4,2,1,0,1
31509,2,2,2,0,15,0,1,0,0,1,1,0,2,0,0,1
31510,2,2,2,0,15,0,2,0,0,1,1,0,2,0,0,1
31511,2,2,2,0,15,0,3,1,1,,,4,2,1,0,1
31512,2,2,2,0,15,1,0,1,1,,,4,2,1,0,1
31513,2,2,2,0,15,1,1,0,0,1,1,0,2,0,0,1
31514,2,2,2,0,15,1,2,0,0,1,1,0,2,0,0,1
31515,2,2,2,0,15,1,3,1,1,,,4,2,1,0,1
31516,2,2,2,0,15,2,0,1,1,,,4,2,1,0,1
31517,2,2,2,0,15,2,1,0,0,1,1,0,2,0,0,1
31518,2,2,2,0,15,2,2,0,0,1,1,0,2,0,0,1
31519,2,2,2,0,15,2,3,1,1,,,4,2,1,0,1
31520,2,2,2,0,15,3,0,1,1,,,4,2,1,0,1
31521,2,2,2,0,15,3,1,0,0,1,1,0,2,0,0,1
31522,2,2,2,0,15,3,2,0,0,1,1,0,2,0,0,1
31523,2,2,2,0,15,3,3,1,1,,,4,2,1,0,1
31524,2,2,2,0,15,4,0,1,1,,,4,2,1,0,1
31525,2,2,2,0,15,4,1,0,0,1,1,0,2,0,0,1
31526,2,2,2,0,15,4,2,0,0,1,1,0,2,0,0,1
31527,2,2,2,0,15,4,3,1,1,,,4,2,1,0,1
31528,2,2,2,0,15,5,0,1,1,,,4,2,1,0,1
31529,2,2,2,0,15,5,1,0,0,1,1,0,2,0,0,1
31530,2,2,2,0,15,5,2,0,0,1,1,0,2,0,0,1
31531,2,2,2,0,15,5,3,1,1,,,4,2,1,0,1
31532,2,2,2,0,15,6,0,1,1,,,4,2,1,0,1
31533,2,2,2,0,15,6,1,0,0,1,1,0,2,0,0,1
31534,2,2,2,0,15,6,2,0,0,1,1,0,2,0,0,1
31535,2,2,2,0,15,6,3,1,1,,,4,2,1,0,1
31536,2,2,2,0,15,7,0,1,1,,,4,2,1,0,1
31537,2,2,2,0,15,7,1,0,0,1,1,0,2,0,0,1
31538,2,2,2,0,15,7,2,0,0,1,1,0,2,0,0,1
31539,2,2,2,0,15,7,3,1,1,,,4,2,1,0,1
31540,2,2,2,0,15,8,0,1,1,,,4,2,1,0,1
31541,2,2,2,0,15,8,1,0,0,1,1,0,2,0,0,1
31542,2,2,2,0,15,8,2,0,0,1,1,0,2,0,0,1
31543,2,2,2,0,15,8,3,1,1,,,4,2,1,0,1
31544,2,2,2,0,15,9,0,1,1,,,4,2,1,0,1
31545,2,2,2,0,15,9,1,0,0,1,1,0,2,0,0,1
31546,2,2,2,0,15,9,2,0,0,1,1,0,2,0,0,1
31547,2,2,2,0,15,9,3,1,1,,,4,2,1,0,1
31548,2,2,2,0,15,10,0,1,1,,,4,2,1,0,1
31549,2,2,2,0,15,10,1,0,0,1,1,0,2,0,0,1
31550,2,2,2,0,15,10,2,0,0,1,1,0,2,0,0,1
31551,2,2,2,0,15,10,3,1,1,,,4,2,1,0,1
31552,2,2,2,0,15,11,0,1,1,,,4,2,1,0,1
31553,2,2,2,0,15,11,1,0,0,1,1,0,2,0,0,1
31554,2,2,2,0,15,11,2,0,0,1,1,0,2,0,0,1
31555,2,2,2,0,15,11,3,1,1,,,4,2,1,0,1
31556,2,2,2,0,15,12,0,1,1,,,4,2,1,0,1
31557,2,2,2,0,15,12,1,0,0,1,1,0,2,0,0,1
31558,2,2,2,0,15,12,2,0,0,1,1,0,2,0,0,1
31559,2,2,2,0,15,12,3,1,1,,,4,2,1,0,1
31560,2,2,2,0,15,13,0,1,1,,,4,2,1,0,1
31561,2,2,2,0,15,13,1,0,0,1,1,0,2,0,0,1
31562,2,2,2,0,15,13,2,0,0,1,1,0,2,0,0,1
31563,2,2,2,0,15,13,3,1,1,,,4,2,1,0,1
31564,2,2,2,0,15,14,0,1,1,,,4,2,1,0,1
31565,2,2,2,0,15,14,1,0,0,1,1,0,2,0,0,1
31566,2,2,2,0,15,14,2,0,0,1,1,0,2,0,0,1
31567,2,2,2,0,15,14,3,1,1,,,4,2,1,0,1
31568,2,2,2,0,15,15,0,1,1,,,4,2,1,0,1
31569,2,2,2,0,15,15,1,0,0,1,1,0,2,0,0,1
31570,2,2,2,0,15,15,2,0,0,1,1,0,2,0,0,1
31571,2,2,2,0,15,15,3,1,1,,,4,2,1,0,1
31572,2,2,2,1,0,0,0,1,1,,,4,2,1,1,1
31573,2,2,2,1,0,0,1,1,1,,,1,2,1,1,1
31574,2,2,2,1,0,0,2,1,1,,,1,2,1,1,1
31575,2,2,2,1,0,0,3,1,1,,,4,2,1,1,1
31576,2,2,2,1,0,1,0,1,1,,,4,2,1,1,1
31577,2,2,2,1,0,1,1,1,1,,,1,2,1,1,1
31578,2,2,2,1,0,1,2,1,1,,,1,2,1,1,1
31579,2,2,2,1,0,1,3,1,1,,,4,2,1,1,1
31580,2,2,2,1,0,2,0,1,1,,,4,2,1,1,1
31581,2,2,2,1,0,2,1,1,1,,,1,2,1,1,1
31582,2,2,2,1,0,2,2,1,1,,,1,2,1,1,1
31583,2,2,2,1,0,2,3,1,1,,,4,2,1,1,1
31584,2,2,2,1,0,3,0,1,1,,,4,2,1,1,1
31585,2,2,2,1,0,3,1,1,1,,,1,2,1,1,1
31586,2,2,2,1,0,3,2,1,1,,,1,2,1,1,1
31587,2,2,2,1,0,3,3,1,1,,,4,2,1,1,1
31588,2,2,2,1,0,4,0,1,1,,,4,2,1,1,1
31589,2,2,2,1,0,4,1,1,1,,,1,2,1,1,1
31590,2,2,2,1,0,4,2,1,1,,,1,2,1,1,1
31591,2,2,2,1,0,4,3,1,1,,,4,2,1,1,1
31592,2,2,2,1,0,5,0,1,1,,,4,2,1,1,1
31593,2,2,2,1,0,5,1,1,1,,,1,2,1,1,1
31594,2,2,2,1,0,5,2,1,1,,,1,2,1,1,1
31595,2,2,2,1,0,5,3,1,1,,,4,2,1,1,1
31596,2,2,2,1,0,6,0,1,1,,,4,2,1,1,1
31597,2,2,2,1,0,6,1,1,1,,,1,2,1,1,1
31598,2,2,2,1,0,6,2,1,1,,,1,2,1,1,1
31599,2,2,2,1,0,6,3,1,1,,,4,2,1,1,1
31600,2,2,2,1,0,7,0,1,1,,,4,2,1,1,1
31601,2,2,2,1,0,7,1,1,1,,,1,2,1,1,1
31602,2,2,2,1,0,7,2,1,1,,,1,2,1,1,1
31603,2,2,2,1,0,7,3,1,1,,,4,2,1,1,1
31604,2,2,2,1,0,8,0,1,1,,,4,2,1,1,1
31605,2,2,2,1,0,8,1,1,1,,,1,2,1,1,1
31606,2,2,2,1,0,8,2,1,1,,,1,2,1,1,1
31607,2,2,2,1,0,8,3,1,1,,,4,2,1,1,1
31608,2,2,2,1,0,9,0,1,1,,,4,2,1,1,1
31609,2,2,2,1,0,9,1,1,1,,,1,2,1,1,1
31610,2,2,2,1,0,9,2,1,1,,,1,2,1,1,1
31611,2,2,2,1,0,9,3,1,1,,,4,2,1,1,1
31612,2,2,2,1,0,10,0,1,1,,,4,2,1,1,1
31613,2,2,2,1,0,10,1,1,1,,,1,2,1,1,1
31614,2,2,2,1,0,10,2,1,1,,,1,2,1,1,1
31615,2,2,2,1,0,10,3,1,1,,,4,2,1,1,1
31616,2,2,2,1,0,11,0,1,1,,,4,2,1,1,1
31617,2,2,2,1,0,11,1,1,1,,,1,2,1,1,1
31618,2,2,2,1,0,11,2,1,1,,,1,2,1,1,1
31619,2,2,2,1,0,11,3,1,1,,,4,2,1,1,1
31620,2,2,2,1,0,12,0,1,1,,,4,2,1,1,1
31621,2,2,2,1,0,12,1,1,1,,,1,2,1,1,1
31622,2,2,2,1,0,12,2,1,1,,,1,2,1,1,1
31623,2,2,2,1,0,12,3,1,1,,,4,2,1,1,1
31624,2,2,2,1,0,13,0,1,1,,,4,2,1,1,1
31625,2,2,2,1,0,13,1,1,1,,,1,2,1,1,1
31626,2,2,2,1,0,13,2,1,1,,,1,2,1,1,1
31627,2,2,2,1,0,13,3,1,1,,,4,2,1,1,1
31628,2,2,2,1,0,14,0,1,1,,,4,2,1,1,1
31629,2,2,2,1,0,14,1,1,1,,,1,2,1,1,1
31630,2,2,2,1,0,14,2,1,1,,,1,2,1,1,1
31631,2,2,2,1,0,14,3,1,1,,,4,2,1,1,1
31632,2,2,2,1,0,15,0,1,1,,,4,2,1,1,1
31633,2,2,2,1,0,15,1,1,1,,,1,2,1,1,1
31634,2,2,2,1,0,15,2,1,1,,,1,2,1,1,1
31635,2,2,2,1,0,15,3,1,1,,,4,2,1,1,1
31636,2,2,2,1,1,0,0,1,1,,,4,2,1,1,1
31637,2,2,2,1,1,0,1,1,1,,,1,2,1,1,1
31638,2,2,2,1,1,0,2,1,1,,,1,2,1,1,1
31639,2,2,2,1,1,0,3,1,1,,,4,2,1,1,1
31640,2,2,2,1,1,1,0,1,1,,,4,2,1,1,1
31641,2,2,2,1,1,1,1,1,1,,,1,2,1,1,1
31642,2,2,2,1,1,1,2,1,1,,,1,2,1,1,1
31643,2,2,2,1,1,1,3,1,1,,,4,2,1,1,1
31644,2,2,2,1,1,2,0,1,1,,,4,2,1,1,1
31645,2,2,2,1,1,2,1,1,1,,,1,2,1,1,1
31646,2,2,2,1,1,2,2,1,1,,,1,2,1,1,1
31647,2,2,2,1,1,2,3,1,1,,,4,2,1,1,1
31648,2,2,2,1,1,3,0,1,1,,,4,2,1,1,1
31649,2,2,2,1,1,3,1,1,1,,,1,2,1,1,1
31650,2,2,2,1,1,3,2,1,1,,,1,2,1,1,1
31651,2,2,2,1,1,3,3,1,1,,,4,2,1,1,1
31652,2,2,2,1,1,4,0,1,1,,,4,2,1,1,1
31653,2,2,2,1,1,4,1,1,1,,,1,2,1,1,1
31654,2,2,2,1,1,4,2,1,1,,,1,2,1,1,1
31655,2,2,2,1,1,4,3,1,1,,,4,2,1,1,1
31656,2,2,2,1,1,5,0,1,1,,,4,2,1,1,1
31657,2,2,2,1,1,5,1,1,1,,,1,2,1,1,1
31658,2,2,2,1,1,5,2,1,1,,,1,2,1,1,1
31659,2,2,2,1,1,5,3,1,1,,,4,2,1,1,1
31660,2,2,2,1,1,6,0,1,1,,,4,2,1,1,1
31661,2,2,2,1,1,6,1,1,1,,,1,2,1,1,1
31662,2,2,2,1,1,6,2,1,1,,,1,2,1,1,1
31663,2,2,2,1,1,6,3,1,1,,,4,2,1,1,1
31664,2,2,2,1,1,7,0,1,1,,,4,2,1,1,1
31665,2,2,2,1,1,7,1,1,1,,,1,2,1,1,1
31666,2,2,2,1,1,7,2,1,1,,,1,2,1,1,1
31667,2,2,2,1,1,7,3,1,1,,,4,2,1,1,1
31668,2,2,2,1,1,8,0,1,1,,,4,2,1,1,1
31669,2,2,2,1,1,8,1,1,1,,,1,2,1,1,1
31670,2,2,2,1,1,8,2,1,1,,,1,2,1,1,1
31671,2,2,2,1,1,8,3,1,1,,,4,2,1,1,1
31672,2,2,2,1,1,9,0,1,1,,,4,2,1,1,1
31673,2,2,2,1,1,9,1,1,1,,,1,2,1,1,1
31674,2,2,2,1,1,9,2,1,1,,,1,2,1,1,1
31675,2,2,2,1,1,9,3,1,1,,,4,2,1,1,1
31676,2,2,2,1,1,10,0,1,1,,,4,2,1,1,1
31677,2,2,2,1,1,10,1,1,1,,,1,2,1,1,1
31678,2,2,2,1,1,10,2,1,1,,,1,2,1,1,1
31679,2,2,2,1,1,10,3,1,1,,,4,2,1,1,1
31680,2,2,2,1,1,11,0,1,1,,,4,2,1,1,1
31681,2,2,2,1,1,11,1,1,1,,,1,2,1,1,1
31682,2,2,2,1,1,11,2,1,1,,,1,2,1,1,1
31683,2,2,2,1,1,11,3,1,1,,,4,2,1,1,1
31684,2,2,2,1,1,12,0,1,1,,,4,2,1,1,1
31685,2,2,2,1,1,12,1,1,1,,,1,2,1,1,1
31686,2,2,2,1,1,12,2,1,1,,,1,2,1,1,1
31687,2,2,2,1,1,12,3,1,1,,,4,2,1,1,1
31688,2,2,2,1,1,13,0,1,1,,,4,2,1,1,1
31689,2,2,2,1,1,13,1,1,1,,,1,2,1,1,1
31690,2,2,2,1,1,13,2,1,1,,,1,2,1,1,1
31691,2,2,2,1,1,13,3,1,1,,,4,2,1,1,1
31692,2,2,2,1,1,14,0,1,1,,,4,2,1,1,1
31693,2,2,2,1,1,14,1,1,1,,,1,2,1,1,1
31694,2,2,2,1,1,14,2,1,1,,,1,2,1,1,1
31695,2,2,2,1,1,14,3,1,1,,,4,2,1,1,1
31696,2,2,2,1,1,15,0,1,1,,,4,2,1,1,1
31697,2,2,2,1,1,15,1,1,1,,,1,2,1,1,1
31698,2,2,2,1,1,15,2,1,1,,,1,2,1,1,1
31699,2,2,2,1,1,15,3,1,1,,,4,2,1,1,1
31700,2,2,2,1,2,0,0,1,1,,,4,3,1,0,1
31701,2,2,2,1,2,0,1,0,0,1,1,0,3,0,0,1
31702,2,2,2,1,2,0,2,0,0,1,1,0,3,0,0,1
31703,2,2,2,1,2,0,3,1,1,,,4,3,1,0,1
31704,2,2,2,1,2,1,0,1,1,,,4,3,1,0,1
31705,2,2,2,1,2,1,1,0,0,1,1,0,3,0,0,1
31706,2,2,2,1,2,1,2,0,0,1,1,0,3,0,0,1
31707,2,2,2,1,2,1,3,1,1,,,4,3,1,0,1
31708,2,2,2,1,2,2,0,1,1,,,4,3,1,0,1
31709,2,2,2,1,2,2,1,0,0,1,1,0,3,0,0,1
31710,2,2,2,1,2,2,2,0,0,1,1,0,3,0,0,1
31711,2,2,2,1,2,2,3,1,1,,,4,3,1,0,1
31712,2,2,2,1,2,3,0,1,1,,,4,3,1,0,1
31713,2,2,2,1,2,3,1,0,0,1,1,0,3,0,0,1
31714,2,2,2,1,2,3,2,0,0,1,1,0,3,0,0,1
31715,2,2,2,1,2,3,3,1,1,,,4,3,1,0,1
31716,2,2,2,1,2,4,0,1,1,,,4,3,1,0,1
31717,2,2,2,1,2,4,1,0,0,1,1,0,3,0,0,1
31718,2,2,2,1,2,4,2,0,0,1,1,0,3,0,0,1
31719,2,2,2,1,2,4,3,1,1,,,4,3,1,0,1
31720,2,2,2,1,2,5,0,1,1,,,4,3,1,0,1
31721,2,2,2,1,2,5,1,0,0,1,1,0,3,0,0,1
31722,2,2,2,1,2,5,2,0,0,1,1,0,3,0,0,1
31723,2,2,2,1,2,5,3,1,1,,,4,3,1,0,1
31724,2,2,2,1,2,6,0,1,1,,,4,3,1,0,1
31725,2,2,2,1,2,6,1,0,0,1,1,0,3,0,0,1
31726,2,2,2,1,2,6,2,0,0,1,1,0,3,0,0,1
31727,2,2,2,1,2,6,3,1,1,,,4,3,1,0,1
31728,2,2,2,1,2,7,0,1,1,,,4,3,1,0,1
31729,2,2,2,1,2,7,1,0,0,1,1,0,3,0,0,1
31730,2,2,2,1,2,7,2,0,0,1,1,0,3,0,0,1
31731,2,2,2,1,2,7,3,1,1,,,4,3,1,0,1
31732,2,2,2,1,2,8,0,1,1,,,4,3,1,0,1
31733,2,2,2,1,2,8,1,0,0,1,1,0,3,0,0,1
31734,2,2,2,1,2,8,2,0,0,1,1,0,3,0,0,1
31735,2,2,2,1,2,8,3,1,1,,,4,3,1,0,1
31736,2,2,2,1,2,9,0,1,1,,,4,3,1,0,1
31737,2,2,2,1,2,9,1,0,0,1,1,0,3,0,0,1
31738,2,2,2,1,2,9,2,0,0,1,1,0,3,0,0,1
31739,2,2,2,1,2,9,3,1,1,,,4,3,1,0,1
31740,2,2,2,1,2,10,0,1,1,,,4,3,1,0,1
31741,2,2,2,1,2,10,1,0,0,1,1,0,3,0,0,1
31742,2,2,2,1,2,10,2,0,0,1,1,0,3,0,0,1
31743,2,2,2,1,2,10,3,1,1,,,4,3,1,0,1
31744,2,2,2,1,2,11,0,1,1,,,4,3,1,0,1
31745,2,2,2,1,2,11,1,0,0,1,1,0,3,0,0,1
31746,2,2,2,1,2,11,2,0,0,1,1,0,3,0,0,1
31747,2,2,2,1,2,11,3,1,1,,,4,3,1,0,1
31748,2,2,2,1,2,12,0,1,1,,,4,3,1,0,1
31749,2,2,2,1,2,12,1,0,0,1,1,0,3,0,0,1
31750,2,2,2,1,2,12,2,0,0,1,1,0,3,0,0,1
31751,2,2,2,1,2,12,3,1,1,,,4,3,1,0,1
31752,2,2,2,1,2,13,0,1,1,,,4,3,1,0,1
31753,2,2,2,1,2,13,1,0,0,1,1,0,3,0,0,1
31754,2,2,2,1,2,13,2,0,0,1,1,0,3,0,0,1
31755,2,2,2,1,2,13,3,1,1,,,4,3,1,0,1
31756,2,2,2,1,2,14,0,1,1,,,4,3,1,0,1
31757,2,2,2,1,2,14,1,0,0,1,1,0,3,0,0,1
31758,2,2,2,1,2,14,2,0,0,1,1,0,3,0,0,1
31759,2,2,2,1,2,14,3,1,1,,,4,3,1,0,1
31760,2,2,2,1,2,15,0,1,1,,,4,3,1,0,1
31761,2,2,2,1,2,15,1,0,0,1,1,0,3,0,0,1
31762,2,2,2,1,2,15,2,0,0,1,1,0,3,0,0,1
31763,2,2,2,1,2,15,3,1,1,,,4,3,1,0,1
31764,2,2,2,1,3,0,0,1,1,,,4,4,1,0,1
31765,2,2,2,1,3,0,1,0,0,1,1,0,4,0,0,1
31766,2,2,2,1,3,0,2,0,0,1,1,0,4,0,0,1
31767,2,2,2,1,3,0,3,1,1,,,4,4,1,0,1
31768,2,2,2,1,3,1,0,1,1,,,4,4,1,0,1
31769,2,2,2,1,3,1,1,0,0,1,1,0,4,0,0,1
31770,2,2,2,1,3,1,2,0,0,1,1,0,4,0,0,1
31771,2,2,2,1,3,1,3,1,1,,,4,4,1,0,1
31772,2,2,2,1,3,2,0,1,1,,,4,4,1,0,1
31773,2,2,2,1,3,2,1,0,0,1,1,0,4,0,0,1
31774,2,2,2,1,3,2,2,0,0,1,1,0,4,0,0,1
31775,2,2,2,1,3,2,3,1,1,,,4,4,1,0,1
31776,2,2,2,1,3,3,0,1,1,,,4,4,1,0,1
31777,2,2,2,1,3,3,1,0,0,1,1,0,4,0,0,1
31778,2,2,2,1,3,3,2,0,0,1,1,0,4,0,0,1
31779,2,2,2,1,3,3,3,1,1,,,4,4,1,0,1
31780,2,2,2,1,3,4,0,1,1,,,4,4,1,0,1
31781,2,2,2,1,3,4,1,0,0,1,1,0,4,0,0,1
31782,2,2,2,1,3,4,2,0,0,1,1,0,4,0,0,1
31783,2,2,2,1,3,4,3,1,1,,,4,4,1,0,1
31784,2,2,2,1,3,5,0,1,1,,,4,4,1,0,1
31785,2,2,2,1,3,5,1,0,0,1,1,0,4,0,0,1
31786,2,2,2,1,3,5,2,0,0,1,1,0,4,0,0,1
31787,2,2,2,1,3,5,3,1,1,,,4,4,1,0,1
31788,2,2,2,1,3,6,0,1,1,,,4,4,1,0,1
31789,2,2,2,1,3,6,1,0,0,1,1,0,4,0,0,1
31790,2,2,2,1,3,6,2,0,0,1,1,0,4,0,0,1
31791,2,2,2,1,3,6,3,1,1,,,4,4,1,0,1
31792,2,2,2,1,3,7,0,1,1,,,4,4,1,0,1
31793,2,2,2,1,3,7,1,0,0,1,1,0,4,0,0,1
31794,2,2,2,1,3,7,2,0,0,1,1,0,4,0,0,1
31795,2,2,2,1,3,7,3,1,1,,,4,4,1,0,1
31796,2,2,2,1,3,8,0,1,1,,,4,4,1,0,1
31797,2,2,2,1,3,8,1,0,0,1,1,0,4,0,0,1
31798,2,2,2,1,3,8,2,0,0,1,1,0,4,0,0,1
31799,2,2,2,1,3,8,3,1,1,,,4,4,1,0,1
31800,2,2,2,1,3,9,0,1,1,,,4,4,1,0,1
31801,2,2,2,1,3,9,1,0,0,1,1,0,4,0,0,1
31802,2,2,2,1,3,9,2,0,0,1,1,0,4,0,0,1
31803,2,2,2,1,3,9,3,1,1,,,4,4,1,0,1
31804,2,2,2,1,3,10,0,1,1,,,4,4,1,0,1
31805,2,2,2,1,3,10,1,0,0,1,1,0,4,0,0,1
31806,2,2,2,1,3,10,2,0,0,1,1,0,4,0,0,1
31807,2,2,2,1,3,10,3,1,1,,,4,4,1,0,1
31808,2,2,2,1,3,11,0,1,1,,,4,4,1,0,1
31809,2,2,2,1,3,11,1,0,0,1,1,0,4,0,0,1
31810,2,2,2,1,3,11,2,0,0,1,1,0,4,0,0,1
31811,2,2,2,1,3,11,3,1,1,,,4,4,1,0,1
31812,2,2,2,1,3,12,0,1,1,,,4,4,1,0,1
31813,2,2,2,1,3,12,1,0,0,1,1,0,4,0,0,1
31814,2,2,2,1,3,12,2,0,0,1,1,0,4,0,0,1
31815,2,2,2,1,3,12,3,1,1,,,4,4,1,0,1
31816,2,2,2,1,3,13,0,1,1,,,4,4,1,0,1
31817,2,2,2,1,3,13,1,0,0,1,1,0,4,0,0,1
31818,2,2,2,1,3,13,2,0,0,1,1,0,4,0,0,1
31819,2,2,2,1,3,13,3,1,1,,,4,4,1,0,1
31820,2,2,2,1,3,14,0,1,1,,,4,4,1,0,1
31821,2,2,2,1,3,14,1,0,0,1,1,0,4,0,0,1
31822,2,2,2,1,3,14,2,0,0,1,1,0,4,0,0,1
31823,2,2,2,1,3,14,3,1,1,,,4,4,1,0,1
31824,2,2,2,1,3,15,0,1,1,,,4,4,1,0,1
31825,2,2,2,1,3,15,1,0,0,1,1,0,4,0,0,1
31826,2,2,2,1,3,15,2,0,0,1,1,0,4,0,0,1
31827,2,2,2,1,3,15,3,1,1,,,4,4,1,0,1
31828,2,2,2,1,4,0,0,1,1,,,4,2,1,1,1
31829,2,2,2,1,4,0,1,1,1,,,1,2,1,1,1
31830,2,2,2,1,4,0,2,1,1,,,1,2,1,1,1
31831,2,2,2,1,4,0,3,1,1,,,4,2,1,1,1
31832,2,2,2,1,4,1,0,1,1,,,4,2,1,1,1
31833,2,2,2,1,4,1,1,1,1,,,1,2,1,1,1
31834,2,2,2,1,4,1,2,1,1,,,1,2,1,1,1
31835,2,2,2,1,4,1,3,1,1,,,4,2,1,1,1
31836,2,2,2,1,4,2,0,1,1,,,4,2,1,1,1
31837,2,2,2,1,4,2,1,1,1,,,1,2,1,1,1
31838,2,2,2,1,4,2,2,1,1,,,1,2,1,1,1
31839,2,2,2,1,4,2,3,1,1,,,4,2,1,1,1
31840,2,2,2,1,4,3,0,1,1,,,4,2,1,1,1
31841,2,2,2,1,4,3,1,1,1,,,1,2,1,1,1
31842,2,2,2,1,4,3,2,1,1,,,1,2,1,1,1
31843,2,2,2,1,4,3,3,1,1,,,4,2,1,1,1
31844,2,2,2,1,4,4,0,1,1,,,4,2,1,1,1
31845,2,2,2,1,4,4,1,1,1,,,1,2,1,1,1
31846,2,2,2,1,4,4,2,1,1,,,1,2,1,1,1
31847,2,2,2,1,4,4,3,1,1,,,4,2,1,1,1
31848,2,2,2,1,4,5,0,1,1,,,4,2,1,1,1
31849,2,2,2,1,4,5,1,1,1,,,1,2,1,1,1
31850,2,2,2,1,4,5,2,1,1,,,1,2,1,1,1
31851,2,2,2,1,4,5,3,1,1,,,4,2,1,1,1
31852,2,2,2,1,4,6,0,1,1,,,4,2,1,1,1
31853,2,2,2,1,4,6,1,1,1,,,1,2,1,1,1
31854,2,2,2,1,4,6,2,1,1,,,1,2,1,1,1
31855,2,2,2,1,4,6,3,1,1,,,4,2,1,1,1
31856,2,2,2,1,4,7,0,1,1,,,4,2,1,1,1
31857,2,2,2,1,4,7,1,1,1,,,1,2,1,1,1
31858,2,2,2,1,4,7,2,1,1,,,1,2,1,1,1
31859,2,2,2,1,4,7,3,1,1,,,4,2,1,1,1
31860,2,2,2,1,4,8,0,1,1,,,4,2,1,1,1
31861,2,2,2,1,4,8,1,1,1,,,1,2,1,1,1
31862,2,2,2,1,4,8,2,1,1,,,1,2,1,1,1
31863,2,2,2,1,4,8,3,1,1,,,4,2,1,1,1
31864,2,2,2,1,4,9,0,1,1,,,4,2,1,1,1
31865,2,2,2,1,4,9,1,1,1,,,1,2,1,1,1
31866,2,2,2,1,4,9,2,1,1,,,1,2,1,1,1
31867,2,2,2,1,4,9,3,1,1,,,4,2,1,1,1
31868,2,2,2,1,4,10,0,1,1,,,4,2,1,1,1
31869,2,2,2,1,4,10,1,1,1,,,1,2,1,1,1
31870,2,2,2,1,4,10,2,1,1,,,1,2,1,1,1
31871,2,2,2,1,4,10,3,1,1,,,4,2,1,1,1
31872,2,2,2,1,4,11,0,1,1,,,4,2,1,1,1
31873,2,2,2,1,4,11,1,1,1,,,1,2,1,1,1
31874,2,2,2,1,4,11,2,1,1,,,1,2,1,1,1
31875,2,2,2,1,4,11,3,1,1,,,4,2,1,1,1
31876,2,2,2,1,4,12,0,1,1,,,4,2,1,1,1
31877,2,2,2,1,4,12,1,1,1,,,1,2,1,1,1
31878,2,2,2,1,4,12,2,1,1,,,1,2,1,1,1
31879,2,2,2,1,4,12,3,1,1,,,4,2,1,1,1
31880,2,2,2,1,4,13,0,1,1,,,4,2,1,1,1
31881,2,2,2,1,4,13,1,1,1,,,1,2,1,1,1
31882,2,2,2,1,4,13,2,1,1,,,1,2,1,1,1
31883,2,2,2,1,4,13,3,1,1,,,4,2,1,1,1
31884,2,2,2,1,4,14,0,1,1,,,4,2,1,1,1
31885,2,2,2,1,4,14,1,1,1,,,1,2,1,1,1
31886,2,2,2,1,4,14,2,1,1,,,1,2,1,1,1
31887,2,2,2,1,4,14,3,1,1,,,4,2,1,1,1
31888,2,2,2,1,4,15,0,1,1,,,4,2,1,1,1
31889,2,2,2,1,4,15,1,1,1,,,1,2,1,1,1
31890,2,2,2,1,4,15,2,1,1,,,1,2,1,1,1
31891,2,2,2,1,4,15,3,1,1,,,4,2,1,1,1
31892,2,2,2,1,5,0,0,1,1,,,4,3,1,0,1
31893,2,2,2,1,5,0,1,0,0,2,2,0,3,0,0,1
31894,2,2,2,1,5,0,2,0,0,2,2,0,3,0,0,1
31895,2,2,2,1,5,0,3,1,1,,,4,3,1,0,1
31896,2,2,2,1,5,1,0,1,1,,,4,3,1,0,1
31897,2,2,2,1,5,1,1,0,0,2,2,0,3,0,0,1
31898,2,2,2,1,5,1,2,0,0,2,2,0,3,0,0,1
31899,2,2,2,1,5,1,3,1,1,,,4,3,1,0,1
31900,2,2,2,1,5,2,0,1,1,,,4,3,1,0,1
31901,2,2,2,1,5,2,1,0,0,2,2,0,3,0,0,1
31902,2,2,2,1,5,2,2,0,0,2,2,0,3,0,0,1
31903,2,2,2,1,5,2,3,1,1,,,4,3,1,0,1
31904,2,2,2,1,5,3,0,1,1,,,4,3,1,0,1
31905,2,2,2,1,5,3,1,0,0,2,2,0,3,0,0,1
31906,2,2,2,1,5,3,2,0,0,2,2,0,3,0,0,1
31907,2,2,2,1,5,3,3,1,1,,,4,3,1,0,1
31908,2,2,2,1,5,4,0,1,1,,,4,3,1,0,1
31909,2,2,2,1,5,4,1,0,0,2,2,0,3,0,0,1
31910,2,2,2,1,5,4,2,0,0,2,2,0,3,0,0,1
31911,2,2,2,1,5,4,3,1,1,,,4,3,1,0,1
31912,2,2,2,1,5,5,0,1,1,,,4,3,1,0,1
31913,2,2,2,1,5,5,1,0,0,2,2,0,3,0,0,1
31914,2,2,2,1,5,5,2,0,0,2,2,0,3,0,0,1
31915,2,2,2,1,5,5,3,1,1,,,4,3,1,0,1
31916,2,2,2,1,5,6,0,1,1,,,4,3,1,0,1
31917,2,2,2,1,5,6,1,0,0,2,2,0,3,0,0,1
31918,2,2,2,1,5,6,2,0,0,2,2,0,3,0,0,1
31919,2,2,2,1,5,6,3,1,1,,,4,3,1,0,1
31920,2,2,2,1,5,7,0,1,1,,,4,3,1,0,1
31921,2,2,2,1,5,7,1,0,0,2,2,0,3,0,0,1
31922,2,2,2,1,5,7,2,0,0,2,2,0,3,0,0,1
31923,2,2,2,1,5,7,3,1,1,,,4,3,1,0,1
31924,2,2,2,1,5,8,0,1,1,,,4,3,1,0,1
31925,2,2,2,1,5,8,1,0,0,2,2,0,3,0,0,1
31926,2,2,2,1,5,8,2,0,0,2,2,0,3,0,0,1
31927,2,2,2,1,5,8,3,1,1,,,4,3,1,0,1
31928,2,2,2,1,5,9,0,1,1,,,4,3,1,0,1
31929,2,2,2,1,5,9,1,0,0,2,2,0,3,0,0,1
31930,2,2,2,1,5,9,2,0,0,2,2,0,3,0,0,1
31931,2,2,2,1,5,9,3,1,1,,,4,3,1,0,1
31932,2,2,2,1,5,10,0,1,1,,,4,3,1,0,1
31933,2,2,2,1,5,10,1,0,0,2,2,0,3,0,0,1
31934,2,2,2,1,5,10,2,0,0,2,2,0,3,0,0,1
31935,2,2,2,1,5,10,3,1,1,,,4,3,1,0,1
31936,2,2,2,1,5,11,0,1,1,,,4,3,1,0,1
31937,2,2,2,1,5,11,1,0,0,2,2,0,3,0,0,1
31938,2,2,2,1,5,11,2,0,0,2,2,0,3,0,0,1
31939,2,2,2,1,5,11,3,1,1,,,4,3,1,0,1
31940,2,2,2,1,5,12,0,1,1,,,4,3,1,0,1
31941,2,2,2,1,5,12,1,0,0,2,2,0,3,0,0,1
31942,2,2,2,1,5,12,2,0,0,2,2,0,3,0,0,1
31943,2,2,2,1,5,12,3,1,1,,,4,3,1,0,1
31944,2,2,2,1,5,13,0,1,1,,,4,3,1,0,1
31945,2,2,2,1,5,13,1,0,0,2,2,0,3,0,0,1
31946,2,2,2,1,5,13,2,0,0,2,2,0,3,0,0,1
31947,2,2,2,1,5,13,3,1,1,,,4,3,1,0,1
31948,2,2,2,1,5,14,0,1,1,,,4,3,1,0,1
31949,2,2,2,1,5,14,1,0,0,2,2,0,3,0,0,1
31950,2,2,2,1,5,14,2,0,0,2,2,0,3,0,0,1
31951,2,2,2,1,5,14,3,1,1,,,4,3,1,0,1
31952,2,2,2,1,5,15,0,1,1,,,4,3,1,0,1
31953,2,2,2,1,5,15,1,0,0,2,2,0,3,0,0,1
31954,2,2,2,1,5,15,2,0,0,2,2,0,3,0,0,1
31955,2,2,2,1,5,15,3,1,1,,,4,3,1,0,1
31956,2,2,2,1,6,0,0,1,1,,,4,4,1,0,1
31957,2,2,2,1,6,0,1,0,0,1,1,0,4,0,0,1
31958,2,2,2,1,6,0,2,0,0,1,1,0,4,0,0,1
31959,2,2,2,1,6,0,3,1,1,,,4,4,1,0,1
31960,2,2,2,1,6,1,0,1,1,,,4,4,1,0,1
31961,2,2,2,1,6,1,1,0,0,1,1,0,4,0,0,1
31962,2,2,2,1,6,1,2,0,0,1,1,0,4,0,0,1
31963,2,2,2,1,6,1,3,1,1,,,4,4,1,0,1
31964,2,2,2,1,6,2,0,1,1,,,4,4,1,0,1
31965,2,2,2,1,6,2,1,0,0,1,1,0,4,0,0,1
31966,2,2,2,1,6,2,2,0,0,1,1,0,4,0,0,1
31967,2,2,2,1,6,2,3,1,1,,,4,4,1,0,1
31968,2,2,2,1,6,3,0,1,1,,,4,4,1,0,1
31969,2,2,2,1,6,3,1,0,0,1,1,0,4,0,0,1
31970,2,2,2,1,6,3,2,0,0,1,1,0,4,0,0,1
31971,2,2,2,1,6,3,3,1,1,,,4,4,1,0,1
31972,2,2,2,1,6,4,0,1,1,,,4,4,1,0,1
31973,2,2,2,1,6,4,1,0,0,1,1,0,4,0,0,1
31974,2,2,2,1,6,4,2,0,0,1,1,0,4,0,0,1
31975,2,2,2,1,6,4,3,1,1,,,4,4,1,0,1
31976,2,2,2,1,6,5,0,1,1,,,4,4,1,0,1
31977,2,2,2,1,6,5,1,0,0,1,1,0,4,0,0,1
31978,2,2,2,1,6,5,2,0,0,1,1,0,4,0,0,1
31979,2,2,2,1,6,5,3,1,1,,,4,4,1,0,1
31980,2,2,2,1,6,6,0,1,1,,,4,4,1,0,1
31981,2,2,2,1,6,6,1,0,0,1,1,0,4,0,0,1
31982,2,2,2,1,6,6,2,0,0,1,1,0,4,0,0,1
31983,2,2,2,1,6,6,3,1,1,,,4,4,1,0,1
31984,2,2,2,1,6,7,0,1,1,,,4,4,1,0,1
31985,2,2,2,1,6,7,1,0,0,1,1,0,4,0,0,1
31986,2,2,2,1,6,7,2,0,0,1,1,0,4,0,0,1
31987,2,2,2,1,6,7,3,1,1,,,4,4,1,0,1
31988,2,2,2,1,6,8,0,1,1,,,4,4,1,0,1
31989,2,2,2,1,6,8,1,0,0,1,1,0,4,0,0,1
31990,2,2,2,1,6,8,2,0,0,1,1,0,4,0,0,1
31991,2,2,2,1,6,8,3,1,1,,,4,4,1,0,1
31992,2,2,2,1,6,9,0,1,1,,,4,4,1,0,1
31993,2,2,2,1,6,9,1,0,0,1,1,0,4,0,0,1
31994,2,2,2,1,6,9,2,0,0,1,1,0,4,0,0,1
31995,2,2,2,1,6,9,3,1,1,,,4,4,1,0,1
31996,2,2,2,1,6,10,0,1,1,,,4,4,1,0,1
31997,2,2,2,1,6,10,1,0,0,1,1,0,4,0,0,1
31998,2,2,2,1,6,10,2,0,0,1,1,0,4,0,0,1
31999,2,2,2,1,6,10,3,1,1,,,4,4,1,0,1
32000,2,2,2,1,6,11,0,1,1,,,4,4,1,0,1
32001,2,2,2,1,6,11,1,0,0,1,1,0,4,0,0,1
32002,2,2,2,1,6,11,2,0,0,1,1,0,4,0,0,1
32003,2,2,2,1,6,11,3,1,1,,,4,4,1,0,1
32004,2,2,2,1,6,12,0,1,1,,,4,4,1,0,1
32005,2,2,2,1,6,12,1,0,0,1,1,0,4,0,0,1
32006,2,2,2,1,6,12,2,0,0,1,1,0,4,0,0,1
32007,2,2,2,1,6,12,3,1,1,,,4,4,1,0,1
32008,2,2,2,1,6,13,0,1,1,,,4,4,1,0,1
32009,2,2,2,1,6,13,1,0,0,1,1,0,4,0,0,1
32010,2,2,2,1,6,13,2,0,0,1,1,0,4,0,0,1
32011,2,2,2,1,6,13,3,1,1,,,4,4,1,0,1
32012,2,2,2,1,6,14,0,1,1,,,4,4,1,0,1
32013,2,2,2,1,6,14,1,0,0,1,1,0,4,0,0,1
32014,2,2,2,1,6,14,2,0,0,1,1,0,4,0,0,1
32015,2,2,2,1,6,14,3,1,1,,,4,4,1,0,1
32016,2,2,2,1,6,15,0,1,1,,,4,4,1,0,1
32017,2,2,2,1,6,15,1,0,0,1,1,0,4,0,0,1
32018,2,2,2,1,6,15,2,0,0,1,1,0,4,0,0,1
32019,2,2,2,1,6,15,3,1,1,,,4,4,1,0,1
32020,2,2,2,1,7,0,0,1,1,,,4,3,1,0,1
32021,2,2,2,1,7,0,1,0,0,1,1,0,3,0,0,1
32022,2,2,2,1,7,0,2,0,0,1,1,0,3,0,0,1
32023,2,2,2,1,7,0,3,1,1,,,4,3,1,0,1
32024,2,2,2,1,7,1,0,1,1,,,4,3,1,0,1
32025,2,2,2,1,7,1,1,0,0,1,1,0,3,0,0,1
32026,2,2,2,1,7,1,2,0,0,1,1,0,3,0,0,1
32027,2,2,2,1,7,1,3,1,1,,,4,3,1,0,1
32028,2,2,2,1,7,2,0,1,1,,,4,3,1,0,1
32029,2,2,2,1,7,2,1,0,0,1,1,0,3,0,0,1
32030,2,2,2,1,7,2,2,0,0,1,1,0,3,0,0,1
32031,2,2,2,1,7,2,3,1,1,,,4,3,1,0,1
32032,2,2,2,1,7,3,0,1,1,,,4,3,1,0,1
32033,2,2,2,1,7,3,1,0,0,1,1,0,3,0,0,1
32034,2,2,2,1,7,3,2,0,0,1,1,0,3,0,0,1
32035,2,2,2,1,7,3,3,1,1,,,4,3,1,0,1
32036,2,2,2,1,7,4,0,1,1,,,4,3,1,0,1
32037,2,2,2,1,7,4,1,0,0,1,1,0,3,0,0,1
32038,2,2,2,1,7,4,2,0,0,1,1,0,3,0,0,1
32039,2,2,2,1,7,4,3,1,1,,,4,3,1,0,1
32040,2,2,2,1,7,5,0,1,1,,,4,3,1,0,1
32041,2,2,2,1,7,5,1,0,0,1,1,0,3,0,0,1
32042,2,2,2,1,7,5,2,0,0,1,1,0,3,0,0,1
32043,2,2,2,1,7,5,3,1,1,,,4,3,1,0,1
32044,2,2,2,1,7,6,0,1,1,,,4,3,1,0,1
32045,2,2,2,1,7,6,1,0,0,1,1,0,3,0,0,1
32046,2,2,2,1,7,6,2,0,0,1,1,0,3,0,0,1
32047,2,2,2,1,7,6,3,1,1,,,4,3,1,0,1
32048,2,2,2,1,7,7,0,1,1,,,4,3,1,0,1
32049,2,2,2,1,7,7,1,0,0,1,1,0,3,0,0,1
32050,2,2,2,1,7,7,2,0,0,1,1,0,3,0,0,1
32051,2,2,2,1,7,7,3,1,1,,,4,3,1,0,1
32052,2,2,2,1,7,8,0,1,1,,,4,3,1,0,1
32053,2,2,2,1,7,8,1,0,0,1,1,0,3,0,0,1
32054,2,2,2,1,7,8,2,0,0,1,1,0,3,0,0,1
32055,2,2,2,1,7,8,3,1,1,,,4,3,1,0,1
32056,2,2,2,1,7,9,0,1,1,,,4,3,1,0,1
32057,2,2,2,1,7,9,1,0,0,1,1,0,3,0,0,1
32058,2,2,2,1,7,9,2,0,0,1,1,0,3,0,0,1
32059,2,2,2,1,7,9,3,1,1,,,4,3,1,0,1
32060,2,2,2,1,7,10,0,1,1,,,4,3,1,0,1
32061,2,2,2,1,7,10,1,0,0,1,1,0,3,0,0,1
32062,2,2,2,1,7,10,2,0,0,1,1,0,3,0,0,1
32063,2,2,2,1,7,10,3,1,1,,,4,3,1,0,1
32064,2,2,2,1,7,11,0,1,1,,,4,3,1,0,1
32065,2,2,2,1,7,11,1,0,0,1,1,0,3,0,0,1
32066,2,2,2,1,7,11,2,0,0,1,1,0,3,0,0,1
32067,2,2,2,1,7,11,3,1,1,,,4,3,1,0,1
32068,2,2,2,1,7,12,0,1,1,,,4,3,1,0,1
32069,2,2,2,1,7,12,1,0,0,1,1,0,3,0,0,1
32070,2,2,2,1,7,12,2,0,0,1,1,0,3,0,0,1
32071,2,2,2,1,7,12,3,1,1,,,4,3,1,0,1
32072,2,2,2,1,7,13,0,1,1,,,4,3,1,0,1
32073,2,2,2,1,7,13,1,0,0,1,1,0,3,0,0,1
32074,2,2,2,1,7,13,2,0,0,1,1,0,3,0,0,1
32075,2,2,2,1,7,13,3,1,1,,,4,3,1,0,1
32076,2,2,2,1,7,14,0,1,1,,,4,3,1,0,1
32077,2,2,2,1,7,14,1,0,0,1,1,0,3,0,0,1
32078,2,2,2,1,7,14,2,0,0,1,1,0,3,0,0,1
32079,2,2,2,1,7,14,3,1,1,,,4,3,1,0,1
32080,2,2,2,1,7,15,0,1,1,,,4,3,1,0,1
32081,2,2,2,1,7,15,1,0,0,1,1,0,3,0,0,1
32082,2,2,2,1,7,15,2,0,0,1,1,0,3,0,0,1
32083,2,2,2,1,7,15,3,1,1,,,4,3,1,0,1
32084,2,2,2,1,8,0,0,1,1,,,4,2,1,1,1
32085,2,2,2,1,8,0,1,1,1,,,1,2,1,1,1
32086,2,2,2,1,8,0,2,1,1,,,1,2,1,1,1
32087,2,2,2,1,8,0,3,1,1,,,4,2,1,1,1
32088,2,2,2,1,8,1,0,1,1,,,4,2,1,1,1
32089,2,2,2,1,8,1,1,1,1,,,1,2,1,1,1
32090,2,2,2,1,8,1,2,1,1,,,1,2,1,1,1
32091,2,2,2,1,8,1,3,1,1,,,4,2,1,1,1
32092,2,2,2,1,8,2,0,1,1,,,4,2,1,1,1
32093,2,2,2,1,8,2,1,1,1,,,1,2,1,1,1
32094,2,2,2,1,8,2,2,1,1,,,1,2,1,1,1
32095,2,2,2,1,8,2,3,1,1,,,4,2,1,1,1
32096,2,2,2,1,8,3,0,1,1,,,4,2,1,1,1
32097,2,2,2,1,8,3,1,1,1,,,1,2,1,1,1
32098,2,2,2,1,8,3,2,1,1,,,1,2,1,1,1
32099,2,2,2,1,8,3,3,1,1,,,4,2,1,1,1
32100,2,2,2,1,8,4,0,1,1,,,4,2,1,1,1
32101,2,2,2,1,8,4,1,1,1,,,1,2,1,1,1
32102,2,2,2,1,8,4,2,1,1,,,1,2,1,1,1
32103,2,2,2,1,8,4,3,1,1,,,4,2,1,1,1
32104,2,2,2,1,8,5,0,1,1,,,4,2,1,1,1
32105,2,2,2,1,8,5,1,1,1,,,1,2,1,1,1
32106,2,2,2,1,8,5,2,1,1,,,1,2,1,1,1
32107,2,2,2,1,8,5,3,1,1,,,4,2,1,1,1
32108,2,2,2,1,8,6,0,1,1,,,4,2,1,1,1
32109,2,2,2,1,8,6,1,1,1,,,1,2,1,1,1
32110,2,2,2,1,8,6,2,1,1,,,1,2,1,1,1
32111,2,2,2,1,8,6,3,1,1,,,4,2,1,1,1
32112,2,2,2,1,8,7,0,1,1,,,4,2,1,1,1
32113,2,2,2,1,8,7,1,1,1,,,1,2,1,1,1
32114,2,2,2,1,8,7,2,1,1,,,1,2,1,1,1
32115,2,2,2,1,8,7,3,1,1,,,4,2,1,1,1
32116,2,2,2,1,8,8,0,1,1,,,4,2,1,1,1
32117,2,2,2,1,8,8,1,1,1,,,1,2,1,1,1
32118,2,2,2,1,8,8,2,1,1,,,1,2,1,1,1
32119,2,2,2,1,8,8,3,1,1,,,4,2,1,1,1
32120,2,2,2,1,8,9,0,1,1,,,4,2,1,1,1
32121,2,2,2,1,8,9,1,1,1,,,1,2,1,1,1
32122,2,2,2,1,8,9,2,1,1,,,1,2,1,1,1
32123,2,2,2,1,8,9,3,1,1,,,4,2,1,1,1
32124,2,2,2,1,8,10,0,1,1,,,4,2,1,1,1
32125,2,2,2,1,8,10,1,1,1,,,1,2,1,1,1
32126,2,2,2,1,8,10,2,1,1,,,1,2,1,1,1
32127,2,2,2,1,8,10,3,1,1,,,4,2,1,1,1
32128,2,2,2,1,8,11,0,1,1,,,4,2,1,1,1
32129,2,2,2,1,8,11,1,1,1,,,1,2,1,1,1
32130,2,2,2,1,8,11,2,1,1,,,1,2,1,1,1
32131,2,2,2,1,8,11,3,1,1,,,4,2,1,1,1
32132,2,2,2,1,8,12,0,1,1,,,4,2,1,1,1
32133,2,2,2,1,8,12,1,1,1,,,1,2,1,1,1
32134,2,2,2,1,8,12,2,1,1,,,1,2,1,1,1
32135,2,2,2,1,8,12,3,1,1,,,4,2,1,1,1
32136,2,2,2,1,8,13,0,1,1,,,4,2,1,1,1
32137,2,2,2,1,8,13,1,1,1,,,1,2,1,1,1
32138,2,2,2,1,8,13,2,1,1,,,1,2,1,1,1
32139,2,2,2,1,8,13,3,1,1,,,4,2,1,1,1
32140,2,2,2,1,8,14,0,1,1,,,4,2,1,1,1
32141,2,2,2,1,8,14,1,1,1,,,1,2,1,1,1
32142,2,2,2,1,8,14,2,1,1,,,1,2,1,1,1
32143,2,2,2,1,8,14,3,1,1,,,4,2,1,1,1
32144,2,2,2,1,8,15,0,1,1,,,4,2,1,1,1
32145,2,2,2,1,8,15,1,1,1,,,1,2,1,1,1
32146,2,2,2,1,8,15,2,1,1,,,1,2,1,1,1
32147,2,2,2,1,8,15,3,1,1,,,4,2,1,1,1
32148,2,2,2,1,9,0,0,1,1,,,4,4,1,0,1
32149,2,2,2,1,9,0,1,0,0,2,2,0,4,0,0,1
32150,2,2,2,1,9,0,2,0,0,2,2,0,4,0,0,1
32151,2,2,2,1,9,0,3,1,1,,,4,4,1,0,1
32152,2,2,2,1,9,1,0,1,1,,,4,4,1,0,1
32153,2,2,2,1,9,1,1,0,0,2,2,0,4,0,0,1
32154,2,2,2,1,9,1,2,0,0,2,2,0,4,0,0,1
32155,2,2,2,1,9,1,3,1,1,,,4,4,1,0,1
32156,2,2,2,1,9,2,0,1,1,,,4,4,1,0,1
32157,2,2,2,1,9,2,1,0,0,2,2,0,4,0,0,1
32158,2,2,2,1,9,2,2,0,0,2,2,0,4,0,0,1
32159,2,2,2,1,9,2,3,1,1,,,4,4,1,0,1
32160,2,2,2,1,9,3,0,1,1,,,4,4,1,0,1
32161,2,2,2,1,9,3,1,0,0,2,2,0,4,0,0,1
32162,2,2,2,1,9,3,2,0,0,2,2,0,4,0,0,1
32163,2,2,2,1,9,3,3,1,1,,,4,4,1,0,1
32164,2,2,2,1,9,4,0,1,1,,,4,4,1,0,1
32165,2,2,2,1,9,4,1,0,0,2,2,0,4,0,0,1
32166,2,2,2,1,9,4,2,0,0,2,2,0,4,0,0,1
32167,2,2,2,1,9,4,3,1,1,,,4,4,1,0,1
32168,2,2,2,1,9,5,0,1,1,,,4,4,1,0,1
32169,2,2,2,1,9,5,1,0,0,2,2,0,4,0,0,1
32170,2,2,2,1,9,5,2,0,0,2,2,0,4,0,0,1
32171,2,2,2,1,9,5,3,1,1,,,4,4,1,0,1
32172,2,2,2,1,9,6,0,1,1,,,4,4,1,0,1
32173,2,2,2,1,9,6,1,0,0,2,2,0,4,0,0,1
32174,2,2,2,1,9,6,2,0,0,2,2,0,4,0,0,1
32175,2,2,2,1,9,6,3,1,1,,,4,4,1,0,1
32176,2,2,2,1,9,7,0,1,1,,,4,4,1,0,1
32177,2,2,2,1,9,7,1,0,0,2,2,0,4,0,0,1
32178,2,2,2,1,9,7,2,0,0,2,2,0,4,0,0,1
32179,2,2,2,1,9,7,3,1,1,,,4,4,1,0,1
32180,2,2,2,1,9,8,0,1,1,,,4,4,1,0,1
32181,2,2,2,1,9,8,1,0,0,2,2,0,4,0,0,1
32182,2,2,2,1,9,8,2,0,0,2,2,0,4,0,0,1
32183,2,2,2,1,9,8,3,1,1,,,4,4,1,0,1
32184,2,2,2,1,9,9,0,1,1,,,4,4,1,0,1
32185,2,2,2,1,9,9,1,0,0,2,2,0,4,0,0,1
32186,2,2,2,1,9,9,2,0,0,2,2,0,4,0,0,1
32187,2,2,2,1,9,9,3,1,1,,,4,4,1,0,1
32188,2,2,2,1,9,10,0,1,1,,,4,4,1,0,1
32189,2,2,2,1,9,10,1,0,0,2,2,0,4,0,0,1
32190,2,2,2,1,9,10,2,0,0,2,2,0,4,0,0,1
32191,2,2,2,1,9,10,3,1,1,,,4,4,1,0,1
32192,2,2,2,1,9,11,0,1,1,,,4,4,1,0,1
32193,2,2,2,1,9,11,1,0,0,2,2,0,4,0,0,1
32194,2,2,2,1,9,11,2,0,0,2,2,0,4,0,0,1
32195,2,2,2,1,9,11,3,1,1,,,4,4,1,0,1
32196,2,2,2,1,9,12,0,1,1,,,4,4,1,0,1
32197,2,2,2,1,9,12,1,0,0,2,2,0,4,0,0,1
32198,2,2,2,1,9,12,2,0,0,2,2,0,4,0,0,1
32199,2,2,2,1,9,12,3,1,1,,,4,4,1,0,1
32200,2,2,2,1,9,13,0,1,1,,,4,4,1,0,1
32201,2,2,2,1,9,13,1,0,0,2,2,0,4,0,0,1
32202,2,2,2,1,9,13,2,0,0,2,2,0,4,0,0,1
32203,2,2,2,1,9,13,3,1,1,,,4,4,1,0,1
32204,2,2,2,1,9,14,0,1,1,,,4,4,1,0,1
32205,2,2,2,1,9,14,1,0,0,2,2,0,4,0,0,1
32206,2,2,2,1,9,14,2,0,0,2,2,0,4,0,0,1
32207,2,2,2,1,9,14,3,1,1,,,4,4,1,0,1
32208,2,2,2,1,9,15,0,1,1,,,4,4,1,0,1
32209,2,2,2,1,9,15,1,0,0,2,2,0,4,0,0,1
32210,2,2,2,1,9,15,2,0,0,2,2,0,4,0,0,1
32211,2,2,2,1,9,15,3,1,1,,,4,4,1,0,1
32212,2,2,2,1,10,0,0,1,1,,,4,3,1,0,1
32213,2,2,2,1,10,0,1,0,0,1,1,0,3,0,0,1
32214,2,2,2,1,10,0,2,0,0,1,1,0,3,0,0,1
32215,2,2,2,1,10,0,3,1,1,,,4,3,1,0,1
32216,2,2,2,1,10,1,0,1,1,,,4,3,1,0,1
32217,2,2,2,1,10,1,1,0,0,1,1,0,3,0,0,1
32218,2,2,2,1,10,1,2,0,0,1,1,0,3,0,0,1
32219,2,2,2,1,10,1,3,1,1,,,4,3,1,0,1
32220,2,2,2,1,10,2,0,1,1,,,4,3,1,0,1
32221,2,2,2,1,10,2,1,0,0,1,1,0,3,0,0,1
32222,2,2,2,1,10,2,2,0,0,1,1,0,3,0,0,1
32223,2,2,2,1,10,2,3,1,1,,,4,3,1,0,1
32224,2,2,2,1,10,3,0,1,1,,,4,3,1,0,1
32225,2,2,2,1,10,3,1,0,0,1,1,0,3,0,0,1
32226,2,2,2,1,10,3,2,0,0,1,1,0,3,0,0,1
32227,2,2,2,1,10,3,3,1,1,,,4,3,1,0,1
32228,2,2,2,1,10,4,0,1,1,,,4,3,1,0,1
32229,2,2,2,1,10,4,1,0,0,1,1,0,3,0,0,1
32230,2,2,2,1,10,4,2,0,0,1,1,0,3,0,0,1
32231,2,2,2,1,10,4,3,1,1,,,4,3,1,0,1
32232,2,2,2,1,10,5,0,1,1,,,4,3,1,0,1
32233,2,2,2,1,10,5,1,0,0,1,1,0,3,0,0,1
32234,2,2,2,1,10,5,2,0,0,1,1,0,3,0,0,1
32235,2,2,2,1,10,5,3,1,1,,,4,3,1,0,1
32236,2,2,2,1,10,6,0,1,1,,,4,3,1,0,1
32237,2,2,2,1,10,6,1,0,0,1,1,0,3,0,0,1
32238,2,2,2,1,10,6,2,0,0,1,1,0,3,0,0,1
32239,2,2,2,1,10,6,3,1,1,,,4,3,1,0,1
32240,2,2,2,1,10,7,0,1,1,,,4,3,1,0,1
32241,2,2,2,1,10,7,1,0,0,1,1,0,3,0,0,1
32242,2,2,2,1,10,7,2,0,0,1,1,0,3,0,0,1
32243,2,2,2,1,10,7,3,1,1,,,4,3,1,0,1
32244,2,2,2,1,10,8,0,1,1,,,4,3,1,0,1
32245,2,2,2,1,10,8,1,0,0,1,1,0,3,0,0,1
32246,2,2,2,1,10,8,2,0,0,1,1,0,3,0,0,1
32247,2,2,2,1,10,8,3,1,1,,,4,3,1,0,1
32248,2,2,2,1,10,9,0,1,1,,,4,3,1,0,1
32249,2,2,2,1,10,9,1,0,0,1,1,0,3,0,0,1
32250,2,2,2,1,10,9,2,0,0,1,1,0,3,0,0,1
32251,2,2,2,1,10,9,3,1,1,,,4,3,1,0,1
32252,2,2,2,1,10,10,0,1,1,,,4,3,1,0,1
32253,2,2,2,1,10,10,1,0,0,1,1,0,3,0,0,1
32254,2,2,2,1,10,10,2,0,0,1,1,0,3,0,0,1
32255,2,2,2,1,10,10,3,1,1,,,4,3,1,0,1
32256,2,2,2,1,10,11,0,1,1,,,4,3,1,0,1
32257,2,2,2,1,10,11,1,0,0,1,1,0,3,0,0,1
32258,2,2,2,1,10,11,2,0,0,1,1,0,3,0,0,1
32259,2,2,2,1,10,11,3,1,1,,,4,3,1,0,1
32260,2,2,2,1,10,12,0,1,1,,,4,3,1,0,1
32261,2,2,2,1,10,12,1,0,0,1,1,0,3,0,0,1
32262,2,2,2,1,10,12,2,0,0,1,1,0,3,0,0,1
32263,2,2,2,1,10,12,3,1,1,,,4,3,1,0,1
32264,2,2,2,1,10,13,0,1,1,,,4,3,1,0,1
32265,2,2,2,1,10,13,1,0,0,1,1,0,3,0,0,1
32266,2,2,2,1,10,13,2,0,0,1,1,0,3,0,0,1
32267,2,2,2,1,10,13,3,1,1,,,4,3,1,0,1
32268,2,2,2,1,10,14,0,1,1,,,4,3,1,0,1
32269,2,2,2,1,10,14,1,0,0,1,1,0,3,0,0,1
32270,2,2,2,1,10,14,2,0,0,1,1,0,3,0,0,1
32271,2,2,2,1,10,14,3,1,1,,,4,3,1,0,1
32272,2,2,2,1,10,15,0,1,1,,,4,3,1,0,1
32273,2,2,2,1,10,15,1,0,0,1,1,0,3,0,0,1
32274,2,2,2,1,10,15,2,0,0,1,1,0,3,0,0,1
32275,2,2,2,1,10,15,3,1,1,,,4,3,1,0,1
32276,2,2,2,1,11,0,0,1,1,,,4,4,1,0,1
32277,2,2,2,1,11,0,1,0,0,1,1,0,4,0,0,1
32278,2,2,2,1,11,0,2,0,0,1,1,0,4,0,0,1
32279,2,2,2,1,11,0,3,1,1,,,4,4,1,0,1
32280,2,2,2,1,11,1,0,1,1,,,4,4,1,0,1
32281,2,2,2,1,11,1,1,0,0,1,1,0,4,0,0,1
32282,2,2,2,1,11,1,2,0,0,1,1,0,4,0,0,1
32283,2,2,2,1,11,1,3,1,1,,,4,4,1,0,1
32284,2,2,2,1,11,2,0,1,1,,,4,4,1,0,1
32285,2,2,2,1,11,2,1,0,0,1,1,0,4,0,0,1
32286,2,2,2,1,11,2,2,0,0,1,1,0,4,0,0,1
32287,2,2,2,1,11,2,3,1,1,,,4,4,1,0,1
32288,2,2,2,1,11,3,0,1,1,,,4,4,1,0,1
32289,2,2,2,1,11,3,1,0,0,1,1,0,4,0,0,1
32290,2,2,2,1,11,3,2,0,0,1,1,0,4,0,0,1
32291,2,2,2,1,11,3,3,1,1,,,4,4,1,0,1
32292,2,2,2,1,11,4,0,1,1,,,4,4,1,0,1
32293,2,2,2,1,11,4,1,0,0,1,1,0,4,0,0,1
32294,2,2,2,1,11,4,2,0,0,1,1,0,4,0,0,1
32295,2,2,2,1,11,4,3,1,1,,,4,4,1,0,1
32296,2,2,2,1,11,5,0,1,1,,,4,4,1,0,1
32297,2,2,2,1,11,5,1,0,0,1,1,0,4,0,0,1
32298,2,2,2,1,11,5,2,0,0,1,1,0,4,0,0,1
32299,2,2,2,1,11,5,3,1,1,,,4,4,1,0,1
32300,2,2,2,1,11,6,0,1,1,,,4,4,1,0,1
32301,2,2,2,1,11,6,1,0,0,1,1,0,4,0,0,1
32302,2,2,2,1,11,6,2,0,0,1,1,0,4,0,0,1
32303,2,2,2,1,11,6,3,1,1,,,4,4,1,0,1
32304,2,2,2,1,11,7,0,1,1,,,4,4,1,0,1
32305,2,2,2,1,11,7,1,0,0,1,1,0,4,0,0,1
32306,2,2,2,1,11,7,2,0,0,1,1,0,4,0,0,1
32307,2,2,2,1,11,7,3,1,1,,,4,4,1,0,1
32308,2,2,2,1,11,8,0,1,1,,,4,4,1,0,1
32309,2,2,2,1,11,8,1,0,0,1,1,0,4,0,0,1
32310,2,2,2,1,11,8,2,0,0,1,1,0,4,0,0,1
32311,2,2,2,1,11,8,3,1,1,,,4,4,1,0,1
32312,2,2,2,1,11,9,0,1,1,,,4,4,1,0,1
32313,2,2,2,1,11,9,1,0,0,1,1,0,4,0,0,1
32314,2,2,2,1,11,9,2,0,0,1,1,0,4,0,0,1
32315,2,2,2,1,11,9,3,1,1,,,4,4,1,0,1
32316,2,2,2,1,11,10,0,1,1,,,4,4,1,0,1
32317,2,2,2,1,11,10,1,0,0,1,1,0,4,0,0,1
32318,2,2,2,1,11,10,2,0,0,1,1,0,4,0,0,1
32319,2,2,2,1,11,10,3,1,1,,,4,4,1,0,1
32320,2,2,2,1,11,11,0,1,1,,,4,4,1,0,1
32321,2,2,2,1,11,11,1,0,0,1,1,0,4,0,0,1
32322,2,2,2,1,11,11,2,0,0,1,1,0,4,0,0,1
32323,2,2,2,1,11,11,3,1,1,,,4,4,1,0,1
32324,2,2,2,1,11,12,0,1,1,,,4,4,1,0,1
32325,2,2,2,1,11,12,1,0,0,1,1,0,4,0,0,1
32326,2,2,2,1,11,12,2,0,0,1,1,0,4,0,0,1
32327,2,2,2,1,11,12,3,1,1,,,4,4,1,0,1
32328,2,2,2,1,11,13,0,1,1,,,4,4,1,0,1
32329,2,2,2,1,11,13,1,0,0,1,1,0,4,0,0,1
32330,2,2,2,1,11,13,2,0,0,1,1,0,4,0,0,1
32331,2,2,2,1,11,13,3,1,1,,,4,4,1,0,1
32332,2,2,2,1,11,14,0,1,1,,,4,4,1,0,1
32333,2,2,2,1,11,14,1,0,0,1,1,0,4,0,0,1
32334,2,2,2,1,11,14,2,0,0,1,1,0,4,0,0,1
32335,2,2,2,1,11,14,3,1,1,,,4,4,1,0,1
32336,2,2,2,1,11,15,0,1,1,,,4,4,1,0,1
32337,2,2,2,1,11,15,1,0,0,1,1,0,4,0,0,1
32338,2,2,2,1,11,15,2,0,0,1,1,0,4,0,0,1
32339,2,2,2,1,11,15,3,1,1,,,4,4,1,0,1
32340,2,2,2,1,12,0,0,1,1,,,4,2,1,1,1
32341,2,2,2,1,12,0,1,1,1,,,1,2,1,1,1
32342,2,2,2,1,12,0,2,1,1,,,1,2,1,1,1
32343,2,2,2,1,12,0,3,1,1,,,4,2,1,1,1
32344,2,2,2,1,12,1,0,1,1,,,4,2,1,1,1
32345,2,2,2,1,12,1,1,1,1,,,1,2,1,1,1
32346,2,2,2,1,12,1,2,1,1,,,1,2,1,1,1
32347,2,2,2,1,12,1,3,1,1,,,4,2,1,1,1
32348,2,2,2,1,12,2,0,1,1,,,4,2,1,1,1
32349,2,2,2,1,12,2,1,1,1,,,1,2,1,1,1
32350,2,2,2,1,12,2,2,1,1,,,1,2,1,1,1
32351,2,2,2,1,12,2,3,1,1,,,4,2,1,1,1
32352,2,2,2,1,12,3,0,1,1,,,4,2,1,1,1
32353,2,2,2,1,12,3,1,1,1,,,1,2,1,1,1
32354,2,2,2,1,12,3,2,1,1,,,1,2,1,1,1
32355,2,2,2,1,12,3,3,1,1,,,4,2,1,1,1
32356,2,2,2,1,12,4,0,1,1,,,4,2,1,1,1
32357,2,2,2,1,12,4,1,1,1,,,1,2,1,1,1
32358,2,2,2,1,12,4,2,1,1,,,1,2,1,1,1
32359,2,2,2,1,12,4,3,1,1,,,4,2,1,1,1
32360,2,2,2,1,12,5,0,1,1,,,4,2,1,1,1
32361,2,2,2,1,12,5,1,1,1,,,1,2,1,1,1
32362,2,2,2,1,12,5,2,1,1,,,1,2,1,1,1
32363,2,2,2,1,12,5,3,1,1,,,4,2,1,1,1
32364,2,2,2,1,12,6,0,1,1,,,4,2,1,1,1
32365,2,2,2,1,12,6,1,1,1,,,1,2,1,1,1
32366,2,2,2,1,12,6,2,1,1,,,1,2,1,1,1
32367,2,2,2,1,12,6,3,1,1,,,4,2,1,1,1
32368,2,2,2,1,12,7,0,1,1,,,4,2,1,1,1
32369,2,2,2,1,12,7,1,1,1,,,1,2,1,1,1
32370,2,2,2,1,12,7,2,1,1,,,1,2,1,1,1
32371,2,2,2,1,12,7,3,1,1,,,4,2,1,1,1
32372,2,2,2,1,12,8,0,1,1,,,4,2,1,1,1
32373,2,2,2,1,12,8,1,1,1,,,1,2,1,1,1
32374,2,2,2,1,12,8,2,1,1,,,1,2,1,1,1
32375,2,2,2,1,12,8,3,1,1,,,4,2,1,1,1
32376,2,2,2,1,12,9,0,1,1,,,4,2,1,1,1
32377,2,2,2,1,12,9,1,1,1,,,1,2,1,1,1
32378,2,2,2,1,12,9,2,1,1,,,1,2,1,1,1
32379,2,2,2,1,12,9,3,1,1,,,4,2,1,1,1
32380,2,2,2,1,12,10,0,1,1,,,4,2,1,1,1
32381,2,2,2,1,12,10,1,1,1,,,1,2,1,1,1
32382,2,2,2,1,12,10,2,1,1,,,1,2,1,1,1
32383,2,2,2,1,12,10,3,1,1,,,4,2,1,1,1
32384,2,2,2,1,12,11,0,1,1,,,4,2,1,1,1
32385,2,2,2,1,12,11,1,1,1,,,1,2,1,1,1
32386,2,2,2,1,12,11,2,1,1,,,1,2,1,1,1
32387,2,2,2,1,12,11,3,1,1,,,4,2,1,1,1
32388,2,2,2,1,12,12,0,1,1,,,4,2,1,1,1
32389,2,2,2,1,12,12,1,1,1,,,1,2,1,1,1
32390,2,2,2,1,12,12,2,1,1,,,1,2,1,1,1
32391,2,2,2,1,12,12,3,1,1,,,4,2,1,1,1
32392,2,2,2,1,12,13,0,1,1,,,4,2,1,1,1
32393,2,2,2,1,12,13,1,1,1,,,1,2,1,1,1
32394,2,2,2,1,12,13,2,1,1,,,1,2,1,1,1
32395,2,2,2,1,12,13,3,1,1,,,4,2,1,1,1
32396,2,2,2,1,12,14,0,1,1,,,4,2,1,1,1
32397,2,2,2,1,12,14,1,1,1,,,1,2,1,1,1
32398,2,2,2,1,12,14,2,1,1,,,1,2,1,1,1
32399,2,2,2,1,12,14,3,1,1,,,4,2,1,1,1
32400,2,2,2,1,12,15,0,1,1,,,4,2,1,1,1
32401,2,2,2,1,12,15,1,1,1,,,1,2,1,1,1
32402,2,2,2,1,12,15,2,1,1,,,1,2,1,1,1
32403,2,2,2,1,12,15,3,1,1,,,4,2,1,1,1
32404,2,2,2,1,13,0,0,1,1,,,4,3,1,0,1
32405,2,2,2,1,13,0,1,0,0,2,2,0,3,0,0,1
32406,2,2,2,1,13,0,2,0,0,2,2,0,3,0,0,1
32407,2,2,2,1,13,0,3,1,1,,,4,3,1,0,1
32408,2,2,2,1,13,1,0,1,1,,,4,3,1,0,1
32409,2,2,2,1,13,1,1,0,0,2,2,0,3,0,0,1
32410,2,2,2,1,13,1,2,0,0,2,2,0,3,0,0,1
32411,2,2,2,1,13,1,3,1,1,,,4,3,1,0,1
32412,2,2,2,1,13,2,0,1,1,,,4,3,1,0,1
32413,2,2,2,1,13,2,1,0,0,2,2,0,3,0,0,1
32414,2,2,2,1,13,2,2,0,0,2,2,0,3,0,0,1
32415,2,2,2,1,13,2,3,1,1,,,4,3,1,0,1
32416,2,2,2,1,13,3,0,1,1,,,4,3,1,0,1
32417,2,2,2,1,13,3,1,0,0,2,2,0,3,0,0,1
32418,2,2,2,1,13,3,2,0,0,2,2,0,3,0,0,1
32419,2,2,2,1,13,3,3,1,1,,,4,3,1,0,1
32420,2,2,2,1,13,4,0,1,1,,,4,3,1,0,1
32421,2,2,2,1,13,4,1,0,0,2,2,0,3,0,0,1
32422,2,2,2,1,13,4,2,0,0,2,2,0,3,0,0,1
32423,2,2,2,1,13,4,3,1,1,,,4,3,1,0,1
32424,2,2,2,1,13,5,0,1,1,,,4,3,1,0,1
32425,2,2,2,1,13,5,1,0,0,2,2,0,3,0,0,1
32426,2,2,2,1,13,5,2,0,0,2,2,0,3,0,0,1
32427,2,2,2,1,13,5,3,1,1,,,4,3,1,0,1
32428,2,2,2,1,13,6,0,1,1,,,4,3,1,0,1
32429,2,2,2,1,13,6,1,0,0,2,2,0,3,0,0,1
32430,2,2,2,1,13,6,2,0,0,2,2,0,3,0,0,1
32431,2,2,2,1,13,6,3,1,1,,,4,3,1,0,1
32432,2,2,2,1,13,7,0,1,1,,,4,3,1,0,1
32433,2,2,2,1,13,7,1,0,0,2,2,0,3,0,0,1
32434,2,2,2,1,13,7,2,0,0,2,2,0,3,0,0,1
32435,2,2,2,1,13,7,3,1,1,,,4,3,1,0,1
32436,2,2,2,1,13,8,0,1,1,,,4,3,1,0,1
32437,2,2,2,1,13,8,1,0,0,2,2,0,3,0,0,1
32438,2,2,2,1,13,8,2,0,0,2,2,0,3,0,0,1
32439,2,2,2,1,13,8,3,1,1,,,4,3,1,0,1
32440,2,2,2,1,13,9,0,1,1,,,4,3,1,0,1
32441,2,2,2,1,13,9,1,0,0,2,2,0,3,0,0,1
32442,2,2,2,1,13,9,2,0,0,2,2,0,3,0,0,1
32443,2,2,2,1,13,9,3,1,1,,,4,3,1,0,1
32444,2,2,2,1,13,10,0,1,1,,,4,3,1,0,1
32445,2,2,2,1,13,10,1,0,0,2,2,0,3,0,0,1
32446,2,2,2,1,13,10,2,0,0,2,2,0,3,0,0,1
32447,2,2,2,1,13,10,3,1,1,,,4,3,1,0,1
32448,2,2,2,1,13,11,0,1,1,,,4,3,1,0,1
32449,2,2,2,1,13,11,1,0,0,2,2,0,3,0,0,1
32450,2,2,2,1,13,11,2,0,0,2,2,0,3,0,0,1
32451,2,2,2,1,13,11,3,1,1,,,4,3,1,0,1
32452,2,2,2,1,13,12,0,1,1,,,4,3,1,0,1
32453,2,2,2,1,13,12,1,0,0,2,2,0,3,0,0,1
32454,2,2,2,1,13,12,2,0,0,2,2,0,3,0,0,1
32455,2,2,2,1,13,12,3,1,1,,,4,3,1,0,1
32456,2,2,2,1,13,13,0,1,1,,,4,3,1,0,1
32457,2,2,2,1,13,13,1,0,0,2,2,0,3,0,0,1
32458,2,2,2,1,13,13,2,0,0,2,2,0,3,0,0,1
32459,2,2,2,1,13,13,3,1,1,,,4,3,1,0,1
32460,2,2,2,1,13,14,0,1,1,,,4,3,1,0,1
32461,2,2,2,1,13,14,1,0,0,2,2,0,3,0,0,1
32462,2,2,2,1,13,14,2,0,0,2,2,0,3,0,0,1
32463,2,2,2,1,13,14,3,1,1,,,4,3,1,0,1
32464,2,2,2,1,13,15,0,1,1,,,4,3,1,0,1
32465,2,2,2,1,13,15,1,0,0,2,2,0,3,0,0,1
32466,2,2,2,1,13,15,2,0,0,2,2,0,3,0,0,1
32467,2,2,2,1,13,15,3,1,1,,,4,3,1,0,1
32468,2,2,2,1,14,0,0,1,1,,,4,4,1,0,1
32469,2,2,2,1,14,0,1,0,0,1,1,0,4,0,0,1
32470,2,2,2,1,14,0,2,0,0,1,1,0,4,0,0,1
32471,2,2,2,1,14,0,3,1,1,,,4,4,1,0,1
32472,2,2,2,1,14,1,0,1,1,,,4,4,1,0,1
32473,2,2,2,1,14,1,1,0,0,1,1,0,4,0,0,1
32474,2,2,2,1,14,1,2,0,0,1,1,0,4,0,0,1
32475,2,2,2,1,14,1,3,1,1,,,4,4,1,0,1
32476,2,2,2,1,14,2,0,1,1,,,4,4,1,0,1
32477,2,2,2,1,14,2,1,0,0,1,1,0,4,0,0,1
32478,2,2,2,1,14,2,2,0,0,1,1,0,4,0,0,1
32479,2,2,2,1,14,2,3,1,1,,,4,4,1,0,1
32480,2,2,2,1,14,3,0,1,1,,,4,4,1,0,1
32481,2,2,2,1,14,3,1,0,0,1,1,0,4,0,0,1
32482,2,2,2,1,14,3,2,0,0,1,1,0,4,0,0,1
32483,2,2,2,1,14,3,3,1,1,,,4,4,1,0,1
32484,2,2,2,1,14,4,0,1,1,,,4,4,1,0,1
32485,2,2,2,1,14,4,1,0,0,1,1,0,4,0,0,1
32486,2,2,2,1,14,4,2,0,0,1,1,0,4,0,0,1
32487,2,2,2,1,14,4,3,1,1,,,4,4,1,0,1
32488,2,2,2,1,14,5,0,1,1,,,4,4,1,0,1
32489,2,2,2,1,14,5,1,0,0,1,1,0,4,0,0,1
32490,2,2,2,1,14,5,2,0,0,1,1,0,4,0,0,1
32491,2,2,2,1,14,5,3,1,1,,,4,4,1,0,1
32492,2,2,2,1,14,6,0,1,1,,,4,4,1,0,1
32493,2,2,2,1,14,6,1,0,0,1,1,0,4,0,0,1
32494,2,2,2,1,14,6,2,0,0,1,1,0,4,0,0,1
32495,2,2,2,1,14,6,3,1,1,,,4,4,1,0,1
32496,2,2,2,1,14,7,0,1,1,,,4,4,1,0,1
32497,2,2,2,1,14,7,1,0,0,1,1,0,4,0,0,1
32498,2,2,2,1,14,7,2,0,0,1,1,0,4,0,0,1
32499,2,2,2,1,14,7,3,1,1,,,4,4,1,0,1
32500,2,2,2,1,14,8,0,1,1,,,4,4,1,0,1
32501,2,2,2,1,14,8,1,0,0,1,1,0,4,0,0,1
32502,2,2,2,1,14,8,2,0,0,1,1,0,4,0,0,1
32503,2,2,2,1,14,8,3,1,1,,,4,4,1,0,1
32504,2,2,2,1,14,9,0,1,1,,,4,4,1,0,1
32505,2,2,2,1,14,9,1,0,0,1,1,0,4,0,0,1
32506,2,2,2,1,14,9,2,0,0,1,1,0,4,0,0,1
32507,2,2,2,1,14,9,3,1,1,,,4,4,1,0,1
32508,2,2,2,1,14,10,0,1,1,,,4,4,1,0,1
32509,2,2,2,1,14,10,1,0,0,1,1,0,4,0,0,1
32510,2,2,2,1,14,10,2,0,0,1,1,0,4,0,0,1
32511,2,2,2,1,14,10,3,1,1,,,4,4,1,0,1
32512,2,2,2,1,14,11,0,1,1,,,4,4,1,0,1
32513,2,2,2,1,14,11,1,0,0,1,1,0,4,0,0,1
32514,2,2,2,1,14,11,2,0,0,1,1,0,4,0,0,1
32515,2,2,2,1,14,11,3,1,1,,,4,4,1,0,1
32516,2,2,2,1,14,12,0,1,1,,,4,4,1,0,1
32517,2,2,2,1,14,12,1,0,0,1,1,0,4,0,0,1
32518,2,2,2,1,14,12,2,0,0,1,1,0,4,0,0,1
32519,2,2,2,1,14,12,3,1,1,,,4,4,1,0,1
32520,2,2,2,1,14,13,0,1,1,,,4,4,1,0,1
32521,2,2,2,1,14,13,1,0,0,1,1,0,4,0,0,1
32522,2,2,2,1,14,13,2,0,0,1,1,0,4,0,0,1
32523,2,2,2,1,14,13,3,1,1,,,4,4,1,0,1
32524,2,2,2,1,14,14,0,1,1,,,4,4,1,0,1
32525,2,2,2,1,14,14,1,0,0,1,1,0,4,0,0,1
32526,2,2,2,1,14,14,2,0,0,1,1,0,4,0,0,1
32527,2,2,2,1,14,14,3,1,1,,,4,4,1,0,1
32528,2,2,2,1,14,15,0,1,1,,,4,4,1,0,1
32529,2,2,2,1,14,15,1,0,0,1,1,0,4,0,0,1
32530,2,2,2,1,14,15,2,0,0,1,1,0,4,0,0,1
32531,2,2,2,1,14,15,3,1,1,,,4,4,1,0,1
32532,2,2,2,1,15,0,0,1,1,,,4,3,1,0,1
32533,2,2,2,1,15,0,1,0,0,1,1,0,3,0,0,1
32534,2,2,2,1,15,0,2,0,0,1,1,0,3,0,0,1
32535,2,2,2,1,15,0,3,1,1,,,4,3,1,0,1
32536,2,2,2,1,15,1,0,1,1,,,4,3,1,0,1
32537,2,2,2,1,15,1,1,0,0,1,1,0,3,0,0,1
32538,2,2,2,1,15,1,2,0,0,1,1,0,3,0,0,1
32539,2,2,2,1,15,1,3,1,1,,,4,3,1,0,1
32540,2,2,2,1,15,2,0,1,1,,,4,3,1,0,1
32541,2,2,2,1,15,2,1,0,0,1,1,0,3,0,0,1
32542,2,2,2,1,15,2,2,0,0,1,1,0,3,0,0,1
32543,2,2,2,1,15,2,3,1,1,,,4,3,1,0,1
32544,2,2,2,1,15,3,0,1,1,,,4,3,1,0,1
32545,2,2,2,1,15,3,1,0,0,1,1,0,3,0,0,1
32546,2,2,2,1,15,3,2,0,0,1,1,0,3,0,0,1
32547,2,2,2,1,15,3,3,1,1,,,4,3,1,0,1
32548,2,2,2,1,15,4,0,1,1,,,4,3,1,0,1
32549,2,2,2,1,15,4,1,0,0,1,1,0,3,0,0,1
32550,2,2,2,1,15,4,2,0,0,1,1,0,3,0,0,1
32551,2,2,2,1,15,4,3,1,1,,,4,3,1,0,1
32552,2,2,2,1,15,5,0,1,1,,,4,3,1,0,1
32553,2,2,2,1,15,5,1,0,0,1,1,0,3,0,0,1
32554,2,2,2,1,15,5,2,0,0,1,1,0,3,0,0,1
32555,2,2,2,1,15,5,3,1,1,,,4,3,1,0,1
32556,2,2,2,1,15,6,0,1,1,,,4,3,1,0,1
32557,2,2,2,1,15,6,1,0,0,1,1,0,3,0,0,1
32558,2,2,2,1,15,6,2,0,0,1,1,0,3,0,0,1
32559,2,2,2,1,15,6,3,1,1,,,4,3,1,0,1
32560,2,2,2,1,15,7,0,1,1,,,4,3,1,0,1
32561,2,2,2,1,15,7,1,0,0,1,1,0,3,0,0,1
32562,2,2,2,1,15,7,2,0,0,1,1,0,3,0,0,1
32563,2,2,2,1,15,7,3,1,1,,,4,3,1,0,1
32564,2,2,2,1,15,8,0,1,1,,,4,3,1,0,1
32565,2,2,2,1,15,8,1,0,0,1,1,0,3,0,0,1
32566,2,2,2,1,15,8,2,0,0,1,1,0,3,0,0,1
32567,2,2,2,1,15,8,3,1,1,,,4,3,1,0,1
32568,2,2,2,1,15,9,0,1,1,,,4,3,1,0,1
32569,2,2,2,1,15,9,1,0,0,1,1,0,3,0,0,1
32570,2,2,2,1,15,9,2,0,0,1,1,0,3,0,0,1
32571,2,2,2,1,15,9,3,1,1,,,4,3,1,0,1
32572,2,2,2,1,15,10,0,1,1,,,4,3,1,0,1
32573,2,2,2,1,15,10,1,0,0,1,1,0,3,0,0,1
32574,2,2,2,1,15,10,2,0,0,1,1,0,3,0,0,1
32575,2,2,2,1,15,10,3,1,1,,,4,3,1,0,1
32576,2,2,2,1,15,11,0,1,1,,,4,3,1,0,1
32577,2,2,2,1,15,11,1,0,0,1,1,0,3,0,0,1
32578,2,2,2,1,15,11,2,0,0,1,1,0,3,0,0,1
32579,2,2,2,1,15,11,3,1,1,,,4,3,1,0,1
32580,2,2,2,1,15,12,0,1,1,,,4,3,1,0,1
32581,2,2,2,1,15,12,1,0,0,1,1,0,3,0,0,1
32582,2,2,2,1,15,12,2,0,0,1,1,0,3,0,0,1
32583,2,2,2,1,15,12,3,1,1,,,4,3,1,0,1
32584,2,2,2,1,15,13,0,1,1,,,4,3,1,0,1
32585,2,2,2,1,15,13,1,0,0,1,1,0,3,0,0,1
32586,2,2,2,1,15,13,2,0,0,1,1,0,3,0,0,1
32587,2,2,2,1,15,13,3,1,1,,,4,3,1,0,1
32588,2,2,2,1,15,14,0,1,1,,,4,3,1,0,1
32589,2,2,2,1,15,14,1,0,0,1,1,0,3,0,0,1
32590,2,2,2,1,15,14,2,0,0,1,1,0,3,0,0,1
32591,2,2,2,1,15,14,3,1,1,,,4,3,1,0,1
32592,2,2,2,1,15,15,0,1,1,,,4,3,1,0,1
32593,2,2,2,1,15,15,1,0,0,1,1,0,3,0,0,1
32594,2,2,2,1,15,15,2,0,0,1,1,0,3,0,0,1
32595,2,2,2,1,15,15,3,1,1,,,4,3,1,0,1
32596,2,2,2,2,0,0,0,1,1,,,4,2,1,1,1
32597,2,2,2,2,0,0,1,1,1,,,1,2,1,1,1
32598,2,2,2,2,0,0,2,1,1,,,1,2,1,1,1
32599,2,2,2,2,0,0,3,1,1,,,4,2,1,1,1
32600,2,2,2,2,0,1,0,1,1,,,4,2,1,1,1
32601,2,2,2,2,0,1,1,1,1,,,1,2,1,1,1
32602,2,2,2,2,0,1,2,1,1,,,1,2,1,1,1
32603,2,2,2,2,0,1,3,1,1,,,4,2,1,1,1
32604,2,2,2,2,0,2,0,1,1,,,4,2,1,1,1
32605,2,2,2,2,0,2,1,1,1,,,1,2,1,1,1
32606,2,2,2,2,0,2,2,1,1,,,1,2,1,1,1
32607,2,2,2,2,0,2,3,1,1,,,4,2,1,1,1
32608,2,2,2,2,0,3,0,1,1,,,4,2,1,1,1
32609,2,2,2,2,0,3,1,1,1,,,1,2,1,1,1
32610,2,2,2,2,0,3,2,1,1,,,1,2,1,1,1
32611,2,2,2,2,0,3,3,1,1,,,4,2,1,1,1
32612,2,2,2,2,0,4,0,1,1,,,4,2,1,1,1
32613,2,2,2,2,0,4,1,1,1,,,1,2,1,1,1
32614,2,2,2,2,0,4,2,1,1,,,1,2,1,1,1
32615,2,2,2,2,0,4,3,1,1,,,4,2,1,1,1
32616,2,2,2,2,0,5,0,1,1,,,4,2,1,1,1
32617,2,2,2,2,0,5,1,1,1,,,1,2,1,1,1
32618,2,2,2,2,0,5,2,1,1,,,1,2,1,1,1
32619,2,2,2,2,0,5,3,1,1,,,4,2,1,1,1
32620,2,2,2,2,0,6,0,1,1,,,4,2,1,1,1
32621,2,2,2,2,0,6,1,1,1,,,1,2,1,1,1
32622,2,2,2,2,0,6,2,1,1,,,1,2,1,1,1
32623,2,2,2,2,0,6,3,1,1,,,4,2,1,1,1
32624,2,2,2,2,0,7,0,1,1,,,4,2,1,1,1
32625,2,2,2,2,0,7,1,1,1,,,1,2,1,1,1
32626,2,2,2,2,0,7,2,1,1,,,1,2,1,1,1
32627,2,2,2,2,0,7,3,1,1,,,4,2,1,1,1
32628,2,2,2,2,0,8,0,1,1,,,4,2,1,1,1
32629,2,2,2,2,0,8,1,1,1,,,1,2,1,1,1
32630,2,2,2,2,0,8,2,1,1,,,1,2,1,1,1
32631,2,2,2,2,0,8,3,1,1,,,4,2,1,1,1
32632,2,2,2,2,0,9,0,1,1,,,4,2,1,1,1
32633,2,2,2,2,0,9,1,1,1,,,1,2,1,1,1
32634,2,2,2,2,0,9,2,1,1,,,1,2,1,1,1
32635,2,2,2,2,0,9,3,1,1,,,4,2,1,1,1
32636,2,2,2,2,0,10,0,1,1,,,4,2,1,1,1
32637,2,2,2,2,0,10,1,1,1,,,1,2,1,1,1
32638,2,2,2,2,0,10,2,1,1,,,1,2,1,1,1
32639,2,2,2,2,0,10,3,1,1,,,4,2,1,1,1
32640,2,2,2,2,0,11,0,1,1,,,4,2,1,1,1
32641,2,2,2,2,0,11,1,1,1,,,1,2,1,1,1
32642,2,2,2,2,0,11,2,1,1,,,1,2,1,1,1
32643,2,2,2,2,0,11,3,1,1,,,4,2,1,1,1
32644,2,2,2,2,0,12,0,1,1,,,4,2,1,1,1
32645,2,2,2,2,0,12,1,1,1,,,1,2,1,1,1
32646,2,2,2,2,0,12,2,1,1,,,1,2,1,1,1
32647,2,2,2,2,0,12,3,1,1,,,4,2,1,1,1
32648,2,2,2,2,0,13,0,1,1,,,4,2,1,1,1
32649,2,2,2,2,0,13,1,1,1,,,1,2,1,1,1
32650,2,2,2,2,0,13,2,1,1,,,1,2,1,1,1
32651,2,2,2,2,0,13,3,1,1,,,4,2,1,1,1
32652,2,2,2,2,0,14,0,1,1,,,4,2,1,1,1
32653,2,2,2,2,0,14,1,1,1,,,1,2,1,1,1
32654,2,2,2,2,0,14,2,1,1,,,1,2,1,1,1
32655,2,2,2,2,0,14,3,1,1,,,4,2,1,1,1
32656,2,2,2,2,0,15,0,1,1,,,4,2,1,1,1
32657,2,2,2,2,0,15,1,1,1,,,1,2,1,1,1
32658,2,2,2,2,0,15,2,1,1,,,1,2,1,1,1
32659,2,2,2,2,0,15,3,1,1,,,4,2,1,1,1
32660,2,2,2,2,1,0,0,1,1,,,4,3,1,0,1
32661,2,2,2,2,1,0,1,0,0,1,1,0,3,0,0,1
32662,2,2,2,2,1,0,2,0,0,1,1,0,3,0,0,1
32663,2,2,2,2,1,0,3,1,1,,,4,3,1,0,1
32664,2,2,2,2,1,1,0,1,1,,,4,3,1,0,1
32665,2,2,2,2,1,1,1,0,0,1,1,0,3,0,0,1
32666,2,2,2,2,1,1,2,0,0,1,1,0,3,0,0,1
32667,2,2,2,2,1,1,3,1,1,,,4,3,1,0,1
32668,2,2,2,2,1,2,0,1,1,,,4,3,1,0,1
32669,2,2,2,2,1,2,1,0,0,1,1,0,3,0,0,1
32670,2,2,2,2,1,2,2,0,0,1,1,0,3,0,0,1
32671,2,2,2,2,1,2,3,1,1,,,4,3,1,0,1
32672,2,2,2,2,1,3,0,1,1,,,4,3,1,0,1
32673,2,2,2,2,1,3,1,0,0,1,1,0,3,0,0,1
32674,2,2,2,2,1,3,2,0,0,1,1,0,3,0,0,1
32675,2,2,2,2,1,3,3,1,1,,,4,3,1,0,1
32676,2,2,2,2,1,4,0,1,1,,,4,3,1,0,1
32677,2,2,2,2,1,4,1,0,0,1,1,0,3,0,0,1
32678,2,2,2,2,1,4,2,0,0,1,1,0,3,0,0,1
32679,2,2,2,2,1,4,3,1,1,,,4,3,1,0,1
32680,2,2,2,2,1,5,0,1,1,,,4,3,1,0,1
32681,2,2,2,2,1,5,1,0,0,1,1,0,3,0,0,1
32682,2,2,2,2,1,5,2,0,0,1,1,0,3,0,0,1
32683,2,2,2,2,1,5,3,1,1,,,4,3,1,0,1
32684,2,2,2,2,1,6,0,1,1,,,4,3,1,0,1
32685,2,2,2,2,1,6,1,0,0,1,1,0,3,0,0,1
32686,2,2,2,2,1,6,2,0,0,1,1,0,3,0,0,1
32687,2,2,2,2,1,6,3,1,1,,,4,3,1,0,1
32688,2,2,2,2,1,7,0,1,1,,,4,3,1,0,1
32689,2,2,2,2,1,7,1,0,0,1,1,0,3,0,0,1
32690,2,2,2,2,1,7,2,0,0,1,1,0,3,0,0,1
32691,2,2,2,2,1,7,3,1,1,,,4,3,1,0,1
32692,2,2,2,2,1,8,0,1,1,,,4,3,1,0,1
32693,2,2,2,2,1,8,1,0,0,1,1,0,3,0,0,1
32694,2,2,2,2,1,8,2,0,0,1,1,0,3,0,0,1
32695,2,2,2,2,1,8,3,1,1,,,4,3,1,0,1
32696,2,2,2,2,1,9,0,1,1,,,4,3,1,0,1
32697,2,2,2,2,1,9,1,0,0,1,1,0,3,0,0,1
32698,2,2,2,2,1,9,2,0,0,1,1,0,3,0,0,1
32699,2,2,2,2,1,9,3,1,1,,,4,3,1,0,1
32700,2,2,2,2,1,10,0,1,1,,,4,3,1,0,1
32701,2,2,2,2,1,10,1,0,0,1,1,0,3,0,0,1
32702,2,2,2,2,1,10,2,0,0,1,1,0,3,0,0,1
32703,2,2,2,2,1,10,3,1,1,,,4,3,1,0,1
32704,2,2,2,2,1,11,0,1,1,,,4,3,1,0,1
32705,2,2,2,2,1,11,1,0,0,1,1,0,3,0,0,1
32706,2,2,2,2,1,11,2,0,0,1,1,0,3,0,0,1
32707,2,2,2,2,1,11,3,1,1,,,4,3,1,0,1
32708,2,2,2,2,1,12,0,1,1,,,4,3,1,0,1
32709,2,2,2,2,1,12,1,0,0,1,1,0,3,0,0,1
32710,2,2,2,2,1,12,2,0,0,1,1,0,3,0,0,1
32711,2,2,2,2,1,12,3,1,1,,,4,3,1,0,1
32712,2,2,2,2,1,13,0,1,1,,,4,3,1,0,1
32713,2,2,2,2,1,13,1,0,0,1,1,0,3,0,0,1
32714,2,2,2,2,1,13,2,0,0,1,1,0,3,0,0,1
32715,2,2,2,2,1,13,3,1,1,,,4,3,1,0,1
32716,2,2,2,2,1,14,0,1,1,,,4,3,1,0,1
32717,2,2,2,2,1,14,1,0,0,1,1,0,3,0,0,1
32718,2,2,2,2,1,14,2,0,0,1,1,0,3,0,0,1
32719,2,2,2,2,1,14,3,1,1,,,4,3,1,0,1
32720,2,2,2,2,1,15,0,1,1,,,4,3,1,0,1
32721,2,2,2,2,1,15,1,0,0,1,1,0,3,0,0,1
32722,2,2,2,2,1,15,2,0,0,1,1,0,3,0,0,1
32723,2,2,2,2,1,15,3,1,1,,,4,3,1,0,1
32724,2,2,2,2,2,0,0,1,1,,,4,2,1,1,1
32725,2,2,2,2,2,0,1,1,1,,,1,2,1,1,1
32726,2,2,2,2,2,0,2,1,1,,,1,2,1,1,1
32727,2,2,2,2,2,0,3,1,1,,,4,2,1,1,1
32728,2,2,2,2,2,1,0,1,1,,,4,2,1,1,1
32729,2,2,2,2,2,1,1,1,1,,,1,2,1,1,1
32730,2,2,2,2,2,1,2,1,1,,,1,2,1,1,1
32731,2,2,2,2,2,1,3,1,1,,,4,2,1,1,1
32732,2,2,2,2,2,2,0,1,1,,,4,2,1,1,1
32733,2,2,2,2,2,2,1,1,1,,,1,2,1,1,1
32734,2,2,2,2,2,2,2,1,1,,,1,2,1,1,1
32735,2,2,2,2,2,2,3,1,1,,,4,2,1,1,1
32736,2,2,2,2,2,3,0,1,1,,,4,2,1,1,1
32737,2,2,2,2,2,3,1,1,1,,,1,2,1,1,1
32738,2,2,2,2,2,3,2,1,1,,,1,2,1,1,1
32739,2,2,2,2,2,3,3,1,1,,,4,2,1,1,1
32740,2,2,2,2,2,4,0,1,1,,,4,2,1,1,1
32741,2,2,2,2,2,4,1,1,1,,,1,2,1,1,1
32742,2,2,2,2,2,4,2,1,1,,,1,2,1,1,1
32743,2,2,2,2,2,4,3,1,1,,,4,2,1,1,1
32744,2,2,2,2,2,5,0,1,1,,,4,2,1,1,1
32745,2,2,2,2,2,5,1,1,1,,,1,2,1,1,1
32746,2,2,2,2,2,5,2,1,1,,,1,2,1,1,1
32747,2,2,2,2,2,5,3,1,1,,,4,2,1,1,1
32748,2,2,2,2,2,6,0,1,1,,,4,2,1,1,1
32749,2,2,2,2,2,6,1,1,1,,,1,2,1,1,1
32750,2,2,2,2,2,6,2,1,1,,,1,2,1,1,1
32751,2,2,2,2,2,6,3,1,1,,,4,2,1,1,1
32752,2,2,2,2,2,7,0,1,1,,,4,2,1,1,1
32753,2,2,2,2,2,7,1,1,1,,,1,2,1,1,1
32754,2,2,2,2,2,7,2,1,1,,,1,2,1,1,1
32755,2,2,2,2,2,7,3,1,1,,,4,2,1,1,1
32756,2,2,2,2,2,8,0,1,1,,,4,2,1,1,1
32757,2,2,2,2,2,8,1,1,1,,,1,2,1,1,1
32758,2,2,2,2,2,8,2,1,1,,,1,2,1,1,1
32759,2,2,2,2,2,8,3,1,1,,,4,2,1,1,1
32760,2,2,2,2,2,9,0,1,1,,,4,2,1,1,1
32761,2,2,2,2,2,9,1,1,1,,,1,2,1,1,1
32762,2,2,2,2,2,9,2,1,1,,,1,2,1,1,1
32763,2,2,2,2,2,9,3,1,1,,,4,2,1,1,1
32764,2,2,2,2,2,10,0,1,1,,,4,2,1,1,1
32765,2,2,2,2,2,10,1,1,1,,,1,2,1,1,1
32766,2,2,2,2,2,10,2,1,1,,,1,2,1,1,1
32767,2,2,2,2,2,10,3,1,1,,,4,2,1,1,1
32768,2,2,2,2,2,11,0,1,1,,,4,2,1,1,1
32769,2,2,2,2,2,11,1,1,1,,,1,2,1,1,1
32770,2,2,2,2,2,11,2,1,1,,,1,2,1,1,1
32771,2,2,2,2,2,11,3,1,1,,,4,2,1,1,1
32772,2,2,2,2,2,12,0,1,1,,,4,2,1,1,1
32773,2,2,2,2,2,12,1,1,1,,,1,2,1,1,1
32774,2,2,2,2,2,12,2,1,1,,,1,2,1,1,1
32775,2,2,2,2,2,12,3,1,1,,,4,2,1,1,1
32776,2,2,2,2,2,13,0,1,1,,,4,2,1,1,1
32777,2,2,2,2,2,13,1,1,1,,,1,2,1,1,1
32778,2,2,2,2,2,13,2,1,1,,,1,2,1,1,1
32779,2,2,2,2,2,13,3,1,1,,,4,2,1,1,1
32780,2,2,2,2,2,14,0,1,1,,,4,2,1,1,1
32781,2,2,2,2,2,14,1,1,1,,,1,2,1,1,1
32782,2,2,2,2,2,14,2,1,1,,,1,2,1,1,1
32783,2,2,2,2,2,14,3,1,1,,,4,2,1,1,1
32784,2,2,2,2,2,15,0,1,1,,,4,2,1,1,1
32785,2,2,2,2,2,15,1,1,1,,,1,2,1,1,1
32786,2,2,2,2,2,15,2,1,1,,,1,2,1,1,1
32787,2,2,2,2,2,15,3,1,1,,,4,2,1,1,1
32788,2,2,2,2,3,0,0,1,1,,,4,4,1,0,1
32789,2,2,2,2,3,0,1,0,0,1,1,0,4,0,0,1
32790,2,2,2,2,3,0,2,0,0,1,1,0,4,0,0,1
32791,2,2,2,2,3,0,3,1,1,,,4,4,1,0,1
32792,2,2,2,2,3,1,0,1,1,,,4,4,1,0,1
32793,2,2,2,2,3,1,1,0,0,1,1,0,4,0,0,1
32794,2,2,2,2,3,1,2,0,0,1,1,0,4,0,0,1
32795,2,2,2,2,3,1,3,1,1,,,4,4,1,0,1
32796,2,2,2,2,3,2,0,1,1,,,4,4,1,0,1
32797,2,2,2,2,3,2,1,0,0,1,1,0,4,0,0,1
32798,2,2,2,2,3,2,2,0,0,1,1,0,4,0,0,1
32799,2,2,2,2,3,2,3,1,1,,,4,4,1,0,1
32800,2,2,2,2,3,3,0,1,1,,,4,4,1,0,1
32801,2,2,2,2,3,3,1,0,0,1,1,0,4,0,0,1
32802,2,2,2,2,3,3,2,0,0,1,1,0,4,0,0,1
32803,2,2,2,2,3,3,3,1,1,,,4,4,1,0,1
32804,2,2,2,2,3,4,0,1,1,,,4,4,1,0,1
32805,2,2,2,2,3,4,1,0,0,1,1,0,4,0,0,1
32806,2,2,2,2,3,4,2,0,0,1,1,0,4,0,0,1
32807,2,2,2,2,3,4,3,1,1,,,4,4,1,0,1
32808,2,2,2,2,3,5,0,1,1,,,4,4,1,0,1
32809,2,2,2,2,3,5,1,0,0,1,1,0,4,0,0,1
32810,2,2,2,2,3,5,2,0,0,1,1,0,4,0,0,1
32811,2,2,2,2,3,5,3,1,1,,,4,4,1,0,1
32812,2,2,2,2,3,6,0,1,1,,,4,4,1,0,1
32813,2,2,2,2,3,6,1,0,0,1,1,0,4,0,0,1
32814,2,2,2,2,3,6,2,0,0,1,1,0,4,0,0,1
32815,2,2,2,2,3,6,3,1,1,,,4,4,1,0,1
32816,2,2,2,2,3,7,0,1,1,,,4,4,1,0,1
32817,2,2,2,2,3,7,1,0,0,1,1,0,4,0,0,1
32818,2,2,2,2,3,7,2,0,0,1,1,0,4,0,0,1
32819,2,2,2,2,3,7,3,1,1,,,4,4,1,0,1
32820,2,2,2,2,3,8,0,1,1,,,4,4,1,0,1
32821,2,2,2,2,3,8,1,0,0,1,1,0,4,0,0,1
32822,2,2,2,2,3,8,2,0,0,1,1,0,4,0,0,1
32823,2,2,2,2,3,8,3,1,1,,,4,4,1,0,1
32824,2,2,2,2,3,9,0,1,1,,,4,4,1,0,1
32825,2,2,2,2,3,9,1,0,0,1,1,0,4,0,0,1
32826,2,2,2,2,3,9,2,0,0,1,1,0,4,0,0,1
32827,2,2,2,2,3,9,3,1,1,,,4,4,1,0,1
32828,2,2,2,2,3,10,0,1,1,,,4,4,1,0,1
32829,2,2,2,2,3,10,1,0,0,1,1,0,4,0,0,1
32830,2,2,2,2,3,10,2,0,0,1,1,0,4,0,0,1
32831,2,2,2,2,3,10,3,1,1,,,4,4,1,0,1
32832,2,2,2,2,3,11,0,1,1,,,4,4,1,0,1
32833,2,2,2,2,3,11,1,0,0,1,1,0,4,0,0,1
32834,2,2,2,2,3,11,2,0,0,1,1,0,4,0,0,1
32835,2,2,2,2,3,11,3,1,1,,,4,4,1,0,1
32836,2,2,2,2,3,12,0,1,1,,,4,4,1,0,1
32837,2,2,2,2,3,12,1,0,0,1,1,0,4,0,0,1
32838,2,2,2,2,3,12,2,0,0,1,1,0,4,0,0,1
32839,2,2,2,2,3,12,3,1,1,,,4,4,1,0,1
32840,2,2,2,2,3,13,0,1,1,,,4,4,1,0,1
32841,2,2,2,2,3,13,1,0,0,1,1,0,4,0,0,1
32842,2,2,2,2,3,13,2,0,0,1,1,0,4,0,0,1
32843,2,2,2,2,3,13,3,1,1,,,4,4,1,0,1
32844,2,2,2,2,3,14,0,1,1,,,4,4,1,0,1
32845,2,2,2,2,3,14,1,0,0,1,1,0,4,0,0,1
32846,2,2,2,2,3,14,2,0,0,1,1,0,4,0,0,1
32847,2,2,2,2,3,14,3,1,1,,,4,4,1,0,1
32848,2,2,2,2,3,15,0,1,1,,,4,4,1,0,1
32849,2,2,2,2,3,15,1,0,0,1,1,0,4,0,0,1
32850,2,2,2,2,3,15,2,0,0,1,1,0,4,0,0,1
32851,2,2,2,2,3,15,3,1,1,,,4,4,1,0,1
32852,2,2,2,2,4,0,0,1,1,,,4,2,1,1,1
32853,2,2,2,2,4,0,1,1,1,,,1,2,1,1,1
32854,2,2,2,2,4,0,2,1,1,,,1,2,1,1,1
32855,2,2,2,2,4,0,3,1,1,,,4,2,1,1,1
32856,2,2,2,2,4,1,0,1,1,,,4,2,1,1,1
32857,2,2,2,2,4,1,1,1,1,,,1,2,1,1,1
32858,2,2,2,2,4,1,2,1,1,,,1,2,1,1,1
32859,2,2,2,2,4,1,3,1,1,,,4,2,1,1,1
32860,2,2,2,2,4,2,0,1,1,,,4,2,1,1,1
32861,2,2,2,2,4,2,1,1,1,,,1,2,1,1,1
32862,2,2,2,2,4,2,2,1,1,,,1,2,1,1,1
32863,2,2,2,2,4,2,3,1,1,,,4,2,1,1,1
32864,2,2,2,2,4,3,0,1,1,,,4,2,1,1,1
32865,2,2,2,2,4,3,1,1,1,,,1,2,1,1,1
32866,2,2,2,2,4,3,2,1,1,,,1,2,1,1,1
32867,2,2,2,2,4,3,3,1,1,,,4,2,1,1,1
32868,2,2,2,2,4,4,0,1,1,,,4,2,1,1,1
32869,2,2,2,2,4,4,1,1,1,,,1,2,1,1,1
32870,2,2,2,2,4,4,2,1,1,,,1,2,1,1,1
32871,2,2,2,2,4,4,3,1,1,,,4,2,1,1,1
32872,2,2,2,2,4,5,0,1,1,,,4,2,1,1,1
32873,2,2,2,2,4,5,1,1,1,,,1,2,1,1,1
32874,2,2,2,2,4,5,2,1,1,,,1,2,1,1,1
32875,2,2,2,2,4,5,3,1,1,,,4,2,1,1,1
32876,2,2,2,2,4,6,0,1,1,,,4,2,1,1,1
32877,2,2,2,2,4,6,1,1,1,,,1,2,1,1,1
32878,2,2,2,2,4,6,2,1,1,,,1,2,1,1,1
32879,2,2,2,2,4,6,3,1,1,,,4,2,1,1,1
32880,2,2,2,2,4,7,0,1,1,,,4,2,1,1,1
32881,2,2,2,2,4,7,1,1,1,,,1,2,1,1,1
32882,2,2,2,2,4,7,2,1,1,,,1,2,1,1,1
32883,2,2,2,2,4,7,3,1,1,,,4,2,1,1,1
32884,2,2,2,2,4,8,0,1,1,,,4,2,1,1,1
32885,2,2,2,2,4,8,1,1,1,,,1,2,1,1,1
32886,2,2,2,2,4,8,2,1,1,,,1,2,1,1,1
32887,2,2,2,2,4,8,3,1,1,,,4,2,1,1,1
32888,2,2,2,2,4,9,0,1,1,,,4,2,1,1,1
32889,2,2,2,2,4,9,1,1,1,,,1,2,1,1,1
32890,2,2,2,2,4,9,2,1,1,,,1,2,1,1,1
32891,2,2,2,2,4,9,3,1,1,,,4,2,1,1,1
32892,2,2,2,2,4,10,0,1,1,,,4,2,1,1,1
32893,2,2,2,2,4,10,1,1,1,,,1,2,1,1,1
32894,2,2,2,2,4,10,2,1,1,,,1,2,1,1,1
32895,2,2,2,2,4,10,3,1,1,,,4,2,1,1,1
32896,2,2,2,2,4,11,0,1,1,,,4,2,1,1,1
32897,2,2,2,2,4,11,1,1,1,,,1,2,1,1,1
32898,2,2,2,2,4,11,2,1,1,,,1,2,1,1,1
32899,2,2,2,2,4,11,3,1,1,,,4,2,1,1,1
32900,2,2,2,2,4,12,0,1,1,,,4,2,1,1,1
32901,2,2,2,2,4,12,1,1,1,,,1,2,1,1,1
32902,2,2,2,2,4,12,2,1,1,,,1,2,1,1,1
32903,2,2,2,2,4,12,3,1,1,,,4,2,1,1,1
32904,2,2,2,2,4,13,0,1,1,,,4,2,1,1,1
32905,2,2,2,2,4,13,1,1,1,,,1,2,1,1,1
32906,2,2,2,2,4,13,2,1,1,,,1,2,1,1,1
32907,2,2,2,2,4,13,3,1,1,,,4,2,1,1,1
32908,2,2,2,2,4,14,0,1,1,,,4,2,1,1,1
32909,2,2,2,2,4,14,1,1,1,,,1,2,1,1,1
32910,2,2,2,2,4,14,2,1,1,,,1,2,1,1,1
32911,2,2,2,2,4,14,3,1,1,,,4,2,1,1,1
32912,2,2,2,2,4,15,0,1,1,,,4,2,1,1,1
32913,2,2,2,2,4,15,1,1,1,,,1,2,1,1,1
32914,2,2,2,2,4,15,2,1,1,,,1,2,1,1,1
32915,2,2,2,2,4,15,3,1,1,,,4,2,1,1,1
32916,2,2,2,2,5,0,0,1,1,,,4,3,1,0,1
32917,2,2,2,2,5,0,1,0,0,1,1,0,3,0,0,1
32918,2,2,2,2,5,0,2,0,0,1,1,0,3,0,0,1
32919,2,2,2,2,5,0,3,1,1,,,4,3,1,0,1
32920,2,2,2,2,5,1,0,1,1,,,4,3,1,0,1
32921,2,2,2,2,5,1,1,0,0,1,1,0,3,0,0,1
32922,2,2,2,2,5,1,2,0,0,1,1,0,3,0,0,1
32923,2,2,2,2,5,1,3,1,1,,,4,3,1,0,1
32924,2,2,2,2,5,2,0,1,1,,,4,3,1,0,1
32925,2,2,2,2,5,2,1,0,0,1,1,0,3,0,0,1
32926,2,2,2,2,5,2,2,0,0,1,1,0,3,0,0,1
32927,2,2,2,2,5,2,3,1,1,,,4,3,1,0,1
32928,2,2,2,2,5,3,0,1,1,,,4,3,1,0,1
32929,2,2,2,2,5,3,1,0,0,1,1,0,3,0,0,1
32930,2,2,2,2,5,3,2,0,0,1,1,0,3,0,0,1
32931,2,2,2,2,5,3,3,1,1,,,4,3,1,0,1
32932,2,2,2,2,5,4,0,1,1,,,4,3,1,0,1
32933,2,2,2,2,5,4,1,0,0,1,1,0,3,0,0,1
32934,2,2,2,2,5,4,2,0,0,1,1,0,3,0,0,1
32935,2,2,2,2,5,4,3,1,1,,,4,3,1,0,1
32936,2,2,2,2,5,5,0,1,1,,,4,3,1,0,1
32937,2,2,2,2,5,5,1,0,0,1,1,0,3,0,0,1
32938,2,2,2,2,5,5,2,0,0,1,1,0,3,0,0,1
32939,2,2,2,2,5,5,3,1,1,,,4,3,1,0,1
32940,2,2,2,2,5,6,0,1,1,,,4,3,1,0,1
32941,2,2,2,2,5,6,1,0,0,1,1,0,3,0,0,1
32942,2,2,2,2,5,6,2,0,0,1,1,0,3,0,0,1
32943,2,2,2,2,5,6,3,1,1,,,4,3,1,0,1
32944,2,2,2,2,5,7,0,1,1,,,4,3,1,0,1
32945,2,2,2,2,5,7,1,0,0,1,1,0,3,0,0,1
32946,2,2,2,2,5,7,2,0,0,1,1,0,3,0,0,1
32947,2,2,2,2,5,7,3,1,1,,,4,3,1,0,1
32948,2,2,2,2,5,8,0,1,1,,,4,3,1,0,1
32949,2,2,2,2,5,8,1,0,0,1,1,0,3,0,0,1
32950,2,2,2,2,5,8,2,0,0,1,1,0,3,0,0,1
32951,2,2,2,2,5,8,3,1,1,,,4,3,1,0,1
32952,2,2,2,2,5,9,0,1,1,,,4,3,1,0,1
32953,2,2,2,2,5,9,1,0,0,1,1,0,3,0,0,1
32954,2,2,2,2,5,9,2,0,0,1,1,0,3,0,0,1
32955,2,2,2,2,5,9,3,1,1,,,4,3,1,0,1
32956,2,2,2,2,5,10,0,1,1,,,4,3,1,0,1
32957,2,2,2,2,5,10,1,0,0,1,1,0,3,0,0,1
32958,2,2,2,2,5,10,2,0,0,1,1,0,3,0,0,1
32959,2,2,2,2,5,10,3,1,1,,,4,3,1,0,1
32960,2,2,2,2,5,11,0,1,1,,,4,3,1,0,1
32961,2,2,2,2,5,11,1,0,0,1,1,0,3,0,0,1
32962,2,2,2,2,5,11,2,0,0,1,1,0,3,0,0,1
32963,2,2,2,2,5,11,3,1,1,,,4,3,1,0,1
32964,2,2,2,2,5,12,0,1,1,,,4,3,1,0,1
32965,2,2,2,2,5,12,1,0,0,1,1,0,3,0,0,1
32966,2,2,2,2,5,12,2,0,0,1,1,0,3,0,0,1
32967,2,2,2,2,5,12,3,1,1,,,4,3,1,0,1
32968,2,2,2,2,5,13,0,1,1,,,4,3,1,0,1
32969,2,2,2,2,5,13,1,0,0,1,1,0,3,0,0,1
32970,2,2,2,2,5,13,2,0,0,1,1,0,3,0,0,1
32971,2,2,2,2,5,13,3,1,1,,,4,3,1,0,1
32972,2,2,2,2,5,14,0,1,1,,,4,3,1,0,1
32973,2,2,2,2,5,14,1,0,0,1,1,0,3,0,0,1
32974,2,2,2,2,5,14,2,0,0,1,1,0,3,0,0,1
32975,2,2,2,2,5,14,3,1,1,,,4,3,1,0,1
32976,2,2,2,2,5,15,0,1,1,,,4,3,1,0,1
32977,2,2,2,2,5,15,1,0,0,1,1,0,3,0,0,1
32978,2,2,2,2,5,15,2,0,0,1,1,0,3,0,0,1
32979,2,2,2,2,5,15,3,1,1,,,4,3,1,0,1
32980,2,2,2,2,6,0,0,1,1,,,4,4,1,0,1
32981,2,2,2,2,6,0,1,0,0,2,2,0,4,0,0,1
32982,2,2,2,2,6,0,2,0,0,2,2,0,4,0,0,1
32983,2,2,2,2,6,0,3,1,1,,,4,4,1,0,1
32984,2,2,2,2,6,1,0,1,1,,,4,4,1,0,1
32985,2,2,2,2,6,1,1,0,0,2,2,0,4,0,0,1
32986,2,2,2,2,6,1,2,0,0,2,2,0,4,0,0,1
32987,2,2,2,2,6,1,3,1,1,,,4,4,1,0,1
32988,2,2,2,2,6,2,0,1,1,,,4,4,1,0,1
32989,2,2,2,2,6,2,1,0,0,2,2,0,4,0,0,1
32990,2,2,2,2,6,2,2,0,0,2,2,0,4,0,0,1
32991,2,2,2,2,6,2,3,1,1,,,4,4,1,0,1
32992,2,2,2,2,6,3,0,1,1,,,4,4,1,0,1
32993,2,2,2,2,6,3,1,0,0,2,2,0,4,0,0,1
32994,2,2,2,2,6,3,2,0,0,2,2,0,4,0,0,1
32995,2,2,2,2,6,3,3,1,1,,,4,4,1,0,1
32996,2,2,2,2,6,4,0,1,1,,,4,4,1,0,1
32997,2,2,2,2,6,4,1,0,0,2,2,0,4,0,0,1
32998,2,2,2,2,6,4,2,0,0,2,2,0,4,0,0,1
32999,2,2,2,2,6,4,3,1,1,,,4,4,1,0,1
33000,2,2,2,2,6,5,0,1,1,,,4,4,1,0,1
33001,2,2,2,2,6,5,1,0,0,2,2,0,4,0,0,1
33002,2,2,2,2,6,5,2,0,0,2,2,0,4,0,0,1
33003,2,2,2,2,6,5,3,1,1,,,4,4,1,0,1
33004,2,2,2,2,6,6,0,1,1,,,4,4,1,0,1
33005,2,2,2,2,6,6,1,0,0,2,2,0,4,0,0,1
33006,2,2,2,2,6,6,2,0,0,2,2,0,4,0,0,1
33007,2,2,2,2,6,6,3,1,1,,,4,4,1,0,1
33008,2,2,2,2,6,7,0,1,1,,,4,4,1,0,1
33009,2,2,2,2,6,7,1,0,0,2,2,0,4,0,0,1
33010,2,2,2,2,6,7,2,0,0,2,2,0,4,0,0,1
33011,2,2,2,2,6,7,3,1,1,,,4,4,1,0,1
33012,2,2,2,2,6,8,0,1,1,,,4,4,1,0,1
33013,2,2,2,2,6,8,1,0,0,2,2,0,4,0,0,1
33014,2,2,2,2,6,8,2,0,0,2,2,0,4,0,0,1
33015,2,2,2,2,6,8,3,1,1,,,4,4,1,0,1
33016,2,2,2,2,6,9,0,1,1,,,4,4,1,0,1
33017,2,2,2,2,6,9,1,0,0,2,2,0,4,0,0,1
33018,2,2,2,2,6,9,2,0,0,2,2,0,4,0,0,1
33019,2,2,2,2,6,9,3,1,1,,,4,4,1,0,1
33020,2,2,2,2,6,10,0,1,1,,,4,4,1,0,1
33021,2,2,2,2,6,10,1,0,0,2,2,0,4,0,0,1
33022,2,2,2,2,6,10,2,0,0,2,2,0,4,0,0,1
33023,2,2,2,2,6,10,3,1,1,,,4,4,1,0,1
33024,2,2,2,2,6,11,0,1,1,,,4,4,1,0,1
33025,2,2,2,2,6,11,1,0,0,2,2,0,4,0,0,1
33026,2,2,2,2,6,11,2,0,0,2,2,0,4,0,0,1
33027,2,2,2,2,6,11,3,1,1,,,4,4,1,0,1
33028,2,2,2,2,6,12,0,1,1,,,4,4,1,0,1
33029,2,2,2,2,6,12,1,0,0,2,2,0,4,0,0,1
33030,2,2,2,2,6,12,2,0,0,2,2,0,4,0,0,1
33031,2,2,2,2,6,12,3,1,1,,,4,4,1,0,1
33032,2,2,2,2,6,13,0,1,1,,,4,4,1,0,1
33033,2,2,2,2,6,13,1,0,0,2,2,0,4,0,0,1
33034,2,2,2,2,6,13,2,0,0,2,2,0,4,0,0,1
33035,2,2,2,2,6,13,3,1,1,,,4,4,1,0,1
33036,2,2,2,2,6,14,0,1,1,,,4,4,1,0,1
33037,2,2,2,2,6,14,1,0,0,2,2,0,4,0,0,1
33038,2,2,2,2,6,14,2,0,0,2,2,0,4,0,0,1
33039,2,2,2,2,6,14,3,1,1,,,4,4,1,0,1
33040,2,2,2,2,6,15,0,1,1,,,4,4,1,0,1
33041,2,2,2,2,6,15,1,0,0,2,2,0,4,0,0,1
33042,2,2,2,2,6,15,2,0,0,2,2,0,4,0,0,1
33043,2,2,2,2,6,15,3,1,1,,,4,4,1,0,1
33044,2,2,2,2,7,0,0,1,1,,,4,4,1,0,1
33045,2,2,2,2,7,0,1,0,0,1,1,0,4,0,0,1
33046,2,2,2,2,7,0,2,0,0,1,1,0,4,0,0,1
33047,2,2,2,2,7,0,3,1,1,,,4,4,1,0,1
33048,2,2,2,2,7,1,0,1,1,,,4,4,1,0,1
33049,2,2,2,2,7,1,1,0,0,1,1,0,4,0,0,1
33050,2,2,2,2,7,1,2,0,0,1,1,0,4,0,0,1
33051,2,2,2,2,7,1,3,1,1,,,4,4,1,0,1
33052,2,2,2,2,7,2,0,1,1,,,4,4,1,0,1
33053,2,2,2,2,7,2,1,0,0,1,1,0,4,0,0,1
33054,2,2,2,2,7,2,2,0,0,1,1,0,4,0,0,1
33055,2,2,2,2,7,2,3,1,1,,,4,4,1,0,1
33056,2,2,2,2,7,3,0,1,1,,,4,4,1,0,1
33057,2,2,2,2,7,3,1,0,0,1,1,0,4,0,0,1
33058,2,2,2,2,7,3,2,0,0,1,1,0,4,0,0,1
33059,2,2,2,2,7,3,3,1,1,,,4,4,1,0,1
33060,2,2,2,2,7,4,0,1,1,,,4,4,1,0,1
33061,2,2,2,2,7,4,1,0,0,1,1,0,4,0,0,1
33062,2,2,2,2,7,4,2,0,0,1,1,0,4,0,0,1
33063,2,2,2,2,7,4,3,1,1,,,4,4,1,0,1
33064,2,2,2,2,7,5,0,1,1,,,4,4,1,0,1
33065,2,2,2,2,7,5,1,0,0,1,1,0,4,0,0,1
33066,2,2,2,2,7,5,2,0,0,1,1,0,4,0,0,1
33067,2,2,2,2,7,5,3,1,1,,,4,4,1,0,1
33068,2,2,2,2,7,6,0,1,1,,,4,4,1,0,1
33069,2,2,2,2,7,6,1,0,0,1,1,0,4,0,0,1
33070,2,2,2,2,7,6,2,0,0,1,1,0,4,0,0,1
33071,2,2,2,2,7,6,3,1,1,,,4,4,1,0,1
33072,2,2,2,2,7,7,0,1,1,,,4,4,1,0,1
33073,2,2,2,2,7,7,1,0,0,1,1,0,4,0,0,1
33074,2,2,2,2,7,7,2,0,0,1,1,0,4,0,0,1
33075,2,2,2,2,7,7,3,1,1,,,4,4,1,0,1
33076,2,2,2,2,7,8,0,1,1,,,4,4,1,0,1
33077,2,2,2,2,7,8,1,0,0,1,1,0,4,0,0,1
33078,2,2,2,2,7,8,2,0,0,1,1,0,4,0,0,1
33079,2,2,2,2,7,8,3,1,1,,,4,4,1,0,1
33080,2,2,2,2,7,9,0,1,1,,,4,4,1,0,1
33081,2,2,2,2,7,9,1,0,0,1,1,0,4,0,0,1
33082,2,2,2,2,7,9,2,0,0,1,1,0,4,0,0,1
33083,2,2,2,2,7,9,3,1,1,,,4,4,1,0,1
33084,2,2,2,2,7,10,0,1,1,,,4,4,1,0,1
33085,2,2,2,2,7,10,1,0,0,1,1,0,4,0,0,1
33086,2,2,2,2,7,10,2,0,0,1,1,0,4,0,0,1
33087,2,2,2,2,7,10,3,1,1,,,4,4,1,0,1
33088,2,2,2,2,7,11,0,1,1,,,4,4,1,0,1
33089,2,2,2,2,7,11,1,0,0,1,1,0,4,0,0,1
33090,2,2,2,2,7,11,2,0,0,1,1,0,4,0,0,1
33091,2,2,2,2,7,11,3,1,1,,,4,4,1,0,1
33092,2,2,2,2,7,12,0,1,1,,,4,4,1,0,1
33093,2,2,2,2,7,12,1,0,0,1,1,0,4,0,0,1
33094,2,2,2,2,7,12,2,0,0,1,1,0,4,0,0,1
33095,2,2,2,2,7,12,3,1,1,,,4,4,1,0,1
33096,2,2,2,2,7,13,0,1,1,,,4,4,1,0,1
33097,2,2,2,2,7,13,1,0,0,1,1,0,4,0,0,1
33098,2,2,2,2,7,13,2,0,0,1,1,0,4,0,0,1
33099,2,2,2,2,7,13,3,1,1,,,4,4,1,0,1
33100,2,2,2,2,7,14,0,1,1,,,4,4,1,0,1
33101,2,2,2,2,7,14,1,0,0,1,1,0,4,0,0,1
33102,2,2,2,2,7,14,2,0,0,1,1,0,4,0,0,1
33103,2,2,2,2,7,14,3,1,1,,,4,4,1,0,1
33104,2,2,2,2,7,15,0,1,1,,,4,4,1,0,1
33105,2,2,2,2,7,15,1,0,0,1,1,0,4,0,0,1
33106,2,2,2,2,7,15,2,0,0,1,1,0,4,0,0,1
33107,2,2,2,2,7,15,3,1,1,,,4,4,1,0,1
33108,2,2,2,2,8,0,0,1,1,,,4,2,1,1,1
33109,2,2,2,2,8,0,1,1,1,,,1,2,1,1,1
33110,2,2,2,2,8,0,2,1,1,,,1,2,1,1,1
33111,2,2,2,2,8,0,3,1,1,,,4,2,1,1,1
33112,2,2,2,2,8,1,0,1,1,,,4,2,1,1,1
33113,2,2,2,2,8,1,1,1,1,,,1,2,1,1,1
33114,2,2,2,2,8,1,2,1,1,,,1,2,1,1,1
33115,2,2,2,2,8,1,3,1,1,,,4,2,1,1,1
33116,2,2,2,2,8,2,0,1,1,,,4,2,1,1,1
33117,2,2,2,2,8,2,1,1,1,,,1,2,1,1,1
33118,2,2,2,2,8,2,2,1,1,,,1,2,1,1,1
33119,2,2,2,2,8,2,3,1,1,,,4,2,1,1,1
33120,2,2,2,2,8,3,0,1,1,,,4,2,1,1,1
33121,2,2,2,2,8,3,1,1,1,,,1,2,1,1,1
33122,2,2,2,2,8,3,2,1,1,,,1,2,1,1,1
33123,2,2,2,2,8,3,3,1,1,,,4,2,1,1,1
33124,2,2,2,2,8,4,0,1,1,,,4,2,1,1,1
33125,2,2,2,2,8,4,1,1,1,,,1,2,1,1,1
33126,2,2,2,2,8,4,2,1,1,,,1,2,1,1,1
33127,2,2,2,2,8,4,3,1,1,,,4,2,1,1,1
33128,2,2,2,2,8,5,0,1,1,,,4,2,1,1,1
33129,2,2,2,2,8,5,1,1,1,,,1,2,1,1,1
33130,2,2,2,2,8,5,2,1,1,,,1,2,1,1,1
33131,2,2,2,2,8,5,3,1,1,,,4,2,1,1,1
33132,2,2,2,2,8,6,0,1,1,,,4,2,1,1,1
33133,2,2,2,2,8,6,1,1,1,,,1,2,1,1,1
33134,2,2,2,2,8,6,2,1,1,,,1,2,1,1,1
33135,2,2,2,2,8,6,3,1,1,,,4,2,1,1,1
33136,2,2,2,2,8,7,0,1,1,,,4,2,1,1,1
33137,2,2,2,2,8,7,1,1,1,,,1,2,1,1,1
33138,2,2,2,2,8,7,2,1,1,,,1,2,1,1,1
33139,2,2,2,2,8,7,3,1,1,,,4,2,1,1,1
33140,2,2,2,2,8,8,0,1,1,,,4,2,1,1,1
33141,2,2,2,2,8,8,1,1,1,,,1,2,1,1,1
33142,2,2,2,2,8,8,2,1,1,,,1,2,1,1,1
33143,2,2,2,2,8,8,3,1,1,,,4,2,1,1,1
33144,2,2,2,2,8,9,0,1,1,,,4,2,1,1,1
33145,2,2,2,2,8,9,1,1,1,,,1,2,1,1,1
33146,2,2,2,2,8,9,2,1,1,,,1,2,1,1,1
33147,2,2,2,2,8,9,3,1,1,,,4,2,1,1,1
33148,2,2,2,2,8,10,0,1,1,,,4,2,1,1,1
33149,2,2,2,2,8,10,1,1,1,,,1,2,1,1,1
33150,2,2,2,2,8,10,2,1,1,,,1,2,1,1,1
33151,2,2,2,2,8,10,3,1,1,,,4,2,1,1,1
33152,2,2,2,2,8,11,0,1,1,,,4,2,1,1,1
33153,2,2,2,2,8,11,1,1,1,,,1,2,1,1,1
33154,2,2,2,2,8,11,2,1,1,,,1,2,1,1,1
33155,2,2,2,2,8,11,3,1,1,,,4,2,1,1,1
33156,2,2,2,2,8,12,0,1,1,,,4,2,1,1,1
33157,2,2,2,2,8,12,1,1,1,,,1,2,1,1,1
33158,2,2,2,2,8,12,2,1,1,,,1,2,1,1,1
33159,2,2,2,2,8,12,3,1,1,,,4,2,1,1,1
33160,2,2,2,2,8,13,0,1,1,,,4,2,1,1,1
33161,2,2,2,2,8,13,1,1,1,,,1,2,1,1,1
33162,2,2,2,2,8,13,2,1,1,,,1,2,1,1,1
33163,2,2,2,2,8,13,3,1,1,,,4,2,1,1,1
33164,2,2,2,2,8,14,0,1,1,,,4,2,1,1,1
33165,2,2,2,2,8,14,1,1,1,,,1,2,1,1,1
33166,2,2,2,2,8,14,2,1,1,,,1,2,1,1,1
33167,2,2,2,2,8,14,3,1,1,,,4,2,1,1,1
33168,2,2,2,2,8,15,0,1,1,,,4,2,1,1,1
33169,2,2,2,2,8,15,1,1,1,,,1,2,1,1,1
33170,2,2,2,2,8,15,2,1,1,,,1,2,1,1,1
33171,2,2,2,2,8,15,3,1,1,,,4,2,1,1,1
33172,2,2,2,2,9,0,0,1,1,,,4,4,1,0,1
33173,2,2,2,2,9,0,1,0,0,1,1,0,4,0,0,1
33174,2,2,2,2,9,0,2,0,0,1,1,0,4,0,0,1
33175,2,2,2,2,9,0,3,1,1,,,4,4,1,0,1
33176,2,2,2,2,9,1,0,1,1,,,4,4,1,0,1
33177,2,2,2,2,9,1,1,0,0,1,1,0,4,0,0,1
33178,2,2,2,2,9,1,2,0,0,1,1,0,4,0,0,1
33179,2,2,2,2,9,1,3,1,1,,,4,4,1,0,1
33180,2,2,2,2,9,2,0,1,1,,,4,4,1,0,1
33181,2,2,2,2,9,2,1,0,0,1,1,0,4,0,0,1
33182,2,2,2,2,9,2,2,0,0,1,1,0,4,0,0,1
33183,2,2,2,2,9,2,3,1,1,,,4,4,1,0,1
33184,2,2,2,2,9,3,0,1,1,,,4,4,1,0,1
33185,2,2,2,2,9,3,1,0,0,1,1,0,4,0,0,1
33186,2,2,2,2,9,3,2,0,0,1,1,0,4,0,0,1
33187,2,2,2,2,9,3,3,1,1,,,4,4,1,0,1
33188,2,2,2,2,9,4,0,1,1,,,4,4,1,0,1
33189,2,2,2,2,9,4,1,0,0,1,1,0,4,0,0,1
33190,2,2,2,2,9,4,2,0,0,1,1,0,4,0,0,1
33191,2,2,2,2,9,4,3,1,1,,,4,4,1,0,1
33192,2,2,2,2,9,5,0,1,1,,,4,4,1,0,1
33193,2,2,2,2,9,5,1,0,0,1,1,0,4,0,0,1
33194,2,2,2,2,9,5,2,0,0,1,1,0,4,0,0,1
33195,2,2,2,2,9,5,3,1,1,,,4,4,1,0,1
33196,2,2,2,2,9,6,0,1,1,,,4,4,1,0,1
33197,2,2,2,2,9,6,1,0,0,1,1,0,4,0,0,1
33198,2,2,2,2,9,6,2,0,0,1,1,0,4,0,0,1
33199,2,2,2,2,9,6,3,1,1,,,4,4,1,0,1
33200,2,2,2,2,9,7,0,1,1,,,4,4,1,0,1
33201,2,2,2,2,9,7,1,0,0,1,1,0,4,0,0,1
33202,2,2,2,2,9,7,2,0,0,1,1,0,4,0,0,1
33203,2,2,2,2,9,7,3,1,1,,,4,4,1,0,1
33204,2,2,2,2,9,8,0,1,1,,,4,4,1,0,1
33205,2,2,2,2,9,8,1,0,0,1,1,0,4,0,0,1
33206,2,2,2,2,9,8,2,0,0,1,1,0,4,0,0,1
33207,2,2,2,2,9,8,3,1,1,,,4,4,1,0,1
33208,2,2,2,2,9,9,0,1,1,,,4,4,1,0,1
33209,2,2,2,2,9,9,1,0,0,1,1,0,4,0,0,1
33210,2,2,2,2,9,9,2,0,0,1,1,0,4,0,0,1
33211,2,2,2,2,9,9,3,1,1,,,4,4,1,0,1
33212,2,2,2,2,9,10,0,1,1,,,4,4,1,0,1
33213,2,2,2,2,9,10,1,0,0,1,1,0,4,0,0,1
33214,2,2,2,2,9,10,2,0,0,1,1,0,4,0,0,1
33215,2,2,2,2,9,10,3,1,1,,,4,4,1,0,1
33216,2,2,2,2,9,11,0,1,1,,,4,4,1,0,1
33217,2,2,2,2,9,11,1,0,0,1,1,0,4,0,0,1
33218,2,2,2,2,9,11,2,0,0,1,1,0,4,0,0,1
33219,2,2,2,2,9,11,3,1,1,,,4,4,1,0,1
33220,2,2,2,2,9,12,0,1,1,,,4,4,1,0,1
33221,2,2,2,2,9,12,1,0,0,1,1,0,4,0,0,1
33222,2,2,2,2,9,12,2,0,0,1,1,0,4,0,0,1
33223,2,2,2,2,9,12,3,1,1,,,4,4,1,0,1
33224,2,2,2,2,9,13,0,1,1,,,4,4,1,0,1
33225,2,2,2,2,9,13,1,0,0,1,1,0,4,0,0,1
33226,2,2,2,2,9,13,2,0,0,1,1,0,4,0,0,1
33227,2,2,2,2,9,13,3,1,1,,,4,4,1,0,1
33228,2,2,2,2,9,14,0,1,1,,,4,4,1,0,1
33229,2,2,2,2,9,14,1,0,0,1,1,0,4,0,0,1
33230,2,2,2,2,9,14,2,0,0,1,1,0,4,0,0,1
33231,2,2,2,2,9,14,3,1,1,,,4,4,1,0,1
33232,2,2,2,2,9,15,0,1,1,,,4,4,1,0,1
33233,2,2,2,2,9,15,1,0,0,1,1,0,4,0,0,1
33234,2,2,2,2,9,15,2,0,0,1,1,0,4,0,0,1
33235,2,2,2,2,9,15,3,1,1,,,4,4,1,0,1
33236,2,2,2,2,10,0,0,1,1,,,4,3,1,0,1
33237,2,2,2,2,10,0,1,0,0,2,2,0,3,0,0,1
33238,2,2,2,2,10,0,2,0,0,2,2,0,3,0,0,1
33239,2,2,2,2,10,0,3,1,1,,,4,3,1,0,1
33240,2,2,2,2,10,1,0,1,1,,,4,3,1,0,1
33241,2,2,2,2,10,1,1,0,0,2,2,0,3,0,0,1
33242,2,2,2,2,10,1,2,0,0,2,2,0,3,0,0,1
33243,2,2,2,2,10,1,3,1,1,,,4,3,1,0,1
33244,2,2,2,2,10,2,0,1,1,,,4,3,1,0,1
33245,2,2,2,2,10,2,1,0,0,2,2,0,3,0,0,1
33246,2,2,2,2,10,2,2,0,0,2,2,0,3,0,0,1
33247,2,2,2,2,10,2,3,1,1,,,4,3,1,0,1
33248,2,2,2,2,10,3,0,1,1,,,4,3,1,0,1
33249,2,2,2,2,10,3,1,0,0,2,2,0,3,0,0,1
33250,2,2,2,2,10,3,2,0,0,2,2,0,3,0,0,1
33251,2,2,2,2,10,3,3,1,1,,,4,3,1,0,1
33252,2,2,2,2,10,4,0,1,1,,,4,3,1,0,1
33253,2,2,2,2,10,4,1,0,0,2,2,0,3,0,0,1
33254,2,2,2,2,10,4,2,0,0,2,2,0,3,0,0,1
33255,2,2,2,2,10,4,3,1,1,,,4,3,1,0,1
33256,2,2,2,2,10,5,0,1,1,,,4,3,1,0,1
33257,2,2,2,2,10,5,1,0,0,2,2,0,3,0,0,1
33258,2,2,2,2,10,5,2,0,0,2,2,0,3,0,0,1
33259,2,2,2,2,10,5,3,1,1,,,4,3,1,0,1
33260,2,2,2,2,10,6,0,1,1,,,4,3,1,0,1
33261,2,2,2,2,10,6,1,0,0,2,2,0,3,0,0,1
33262,2,2,2,2,10,6,2,0,0,2,2,0,3,0,0,1
33263,2,2,2,2,10,6,3,1,1,,,4,3,1,0,1
33264,2,2,2,2,10,7,0,1,1,,,4,3,1,0,1
33265,2,2,2,2,10,7,1,0,0,2,2,0,3,0,0,1
33266,2,2,2,2,10,7,2,0,0,2,2,0,3,0,0,1
33267,2,2,2,2,10,7,3,1,1,,,4,3,1,0,1
33268,2,2,2,2,10,8,0,1,1,,,4,3,1,0,1
33269,2,2,2,2,10,8,1,0,0,2,2,0,3,0,0,1
33270,2,2,2,2,10,8,2,0,0,2,2,0,3,0,0,1
33271,2,2,2,2,10,8,3,1,1,,,4,3,1,0,1
33272,2,2,2,2,10,9,0,1,1,,,4,3,1,0,1
33273,2,2,2,2,10,9,1,0,0,2,2,0,3,0,0,1
33274,2,2,2,2,10,9,2,0,0,2,2,0,3,0,0,1
33275,2,2,2,2,10,9,3,1,1,,,4,3,1,0,1
33276,2,2,2,2,10,10,0,1,1,,,4,3,1,0,1
33277,2,2,2,2,10,10,1,0,0,2,2,0,3,0,0,1
33278,2,2,2,2,10,10,2,0,0,2,2,0,3,0,0,1
33279,2,2,2,2,10,10,3,1,1,,,4,3,1,0,1
33280,2,2,2,2,10,11,0,1,1,,,4,3,1,0,1
33281,2,2,2,2,10,11,1,0,0,2,2,0,3,0,0,1
33282,2,2,2,2,10,11,2,0,0,2,2,0,3,0,0,1
33283,2,2,2,2,10,11,3,1,1,,,4,3,1,0,1
33284,2,2,2,2,10,12,0,1,1,,,4,3,1,0,1
33285,2,2,2,2,10,12,1,0,0,2,2,0,3,0,0,1
33286,2,2,2,2,10,12,2,0,0,2,2,0,3,0,0,1
33287,2,2,2,2,10,12,3,1,1,,,4,3,1,0,1
33288,2,2,2,2,10,13,0,1,1,,,4,3,1,0,1
33289,2,2,2,2,10,13,1,0,0,2,2,0,3,0,0,1
33290,2,2,2,2,10,13,2,0,0,2,2,0,3,0,0,1
33291,2,2,2,2,10,13,3,1,1,,,4,3,1,0,1
33292,2,2,2,2,10,14,0,1,1,,,4,3,1,0,1
33293,2,2,2,2,10,14,1,0,0,2,2,0,3,0,0,1
33294,2,2,2,2,10,14,2,0,0,2,2,0,3,0,0,1
33295,2,2,2,2,10,14,3,1,1,,,4,3,1,0,1
33296,2,2,2,2,10,15,0,1,1,,,4,3,1,0,1
33297,2,2,2,2,10,15,1,0,0,2,2,0,3,0,0,1
33298,2,2,2,2,10,15,2,0,0,2,2,0,3,0,0,1
33299,2,2,2,2,10,15,3,1,1,,,4,3,1,0,1
33300,2,2,2,2,11,0,0,1,1,,,4,3,1,0,1
33301,2,2,2,2,11,0,1,0,0,1,1,0,3,0,0,1
33302,2,2,2,2,11,0,2,0,0,1,1,0,3,0,0,1
33303,2,2,2,2,11,0,3,1,1,,,4,3,1,0,1
33304,2,2,2,2,11,1,0,1,1,,,4,3,1,0,1
33305,2,2,2,2,11,1,1,0,0,1,1,0,3,0,0,1
33306,2,2,2,2,11,1,2,0,0,1,1,0,3,0,0,1
33307,2,2,2,2,11,1,3,1,1,,,4,3,1,0,1
33308,2,2,2,2,11,2,0,1,1,,,4,3,1,0,1
33309,2,2,2,2,11,2,1,0,0,1,1,0,3,0,0,1
33310,2,2,2,2,11,2,2,0,0,1,1,0,3,0,0,1
33311,2,2,2,2,11,2,3,1,1,,,4,3,1,0,1
33312,2,2,2,2,11,3,0,1,1,,,4,3,1,0,1
33313,2,2,2,2,11,3,1,0,0,1,1,0,3,0,0,1
33314,2,2,2,2,11,3,2,0,0,1,1,0,3,0,0,1
33315,2,2,2,2,11,3,3,1,1,,,4,3,1,0,1
33316,2,2,2,2,11,4,0,1,1,,,4,3,1,0,1
33317,2,2,2,2,11,4,1,0,0,1,1,0,3,0,0,1
33318,2,2,2,2,11,4,2,0,0,1,1,0,3,0,0,1
33319,2,2,2,2,11,4,3,1,1,,,4,3,1,0,1
33320,2,2,2,2,11,5,0,1,1,,,4,3,1,0,1
33321,2,2,2,2,11,5,1,0,0,1,1,0,3,0,0,1
33322,2,2,2,2,11,5,2,0,0,1,1,0,3,0,0,1
33323,2,2,2,2,11,5,3,1,1,,,4,3,1,0,1
33324,2,2,2,2,11,6,0,1,1,,,4,3,1,0,1
33325,2,2,2,2,11,6,1,0,0,1,1,0,3,0,0,1
33326,2,2,2,2,11,6,2,0,0,1,1,0,3,0,0,1
33327,2,2,2,2,11,6,3,1,1,,,4,3,1,0,1
33328,2,2,2,2,11,7,0,1,1,,,4,3,1,0,1
33329,2,2,2,2,11,7,1,0,0,1,1,0,3,0,0,1
33330,2,2,2,2,11,7,2,0,0,1,1,0,3,0,0,1
33331,2,2,2,2,11,7,3,1,1,,,4,3,1,0,1
33332,2,2,2,2,11,8,0,1,1,,,4,3,1,0,1
33333,2,2,2,2,11,8,1,0,0,1,1,0,3,0,0,1
33334,2,2,2,2,11,8,2,0,0,1,1,0,3,0,0,1
33335,2,2,2,2,11,8,3,1,1,,,4,3,1,0,1
33336,2,2,2,2,11,9,0,1,1,,,4,3,1,0,1
33337,2,2,2,2,11,9,1,0,0,1,1,0,3,0,0,1
33338,2,2,2,2,11,9,2,0,0,1,1,0,3,0,0,1
33339,2,2,2,2,11,9,3,1,1,,,4,3,1,0,1
33340,2,2,2,2,11,10,0,1,1,,,4,3,1,0,1
33341,2,2,2,2,11,10,1,0,0,1,1,0,3,0,0,1
33342,2,2,2,2,11,10,2,0,0,1,1,0,3,0,0,1
33343,2,2,2,2,11,10,3,1,1,,,4,3,1,0,1
33344,2,2,2,2,11,11,0,1,1,,,4,3,1,0,1
33345,2,2,2,2,11,11,1,0,0,1,1,0,3,0,0,1
33346,2,2,2,2,11,11,2,0,0,1,1,0,3,0,0,1
33347,2,2,2,2,11,11,3,1,1,,,4,3,1,0,1
33348,2,2,2,2,11,12,0,1,1,,,4,3,1,0,1
33349,2,2,2,2,11,12,1,0,0,1,1,0,3,0,0,1
33350,2,2,2,2,11,12,2,0,0,1,1,0,3,0,0,1
33351,2,2,2,2,11,12,3,1,1,,,4,3,1,0,1
33352,2,2,2,2,11,13,0,1,1,,,4,3,1,0,1
33353,2,2,2,2,11,13,1,0,0,1,1,0,3,0,0,1
33354,2,2,2,2,11,13,2,0,0,1,1,0,3,0,0,1
33355,2,2,2,2,11,13,3,1,1,,,4,3,1,0,1
33356,2,2,2,2,11,14,0,1,1,,,4,3,1,0,1
33357,2,2,2,2,11,14,1,0,0,1,1,0,3,0,0,1
33358,2,2,2,2,11,14,2,0,0,1,1,0,3,0,0,1
33359,2,2,2,2,11,14,3,1,1,,,4,3,1,0,1
33360,2,2,2,2,11,15,0,1,1,,,4,3,1,0,1
33361,2,2,2,2,11,15,1,0,0,1,1,0,3,0,0,1
33362,2,2,2,2,11,15,2,0,0,1,1,0,3,0,0,1
33363,2,2,2,2,11,15,3,1,1,,,4,3,1,0,1
33364,2,2,2,2,12,0,0,1,1,,,4,2,1,1,1
33365,2,2,2,2,12,0,1,1,1,,,1,2,1,1,1
33366,2,2,2,2,12,0,2,1,1,,,1,2,1,1,1
33367,2,2,2,2,12,0,3,1,1,,,4,2,1,1,1
33368,2,2,2,2,12,1,0,1,1,,,4,2,1,1,1
33369,2,2,2,2,12,1,1,1,1,,,1,2,1,1,1
33370,2,2,2,2,12,1,2,1,1,,,1,2,1,1,1
33371,2,2,2,2,12,1,3,1,1,,,4,2,1,1,1
33372,2,2,2,2,12,2,0,1,1,,,4,2,1,1,1
33373,2,2,2,2,12,2,1,1,1,,,1,2,1,1,1
33374,2,2,2,2,12,2,2,1,1,,,1,2,1,1,1
33375,2,2,2,2,12,2,3,1,1,,,4,2,1,1,1
33376,2,2,2,2,12,3,0,1,1,,,4,2,1,1,1
33377,2,2,2,2,12,3,1,1,1,,,1,2,1,1,1
33378,2,2,2,2,12,3,2,1,1,,,1,2,1,1,1
33379,2,2,2,2,12,3,3,1,1,,,4,2,1,1,1
33380,2,2,2,2,12,4,0,1,1,,,4,2,1,1,1
33381,2,2,2,2,12,4,1,1,1,,,1,2,1,1,1
33382,2,2,2,2,12,4,2,1,1,,,1,2,1,1,1
33383,2,2,2,2,12,4,3,1,1,,,4,2,1,1,1
33384,2,2,2,2,12,5,0,1,1,,,4,2,1,1,1
33385,2,2,2,2,12,5,1,1,1,,,1,2,1,1,1
33386,2,2,2,2,12,5,2,1,1,,,1,2,1,1,1
33387,2,2,2,2,12,5,3,1,1,,,4,2,1,1,1
33388,2,2,2,2,12,6,0,1,1,,,4,2,1,1,1
33389,2,2,2,2,12,6,1,1,1,,,1,2,1,1,1
33390,2,2,2,2,12,6,2,1,1,,,1,2,1,1,1
33391,2,2,2,2,12,6,3,1,1,,,4,2,1,1,1
33392,2,2,2,2,12,7,0,1,1,,,4,2,1,1,1
33393,2,2,2,2,12,7,1,1,1,,,1,2,1,1,1
33394,2,2,2,2,12,7,2,1,1,,,1,2,1,1,1
33395,2,2,2,2,12,7,3,1,1,,,4,2,1,1,1
33396,2,2,2,2,12,8,0,1,1,,,4,2,1,1,1
33397,2,2,2,2,12,8,1,1,1,,,1,2,1,1,1
33398,2,2,2,2,12,8,2,1,1,,,1,2,1,1,1
33399,2,2,2,2,12,8,3,1,1,,,4,2,1,1,1
33400,2,2,2,2,12,9,0,1,1,,,4,2,1,1,1
33401,2,2,2,2,12,9,1,1,1,,,1,2,1,1,1
33402,2,2,2,2,12,9,2,1,1,,,1,2,1,1,1
33403,2,2,2,2,12,9,3,1,1,,,4,2,1,1,1
33404,2,2,2,2,12,10,0,1,1,,,4,2,1,1,1
33405,2,2,2,2,12,10,1,1,1,,,1,2,1,1,1
33406,2,2,2,2,12,10,2,1,1,,,1,2,1,1,1
33407,2,2,2,2,12,10,3,1,1,,,4,2,1,1,1
33408,2,2,2,2,12,11,0,1,1,,,4,2,1,1,1
33409,2,2,2,2,12,11,1,1,1,,,1,2,1,1,1
33410,2,2,2,2,12,11,2,1,1,,,1,2,1,1,1
33411,2,2,2,2,12,11,3,1,1,,,4,2,1,1,1
33412,2,2,2,2,12,12,0,1,1,,,4,2,1,1,1
33413,2,2,2,2,12,12,1,1,1,,,1,2,1,1,1
33414,2,2,2,2,12,12,2,1,1,,,1,2,1,1,1
33415,2,2,2,2,12,12,3,1,1,,,4,2,1,1,1
33416,2,2,2,2,12,13,0,1,1,,,4,2,1,1,1
33417,2,2,2,2,12,13,1,1,1,,,1,2,1,1,1
33418,2,2,2,2,12,13,2,1,1,,,1,2,1,1,1
33419,2,2,2,2,12,13,3,1,1,,,4,2,1,1,1
33420,2,2,2,2,12,14,0,1,1,,,4,2,1,1,1
33421,2,2,2,2,12,14,1,1,1,,,1,2,1,1,1
33422,2,2,2,2,12,14,2,1,1,,,1,2,1,1,1
33423,2,2,2,2,12,14,3,1,1,,,4,2,1,1,1
33424,2,2,2,2,12,15,0,1,1,,,4,2,1,1,1
33425,2,2,2,2,12,15,1,1,1,,,1,2,1,1,1
33426,2,2,2,2,12,15,2,1,1,,,1,2,1,1,1
33427,2,2,2,2,12,15,3,1,1,,,4,2,1,1,1
33428,2,2,2,2,13,0,0,1,1,,,4,4,1,0,1
33429,2,2,2,2,13,0,1,0,0,1,1,0,4,0,0,1
33430,2,2,2,2,13,0,2,0,0,1,1,0,4,0,0,1
33431,2,2,2,2,13,0,3,1,1,,,4,4,1,0,1
33432,2,2,2,2,13,1,0,1,1,,,4,4,1,0,1
33433,2,2,2,2,13,1,1,0,0,1,1,0,4,0,0,1
33434,2,2,2,2,13,1,2,0,0,1,1,0,4,0,0,1
33435,2,2,2,2,13,1,3,1,1,,,4,4,1,0,1
33436,2,2,2,2,13,2,0,1,1,,,4,4,1,0,1
33437,2,2,2,2,13,2,1,0,0,1,1,0,4,0,0,1
33438,2,2,2,2,13,2,2,0,0,1,1,0,4,0,0,1
33439,2,2,2,2,13,2,3,1,1,,,4,4,1,0,1
33440,2,2,2,2,13,3,0,1,1,,,4,4,1,0,1
33441,2,2,2,2,13,3,1,0,0,1,1,0,4,0,0,1
33442,2,2,2,2,13,3,2,0,0,1,1,0,4,0,0,1
33443,2,2,2,2,13,3,3,1,1,,,4,4,1,0,1
33444,2,2,2,2,13,4,0,1,1,,,4,4,1,0,1
33445,2,2,2,2,13,4,1,0,0,1,1,0,4,0,0,1
33446,2,2,2,2,13,4,2,0,0,1,1,0,4,0,0,1
33447,2,2,2,2,13,4,3,1,1,,,4,4,1,0,1
33448,2,2,2,2,13,5,0,1,1,,,4,4,1,0,1
33449,2,2,2,2,13,5,1,0,0,1,1,0,4,0,0,1
33450,2,2,2,2,13,5,2,0,0,1,1,0,4,0,0,1
33451,2,2,2,2,13,5,3,1,1,,,4,4,1,0,1
33452,2,2,2,2,13,6,0,1,1,,,4,4,1,0,1
33453,2,2,2,2,13,6,1,0,0,1,1,0,4,0,0,1
33454,2,2,2,2,13,6,2,0,0,1,1,0,4,0,0,1
33455,2,2,2,2,13,6,3,1,1,,,4,4,1,0,1
33456,2,2,2,2,13,7,0,1,1,,,4,4,1,0,1
33457,2,2,2,2,13,7,1,0,0,1,1,0,4,0,0,1
33458,2,2,2,2,13,7,2,0,0,1,1,0,4,0,0,1
33459,2,2,2,2,13,7,3,1,1,,,4,4,1,0,1
33460,2,2,2,2,13,8,0,1,1,,,4,4,1,0,1
33461,2,2,2,2,13,8,1,0,0,1,1,0,4,0,0,1
33462,2,2,2,2,13,8,2,0,0,1,1,0,4,0,0,1
33463,2,2,2,2,13,8,3,1,1,,,4,4,1,0,1
33464,2,2,2,2,13,9,0,1,1,,,4,4,1,0,1
33465,2,2,2,2,13,9,1,0,0,1,1,0,4,0,0,1
33466,2,2,2,2,13,9,2,0,0,1,1,0,4,0,0,1
33467,2,2,2,2,13,9,3,1,1,,,4,4,1,0,1
33468,2,2,2,2,13,10,0,1,1,,,4,4,1,0,1
33469,2,2,2,2,13,10,1,0,0,1,1,0,4,0,0,1
33470,2,2,2,2,13,10,2,0,0,1,1,0,4,0,0,1
33471,2,2,2,2,13,10,3,1,1,,,4,4,1,0,1
33472,2,2,2,2,13,11,0,1,1,,,4,4,1,0,1
33473,2,2,2,2,13,11,1,0,0,1,1,0,4,0,0,1
33474,2,2,2,2,13,11,2,0,0,1,1,0,4,0,0,1
33475,2,2,2,2,13,11,3,1,1,,,4,4,1,0,1
33476,2,2,2,2,13,12,0,1,1,,,4,4,1,0,1
33477,2,2,2,2,13,12,1,0,0,1,1,0,4,0,0,1
33478,2,2,2,2,13,12,2,0,0,1,1,0,4,0,0,1
33479,2,2,2,2,13,12,3,1,1,,,4,4,1,0,1
33480,2,2,2,2,13,13,0,1,1,,,4,4,1,0,1
33481,2,2,2,2,13,13,1,0,0,1,1,0,4,0,0,1
33482,2,2,2,2,13,13,2,0,0,1,1,0,4,0,0,1
33483,2,2,2,2,13,13,3,1,1,,,4,4,1,0,1
33484,2,2,2,2,13,14,0,1,1,,,4,4,1,0,1
33485,2,2,2,2,13,14,1,0,0,1,1,0,4,0,0,1
33486,2,2,2,2,13,14,2,0,0,1,1,0,4,0,0,1
33487,2,2,2,2,13,14,3,1,1,,,4,4,1,0,1
33488,2,2,2,2,13,15,0,1,1,,,4,4,1,0,1
33489,2,2,2,2,13,15,1,0,0,1,1,0,4,0,0,1
33490,2,2,2,2,13,15,2,0,0,1,1,0,4,0,0,1
33491,2,2,2,2,13,15,3,1,1,,,4,4,1,0,1
33492,2,2,2,2,14,0,0,1,1,,,4,3,1,0,1
33493,2,2,2,2,14,0,1,0,0,2,2,0,3,0,0,1
33494,2,2,2,2,14,0,2,0,0,2,2,0,3,0,0,1
33495,2,2,2,2,14,0,3,1,1,,,4,3,1,0,1
33496,2,2,2,2,14,1,0,1,1,,,4,3,1,0,1
33497,2,2,2,2,14,1,1,0,0,2,2,0,3,0,0,1
33498,2,2,2,2,14,1,2,0,0,2,2,0,3,0,0,1
33499,2,2,2,2,14,1,3,1,1,,,4,3,1,0,1
33500,2,2,2,2,14,2,0,1,1,,,4,3,1,0,1
33501,2,2,2,2,14,2,1,0,0,2,2,0,3,0,0,1
33502,2,2,2,2,14,2,2,0,0,2,2,0,3,0,0,1
33503,2,2,2,2,14,2,3,1,1,,,4,3,1,0,1
33504,2,2,2,2,14,3,0,1,1,,,4,3,1,0,1
33505,2,2,2,2,14,3,1,0,0,2,2,0,3,0,0,1
33506,2,2,2,2,14,3,2,0,0,2,2,0,3,0,0,1
33507,2,2,2,2,14,3,3,1,1,,,4,3,1,0,1
33508,2,2,2,2,14,4,0,1,1,,,4,3,1,0,1
33509,2,2,2,2,14,4,1,0,0,2,2,0,3,0,0,1
33510,2,2,2,2,14,4,2,0,0,2,2,0,3,0,0,1
33511,2,2,2,2,14,4,3,1,1,,,4,3,1,0,1
33512,2,2,2,2,14,5,0,1,1,,,4,3,1,0,1
33513,2,2,2,2,14,5,1,0,0,2,2,0,3,0,0,1
33514,2,2,2,2,14,5,2,0,0,2,2,0,3,0,0,1
33515,2,2,2,2,14,5,3,1,1,,,4,3,1,0,1
33516,2,2,2,2,14,6,0,1,1,,,4,3,1,0,1
33517,2,2,2,2,14,6,1,0,0,2,2,0,3,0,0,1
33518,2,2,2,2,14,6,2,0,0,2,2,0,3,0,0,1
33519,2,2,2,2,14,6,3,1,1,,,4,3,1,0,1
33520,2,2,2,2,14,7,0,1,1,,,4,3,1,0,1
33521,2,2,2,2,14,7,1,0,0,2,2,0,3,0,0,1
33522,2,2,2,2,14,7,2,0,0,2,2,0,3,0,0,1
33523,2,2,2,2,14,7,3,1,1,,,4,3,1,0,1
33524,2,2,2,2,14,8,0,1,1,,,4,3,1,0,1
33525,2,2,2,2,14,8,1,0,0,2,2,0,3,0,0,1
33526,2,2,2,2,14,8,2,0,0,2,2,0,3,0,0,1
33527,2,2,2,2,14,8,3,1,1,,,4,3,1,0,1
33528,2,2,2,2,14,9,0,1,1,,,4,3,1,0,1
33529,2,2,2,2,14,9,1,0,0,2,2,0,3,0,0,1
33530,2,2,2,2,14,9,2,0,0,2,2,0,3,0,0,1
33531,2,2,2,2,14,9,3,1,1,,,4,3,1,0,1
33532,2,2,2,2,14,10,0,1,1,,,4,3,1,0,1
33533,2,2,2,2,14,10,1,0,0,2,2,0,3,0,0,1
33534,2,2,2,2,14,10,2,0,0,2,2,0,3,0,0,1
33535,2,2,2,2,14,10,3,1,1,,,4,3,1,0,1
33536,2,2,2,2,14,11,0,1,1,,,4,3,1,0,1
33537,2,2,2,2,14,11,1,0,0,2,2,0,3,0,0,1
33538,2,2,2,2,14,11,2,0,0,2,2,0,3,0,0,1
33539,2,2,2,2,14,11,3,1,1,,,4,3,1,0,1
33540,2,2,2,2,14,12,0,1,1,,,4,3,1,0,1
33541,2,2,2,2,14,12,1,0,0,2,2,0,3,0,0,1
33542,2,2,2,2,14,12,2,0,0,2,2,0,3,0,0,1
33543,2,2,2,2,14,12,3,1,1,,,4,3,1,0,1
33544,2,2,2,2,14,13,0,1,1,,,4,3,1,0,1
33545,2,2,2,2,14,13,1,0,0,2,2,0,3,0,0,1
33546,2,2,2,2,14,13,2,0,0,2,2,0,3,0,0,1
33547,2,2,2,2,14,13,3,1,1,,,4,3,1,0,1
33548,2,2,2,2,14,14,0,1,1,,,4,3,1,0,1
33549,2,2,2,2,14,14,1,0,0,2,2,0,3,0,0,1
33550,2,2,2,2,14,14,2,0,0,2,2,0,3,0,0,1
33551,2,2,2,2,14,14,3,1,1,,,4,3,1,0,1
33552,2,2,2,2,14,15,0,1,1,,,4,3,1,0,1
33553,2,2,2,2,14,15,1,0,0,2,2,0,3,0,0,1
33554,2,2,2,2,14,15,2,0,0,2,2,0,3,0,0,1
33555,2,2,2,2,14,15,3,1,1,,,4,3,1,0,1
33556,2,2,2,2,15,0,0,1,1,,,4,3,1,0,1
33557,2,2,2,2,15,0,1,0,0,1,1,0,3,0,0,1
33558,2,2,2,2,15,0,2,0,0,1,1,0,3,0,0,1
33559,2,2,2,2,15,0,3,1,1,,,4,3,1,0,1
33560,2,2,2,2,15,1,0,1,1,,,4,3,1,0,1
33561,2,2,2,2,15,1,1,0,0,1,1,0,3,0,0,1
33562,2,2,2,2,15,1,2,0,0,1,1,0,3,0,0,1
33563,2,2,2,2,15,1,3,1,1,,,4,3,1,0,1
33564,2,2,2,2,15,2,0,1,1,,,4,3,1,0,1
33565,2,2,2,2,15,2,1,0,0,1,1,0,3,0,0,1
33566,2,2,2,2,15,2,2,0,0,1,1,0,3,0,0,1
33567,2,2,2,2,15,2,3,1,1,,,4,3,1,0,1
33568,2,2,2,2,15,3,0,1,1,,,4,3,1,0,1
33569,2,2,2,2,15,3,1,0,0,1,1,0,3,0,0,1
33570,2,2,2,2,15,3,2,0,0,1,1,0,3,0,0,1
33571,2,2,2,2,15,3,3,1,1,,,4,3,1,0,1
33572,2,2,2,2,15,4,0,1,1,,,4,3,1,0,1
33573,2,2,2,2,15,4,1,0,0,1,1,0,3,0,0,1
33574,2,2,2,2,15,4,2,0,0,1,1,0,3,0,0,1
33575,2,2,2,2,15,4,3,1,1,,,4,3,1,0,1
33576,2,2,2,2,15,5,0,1,1,,,4,3,1,0,1
33577,2,2,2,2,15,5,1,0,0,1,1,0,3,0,0,1
33578,2,2,2,2,15,5,2,0,0,1,1,0,3,0,0,1
33579,2,2,2,2,15,5,3,1,1,,,4,3,1,0,1
33580,2,2,2,2,15,6,0,1,1,,,4,3,1,0,1
33581,2,2,2,2,15,6,1,0,0,1,1,0,3,0,0,1
33582,2,2,2,2,15,6,2,0,0,1,1,0,3,0,0,1
33583,2,2,2,2,15,6,3,1,1,,,4,3,1,0,1
33584,2,2,2,2,15,7,0,1,1,,,4,3,1,0,1
33585,2,2,2,2,15,7,1,0,0,1,1,0,3,0,0,1
33586,2,2,2,2,15,7,2,0,0,1,1,0,3,0,0,1
33587,2,2,2,2,15,7,3,1,1,,,4,3,1,0,1
33588,2,2,2,2,15,8,0,1,1,,,4,3,1,0,1
33589,2,2,2,2,15,8,1,0,0,1,1,0,3,0,0,1
33590,2,2,2,2,15,8,2,0,0,1,1,0,3,0,0,1
33591,2,2,2,2,15,8,3,1,1,,,4,3,1,0,1
33592,2,2,2,2,15,9,0,1,1,,,4,3,1,0,1
33593,2,2,2,2,15,9,1,0,0,1,1,0,3,0,0,1
33594,2,2,2,2,15,9,2,0,0,1,1,0,3,0,0,1
33595,2,2,2,2,15,9,3,1,1,,,4,3,1,0,1
33596,2,2,2,2,15,10,0,1,1,,,4,3,1,0,1
33597,2,2,2,2,15,10,1,0,0,1,1,0,3,0,0,1
33598,2,2,2,2,15,10,2,0,0,1,1,0,3,0,0,1
33599,2,2,2,2,15,10,3,1,1,,,4,3,1,0,1
33600,2,2,2,2,15,11,0,1,1,,,4,3,1,0,1
33601,2,2,2,2,15,11,1,0,0,1,1,0,3,0,0,1
33602,2,2,2,2,15,11,2,0,0,1,1,0,3,0,0,1
33603,2,2,2,2,15,11,3,1,1,,,4,3,1,0,1
33604,2,2,2,2,15,12,0,1,1,,,4,3,1,0,1
33605,2,2,2,2,15,12,1,0,0,1,1,0,3,0,0,1
33606,2,2,2,2,15,12,2,0,0,1,1,0,3,0,0,1
33607,2,2,2,2,15,12,3,1,1,,,4,3,1,0,1
33608,2,2,2,2,15,13,0,1,1,,,4,3,1,0,1
33609,2,2,2,2,15,13,1,0,0,1,1,0,3,0,0,1
33610,2,2,2,2,15,13,2,0,0,1,1,0,3,0,0,1
33611,2,2,2,2,15,13,3,1,1,,,4,3,1,0,1
33612,2,2,2,2,15,14,0,1,1,,,4,3,1,0,1
33613,2,2,2,2,15,14,1,0,0,1,1,0,3,0,0,1
33614,2,2,2,2,15,14,2,0,0,1,1,0,3,0,0,1
33615,2,2,2,2,15,14,3,1,1,,,4,3,1,0,1
33616,2,2,2,2,15,15,0,1,1,,,4,3,1,0,1
33617,2,2,2,2,15,15,1,0,0,1,1,0,3,0,0,1
33618,2,2,2,2,15,15,2,0,0,1,1,0,3,0,0,1
33619,2,2,2,2,15,15,3,1,1,,,4,3,1,0,1
33620,2,2,2,3,0,0,0,1,1,,,4,2,1,1,1
33621,2,2,2,3,0,0,1,1,1,,,1,2,1,1,1
33622,2,2,2,3,0,0,2,1,1,,,1,2,1,1,1
33623,2,2,2,3,0,0,3,1,1,,,4,2,1,1,1
33624,2,2,2,3,0,1,0,1,1,,,4,2,1,1,1
33625,2,2,2,3,0,1,1,1,1,,,1,2,1,1,1
33626,2,2,2,3,0,1,2,1,1,,,1,2,1,1,1
33627,2,2,2,3,0,1,3,1,1,,,4,2,1,1,1
33628,2,2,2,3,0,2,0,1,1,,,4,2,1,1,1
33629,2,2,2,3,0,2,1,1,1,,,1,2,1,1,1
33630,2,2,2,3,0,2,2,1,1,,,1,2,1,1,1
33631,2,2,2,3,0,2,3,1,1,,,4,2,1,1,1
33632,2,2,2,3,0,3,0,1,1,,,4,2,1,1,1
33633,2,2,2,3,0,3,1,1,1,,,1,2,1,1,1
33634,2,2,2,3,0,3,2,1,1,,,1,2,1,1,1
33635,2,2,2,3,0,3,3,1,1,,,4,2,1,1,1
33636,2,2,2,3,0,4,0,1,1,,,4,2,1,1,1
33637,2,2,2,3,0,4,1,1,1,,,1,2,1,1,1
33638,2,2,2,3,0,4,2,1,1,,,1,2,1,1,1
33639,2,2,2,3,0,4,3,1,1,,,4,2,1,1,1
33640,2,2,2,3,0,5,0,1,1,,,4,2,1,1,1
33641,2,2,2,3,0,5,1,1,1,,,1,2,1,1,1
33642,2,2,2,3,0,5,2,1,1,,,1,2,1,1,1
33643,2,2,2,3,0,5,3,1,1,,,4,2,1,1,1
33644,2,2,2,3,0,6,0,1,1,,,4,2,1,1,1
33645,2,2,2,3,0,6,1,1,1,,,1,2,1,1,1
33646,2,2,2,3,0,6,2,1,1,,,1,2,1,1,1
33647,2,2,2,3,0,6,3,1,1,,,4,2,1,1,1
33648,2,2,2,3,0,7,0,1,1,,,4,2,1,1,1
33649,2,2,2,3,0,7,1,1,1,,,1,2,1,1,1
33650,2,2,2,3,0,7,2,1,1,,,1,2,1,1,1
33651,2,2,2,3,0,7,3,1,1,,,4,2,1,1,1
33652,2,2,2,3,0,8,0,1,1,,,4,2,1,1,1
33653,2,2,2,3,0,8,1,1,1,,,1,2,1,1,1
33654,2,2,2,3,0,8,2,1,1,,,1,2,1,1,1
33655,2,2,2,3,0,8,3,1,1,,,4,2,1,1,1
33656,2,2,2,3,0,9,0,1,1,,,4,2,1,1,1
33657,2,2,2,3,0,9,1,1,1,,,1,2,1,1,1
33658,2,2,2,3,0,9,2,1,1,,,1,2,1,1,1
33659,2,2,2,3,0,9,3,1,1,,,4,2,1,1,1
33660,2,2,2,3,0,10,0,1,1,,,4,2,1,1,1
33661,2,2,2,3,0,10,1,1,1,,,1,2,1,1,1
33662,2,2,2,3,0,10,2,1,1,,,1,2,1,1,1
33663,2,2,2,3,0,10,3,1,1,,,4,2,1,1,1
33664,2,2,2,3,0,11,0,1,1,,,4,2,1,1,1
33665,2,2,2,3,0,11,1,1,1,,,1,2,1,1,1
33666,2,2,2,3,0,11,2,1,1,,,1,2,1,1,1
33667,2,2,2,3,0,11,3,1,1,,,4,2,1,1,1
33668,2,2,2,3,0,12,0,1,1,,,4,2,1,1,1
33669,2,2,2,3,0,12,1,1,1,,,1,2,1,1,1
33670,2,2,2,3,0,12,2,1,1,,,1,2,1,1,1
33671,2,2,2,3,0,12,3,1,1,,,4,2,1,1,1
33672,2,2,2,3,0,13,0,1,1,,,4,2,1,1,1
33673,2,2,2,3,0,13,1,1,1,,,1,2,1,1,1
33674,2,2,2,3,0,13,2,1,1,,,1,2,1,1,1
33675,2,2,2,3,0,13,3,1,1,,,4,2,1,1,1
33676,2,2,2,3,0,14,0,1,1,,,4,2,1,1,1
33677,2,2,2,3,0,14,1,1,1,,,1,2,1,1,1
33678,2,2,2,3,0,14,2,1,1,,,1,2,1,1,1
33679,2,2,2,3,0,14,3,1,1,,,4,2,1,1,1
33680,2,2,2,3,0,15,0,1,1,,,4,2,1,1,1
33681,2,2,2,3,0,15,1,1,1,,,1,2,1,1,1
33682,2,2,2,3,0,15,2,1,1,,,1,2,1,1,1
33683,2,2,2,3,0,15,3,1,1,,,4,2,1,1,1
33684,2,2,2,3,1,0,0,1,1,,,4,4,1,0,1
33685,2,2,2,3,1,0,1,0,0,2,2,0,4,0,0,1
33686,2,2,2,3,1,0,2,0,0,2,2,0,4,0,0,1
33687,2,2,2,3,1,0,3,1,1,,,4,4,1,0,1
33688,2,2,2,3,1,1,0,1,1,,,4,4,1,0,1
33689,2,2,2,3,1,1,1,0,0,2,2,0,4,0,0,1
33690,2,2,2,3,1,1,2,0,0,2,2,0,4,0,0,1
33691,2,2,2,3,1,1,3,1,1,,,4,4,1,0,1
33692,2,2,2,3,1,2,0,1,1,,,4,4,1,0,1
33693,2,2,2,3,1,2,1,0,0,2,2,0,4,0,0,1
33694,2,2,2,3,1,2,2,0,0,2,2,0,4,0,0,1
33695,2,2,2,3,1,2,3,1,1,,,4,4,1,0,1
33696,2,2,2,3,1,3,0,1,1,,,4,4,1,0,1
33697,2,2,2,3,1,3,1,0,0,2,2,0,4,0,0,1
33698,2,2,2,3,1,3,2,0,0,2,2,0,4,0,0,1
33699,2,2,2,3,1,3,3,1,1,,,4,4,1,0,1
33700,2,2,2,3,1,4,0,1,1,,,4,4,1,0,1
33701,2,2,2,3,1,4,1,0,0,2,2,0,4,0,0,1
33702,2,2,2,3,1,4,2,0,0,2,2,0,4,0,0,1
33703,2,2,2,3,1,4,3,1,1,,,4,4,1,0,1
33704,2,2,2,3,1,5,0,1,1,,,4,4,1,0,1
33705,2,2,2,3,1,5,1,0,0,2,2,0,4,0,0,1
33706,2,2,2,3,1,5,2,0,0,2,2,0,4,0,0,1
33707,2,2,2,3,1,5,3,1,1,,,4,4,1,0,1
33708,2,2,2,3,1,6,0,1,1,,,4,4,1,0,1
33709,2,2,2,3,1,6,1,0,0,2,2,0,4,0,0,1
33710,2,2,2,3,1,6,2,0,0,2,2,0,4,0,0,1
33711,2,2,2,3,1,6,3,1,1,,,4,4,1,0,1
33712,2,2,2,3,1,7,0,1,1,,,4,4,1,0,1
33713,2,2,2,3,1,7,1,0,0,2,2,0,4,0,0,1
33714,2,2,2,3,1,7,2,0,0,2,2,0,4,0,0,1
33715,2,2,2,3,1,7,3,1,1,,,4,4,1,0,1
33716,2,2,2,3,1,8,0,1,1,,,4,4,1,0,1
33717,2,2,2,3,1,8,1,0,0,2,2,0,4,0,0,1
33718,2,2,2,3,1,8,2,0,0,2,2,0,4,0,0,1
33719,2,2,2,3,1,8,3,1,1,,,4,4,1,0,1
33720,2,2,2,3,1,9,0,1,1,,,4,4,1,0,1
33721,2,2,2,3,1,9,1,0,0,2,2,0,4,0,0,1
33722,2,2,2,3,1,9,2,0,0,2,2,0,4,0,0,1
33723,2,2,2,3,1,9,3,1,1,,,4,4,1,0,1
33724,2,2,2,3,1,10,0,1,1,,,4,4,1,0,1
33725,2,2,2,3,1,10,1,0,0,2,2,0,4,0,0,1
33726,2,2,2,3,1,10,2,0,0,2,2,0,4,0,0,1
33727,2,2,2,3,1,10,3,1,1,,,4,4,1,0,1
33728,2,2,2,3,1,11,0,1,1,,,4,4,1,0,1
33729,2,2,2,3,1,11,1,0,0,2,2,0,4,0,0,1
33730,2,2,2,3,1,11,2,0,0,2,2,0,4,0,0,1
33731,2,2,2,3,1,11,3,1,1,,,4,4,1,0,1
33732,2,2,2,3,1,12,0,1,1,,,4,4,1,0,1
33733,2,2,2,3,1,12,1,0,0,2,2,0,4,0,0,1
33734,2,2,2,3,1,12,2,0,0,2,2,0,4,0,0,1
33735,2,2,2,3,1,12,3,1,1,,,4,4,1,0,1
33736,2,2,2,3,1,13,0,1,1,,,4,4,1,0,1
33737,2,2,2,3,1,13,1,0,0,2,2,0,4,0,0,1
33738,2,2,2,3,1,13,2,0,0,2,2,0,4,0,0,1
33739,2,2,2,3,1,13,3,1,1,,,4,4,1,0,1
33740,2,2,2,3,1,14,0,1,1,,,4,4,1,0,1
33741,2,2,2,3,1,14,1,0,0,2,2,0,4,0,0,1
33742,2,2,2,3,1,14,2,0,0,2,2,0,4,0,0,1
33743,2,2,2,3,1,14,3,1,1,,,4,4,1,0,1
33744,2,2,2,3,1,15,0,1,1,,,4,4,1,0,1
33745,2,2,2,3,1,15,1,0,0,2,2,0,4,0,0,1
33746,2,2,2,3,1,15,2,0,0,2,2,0,4,0,0,1
33747,2,2,2,3,1,15,3,1,1,,,4,4,1,0,1
33748,2,2,2,3,2,0,0,1,1,,,4,4,1,0,1
33749,2,2,2,3,2,0,1,0,0,2,2,0,4,0,0,1
33750,2,2,2,3,2,0,2,0,0,2,2,0,4,0,0,1
33751,2,2,2,3,2,0,3,1,1,,,4,4,1,0,1
33752,2,2,2,3,2,1,0,1,1,,,4,4,1,0,1
33753,2,2,2,3,2,1,1,0,0,2,2,0,4,0,0,1
33754,2,2,2,3,2,1,2,0,0,2,2,0,4,0,0,1
33755,2,2,2,3,2,1,3,1,1,,,4,4,1,0,1
33756,2,2,2,3,2,2,0,1,1,,,4,4,1,0,1
33757,2,2,2,3,2,2,1,0,0,2,2,0,4,0,0,1
33758,2,2,2,3,2,2,2,0,0,2,2,0,4,0,0,1
33759,2,2,2,3,2,2,3,1,1,,,4,4,1,0,1
33760,2,2,2,3,2,3,0,1,1,,,4,4,1,0,1
33761,2,2,2,3,2,3,1,0,0,2,2,0,4,0,0,1
33762,2,2,2,3,2,3,2,0,0,2,2,0,4,0,0,1
33763,2,2,2,3,2,3,3,1,1,,,4,4,1,0,1
33764,2,2,2,3,2,4,0,1,1,,,4,4,1,0,1
33765,2,2,2,3,2,4,1,0,0,2,2,0,4,0,0,1
33766,2,2,2,3,2,4,2,0,0,2,2,0,4,0,0,1
33767,2,2,2,3,2,4,3,1,1,,,4,4,1,0,1
33768,2,2,2,3,2,5,0,1,1,,,4,4,1,0,1
33769,2,2,2,3,2,5,1,0,0,2,2,0,4,0,0,1
33770,2,2,2,3,2,5,2,0,0,2,2,0,4,0,0,1
33771,2,2,2,3,2,5,3,1,1,,,4,4,1,0,1
33772,2,2,2,3,2,6,0,1,1,,,4,4,1,0,1
33773,2,2,2,3,2,6,1,0,0,2,2,0,4,0,0,1
33774,2,2,2,3,2,6,2,0,0,2,2,0,4,0,0,1
33775,2,2,2,3,2,6,3,1,1,,,4,4,1,0,1
33776,2,2,2,3,2,7,0,1,1,,,4,4,1,0,1
33777,2,2,2,3,2,7,1,0,0,2,2,0,4,0,0,1
33778,2,2,2,3,2,7,2,0,0,2,2,0,4,0,0,1
33779,2,2,2,3,2,7,3,1,1,,,4,4,1,0,1
33780,2,2,2,3,2,8,0,1,1,,,4,4,1,0,1
33781,2,2,2,3,2,8,1,0,0,2,2,0,4,0,0,1
33782,2,2,2,3,2,8,2,0,0,2,2,0,4,0,0,1
33783,2,2,2,3,2,8,3,1,1,,,4,4,1,0,1
33784,2,2,2,3,2,9,0,1,1,,,4,4,1,0,1
33785,2,2,2,3,2,9,1,0,0,2,2,0,4,0,0,1
33786,2,2,2,3,2,9,2,0,0,2,2,0,4,0,0,1
33787,2,2,2,3,2,9,3,1,1,,,4,4,1,0,1
33788,2,2,2,3,2,10,0,1,1,,,4,4,1,0,1
33789,2,2,2,3,2,10,1,0,0,2,2,0,4,0,0,1
33790,2,2,2,3,2,10,2,0,0,2,2,0,4,0,0,1
33791,2,2,2,3,2,10,3,1,1,,,4,4,1,0,1
33792,2,2,2,3,2,11,0,1,1,,,4,4,1,0,1
33793,2,2,2,3,2,11,1,0,0,2,2,0,4,0,0,1
33794,2,2,2,3,2,11,2,0,0,2,2,0,4,0,0,1
33795,2,2,2,3,2,11,3,1,1,,,4,4,1,0,1
33796,2,2,2,3,2,12,0,1,1,,,4,4,1,0,1
33797,2,2,2,3,2,12,1,0,0,2,2,0,4,0,0,1
33798,2,2,2,3,2,12,2,0,0,2,2,0,4,0,0,1
33799,2,2,2,3,2,12,3,1,1,,,4,4,1,0,1
33800,2,2,2,3,2,13,0,1,1,,,4,4,1,0,1
33801,2,2,2,3,2,13,1,0,0,2,2,0,4,0,0,1
33802,2,2,2,3,2,13,2,0,0,2,2,0,4,0,0,1
33803,2,2,2,3,2,13,3,1,1,,,4,4,1,0,1
33804,2,2,2,3,2,14,0,1,1,,,4,4,1,0,1
33805,2,2,2,3,2,14,1,0,0,2,2,0,4,0,0,1
33806,2,2,2,3,2,14,2,0,0,2,2,0,4,0,0,1
33807,2,2,2,3,2,14,3,1,1,,,4,4,1,0,1
33808,2,2,2,3,2,15,0,1,1,,,4,4,1,0,1
33809,2,2,2,3,2,15,1,0,0,2,2,0,4,0,0,1
33810,2,2,2,3,2,15,2,0,0,2,2,0,4,0,0,1
33811,2,2,2,3,2,15,3,1,1,,,4,4,1,0,1
33812,2,2,2,3,3,0,0,1,1,,,4,2,1,1,1
33813,2,2,2,3,3,0,1,1,1,,,1,2,1,1,1
33814,2,2,2,3,3,0,2,1,1,,,1,2,1,1,1
33815,2,2,2,3,3,0,3,1,1,,,4,2,1,1,1
33816,2,2,2,3,3,1,0,1,1,,,4,2,1,1,1
33817,2,2,2,3,3,1,1,1,1,,,1,2,1,1,1
33818,2,2,2,3,3,1,2,1,1,,,1,2,1,1,1
33819,2,2,2,3,3,1,3,1,1,,,4,2,1,1,1
33820,2,2,2,3,3,2,0,1,1,,,4,2,1,1,1
33821,2,2,2,3,3,2,1,1,1,,,1,2,1,1,1
33822,2,2,2,3,3,2,2,1,1,,,1,2,1,1,1
33823,2,2,2,3,3,2,3,1,1,,,4,2,1,1,1
33824,2,2,2,3,3,3,0,1,1,,,4,2,1,1,1
33825,2,2,2,3,3,3,1,1,1,,,1,2,1,1,1
33826,2,2,2,3,3,3,2,1,1,,,1,2,1,1,1
33827,2,2,2,3,3,3,3,1,1,,,4,2,1,1,1
33828,2,2,2,3,3,4,0,1,1,,,4,2,1,1,1
33829,2,2,2,3,3,4,1,1,1,,,1,2,1,1,1
33830,2,2,2,3,3,4,2,1,1,,,1,2,1,1,1
33831,2,2,2,3,3,4,3,1,1,,,4,2,1,1,1
33832,2,2,2,3,3,5,0,1,1,,,4,2,1,1,1
33833,2,2,2,3,3,5,1,1,1,,,1,2,1,1,1
33834,2,2,2,3,3,5,2,1,1,,,1,2,1,1,1
33835,2,2,2,3,3,5,3,1,1,,,4,2,1,1,1
33836,2,2,2,3,3,6,0,1,1,,,4,2,1,1,1
33837,2,2,2,3,3,6,1,1,1,,,1,2,1,1,1
33838,2,2,2,3,3,6,2,1,1,,,1,2,1,1,1
33839,2,2,2,3,3,6,3,1,1,,,4,2,1,1,1
33840,2,2,2,3,3,7,0,1,1,,,4,2,1,1,1
33841,2,2,2,3,3,7,1,1,1,,,1,2,1,1,1
33842,2,2,2,3,3,7,2,1,1,,,1,2,1,1,1
33843,2,2,2,3,3,7,3,1,1,,,4,2,1,1,1
33844,2,2,2,3,3,8,0,1,1,,,4,2,1,1,1
33845,2,2,2,3,3,8,1,1,1,,,1,2,1,1,1
33846,2,2,2,3,3,8,2,1,1,,,1,2,1,1,1
33847,2,2,2,3,3,8,3,1,1,,,4,2,1,1,1
33848,2,2,2,3,3,9,0,1,1,,,4,2,1,1,1
33849,2,2,2,3,3,9,1,1,1,,,1,2,1,1,1
33850,2,2,2,3,3,9,2,1,1,,,1,2,1,1,1
33851,2,2,2,3,3,9,3,1,1,,,4,2,1,1,1
33852,2,2,2,3,3,10,0,1,1,,,4,2,1,1,1
33853,2,2,2,3,3,10,1,1,1,,,1,2,1,1,1
33854,2,2,2,3,3,10,2,1,1,,,1,2,1,1,1
33855,2,2,2,3,3,10,3,1,1,,,4,2,1,1,1
33856,2,2,2,3,3,11,0,1,1,,,4,2,1,1,1
33857,2,2,2,3,3,11,1,1,1,,,1,2,1,1,1
33858,2,2,2,3,3,11,2,1,1,,,1,2,1,1,1
33859,2,2,2,3,3,11,3,1,1,,,4,2,1,1,1
33860,2,2,2,3,3,12,0,1,1,,,4,2,1,1,1
33861,2,2,2,3,3,12,1,1,1,,,1,2,1,1,1
33862,2,2,2,3,3,12,2,1,1,,,1,2,1,1,1
33863,2,2,2,3,3,12,3,1,1,,,4,2,1,1,1
33864,2,2,2,3,3,13,0,1,1,,,4,2,1,1,1
33865,2,2,2,3,3,13,1,1,1,,,1,2,1,1,1
33866,2,2,2,3,3,13,2,1,1,,,1,2,1,1,1
33867,2,2,2,3,3,13,3,1,1,,,4,2,1,1,1
33868,2,2,2,3,3,14,0,1,1,,,4,2,1,1,1
33869,2,2,2,3,3,14,1,1,1,,,1,2,1,1,1
33870,2,2,2,3,3,14,2,1,1,,,1,2,1,1,1
33871,2,2,2,3,3,14,3,1,1,,,4,2,1,1,1
33872,2,2,2,3,3,15,0,1,1,,,4,2,1,1,1
33873,2,2,2,3,3,15,1,1,1,,,1,2,1,1,1
33874,2,2,2,3,3,15,2,1,1,,,1,2,1,1,1
33875,2,2,2,3,3,15,3,1,1,,,4,2,1,1,1
33876,2,2,2,3,4,0,0,1,1,,,4,2,1,1,1
33877,2,2,2,3,4,0,1,1,1,,,1,2,1,1,1
33878,2,2,2,3,4,0,2,1,1,,,1,2,1,1,1
33879,2,2,2,3,4,0,3,1,1,,,4,2,1,1,1
33880,2,2,2,3,4,1,0,1,1,,,4,2,1,1,1
33881,2,2,2,3,4,1,1,1,1,,,1,2,1,1,1
33882,2,2,2,3,4,1,2,1,1,,,1,2,1,1,1
33883,2,2,2,3,4,1,3,1,1,,,4,2,1,1,1
33884,2,2,2,3,4,2,0,1,1,,,4,2,1,1,1
33885,2,2,2,3,4,2,1,1,1,,,1,2,1,1,1
33886,2,2,2,3,4,2,2,1,1,,,1,2,1,1,1
33887,2,2,2,3,4,2,3,1,1,,,4,2,1,1,1
33888,2,2,2,3,4,3,0,1,1,,,4,2,1,1,1
33889,2,2,2,3,4,3,1,1,1,,,1,2,1,1,1
33890,2,2,2,3,4,3,2,1,1,,,1,2,1,1,1
33891,2,2,2,3,4,3,3,1,1,,,4,2,1,1,1
33892,2,2,2,3,4,4,0,1,1,,,4,2,1,1,1
33893,2,2,2,3,4,4,1,1,1,,,1,2,1,1,1
33894,2,2,2,3,4,4,2,1,1,,,1,2,1,1,1
33895,2,2,2,3,4,4,3,1,1,,,4,2,1,1,1
33896,2,2,2,3,4,5,0,1,1,,,4,2,1,1,1
33897,2,2,2,3,4,5,1,1,1,,,1,2,1,1,1
33898,2,2,2,3,4,5,2,1,1,,,1,2,1,1,1
33899,2,2,2,3,4,5,3,1,1,,,4,2,1,1,1
33900,2,2,2,3,4,6,0,1,1,,,4,2,1,1,1
33901,2,2,2,3,4,6,1,1,1,,,1,2,1,1,1
33902,2,2,2,3,4,6,2,1,1,,,1,2,1,1,1
33903,2,2,2,3,4,6,3,1,1,,,4,2,1,1,1
33904,2,2,2,3,4,7,0,1,1,,,4,2,1,1,1
33905,2,2,2,3,4,7,1,1,1,,,1,2,1,1,1
33906,2,2,2,3,4,7,2,1,1,,,1,2,1,1,1
33907,2,2,2,3,4,7,3,1,1,,,4,2,1,1,1
33908,2,2,2,3,4,8,0,1,1,,,4,2,1,1,1
33909,2,2,2,3,4,8,1,1,1,,,1,2,1,1,1
33910,2,2,2,3,4,8,2,1,1,,,1,2,1,1,1
33911,2,2,2,3,4,8,3,1,1,,,4,2,1,1,1
33912,2,2,2,3,4,9,0,1,1,,,4,2,1,1,1
33913,2,2,2,3,4,9,1,1,1,,,1,2,1,1,1
33914,2,2,2,3,4,9,2,1,1,,,1,2,1,1,1
33915,2,2,2,3,4,9,3,1,1,,,4,2,1,1,1
33916,2,2,2,3,4,10,0,1,1,,,4,2,1,1,1
33917,2,2,2,3,4,10,1,1,1,,,1,2,1,1,1
33918,2,2,2,3,4,10,2,1,1,,,1,2,1,1,1
33919,2,2,2,3,4,10,3,1,1,,,4,2,1,1,1
33920,2,2,2,3,4,11,0,1,1,,,4,2,1,1,1
33921,2,2,2,3,4,11,1,1,1,,,1,2,1,1,1
33922,2,2,2,3,4,11,2,1,1,,,1,2,1,1,1
33923,2,2,2,3,4,11,3,1,1,,,4,2,1,1,1
33924,2,2,2,3,4,12,0,1,1,,,4,2,1,1,1
33925,2,2,2,3,4,12,1,1,1,,,1,2,1,1,1
33926,2,2,2,3,4,12,2,1,1,,,1,2,1,1,1
33927,2,2,2,3,4,12,3,1,1,,,4,2,1,1,1
33928,2,2,2,3,4,13,0,1,1,,,4,2,1,1,1
33929,2,2,2,3,4,13,1,1,1,,,1,2,1,1,1
33930,2,2,2,3,4,13,2,1,1,,,1,2,1,1,1
33931,2,2,2,3,4,13,3,1,1,,,4,2,1,1,1
33932,2,2,2,3,4,14,0,1,1,,,4,2,1,1,1
33933,2,2,2,3,4,14,1,1,1,,,1,2,1,1,1
33934,2,2,2,3,4,14,2,1,1,,,1,2,1,1,1
33935,2,2,2,3,4,14,3,1,1,,,4,2,1,1,1
33936,2,2,2,3,4,15,0,1,1,,,4,2,1,1,1
33937,2,2,2,3,4,15,1,1,1,,,1,2,1,1,1
33938,2,2,2,3,4,15,2,1,1,,,1,2,1,1,1
33939,2,2,2,3,4,15,3,1,1,,,4,2,1,1,1
33940,2,2,2,3,5,0,0,1,1,,,4,4,1,0,1
33941,2,2,2,3,5,0,1,0,0,2,2,0,4,0,0,1
33942,2,2,2,3,5,0,2,0,0,2,2,0,4,0,0,1
33943,2,2,2,3,5,0,3,1,1,,,4,4,1,0,1
33944,2,2,2,3,5,1,0,1,1,,,4,4,1,0,1
33945,2,2,2,3,5,1,1,0,0,2,2,0,4,0,0,1
33946,2,2,2,3,5,1,2,0,0,2,2,0,4,0,0,1
33947,2,2,2,3,5,1,3,1,1,,,4,4,1,0,1
33948,2,2,2,3,5,2,0,1,1,,,4,4,1,0,1
33949,2,2,2,3,5,2,1,0,0,2,2,0,4,0,0,1
33950,2,2,2,3,5,2,2,0,0,2,2,0,4,0,0,1
33951,2,2,2,3,5,2,3,1,1,,,4,4,1,0,1
33952,2,2,2,3,5,3,0,1,1,,,4,4,1,0,1
33953,2,2,2,3,5,3,1,0,0,2,2,0,4,0,0,1
33954,2,2,2,3,5,3,2,0,0,2,2,0,4,0,0,1
33955,2,2,2,3,5,3,3,1,1,,,4,4,1,0,1
33956,2,2,2,3,5,4,0,1,1,,,4,4,1,0,1
33957,2,2,2,3,5,4,1,0,0,2,2,0,4,0,0,1
33958,2,2,2,3,5,4,2,0,0,2,2,0,4,0,0,1
33959,2,2,2,3,5,4,3,1,1,,,4,4,1,0,1
33960,2,2,2,3,5,5,0,1,1,,,4,4,1,0,1
33961,2,2,2,3,5,5,1,0,0,2,2,0,4,0,0,1
33962,2,2,2,3,5,5,2,0,0,2,2,0,4,0,0,1
33963,2,2,2,3,5,5,3,1,1,,,4,4,1,0,1
33964,2,2,2,3,5,6,0,1,1,,,4,4,1,0,1
33965,2,2,2,3,5,6,1,0,0,2,2,0,4,0,0,1
33966,2,2,2,3,5,6,2,0,0,2,2,0,4,0,0,1
33967,2,2,2,3,5,6,3,1,1,,,4,4,1,0,1
33968,2,2,2,3,5,7,0,1,1,,,4,4,1,0,1
33969,2,2,2,3,5,7,1,0,0,2,2,0,4,0,0,1
33970,2,2,2,3,5,7,2,0,0,2,2,0,4,0,0,1
33971,2,2,2,3,5,7,3,1,1,,,4,4,1,0,1
33972,2,2,2,3,5,8,0,1,1,,,4,4,1,0,1
33973,2,2,2,3,5,8,1,0,0,2,2,0,4,0,0,1
33974,2,2,2,3,5,8,2,0,0,2,2,0,4,0,0,1
33975,2,2,2,3,5,8,3,1,1,,,4,4,1,0,1
33976,2,2,2,3,5,9,0,1,1,,,4,4,1,0,1
33977,2,2,2,3,5,9,1,0,0,2,2,0,4,0,0,1
33978,2,2,2,3,5,9,2,0,0,2,2,0,4,0,0,1
33979,2,2,2,3,5,9,3,1,1,,,4,4,1,0,1
33980,2,2,2,3,5,10,0,1,1,,,4,4,1,0,1
33981,2,2,2,3,5,10,1,0,0,2,2,0,4,0,0,1
33982,2,2,2,3,5,10,2,0,0,2,2,0,4,0,0,1
33983,2,2,2,3,5,10,3,1,1,,,4,4,1,0,1
33984,2,2,2,3,5,11,0,1,1,,,4,4,1,0,1
33985,2,2,2,3,5,11,1,0,0,2,2,0,4,0,0,1
33986,2,2,2,3,5,11,2,0,0,2,2,0,4,0,0,1
33987,2,2,2,3,5,11,3,1,1,,,4,4,1,0,1
33988,2,2,2,3,5,12,0,1,1,,,4,4,1,0,1
33989,2,2,2,3,5,12,1,0,0,2,2,0,4,0,0,1
33990,2,2,2,3,5,12,2,0,0,2,2,0,4,0,0,1
33991,2,2,2,3,5,12,3,1,1,,,4,4,1,0,1
33992,2,2,2,3,5,13,0,1,1,,,4,4,1,0,1
33993,2,2,2,3,5,13,1,0,0,2,2,0,4,0,0,1
33994,2,2,2,3,5,13,2,0,0,2,2,0,4,0,0,1
33995,2,2,2,3,5,13,3,1,1,,,4,4,1,0,1
33996,2,2,2,3,5,14,0,1,1,,,4,4,1,0,1
33997,2,2,2,3,5,14,1,0,0,2,2,0,4,0,0,1
33998,2,2,2,3,5,14,2,0,0,2,2,0,4,0,0,1
33999,2,2,2,3,5,14,3,1,1,,,4,4,1,0,1
34000,2,2,2,3,5,15,0,1,1,,,4,4,1,0,1
34001,2,2,2,3,5,15,1,0,0,2,2,0,4,0,0,1
34002,2,2,2,3,5,15,2,0,0,2,2,0,4,0,0,1
34003,2,2,2,3,5,15,3,1,1,,,4,4,1,0,1
34004,2,2,2,3,6,0,0,1,1,,,4,4,1,0,1
34005,2,2,2,3,6,0,1,0,0,2,2,0,4,0,0,1
34006,2,2,2,3,6,0,2,0,0,2,2,0,4,0,0,1
34007,2,2,2,3,6,0,3,1,1,,,4,4,1,0,1
34008,2,2,2,3,6,1,0,1,1,,,4,4,1,0,1
34009,2,2,2,3,6,1,1,0,0,2,2,0,4,0,0,1
34010,2,2,2,3,6,1,2,0,0,2,2,0,4,0,0,1
34011,2,2,2,3,6,1,3,1,1,,,4,4,1,0,1
34012,2,2,2,3,6,2,0,1,1,,,4,4,1,0,1
34013,2,2,2,3,6,2,1,0,0,2,2,0,4,0,0,1
34014,2,2,2,3,6,2,2,0,0,2,2,0,4,0,0,1
34015,2,2,2,3,6,2,3,1,1,,,4,4,1,0,1
34016,2,2,2,3,6,3,0,1,1,,,4,4,1,0,1
34017,2,2,2,3,6,3,1,0,0,2,2,0,4,0,0,1
34018,2,2,2,3,6,3,2,0,0,2,2,0,4,0,0,1
34019,2,2,2,3,6,3,3,1,1,,,4,4,1,0,1
34020,2,2,2,3,6,4,0,1,1,,,4,4,1,0,1
34021,2,2,2,3,6,4,1,0,0,2,2,0,4,0,0,1
34022,2,2,2,3,6,4,2,0,0,2,2,0,4,0,0,1
34023,2,2,2,3,6,4,3,1,1,,,4,4,1,0,1
34024,2,2,2,3,6,5,0,1,1,,,4,4,1,0,1
34025,2,2,2,3,6,5,1,0,0,2,2,0,4,0,0,1
34026,2,2,2,3,6,5,2,0,0,2,2,0,4,0,0,1
34027,2,2,2,3,6,5,3,1,1,,,4,4,1,0,1
34028,2,2,2,3,6,6,0,1,1,,,4,4,1,0,1
34029,2,2,2,3,6,6,1,0,0,2,2,0,4,0,0,1
34030,2,2,2,3,6,6,2,0,0,2,2,0,4,0,0,1
34031,2,2,2,3,6,6,3,1,1,,,4,4,1,0,1
34032,2,2,2,3,6,7,0,1,1,,,4,4,1,0,1
34033,2,2,2,3,6,7,1,0,0,2,2,0,4,0,0,1
34034,2,2,2,3,6,7,2,0,0,2,2,0,4,0,0,1
34035,2,2,2,3,6,7,3,1,1,,,4,4,1,0,1
34036,2,2,2,3,6,8,0,1,1,,,4,4,1,0,1
34037,2,2,2,3,6,8,1,0,0,2,2,0,4,0,0,1
34038,2,2,2,3,6,8,2,0,0,2,2,0,4,0,0,1
34039,2,2,2,3,6,8,3,1,1,,,4,4,1,0,1
34040,2,2,2,3,6,9,0,1,1,,,4,4,1,0,1
34041,2,2,2,3,6,9,1,0,0,2,2,0,4,0,0,1
34042,2,2,2,3,6,9,2,0,0,2,2,0,4,0,0,1
34043,2,2,2,3,6,9,3,1,1,,,4,4,1,0,1
34044,2,2,2,3,6,10,0,1,1,,,4,4,1,0,1
34045,2,2,2,3,6,10,1,0,0,2,2,0,4,0,0,1
34046,2,2,2,3,6,10,2,0,0,2,2,0,4,0,0,1
34047,2,2,2,3,6,10,3,1,1,,,4,4,1,0,1
34048,2,2,2,3,6,11,0,1,1,,,4,4,1,0,1
34049,2,2,2,3,6,11,1,0,0,2,2,0,4,0,0,1
34050,2,2,2,3,6,11,2,0,0,2,2,0,4,0,0,1
34051,2,2,2,3,6,11,3,1,1,,,4,4,1,0,1
34052,2,2,2,3,6,12,0,1,1,,,4,4,1,0,1
34053,2,2,2,3,6,12,1,0,0,2,2,0,4,0,0,1
34054,2,2,2,3,6,12,2,0,0,2,2,0,4,0,0,1
34055,2,2,2,3,6,12,3,1,1,,,4,4,1,0,1
34056,2,2,2,3,6,13,0,1,1,,,4,4,1,0,1
34057,2,2,2,3,6,13,1,0,0,2,2,0,4,0,0,1
34058,2,2,2,3,6,13,2,0,0,2,2,0,4,0,0,1
34059,2,2,2,3,6,13,3,1,1,,,4,4,1,0,1
34060,2,2,2,3,6,14,0,1,1,,,4,4,1,0,1
34061,2,2,2,3,6,14,1,0,0,2,2,0,4,0,0,1
34062,2,2,2,3,6,14,2,0,0,2,2,0,4,0,0,1
34063,2,2,2,3,6,14,3,1,1,,,4,4,1,0,1
34064,2,2,2,3,6,15,0,1,1,,,4,4,1,0,1
34065,2,2,2,3,6,15,1,0,0,2,2,0,4,0,0,1
34066,2,2,2,3,6,15,2,0,0,2,2,0,4,0,0,1
34067,2,2,2,3,6,15,3,1,1,,,4,4,1,0,1
34068,2,2,2,3,7,0,0,1,1,,,4,4,1,0,1
34069,2,2,2,3,7,0,1,0,0,2,2,0,4,0,0,1
34070,2,2,2,3,7,0,2,0,0,2,2,0,4,0,0,1
34071,2,2,2,3,7,0,3,1,1,,,4,4,1,0,1
34072,2,2,2,3,7,1,0,1,1,,,4,4,1,0,1
34073,2,2,2,3,7,1,1,0,0,2,2,0,4,0,0,1
34074,2,2,2,3,7,1,2,0,0,2,2,0,4,0,0,1
34075,2,2,2,3,7,1,3,1,1,,,4,4,1,0,1
34076,2,2,2,3,7,2,0,1,1,,,4,4,1,0,1
34077,2,2,2,3,7,2,1,0,0,2,2,0,4,0,0,1
34078,2,2,2,3,7,2,2,0,0,2,2,0,4,0,0,1
34079,2,2,2,3,7,2,3,1,1,,,4,4,1,0,1
34080,2,2,2,3,7,3,0,1,1,,,4,4,1,0,1
34081,2,2,2,3,7,3,1,0,0,2,2,0,4,0,0,1
34082,2,2,2,3,7,3,2,0,0,2,2,0,4,0,0,1
34083,2,2,2,3,7,3,3,1,1,,,4,4,1,0,1
34084,2,2,2,3,7,4,0,1,1,,,4,4,1,0,1
34085,2,2,2,3,7,4,1,0,0,2,2,0,4,0,0,1
34086,2,2,2,3,7,4,2,0,0,2,2,0,4,0,0,1
34087,2,2,2,3,7,4,3,1,1,,,4,4,1,0,1
34088,2,2,2,3,7,5,0,1,1,,,4,4,1,0,1
34089,2,2,2,3,7,5,1,0,0,2,2,0,4,0,0,1
34090,2,2,2,3,7,5,2,0,0,2,2,0,4,0,0,1
34091,2,2,2,3,7,5,3,1,1,,,4,4,1,0,1
34092,2,2,2,3,7,6,0,1,1,,,4,4,1,0,1
34093,2,2,2,3,7,6,1,0,0,2,2,0,4,0,0,1
34094,2,2,2,3,7,6,2,0,0,2,2,0,4,0,0,1
34095,2,2,2,3,7,6,3,1,1,,,4,4,1,0,1
34096,2,2,2,3,7,7,0,1,1,,,4,4,1,0,1
34097,2,2,2,3,7,7,1,0,0,2,2,0,4,0,0,1
34098,2,2,2,3,7,7,2,0,0,2,2,0,4,0,0,1
34099,2,2,2,3,7,7,3,1,1,,,4,4,1,0,1
34100,2,2,2,3,7,8,0,1,1,,,4,4,1,0,1
34101,2,2,2,3,7,8,1,0,0,2,2,0,4,0,0,1
34102,2,2,2,3,7,8,2,0,0,2,2,0,4,0,0,1
34103,2,2,2,3,7,8,3,1,1,,,4,4,1,0,1
34104,2,2,2,3,7,9,0,1,1,,,4,4,1,0,1
34105,2,2,2,3,7,9,1,0,0,2,2,0,4,0,0,1
34106,2,2,2,3,7,9,2,0,0,2,2,0,4,0,0,1
34107,2,2,2,3,7,9,3,1,1,,,4,4,1,0,1
34108,2,2,2,3,7,10,0,1,1,,,4,4,1,0,1
34109,2,2,2,3,7,10,1,0,0,2,2,0,4,0,0,1
34110,2,2,2,3,7,10,2,0,0,2,2,0,4,0,0,1
34111,2,2,2,3,7,10,3,1,1,,,4,4,1,0,1
34112,2,2,2,3,7,11,0,1,1,,,4,4,1,0,1
34113,2,2,2,3,7,11,1,0,0,2,2,0,4,0,0,1
34114,2,2,2,3,7,11,2,0,0,2,2,0,4,0,0,1
34115,2,2,2,3,7,11,3,1,1,,,4,4,1,0,1
34116,2,2,2,3,7,12,0,1,1,,,4,4,1,0,1
34117,2,2,2,3,7,12,1,0,0,2,2,0,4,0,0,1
34118,2,2,2,3,7,12,2,0,0,2,2,0,4,0,0,1
34119,2,2,2,3,7,12,3,1,1,,,4,4,1,0,1
34120,2,2,2,3,7,13,0,1,1,,,4,4,1,0,1
34121,2,2,2,3,7,13,1,0,0,2,2,0,4,0,0,1
34122,2,2,2,3,7,13,2,0,0,2,2,0,4,0,0,1
34123,2,2,2,3,7,13,3,1,1,,,4,4,1,0,1
34124,2,2,2,3,7,14,0,1,1,,,4,4,1,0,1
34125,2,2,2,3,7,14,1,0,0,2,2,0,4,0,0,1
34126,2,2,2,3,7,14,2,0,0,2,2,0,4,0,0,1
34127,2,2,2,3,7,14,3,1,1,,,4,4,1,0,1
34128,2,2,2,3,7,15,0,1,1,,,4,4,1,0,1
34129,2,2,2,3,7,15,1,0,0,2,2,0,4,0,0,1
34130,2,2,2,3,7,15,2,0,0,2,2,0,4,0,0,1
34131,2,2,2,3,7,15,3,1,1,,,4,4,1,0,1
34132,2,2,2,3,8,0,0,1,1,,,4,2,1,1,1
34133,2,2,2,3,8,0,1,1,1,,,1,2,1,1,1
34134,2,2,2,3,8,0,2,1,1,,,1,2,1,1,1
34135,2,2,2,3,8,0,3,1,1,,,4,2,1,1,1
34136,2,2,2,3,8,1,0,1,1,,,4,2,1,1,1
34137,2,2,2,3,8,1,1,1,1,,,1,2,1,1,1
34138,2,2,2,3,8,1,2,1,1,,,1,2,1,1,1
34139,2,2,2,3,8,1,3,1,1,,,4,2,1,1,1
34140,2,2,2,3,8,2,0,1,1,,,4,2,1,1,1
34141,2,2,2,3,8,2,1,1,1,,,1,2,1,1,1
34142,2,2,2,3,8,2,2,1,1,,,1,2,1,1,1
34143,2,2,2,3,8,2,3,1,1,,,4,2,1,1,1
34144,2,2,2,3,8,3,0,1,1,,,4,2,1,1,1
34145,2,2,2,3,8,3,1,1,1,,,1,2,1,1,1
34146,2,2,2,3,8,3,2,1,1,,,1,2,1,1,1
34147,2,2,2,3,8,3,3,1,1,,,4,2,1,1,1
34148,2,2,2,3,8,4,0,1,1,,,4,2,1,1,1
34149,2,2,2,3,8,4,1,1,1,,,1,2,1,1,1
34150,2,2,2,3,8,4,2,1,1,,,1,2,1,1,1
34151,2,2,2,3,8,4,3,1,1,,,4,2,1,1,1
34152,2,2,2,3,8,5,0,1,1,,,4,2,1,1,1
34153,2,2,2,3,8,5,1,1,1,,,1,2,1,1,1
34154,2,2,2,3,8,5,2,1,1,,,1,2,1,1,1
34155,2,2,2,3,8,5,3,1,1,,,4,2,1,1,1
34156,2,2,2,3,8,6,0,1,1,,,4,2,1,1,1
34157,2,2,2,3,8,6,1,1,1,,,1,2,1,1,1
34158,2,2,2,3,8,6,2,1,1,,,1,2,1,1,1
34159,2,2,2,3,8,6,3,1,1,,,4,2,1,1,1
34160,2,2,2,3,8,7,0,1,1,,,4,2,1,1,1
34161,2,2,2,3,8,7,1,1,1,,,1,2,1,1,1
34162,2,2,2,3,8,7,2,1,1,,,1,2,1,1,1
34163,2,2,2,3,8,7,3,1,1,,,4,2,1,1,1
34164,2,2,2,3,8,8,0,1,1,,,4,2,1,1,1
34165,2,2,2,3,8,8,1,1,1,,,1,2,1,1,1
34166,2,2,2,3,8,8,2,1,1,,,1,2,1,1,1
34167,2,2,2,3,8,8,3,1,1,,,4,2,1,1,1
34168,2,2,2,3,8,9,0,1,1,,,4,2,1,1,1
34169,2,2,2,3,8,9,1,1,1,,,1,2,1,1,1
34170,2,2,2,3,8,9,2,1,1,,,1,2,1,1,1
34171,2,2,2,3,8,9,3,1,1,,,4,2,1,1,1
34172,2,2,2,3,8,10,0,1,1,,,4,2,1,1,1
34173,2,2,2,3,8,10,1,1,1,,,1,2,1,1,1
34174,2,2,2,3,8,10,2,1,1,,,1,2,1,1,1
34175,2,2,2,3,8,10,3,1,1,,,4,2,1,1,1
34176,2,2,2,3,8,11,0,1,1,,,4,2,1,1,1
34177,2,2,2,3,8,11,1,1,1,,,1,2,1,1,1
34178,2,2,2,3,8,11,2,1,1,,,1,2,1,1,1
34179,2,2,2,3,8,11,3,1,1,,,4,2,1,1,1
34180,2,2,2,3,8,12,0,1,1,,,4,2,1,1,1
34181,2,2,2,3,8,12,1,1,1,,,1,2,1,1,1
34182,2,2,2,3,8,12,2,1,1,,,1,2,1,1,1
34183,2,2,2,3,8,12,3,1,1,,,4,2,1,1,1
34184,2,2,2,3,8,13,0,1,1,,,4,2,1,1,1
34185,2,2,2,3,8,13,1,1,1,,,1,2,1,1,1
34186,2,2,2,3,8,13,2,1,1,,,1,2,1,1,1
34187,2,2,2,3,8,13,3,1,1,,,4,2,1,1,1
34188,2,2,2,3,8,14,0,1,1,,,4,2,1,1,1
34189,2,2,2,3,8,14,1,1,1,,,1,2,1,1,1
34190,2,2,2,3,8,14,2,1,1,,,1,2,1,1,1
34191,2,2,2,3,8,14,3,1,1,,,4,2,1,1,1
34192,2,2,2,3,8,15,0,1,1,,,4,2,1,1,1
34193,2,2,2,3,8,15,1,1,1,,,1,2,1,1,1
34194,2,2,2,3,8,15,2,1,1,,,1,2,1,1,1
34195,2,2,2,3,8,15,3,1,1,,,4,2,1,1,1
34196,2,2,2,3,9,0,0,1,1,,,4,4,1,0,1
34197,2,2,2,3,9,0,1,0,0,2,2,0,4,0,0,1
34198,2,2,2,3,9,0,2,0,0,2,2,0,4,0,0,1
34199,2,2,2,3,9,0,3,1,1,,,4,4,1,0,1
34200,2,2,2,3,9,1,0,1,1,,,4,4,1,0,1
34201,2,2,2,3,9,1,1,0,0,2,2,0,4,0,0,1
34202,2,2,2,3,9,1,2,0,0,2,2,0,4,0,0,1
34203,2,2,2,3,9,1,3,1,1,,,4,4,1,0,1
34204,2,2,2,3,9,2,0,1,1,,,4,4,1,0,1
34205,2,2,2,3,9,2,1,0,0,2,2,0,4,0,0,1
34206,2,2,2,3,9,2,2,0,0,2,2,0,4,0,0,1
34207,2,2,2,3,9,2,3,1,1,,,4,4,1,0,1
34208,2,2,2,3,9,3,0,1,1,,,4,4,1,0,1
34209,2,2,2,3,9,3,1,0,0,2,2,0,4,0,0,1
34210,2,2,2,3,9,3,2,0,0,2,2,0,4,0,0,1
34211,2,2,2,3,9,3,3,1,1,,,4,4,1,0,1
34212,2,2,2,3,9,4,0,1,1,,,4,4,1,0,1
34213,2,2,2,3,9,4,1,0,0,2,2,0,4,0,0,1
34214,2,2,2,3,9,4,2,0,0,2,2,0,4,0,0,1
34215,2,2,2,3,9,4,3,1,1,,,4,4,1,0,1
34216,2,2,2,3,9,5,0,1,1,,,4,4,1,0,1
34217,2,2,2,3,9,5,1,0,0,2,2,0,4,0,0,1
34218,2,2,2,3,9,5,2,0,0,2,2,0,4,0,0,1
34219,2,2,2,3,9,5,3,1,1,,,4,4,1,0,1
34220,2,2,2,3,9,6,0,1,1,,,4,4,1,0,1
34221,2,2,2,3,9,6,1,0,0,2,2,0,4,0,0,1
34222,2,2,2,3,9,6,2,0,0,2,2,0,4,0,0,1
34223,2,2,2,3,9,6,3,1,1,,,4,4,1,0,1
34224,2,2,2,3,9,7,0,1,1,,,4,4,1,0,1
34225,2,2,2,3,9,7,1,0,0,2,2,0,4,0,0,1
34226,2,2,2,3,9,7,2,0,0,2,2,0,4,0,0,1
34227,2,2,2,3,9,7,3,1,1,,,4,4,1,0,1
34228,2,2,2,3,9,8,0,1,1,,,4,4,1,0,1
34229,2,2,2,3,9,8,1,0,0,2,2,0,4,0,0,1
34230,2,2,2,3,9,8,2,0,0,2,2,0,4,0,0,1
34231,2,2,2,3,9,8,3,1,1,,,4,4,1,0,1
34232,2,2,2,3,9,9,0,1,1,,,4,4,1,0,1
34233,2,2,2,3,9,9,1,0,0,2,2,0,4,0,0,1
34234,2,2,2,3,9,9,2,0,0,2,2,0,4,0,0,1
34235,2,2,2,3,9,9,3,1,1,,,4,4,1,0,1
34236,2,2,2,3,9,10,0,1,1,,,4,4,1,0,1
34237,2,2,2,3,9,10,1,0,0,2,2,0,4,0,0,1
34238,2,2,2,3,9,10,2,0,0,2,2,0,4,0,0,1
34239,2,2,2,3,9,10,3,1,1,,,4,4,1,0,1
34240,2,2,2,3,9,11,0,1,1,,,4,4,1,0,1
34241,2,2,2,3,9,11,1,0,0,2,2,0,4,0,0,1
34242,2,2,2,3,9,11,2,0,0,2,2,0,4,0,0,1
34243,2,2,2,3,9,11,3,1,1,,,4,4,1,0,1
34244,2,2,2,3,9,12,0,1,1,,,4,4,1,0,1
34245,2,2,2,3,9,12,1,0,0,2,2,0,4,0,0,1
34246,2,2,2,3,9,12,2,0,0,2,2,0,4,0,0,1
34247,2,2,2,3,9,12,3,1,1,,,4,4,1,0,1
34248,2,2,2,3,9,13,0,1,1,,,4,4,1,0,1
34249,2,2,2,3,9,13,1,0,0,2,2,0,4,0,0,1
34250,2,2,2,3,9,13,2,0,0,2,2,0,4,0,0,1
34251,2,2,2,3,9,13,3,1,1,,,4,4,1,0,1
34252,2,2,2,3,9,14,0,1,1,,,4,4,1,0,1
34253,2,2,2,3,9,14,1,0,0,2,2,0,4,0,0,1
34254,2,2,2,3,9,14,2,0,0,2,2,0,4,0,0,1
34255,2,2,2,3,9,14,3,1,1,,,4,4,1,0,1
34256,2,2,2,3,9,15,0,1,1,,,4,4,1,0,1
34257,2,2,2,3,9,15,1,0,0,2,2,0,4,0,0,1
34258,2,2,2,3,9,15,2,0,0,2,2,0,4,0,0,1
34259,2,2,2,3,9,15,3,1,1,,,4,4,1,0,1
34260,2,2,2,3,10,0,0,1,1,,,4,4,1,0,1
34261,2,2,2,3,10,0,1,0,0,2,2,0,4,0,0,1
34262,2,2,2,3,10,0,2,0,0,2,2,0,4,0,0,1
34263,2,2,2,3,10,0,3,1,1,,,4,4,1,0,1
34264,2,2,2,3,10,1,0,1,1,,,4,4,1,0,1
34265,2,2,2,3,10,1,1,0,0,2,2,0,4,0,0,1
34266,2,2,2,3,10,1,2,0,0,2,2,0,4,0,0,1
34267,2,2,2,3,10,1,3,1,1,,,4,4,1,0,1
34268,2,2,2,3,10,2,0,1,1,,,4,4,1,0,1
34269,2,2,2,3,10,2,1,0,0,2,2,0,4,0,0,1
34270,2,2,2,3,10,2,2,0,0,2,2,0,4,0,0,1
34271,2,2,2,3,10,2,3,1,1,,,4,4,1,0,1
34272,2,2,2,3,10,3,0,1,1,,,4,4,1,0,1
34273,2,2,2,3,10,3,1,0,0,2,2,0,4,0,0,1
34274,2,2,2,3,10,3,2,0,0,2,2,0,4,0,0,1
34275,2,2,2,3,10,3,3,1,1,,,4,4,1,0,1
34276,2,2,2,3,10,4,0,1,1,,,4,4,1,0,1
34277,2,2,2,3,10,4,1,0,0,2,2,0,4,0,0,1
34278,2,2,2,3,10,4,2,0,0,2,2,0,4,0,0,1
34279,2,2,2,3,10,4,3,1,1,,,4,4,1,0,1
34280,2,2,2,3,10,5,0,1,1,,,4,4,1,0,1
34281,2,2,2,3,10,5,1,0,0,2,2,0,4,0,0,1
34282,2,2,2,3,10,5,2,0,0,2,2,0,4,0,0,1
34283,2,2,2,3,10,5,3,1,1,,,4,4,1,0,1
34284,2,2,2,3,10,6,0,1,1,,,4,4,1,0,1
34285,2,2,2,3,10,6,1,0,0,2,2,0,4,0,0,1
34286,2,2,2,3,10,6,2,0,0,2,2,0,4,0,0,1
34287,2,2,2,3,10,6,3,1,1,,,4,4,1,0,1
34288,2,2,2,3,10,7,0,1,1,,,4,4,1,0,1
34289,2,2,2,3,10,7,1,0,0,2,2,0,4,0,0,1
34290,2,2,2,3,10,7,2,0,0,2,2,0,4,0,0,1
34291,2,2,2,3,10,7,3,1,1,,,4,4,1,0,1
34292,2,2,2,3,10,8,0,1,1,,,4,4,1,0,1
34293,2,2,2,3,10,8,1,0,0,2,2,0,4,0,0,1
34294,2,2,2,3,10,8,2,0,0,2,2,0,4,0,0,1
34295,2,2,2,3,10,8,3,1,1,,,4,4,1,0,1
34296,2,2,2,3,10,9,0,1,1,,,4,4,1,0,1
34297,2,2,2,3,10,9,1,0,0,2,2,0,4,0,0,1
34298,2,2,2,3,10,9,2,0,0,2,2,0,4,0,0,1
34299,2,2,2,3,10,9,3,1,1,,,4,4,1,0,1
34300,2,2,2,3,10,10,0,1,1,,,4,4,1,0,1
34301,2,2,2,3,10,10,1,0,0,2,2,0,4,0,0,1
34302,2,2,2,3,10,10,2,0,0,2,2,0,4,0,0,1
34303,2,2,2,3,10,10,3,1,1,,,4,4,1,0,1
34304,2,2,2,3,10,11,0,1,1,,,4,4,1,0,1
34305,2,2,2,3,10,11,1,0,0,2,2,0,4,0,0,1
34306,2,2,2,3,10,11,2,0,0,2,2,0,4,0,0,1
34307,2,2,2,3,10,11,3,1,1,,,4,4,1,0,1
34308,2,2,2,3,10,12,0,1,1,,,4,4,1,0,1
34309,2,2,2,3,10,12,1,0,0,2,2,0,4,0,0,1
34310,2,2,2,3,10,12,2,0,0,2,2,0,4,0,0,1
34311,2,2,2,3,10,12,3,1,1,,,4,4,1,0,1
34312,2,2,2,3,10,13,0,1,1,,,4,4,1,0,1
34313,2,2,2,3,10,13,1,0,0,2,2,0,4,0,0,1
34314,2,2,2,3,10,13,2,0,0,2,2,0,4,0,0,1
34315,2,2,2,3,10,13,3,1,1,,,4,4,1,0,1
34316,2,2,2,3,10,14,0,1,1,,,4,4,1,0,1
34317,2,2,2,3,10,14,1,0,0,2,2,0,4,0,0,1
34318,2,2,2,3,10,14,2,0,0,2,2,0,4,0,0,1
34319,2,2,2,3,10,14,3,1,1,,,4,4,1,0,1
34320,2,2,2,3,10,15,0,1,1,,,4,4,1,0,1
34321,2,2,2,3,10,15,1,0,0,2,2,0,4,0,0,1
34322,2,2,2,3,10,15,2,0,0,2,2,0,4,0,0,1
34323,2,2,2,3,10,15,3,1,1,,,4,4,1,0,1
34324,2,2,2,3,11,0,0,1,1,,,4,4,1,0,1
34325,2,2,2,3,11,0,1,0,0,2,2,0,4,0,0,1
34326,2,2,2,3,11,0,2,0,0,2,2,0,4,0,0,1
34327,2,2,2,3,11,0,3,1,1,,,4,4,1,0,1
34328,2,2,2,3,11,1,0,1,1,,,4,4,1,0,1
34329,2,2,2,3,11,1,1,0,0,2,2,0,4,0,0,1
34330,2,2,2,3,11,1,2,0,0,2,2,0,4,0,0,1
34331,2,2,2,3,11,1,3,1,1,,,4,4,1,0,1
34332,2,2,2,3,11,2,0,1,1,,,4,4,1,0,1
34333,2,2,2,3,11,2,1,0,0,2,2,0,4,0,0,1
34334,2,2,2,3,11,2,2,0,0,2,2,0,4,0,0,1
34335,2,2,2,3,11,2,3,1,1,,,4,4,1,0,1
34336,2,2,2,3,11,3,0,1,1,,,4,4,1,0,1
34337,2,2,2,3,11,3,1,0,0,2,2,0,4,0,0,1
34338,2,2,2,3,11,3,2,0,0,2,2,0,4,0,0,1
34339,2,2,2,3,11,3,3,1,1,,,4,4,1,0,1
34340,2,2,2,3,11,4,0,1,1,,,4,4,1,0,1
34341,2,2,2,3,11,4,1,0,0,2,2,0,4,0,0,1
34342,2,2,2,3,11,4,2,0,0,2,2,0,4,0,0,1
34343,2,2,2,3,11,4,3,1,1,,,4,4,1,0,1
34344,2,2,2,3,11,5,0,1,1,,,4,4,1,0,1
34345,2,2,2,3,11,5,1,0,0,2,2,0,4,0,0,1
34346,2,2,2,3,11,5,2,0,0,2,2,0,4,0,0,1
34347,2,2,2,3,11,5,3,1,1,,,4,4,1,0,1
34348,2,2,2,3,11,6,0,1,1,,,4,4,1,0,1
34349,2,2,2,3,11,6,1,0,0,2,2,0,4,0,0,1
34350,2,2,2,3,11,6,2,0,0,2,2,0,4,0,0,1
34351,2,2,2,3,11,6,3,1,1,,,4,4,1,0,1
34352,2,2,2,3,11,7,0,1,1,,,4,4,1,0,1
34353,2,2,2,3,11,7,1,0,0,2,2,0,4,0,0,1
34354,2,2,2,3,11,7,2,0,0,2,2,0,4,0,0,1
34355,2,2,2,3,11,7,3,1,1,,,4,4,1,0,1
34356,2,2,2,3,11,8,0,1,1,,,4,4,1,0,1
34357,2,2,2,3,11,8,1,0,0,2,2,0,4,0,0,1
34358,2,2,2,3,11,8,2,0,0,2,2,0,4,0,0,1
34359,2,2,2,3,11,8,3,1,1,,,4,4,1,0,1
34360,2,2,2,3,11,9,0,1,1,,,4,4,1,0,1
34361,2,2,2,3,11,9,1,0,0,2,2,0,4,0,0,1
34362,2,2,2,3,11,9,2,0,0,2,2,0,4,0,0,1
34363,2,2,2,3,11,9,3,1,1,,,4,4,1,0,1
34364,2,2,2,3,11,10,0,1,1,,,4,4,1,0,1
34365,2,2,2,3,11,10,1,0,0,2,2,0,4,0,0,1
34366,2,2,2,3,11,10,2,0,0,2,2,0,4,0,0,1
34367,2,2,2,3,11,10,3,1,1,,,4,4,1,0,1
34368,2,2,2,3,11,11,0,1,1,,,4,4,1,0,1
34369,2,2,2,3,11,11,1,0,0,2,2,0,4,0,0,1
34370,2,2,2,3,11,11,2,0,0,2,2,0,4,0,0,1
34371,2,2,2,3,11,11,3,1,1,,,4,4,1,0,1
34372,2,2,2,3,11,12,0,1,1,,,4,4,1,0,1
34373,2,2,2,3,11,12,1,0,0,2,2,0,4,0,0,1
34374,2,2,2,3,11,12,2,0,0,2,2,0,4,0,0,1
34375,2,2,2,3,11,12,3,1,1,,,4,4,1,0,1
34376,2,2,2,3,11,13,0,1,1,,,4,4,1,0,1
34377,2,2,2,3,11,13,1,0,0,2,2,0,4,0,0,1
34378,2,2,2,3,11,13,2,0,0,2,2,0,4,0,0,1
34379,2,2,2,3,11,13,3,1,1,,,4,4,1,0,1
34380,2,2,2,3,11,14,0,1,1,,,4,4,1,0,1
34381,2,2,2,3,11,14,1,0,0,2,2,0,4,0,0,1
34382,2,2,2,3,11,14,2,0,0,2,2,0,4,0,0,1
34383,2,2,2,3,11,14,3,1,1,,,4,4,1,0,1
34384,2,2,2,3,11,15,0,1,1,,,4,4,1,0,1
34385,2,2,2,3,11,15,1,0,0,2,2,0,4,0,0,1
34386,2,2,2,3,11,15,2,0,0,2,2,0,4,0,0,1
34387,2,2,2,3,11,15,3,1,1,,,4,4,1,0,1
34388,2,2,2,3,12,0,0,1,1,,,4,2,1,1,1
34389,2,2,2,3,12,0,1,1,1,,,1,2,1,1,1
34390,2,2,2,3,12,0,2,1,1,,,1,2,1,1,1
34391,2,2,2,3,12,0,3,1,1,,,4,2,1,1,1
34392,2,2,2,3,12,1,0,1,1,,,4,2,1,1,1
34393,2,2,2,3,12,1,1,1,1,,,1,2,1,1,1
34394,2,2,2,3,12,1,2,1,1,,,1,2,1,1,1
34395,2,2,2,3,12,1,3,1,1,,,4,2,1,1,1
34396,2,2,2,3,12,2,0,1,1,,,4,2,1,1,1
34397,2,2,2,3,12,2,1,1,1,,,1,2,1,1,1
34398,2,2,2,3,12,2,2,1,1,,,1,2,1,1,1
34399,2,2,2,3,12,2,3,1,1,,,4,2,1,1,1
34400,2,2,2,3,12,3,0,1,1,,,4,2,1,1,1
34401,2,2,2,3,12,3,1,1,1,,,1,2,1,1,1
34402,2,2,2,3,12,3,2,1,1,,,1,2,1,1,1
34403,2,2,2,3,12,3,3,1,1,,,4,2,1,1,1
34404,2,2,2,3,12,4,0,1,1,,,4,2,1,1,1
34405,2,2,2,3,12,4,1,1,1,,,1,2,1,1,1
34406,2,2,2,3,12,4,2,1,1,,,1,2,1,1,1
34407,2,2,2,3,12,4,3,1,1,,,4,2,1,1,1
34408,2,2,2,3,12,5,0,1,1,,,4,2,1,1,1
34409,2,2,2,3,12,5,1,1,1,,,1,2,1,1,1
34410,2,2,2,3,12,5,2,1,1,,,1,2,1,1,1
34411,2,2,2,3,12,5,3,1,1,,,4,2,1,1,1
34412,2,2,2,3,12,6,0,1,1,,,4,2,1,1,1
34413,2,2,2,3,12,6,1,1,1,,,1,2,1,1,1
34414,2,2,2,3,12,6,2,1,1,,,1,2,1,1,1
34415,2,2,2,3,12,6,3,1,1,,,4,2,1,1,1
34416,2,2,2,3,12,7,0,1,1,,,4,2,1,1,1
34417,2,2,2,3,12,7,1,1,1,,,1,2,1,1,1
34418,2,2,2,3,12,7,2,1,1,,,1,2,1,1,1
34419,2,2,2,3,12,7,3,1,1,,,4,2,1,1,1
34420,2,2,2,3,12,8,0,1,1,,,4,2,1,1,1
34421,2,2,2,3,12,8,1,1,1,,,1,2,1,1,1
34422,2,2,2,3,12,8,2,1,1,,,1,2,1,1,1
34423,2,2,2,3,12,8,3,1,1,,,4,2,1,1,1
34424,2,2,2,3,12,9,0,1,1,,,4,2,1,1,1
34425,2,2,2,3,12,9,1,1,1,,,1,2,1,1,1
34426,2,2,2,3,12,9,2,1,1,,,1,2,1,1,1
34427,2,2,2,3,12,9,3,1,1,,,4,2,1,1,1
34428,2,2,2,3,12,10,0,1,1,,,4,2,1,1,1
34429,2,2,2,3,12,10,1,1,1,,,1,2,1,1,1
34430,2,2,2,3,12,10,2,1,1,,,1,2,1,1,1
34431,2,2,2,3,12,10,3,1,1,,,4,2,1,1,1
34432,2,2,2,3,12,11,0,1,1,,,4,2,1,1,1
34433,2,2,2,3,12,11,1,1,1,,,1,2,1,1,1
34434,2,2,2,3,12,11,2,1,1,,,1,2,1,1,1
34435,2,2,2,3,12,11,3,1,1,,,4,2,1,1,1
34436,2,2,2,3,12,12,0,1,1,,,4,2,1,1,1
34437,2,2,2,3,12,12,1,1,1,,,1,2,1,1,1
34438,2,2,2,3,12,12,2,1,1,,,1,2,1,1,1
34439,2,2,2,3,12,12,3,1,1,,,4,2,1,1,1
34440,2,2,2,3,12,13,0,1,1,,,4,2,1,1,1
34441,2,2,2,3,12,13,1,1,1,,,1,2,1,1,1
34442,2,2,2,3,12,13,2,1,1,,,1,2,1,1,1
34443,2,2,2,3,12,13,3,1,1,,,4,2,1,1,1
34444,2,2,2,3,12,14,0,1,1,,,4,2,1,1,1
34445,2,2,2,3,12,14,1,1,1,,,1,2,1,1,1
34446,2,2,2,3,12,14,2,1,1,,,1,2,1,1,1
34447,2,2,2,3,12,14,3,1,1,,,4,2,1,1,1
34448,2,2,2,3,12,15,0,1,1,,,4,2,1,1,1
34449,2,2,2,3,12,15,1,1,1,,,1,2,1,1,1
34450,2,2,2,3,12,15,2,1,1,,,1,2,1,1,1
34451,2,2,2,3,12,15,3,1,1,,,4,2,1,1,1
34452,2,2,2,3,13,0,0,1,1,,,4,4,1,0,1
34453,2,2,2,3,13,0,1,0,0,2,2,0,4,0,0,1
34454,2,2,2,3,13,0,2,0,0,2,2,0,4,0,0,1
34455,2,2,2,3,13,0,3,1,1,,,4,4,1,0,1
34456,2,2,2,3,13,1,0,1,1,,,4,4,1,0,1
34457,2,2,2,3,13,1,1,0,0,2,2,0,4,0,0,1
34458,2,2,2,3,13,1,2,0,0,2,2,0,4,0,0,1
34459,2,2,2,3,13,1,3,1,1,,,4,4,1,0,1
34460,2,2,2,3,13,2,0,1,1,,,4,4,1,0,1
34461,2,2,2,3,13,2,1,0,0,2,2,0,4,0,0,1
34462,2,2,2,3,13,2,2,0,0,2,2,0,4,0,0,1
34463,2,2,2,3,13,2,3,1,1,,,4,4,1,0,1
34464,2,2,2,3,13,3,0,1,1,,,4,4,1,0,1
34465,2,2,2,3,13,3,1,0,0,2,2,0,4,0,0,1
34466,2,2,2,3,13,3,2,0,0,2,2,0,4,0,0,1
34467,2,2,2,3,13,3,3,1,1,,,4,4,1,0,1
34468,2,2,2,3,13,4,0,1,1,,,4,4,1,0,1
34469,2,2,2,3,13,4,1,0,0,2,2,0,4,0,0,1
34470,2,2,2,3,13,4,2,0,0,2,2,0,4,0,0,1
34471,2,2,2,3,13,4,3,1,1,,,4,4,1,0,1
34472,2,2,2,3,13,5,0,1,1,,,4,4,1,0,1
34473,2,2,2,3,13,5,1,0,0,2,2,0,4,0,0,1
34474,2,2,2,3,13,5,2,0,0,2,2,0,4,0,0,1
34475,2,2,2,3,13,5,3,1,1,,,4,4,1,0,1
34476,2,2,2,3,13,6,0,1,1,,,4,4,1,0,1
34477,2,2,2,3,13,6,1,0,0,2,2,0,4,0,0,1
34478,2,2,2,3,13,6,2,0,0,2,2,0,4,0,0,1
34479,2,2,2,3,13,6,3,1,1,,,4,4,1,0,1
34480,2,2,2,3,13,7,0,1,1,,,4,4,1,0,1
34481,2,2,2,3,13,7,1,0,0,2,2,0,4,0,0,1
34482,2,2,2,3,13,7,2,0,0,2,2,0,4,0,0,1
34483,2,2,2,3,13,7,3,1,1,,,4,4,1,0,1
34484,2,2,2,3,13,8,0,1,1,,,4,4,1,0,1
34485,2,2,2,3,13,8,1,0,0,2,2,0,4,0,0,1
34486,2,2,2,3,13,8,2,0,0,2,2,0,4,0,0,1
34487,2,2,2,3,13,8,3,1,1,,,4,4,1,0,1
34488,2,2,2,3,13,9,0,1,1,,,4,4,1,0,1
34489,2,2,2,3,13,9,1,0,0,2,2,0,4,0,0,1
34490,2,2,2,3,13,9,2,0,0,2,2,0,4,0,0,1
34491,2,2,2,3,13,9,3,1,1,,,4,4,1,0,1
34492,2,2,2,3,13,10,0,1,1,,,4,4,1,0,1
34493,2,2,2,3,13,10,1,0,0,2,2,0,4,0,0,1
34494,2,2,2,3,13,10,2,0,0,2,2,0,4,0,0,1
34495,2,2,2,3,13,10,3,1,1,,,4,4,1,0,1
34496,2,2,2,3,13,11,0,1,1,,,4,4,1,0,1
34497,2,2,2,3,13,11,1,0,0,2,2,0,4,0,0,1
34498,2,2,2,3,13,11,2,0,0,2,2,0,4,0,0,1
34499,2,2,2,3,13,11,3,1,1,,,4,4,1,0,1
34500,2,2,2,3,13,12,0,1,1,,,4,4,1,0,1
34501,2,2,2,3,13,12,1,0,0,2,2,0,4,0,0,1
34502,2,2,2,3,13,12,2,0,0,2,2,0,4,0,0,1
34503,2,2,2,3,13,12,3,1,1,,,4,4,1,0,1
34504,2,2,2,3,13,13,0,1,1,,,4,4,1,0,1
34505,2,2,2,3,13,13,1,0,0,2,2,0,4,0,0,1
34506,2,2,2,3,13,13,2,0,0,2,2,0,4,0,0,1
34507,2,2,2,3,13,13,3,1,1,,,4,4,1,0,1
34508,2,2,2,3,13,14,0,1,1,,,4,4,1,0,1
34509,2,2,2,3,13,14,1,0,0,2,2,0,4,0,0,1
34510,2,2,2,3,13,14,2,0,0,2,2,0,4,0,0,1
34511,2,2,2,3,13,14,3,1,1,,,4,4,1,0,1
34512,2,2,2,3,13,15,0,1,1,,,4,4,1,0,1
34513,2,2,2,3,13,15,1,0,0,2,2,0,4,0,0,1
34514,2,2,2,3,13,15,2,0,0,2,2,0,4,0,0,1
34515,2,2,2,3,13,15,3,1,1,,,4,4,1,0,1
34516,2,2,2,3,14,0,0,1,1,,,4,4,1,0,1
34517,2,2,2,3,14,0,1,0,0,2,2,0,4,0,0,1
34518,2,2,2,3,14,0,2,0,0,2,2,0,4,0,0,1
34519,2,2,2,3,14,0,3,1,1,,,4,4,1,0,1
34520,2,2,2,3,14,1,0,1,1,,,4,4,1,0,1
34521,2,2,2,3,14,1,1,0,0,2,2,0,4,0,0,1
34522,2,2,2,3,14,1,2,0,0,2,2,0,4,0,0,1
34523,2,2,2,3,14,1,3,1,1,,,4,4,1,0,1
34524,2,2,2,3,14,2,0,1,1,,,4,4,1,0,1
34525,2,2,2,3,14,2,1,0,0,2,2,0,4,0,0,1
34526,2,2,2,3,14,2,2,0,0,2,2,0,4,0,0,1
34527,2,2,2,3,14,2,3,1,1,,,4,4,1,0,1
34528,2,2,2,3,14,3,0,1,1,,,4,4,1,0,1
34529,2,2,2,3,14,3,1,0,0,2,2,0,4,0,0,1
34530,2,2,2,3,14,3,2,0,0,2,2,0,4,0,0,1
34531,2,2,2,3,14,3,3,1,1,,,4,4,1,0,1
34532,2,2,2,3,14,4,0,1,1,,,4,4,1,0,1
34533,2,2,2,3,14,4,1,0,0,2,2,0,4,0,0,1
34534,2,2,2,3,14,4,2,0,0,2,2,0,4,0,0,1
34535,2,2,2,3,14,4,3,1,1,,,4,4,1,0,1
34536,2,2,2,3,14,5,0,1,1,,,4,4,1,0,1
34537,2,2,2,3,14,5,1,0,0,2,2,0,4,0,0,1
34538,2,2,2,3,14,5,2,0,0,2,2,0,4,0,0,1
34539,2,2,2,3,14,5,3,1,1,,,4,4,1,0,1
34540,2,2,2,3,14,6,0,1,1,,,4,4,1,0,1
34541,2,2,2,3,14,6,1,0,0,2,2,0,4,0,0,1
34542,2,2,2,3,14,6,2,0,0,2,2,0,4,0,0,1
34543,2,2,2,3,14,6,3,1,1,,,4,4,1,0,1
34544,2,2,2,3,14,7,0,1,1,,,4,4,1,0,1
34545,2,2,2,3,14,7,1,0,0,2,2,0,4,0,0,1
34546,2,2,2,3,14,7,2,0,0,2,2,0,4,0,0,1
34547,2,2,2,3,14,7,3,1,1,,,4,4,1,0,1
34548,2,2,2,3,14,8,0,1,1,,,4,4,1,0,1
34549,2,2,2,3,14,8,1,0,0,2,2,0,4,0,0,1
34550,2,2,2,3,14,8,2,0,0,2,2,0,4,0,0,1
34551,2,2,2,3,14,8,3,1,1,,,4,4,1,0,1
34552,2,2,2,3,14,9,0,1,1,,,4,4,1,0,1
34553,2,2,2,3,14,9,1,0,0,2,2,0,4,0,0,1
34554,2,2,2,3,14,9,2,0,0,2,2,0,4,0,0,1
34555,2,2,2,3,14,9,3,1,1,,,4,4,1,0,1
34556,2,2,2,3,14,10,0,1,1,,,4,4,1,0,1
34557,2,2,2,3,14,10,1,0,0,2,2,0,4,0,0,1
34558,2,2,2,3,14,10,2,0,0,2,2,0,4,0,0,1
34559,2,2,2,3,14,10,3,1,1,,,4,4,1,0,1
34560,2,2,2,3,14,11,0,1,1,,,4,4,1,0,1
34561,2,2,2,3,14,11,1,0,0,2,2,0,4,0,0,1
34562,2,2,2,3,14,11,2,0,0,2,2,0,4,0,0,1
34563,2,2,2,3,14,11,3,1,1,,,4,4,1,0,1
34564,2,2,2,3,14,12,0,1,1,,,4,4,1,0,1
34565,2,2,2,3,14,12,1,0,0,2,2,0,4,0,0,1
34566,2,2,2,3,14,12,2,0,0,2,2,0,4,0,0,1
34567,2,2,2,3,14,12,3,1,1,,,4,4,1,0,1
34568,2,2,2,3,14,13,0,1,1,,,4,4,1,0,1
34569,2,2,2,3,14,13,1,0,0,2,2,0,4,0,0,1
34570,2,2,2,3,14,13,2,0,0,2,2,0,4,0,0,1
34571,2,2,2,3,14,13,3,1,1,,,4,4,1,0,1
34572,2,2,2,3,14,14,0,1,1,,,4,4,1,0,1
34573,2,2,2,3,14,14,1,0,0,2,2,0,4,0,0,1
34574,2,2,2,3,14,14,2,0,0,2,2,0,4,0,0,1
34575,2,2,2,3,14,14,3,1,1,,,4,4,1,0,1
34576,2,2,2,3,14,15,0,1,1,,,4,4,1,0,1
34577,2,2,2,3,14,15,1,0,0,2,2,0,4,0,0,1
34578,2,2,2,3,14,15,2,0,0,2,2,0,4,0,0,1
34579,2,2,2,3,14,15,3,1,1,,,4,4,1,0,1
34580,2,2,2,3,15,0,0,1,1,,,4,3,1,0,1
34581,2,2,2,3,15,0,1,0,0,2,2,0,3,0,0,1
34582,2,2,2,3,15,0,2,0,0,2,2,0,3,0,0,1
34583,2,2,2,3,15,0,3,1,1,,,4,3,1,0,1
34584,2,2,2,3,15,1,0,1,1,,,4,3,1,0,1
34585,2,2,2,3,15,1,1,0,0,2,2,0,3,0,0,1
34586,2,2,2,3,15,1,2,0,0,2,2,0,3,0,0,1
34587,2,2,2,3,15,1,3,1,1,,,4,3,1,0,1
34588,2,2,2,3,15,2,0,1,1,,,4,3,1,0,1
34589,2,2,2,3,15,2,1,0,0,2,2,0,3,0,0,1
34590,2,2,2,3,15,2,2,0,0,2,2,0,3,0,0,1
34591,2,2,2,3,15,2,3,1,1,,,4,3,1,0,1
34592,2,2,2,3,15,3,0,1,1,,,4,3,1,0,1
34593,2,2,2,3,15,3,1,0,0,2,2,0,3,0,0,1
34594,2,2,2,3,15,3,2,0,0,2,2,0,3,0,0,1
34595,2,2,2,3,15,3,3,1,1,,,4,3,1,0,1
34596,2,2,2,3,15,4,0,1,1,,,4,3,1,0,1
34597,2,2,2,3,15,4,1,0,0,2,2,0,3,0,0,1
34598,2,2,2,3,15,4,2,0,0,2,2,0,3,0,0,1
34599,2,2,2,3,15,4,3,1,1,,,4,3,1,0,1
34600,2,2,2,3,15,5,0,1,1,,,4,3,1,0,1
34601,2,2,2,3,15,5,1,0,0,2,2,0,3,0,0,1
34602,2,2,2,3,15,5,2,0,0,2,2,0,3,0,0,1
34603,2,2,2,3,15,5,3,1,1,,,4,3,1,0,1
34604,2,2,2,3,15,6,0,1,1,,,4,3,1,0,1
34605,2,2,2,3,15,6,1,0,0,2,2,0,3,0,0,1
34606,2,2,2,3,15,6,2,0,0,2,2,0,3,0,0,1
34607,2,2,2,3,15,6,3,1,1,,,4,3,1,0,1
34608,2,2,2,3,15,7,0,1,1,,,4,3,1,0,1
34609,2,2,2,3,15,7,1,0,0,2,2,0,3,0,0,1
34610,2,2,2,3,15,7,2,0,0,2,2,0,3,0,0,1
34611,2,2,2,3,15,7,3,1,1,,,4,3,1,0,1
34612,2,2,2,3,15,8,0,1,1,,,4,3,1,0,1
34613,2,2,2,3,15,8,1,0,0,2,2,0,3,0,0,1
34614,2,2,2,3,15,8,2,0,0,2,2,0,3,0,0,1
34615,2,2,2,3,15,8,3,1,1,,,4,3,1,0,1
34616,2,2,2,3,15,9,0,1,1,,,4,3,1,0,1
34617,2,2,2,3,15,9,1,0,0,2,2,0,3,0,0,1
34618,2,2,2,3,15,9,2,0,0,2,2,0,3,0,0,1
34619,2,2,2,3,15,9,3,1,1,,,4,3,1,0,1
34620,2,2,2,3,15,10,0,1,1,,,4,3,1,0,1
34621,2,2,2,3,15,10,1,0,0,2,2,0,3,0,0,1
34622,2,2,2,3,15,10,2,0,0,2,2,0,3,0,0,1
34623,2,2,2,3,15,10,3,1,1,,,4,3,1,0,1
34624,2,2,2,3,15,11,0,1,1,,,4,3,1,0,1
34625,2,2,2,3,15,11,1,0,0,2,2,0,3,0,0,1
34626,2,2,2,3,15,11,2,0,0,2,2,0,3,0,0,1
34627,2,2,2,3,15,11,3,1,1,,,4,3,1,0,1
34628,2,2,2,3,15,12,0,1,1,,,4,3,1,0,1
34629,2,2,2,3,15,12,1,0,0,2,2,0,3,0,0,1
34630,2,2,2,3,15,12,2,0,0,2,2,0,3,0,0,1
34631,2,2,2,3,15,12,3,1,1,,,4,3,1,0,1
34632,2,2,2,3,15,13,0,1,1,,,4,3,1,0,1
34633,2,2,2,3,15,13,1,0,0,2,2,0,3,0,0,1
34634,2,2,2,3,15,13,2,0,0,2,2,0,3,0,0,1
34635,2,2,2,3,15,13,3,1,1,,,4,3,1,0,1
34636,2,2,2,3,15,14,0,1,1,,,4,3,1,0,1
34637,2,2,2,3,15,14,1,0,0,2,2,0,3,0,0,1
34638,2,2,2,3,15,14,2,0,0,2,2,0,3,0,0,1
34639,2,2,2,3,15,14,3,1,1,,,4,3,1,0,1
34640,2,2,2,3,15,15,0,1,1,,,4,3,1,0,1
34641,2,2,2,3,15,15,1,0,0,2,2,0,3,0,0,1
34642,2,2,2,3,15,15,2,0,0,2,2,0,3,0,0,1
34643,2,2,2,3,15,15,3,1,1,,,4,3,1,0,1
34644,2,2,2,4,0,0,0,1,1,,,4,1,1,1,1
34645,2,2,2,4,0,0,1,1,1,,,2,1,1,1,1
34646,2,2,2,4,0,0,2,1,1,,,2,1,1,1,1
34647,2,2,2,4,0,0,3,1,1,,,4,1,1,1,1
34648,2,2,2,4,0,1,0,1,1,,,4,1,1,1,1
34649,2,2,2,4,0,1,1,1,1,,,2,1,1,1,1
34650,2,2,2,4,0,1,2,1,1,,,2,1,1,1,1
34651,2,2,2,4,0,1,3,1,1,,,4,1,1,1,1
34652,2,2,2,4,0,2,0,1,1,,,4,1,1,1,1
34653,2,2,2,4,0,2,1,1,1,,,2,1,1,1,1
34654,2,2,2,4,0,2,2,1,1,,,2,1,1,1,1
34655,2,2,2,4,0,2,3,1,1,,,4,1,1,1,1
34656,2,2,2,4,0,3,0,1,1,,,4,1,1,1,1
34657,2,2,2,4,0,3,1,1,1,,,2,1,1,1,1
34658,2,2,2,4,0,3,2,1,1,,,2,1,1,1,1
34659,2,2,2,4,0,3,3,1,1,,,4,1,1,1,1
34660,2,2,2,4,0,4,0,1,1,,,4,1,1,1,1
34661,2,2,2,4,0,4,1,1,1,,,2,1,1,1,1
34662,2,2,2,4,0,4,2,1,1,,,2,1,1,1,1
34663,2,2,2,4,0,4,3,1,1,,,4,1,1,1,1
34664,2,2,2,4,0,5,0,1,1,,,4,1,1,1,1
34665,2,2,2,4,0,5,1,1,1,,,2,1,1,1,1
34666,2,2,2,4,0,5,2,1,1,,,2,1,1,1,1
34667,2,2,2,4,0,5,3,1,1,,,4,1,1,1,1
34668,2,2,2,4,0,6,0,1,1,,,4,1,1,1,1
34669,2,2,2,4,0,6,1,1,1,,,2,1,1,1,1
34670,2,2,2,4,0,6,2,1,1,,,2,1,1,1,1
34671,2,2,2,4,0,6,3,1,1,,,4,1,1,1,1
34672,2,2,2,4,0,7,0,1,1,,,4,1,1,1,1
34673,2,2,2,4,0,7,1,1,1,,,2,1,1,1,1
34674,2,2,2,4,0,7,2,1,1,,,2,1,1,1,1
34675,2,2,2,4,0,7,3,1,1,,,4,1,1,1,1
34676,2,2,2,4,0,8,0,1,1,,,4,1,1,1,1
34677,2,2,2,4,0,8,1,1,1,,,2,1,1,1,1
34678,2,2,2,4,0,8,2,1,1,,,2,1,1,1,1
34679,2,2,2,4,0,8,3,1,1,,,4,1,1,1,1
34680,2,2,2,4,0,9,0,1,1,,,4,1,1,1,1
34681,2,2,2,4,0,9,1,1,1,,,2,1,1,1,1
34682,2,2,2,4,0,9,2,1,1,,,2,1,1,1,1
34683,2,2,2,4,0,9,3,1,1,,,4,1,1,1,1
34684,2,2,2,4,0,10,0,1,1,,,4,1,1,1,1
34685,2,2,2,4,0,10,1,1,1,,,2,1,1,1,1
34686,2,2,2,4,0,10,2,1,1,,,2,1,1,1,1
34687,2,2,2,4,0,10,3,1,1,,,4,1,1,1,1
34688,2,2,2,4,0,11,0,1,1,,,4,1,1,1,1
34689,2,2,2,4,0,11,1,1,1,,,2,1,1,1,1
34690,2,2,2,4,0,11,2,1,1,,,2,1,1,1,1
34691,2,2,2,4,0,11,3,1,1,,,4,1,1,1,1
34692,2,2,2,4,0,12,0,1,1,,,4,1,1,1,1
34693,2,2,2,4,0,12,1,1,1,,,2,1,1,1,1
34694,2,2,2,4,0,12,2,1,1,,,2,1,1,1,1
34695,2,2,2,4,0,12,3,1,1,,,4,1,1,1,1
34696,2,2,2,4,0,13,0,1,1,,,4,1,1,1,1
34697,2,2,2,4,0,13,1,1,1,,,2,1,1,1,1
34698,2,2,2,4,0,13,2,1,1,,,2,1,1,1,1
34699,2,2,2,4,0,13,3,1,1,,,4,1,1,1,1
34700,2,2,2,4,0,14,0,1,1,,,4,1,1,1,1
34701,2,2,2,4,0,14,1,1,1,,,2,1,1,1,1
34702,2,2,2,4,0,14,2,1,1,,,2,1,1,1,1
34703,2,2,2,4,0,14,3,1,1,,,4,1,1,1,1
34704,2,2,2,4,0,15,0,1,1,,,4,1,1,1,1
34705,2,2,2,4,0,15,1,1,1,,,2,1,1,1,1
34706,2,2,2,4,0,15,2,1,1,,,2,1,1,1,1
34707,2,2,2,4,0,15,3,1,1,,,4,1,1,1,1
34708,2,2,2,4,1,0,0,1,1,,,4,2,1,0,1
34709,2,2,2,4,1,0,1,0,0,1,1,0,2,0,0,1
34710,2,2,2,4,1,0,2,0,0,1,1,0,2,0,0,1
34711,2,2,2,4,1,0,3,1,1,,,4,2,1,0,1
34712,2,2,2,4,1,1,0,1,1,,,4,2,1,0,1
34713,2,2,2,4,1,1,1,0,0,1,1,0,2,0,0,1
34714,2,2,2,4,1,1,2,0,0,1,1,0,2,0,0,1
34715,2,2,2,4,1,1,3,1,1,,,4,2,1,0,1
34716,2,2,2,4,1,2,0,1,1,,,4,2,1,0,1
34717,2,2,2,4,1,2,1,0,0,1,1,0,2,0,0,1
34718,2,2,2,4,1,2,2,0,0,1,1,0,2,0,0,1
34719,2,2,2,4,1,2,3,1,1,,,4,2,1,0,1
34720,2,2,2,4,1,3,0,1,1,,,4,2,1,0,1
34721,2,2,2,4,1,3,1,0,0,1,1,0,2,0,0,1
34722,2,2,2,4,1,3,2,0,0,1,1,0,2,0,0,1
34723,2,2,2,4,1,3,3,1,1,,,4,2,1,0,1
34724,2,2,2,4,1,4,0,1,1,,,4,2,1,0,1
34725,2,2,2,4,1,4,1,0,0,1,1,0,2,0,0,1
34726,2,2,2,4,1,4,2,0,0,1,1,0,2,0,0,1
34727,2,2,2,4,1,4,3,1,1,,,4,2,1,0,1
34728,2,2,2,4,1,5,0,1,1,,,4,2,1,0,1
34729,2,2,2,4,1,5,1,0,0,1,1,0,2,0,0,1
34730,2,2,2,4,1,5,2,0,0,1,1,0,2,0,0,1
34731,2,2,2,4,1,5,3,1,1,,,4,2,1,0,1
34732,2,2,2,4,1,6,0,1,1,,,4,2,1,0,1
34733,2,2,2,4,1,6,1,0,0,1,1,0,2,0,0,1
34734,2,2,2,4,1,6,2,0,0,1,1,0,2,0,0,1
34735,2,2,2,4,1,6,3,1,1,,,4,2,1,0,1
34736,2,2,2,4,1,7,0,1,1,,,4,2,1,0,1
34737,2,2,2,4,1,7,1,0,0,1,1,0,2,0,0,1
34738,2,2,2,4,1,7,2,0,0,1,1,0,2,0,0,1
34739,2,2,2,4,1,7,3,1,1,,,4,2,1,0,1
34740,2,2,2,4,1,8,0,1,1,,,4,2,1,0,1
34741,2,2,2,4,1,8,1,0,0,1,1,0,2,0,0,1
34742,2,2,2,4,1,8,2,0,0,1,1,0,2,0,0,1
34743,2,2,2,4,1,8,3,1,1,,,4,2,1,0,1
34744,2,2,2,4,1,9,0,1,1,,,4,2,1,0,1
34745,2,2,2,4,1,9,1,0,0,1,1,0,2,0,0,1
34746,2,2,2,4,1,9,2,0,0,1,1,0,2,0,0,1
34747,2,2,2,4,1,9,3,1,1,,,4,2,1,0,1
34748,2,2,2,4,1,10,0,1,1,,,4,2,1,0,1
34749,2,2,2,4,1,10,1,0,0,1,1,0,2,0,0,1
34750,2,2,2,4,1,10,2,0,0,1,1,0,2,0,0,1
34751,2,2,2,4,1,10,3,1,1,,,4,2,1,0,1
34752,2,2,2,4,1,11,0,1,1,,,4,2,1,0,1
34753,2,2,2,4,1,11,1,0,0,1,1,0,2,0,0,1
34754,2,2,2,4,1,11,2,0,0,1,1,0,2,0,0,1
34755,2,2,2,4,1,11,3,1,1,,,4,2,1,0,1
34756,2,2,2,4,1,12,0,1,1,,,4,2,1,0,1
34757,2,2,2,4,1,12,1,0,0,1,1,0,2,0,0,1
34758,2,2,2,4,1,12,2,0,0,1,1,0,2,0,0,1
34759,2,2,2,4,1,12,3,1,1,,,4,2,1,0,1
34760,2,2,2,4,1,13,0,1,1,,,4,2,1,0,1
34761,2,2,2,4,1,13,1,0,0,1,1,0,2,0,0,1
34762,2,2,2,4,1,13,2,0,0,1,1,0,2,0,0,1
34763,2,2,2,4,1,13,3,1,1,,,4,2,1,0,1
34764,2,2,2,4,1,14,0,1,1,,,4,2,1,0,1
34765,2,2,2,4,1,14,1,0,0,1,1,0,2,0,0,1
34766,2,2,2,4,1,14,2,0,0,1,1,0,2,0,0,1
34767,2,2,2,4,1,14,3,1,1,,,4,2,1,0,1
34768,2,2,2,4,1,15,0,1,1,,,4,2,1,0,1
34769,2,2,2,4,1,15,1,0,0,1,1,0,2,0,0,1
34770,2,2,2,4,1,15,2,0,0,1,1,0,2,0,0,1
34771,2,2,2,4,1,15,3,1,1,,,4,2,1,0,1
34772,2,2,2,4,2,0,0,1,1,,,4,2,1,0,1
34773,2,2,2,4,2,0,1,0,0,1,1,0,2,0,0,1
34774,2,2,2,4,2,0,2,0,0,1,1,0,2,0,0,1
34775,2,2,2,4,2,0,3,1,1,,,4,2,1,0,1
34776,2,2,2,4,2,1,0,1,1,,,4,2,1,0,1
34777,2,2,2,4,2,1,1,0,0,1,1,0,2,0,0,1
34778,2,2,2,4,2,1,2,0,0,1,1,0,2,0,0,1
34779,2,2,2,4,2,1,3,1,1,,,4,2,1,0,1
34780,2,2,2,4,2,2,0,1,1,,,4,2,1,0,1
34781,2,2,2,4,2,2,1,0,0,1,1,0,2,0,0,1
34782,2,2,2,4,2,2,2,0,0,1,1,0,2,0,0,1
34783,2,2,2,4,2,2,3,1,1,,,4,2,1,0,1
34784,2,2,2,4,2,3,0,1,1,,,4,2,1,0,1
34785,2,2,2,4,2,3,1,0,0,1,1,0,2,0,0,1
34786,2,2,2,4,2,3,2,0,0,1,1,0,2,0,0,1
34787,2,2,2,4,2,3,3,1,1,,,4,2,1,0,1
34788,2,2,2,4,2,4,0,1,1,,,4,2,1,0,1
34789,2,2,2,4,2,4,1,0,0,1,1,0,2,0,0,1
34790,2,2,2,4,2,4,2,0,0,1,1,0,2,0,0,1
34791,2,2,2,4,2,4,3,1,1,,,4,2,1,0,1
34792,2,2,2,4,2,5,0,1,1,,,4,2,1,0,1
34793,2,2,2,4,2,5,1,0,0,1,1,0,2,0,0,1
34794,2,2,2,4,2,5,2,0,0,1,1,0,2,0,0,1
34795,2,2,2,4,2,5,3,1,1,,,4,2,1,0,1
34796,2,2,2,4,2,6,0,1,1,,,4,2,1,0,1
34797,2,2,2,4,2,6,1,0,0,1,1,0,2,0,0,1
34798,2,2,2,4,2,6,2,0,0,1,1,0,2,0,0,1
34799,2,2,2,4,2,6,3,1,1,,,4,2,1,0,1
34800,2,2,2,4,2,7,0,1,1,,,4,2,1,0,1
34801,2,2,2,4,2,7,1,0,0,1,1,0,2,0,0,1
34802,2,2,2,4,2,7,2,0,0,1,1,0,2,0,0,1
34803,2,2,2,4,2,7,3,1,1,,,4,2,1,0,1
34804,2,2,2,4,2,8,0,1,1,,,4,2,1,0,1
34805,2,2,2,4,2,8,1,0,0,1,1,0,2,0,0,1
34806,2,2,2,4,2,8,2,0,0,1,1,0,2,0,0,1
34807,2,2,2,4,2,8,3,1,1,,,4,2,1,0,1
34808,2,2,2,4,2,9,0,1,1,,,4,2,1,0,1
34809,2,2,2,4,2,9,1,0,0,1,1,0,2,0,0,1
34810,2,2,2,4,2,9,2,0,0,1,1,0,2,0,0,1
34811,2,2,2,4,2,9,3,1,1,,,4,2,1,0,1
34812,2,2,2,4,2,10,0,1,1,,,4,2,1,0,1
34813,2,2,2,4,2,10,1,0,0,1,1,0,2,0,0,1
34814,2,2,2,4,2,10,2,0,0,1,1,0,2,0,0,1
34815,2,2,2,4,2,10,3,1,1,,,4,2,1,0,1
34816,2,2,2,4,2,11,0,1,1,,,4,2,1,0,1
34817,2,2,2,4,2,11,1,0,0,1,1,0,2,0,0,1
34818,2,2,2,4,2,11,2,0,0,1,1,0,2,0,0,1
34819,2,2,2,4,2,11,3,1,1,,,4,2,1,0,1
34820,2,2,2,4,2,12,0,1,1,,,4,2,1,0,1
34821,2,2,2,4,2,12,1,0,0,1,1,0,2,0,0,1
34822,2,2,2,4,2,12,2,0,0,1,1,0,2,0,0,1
34823,2,2,2,4,2,12,3,1,1,,,4,2,1,0,1
34824,2,2,2,4,2,13,0,1,1,,,4,2,1,0,1
34825,2,2,2,4,2,13,1,0,0,1,1,0,2,0,0,1
34826,2,2,2,4,2,13,2,0,0,1,1,0,2,0,0,1
34827,2,2,2,4,2,13,3,1,1,,,4,2,1,0,1
34828,2,2,2,4,2,14,0,1,1,,,4,2,1,0,1
34829,2,2,2,4,2,14,1,0,0,1,1,0,2,0,0,1
34830,2,2,2,4,2,14,2,0,0,1,1,0,2,0,0,1
34831,2,2,2,4,2,14,3,1,1,,,4,2,1,0,1
34832,2,2,2,4,2,15,0,1,1,,,4,2,1,0,1
34833,2,2,2,4,2,15,1,0,0,1,1,0,2,0,0,1
34834,2,2,2,4,2,15,2,0,0,1,1,0,2,0,0,1
34835,2,2,2,4,2,15,3,1,1,,,4,2,1,0,1
34836,2,2,2,4,3,0,0,1,1,,,4,2,1,0,1
34837,2,2,2,4,3,0,1,0,0,1,1,0,2,0,0,1
34838,2,2,2,4,3,0,2,0,0,1,1,0,2,0,0,1
34839,2,2,2,4,3,0,3,1,1,,,4,2,1,0,1
34840,2,2,2,4,3,1,0,1,1,,,4,2,1,0,1
34841,2,2,2,4,3,1,1,0,0,1,1,0,2,0,0,1
34842,2,2,2,4,3,1,2,0,0,1,1,0,2,0,0,1
34843,2,2,2,4,3,1,3,1,1,,,4,2,1,0,1
34844,2,2,2,4,3,2,0,1,1,,,4,2,1,0,1
34845,2,2,2,4,3,2,1,0,0,1,1,0,2,0,0,1
34846,2,2,2,4,3,2,2,0,0,1,1,0,2,0,0,1
34847,2,2,2,4,3,2,3,1,1,,,4,2,1,0,1
34848,2,2,2,4,3,3,0,1,1,,,4,2,1,0,1
34849,2,2,2,4,3,3,1,0,0,1,1,0,2,0,0,1
34850,2,2,2,4,3,3,2,0,0,1,1,0,2,0,0,1
34851,2,2,2,4,3,3,3,1,1,,,4,2,1,0,1
34852,2,2,2,4,3,4,0,1,1,,,4,2,1,0,1
34853,2,2,2,4,3,4,1,0,0,1,1,0,2,0,0,1
34854,2,2,2,4,3,4,2,0,0,1,1,0,2,0,0,1
34855,2,2,2,4,3,4,3,1,1,,,4,2,1,0,1
34856,2,2,2,4,3,5,0,1,1,,,4,2,1,0,1
34857,2,2,2,4,3,5,1,0,0,1,1,0,2,0,0,1
34858,2,2,2,4,3,5,2,0,0,1,1,0,2,0,0,1
34859,2,2,2,4,3,5,3,1,1,,,4,2,1,0,1
34860,2,2,2,4,3,6,0,1,1,,,4,2,1,0,1
34861,2,2,2,4,3,6,1,0,0,1,1,0,2,0,0,1
34862,2,2,2,4,3,6,2,0,0,1,1,0,2,0,0,1
34863,2,2,2,4,3,6,3,1,1,,,4,2,1,0,1
34864,2,2,2,4,3,7,0,1,1,,,4,2,1,0,1
34865,2,2,2,4,3,7,1,0,0,1,1,0,2,0,0,1
34866,2,2,2,4,3,7,2,0,0,1,1,0,2,0,0,1
34867,2,2,2,4,3,7,3,1,1,,,4,2,1,0,1
34868,2,2,2,4,3,8,0,1,1,,,4,2,1,0,1
34869,2,2,2,4,3,8,1,0,0,1,1,0,2,0,0,1
34870,2,2,2,4,3,8,2,0,0,1,1,0,2,0,0,1
34871,2,2,2,4,3,8,3,1,1,,,4,2,1,0,1
34872,2,2,2,4,3,9,0,1,1,,,4,2,1,0,1
34873,2,2,2,4,3,9,1,0,0,1,1,0,2,0,0,1
34874,2,2,2,4,3,9,2,0,0,1,1,0,2,0,0,1
34875,2,2,2,4,3,9,3,1,1,,,4,2,1,0,1
34876,2,2,2,4,3,10,0,1,1,,,4,2,1,0,1
34877,2,2,2,4,3,10,1,0,0,1,1,0,2,0,0,1
34878,2,2,2,4,3,10,2,0,0,1,1,0,2,0,0,1
34879,2,2,2,4,3,10,3,1,1,,,4,2,1,0,1
34880,2,2,2,4,3,11,0,1,1,,,4,2,1,0,1
34881,2,2,2,4,3,11,1,0,0,1,1,0,2,0,0,1
34882,2,2,2,4,3,11,2,0,0,1,1,0,2,0,0,1
34883,2,2,2,4,3,11,3,1,1,,,4,2,1,0,1
34884,2,2,2,4,3,12,0,1,1,,,4,2,1,0,1
34885,2,2,2,4,3,12,1,0,0,1,1,0,2,0,0,1
34886,2,2,2,4,3,12,2,0,0,1,1,0,2,0,0,1
34887,2,2,2,4,3,12,3,1,1,,,4,2,1,0,1
34888,2,2,2,4,3,13,0,1,1,,,4,2,1,0,1
34889,2,2,2,4,3,13,1,0,0,1,1,0,2,0,0,1
34890,2,2,2,4,3,13,2,0,0,1,1,0,2,0,0,1
34891,2,2,2,4,3,13,3,1,1,,,4,2,1,0,1
34892,2,2,2,4,3,14,0,1,1,,,4,2,1,0,1
34893,2,2,2,4,3,14,1,0,0,1,1,0,2,0,0,1
34894,2,2,2,4,3,14,2,0,0,1,1,0,2,0,0,1
34895,2,2,2,4,3,14,3,1,1,,,4,2,1,0,1
34896,2,2,2,4,3,15,0,1,1,,,4,2,1,0,1
34897,2,2,2,4,3,15,1,0,0,1,1,0,2,0,0,1
34898,2,2,2,4,3,15,2,0,0,1,1,0,2,0,0,1
34899,2,2,2,4,3,15,3,1,1,,,4,2,1,0,1
34900,2,2,2,4,4,0,0,1,1,,,4,1,1,1,1
34901,2,2,2,4,4,0,1,1,1,,,2,1,1,1,1
34902,2,2,2,4,4,0,2,1,1,,,2,1,1,1,1
34903,2,2,2,4,4,0,3,1,1,,,4,1,1,1,1
34904,2,2,2,4,4,1,0,1,1,,,4,1,1,1,1
34905,2,2,2,4,4,1,1,1,1,,,2,1,1,1,1
34906,2,2,2,4,4,1,2,1,1,,,2,1,1,1,1
34907,2,2,2,4,4,1,3,1,1,,,4,1,1,1,1
34908,2,2,2,4,4,2,0,1,1,,,4,1,1,1,1
34909,2,2,2,4,4,2,1,1,1,,,2,1,1,1,1
34910,2,2,2,4,4,2,2,1,1,,,2,1,1,1,1
34911,2,2,2,4,4,2,3,1,1,,,4,1,1,1,1
34912,2,2,2,4,4,3,0,1,1,,,4,1,1,1,1
34913,2,2,2,4,4,3,1,1,1,,,2,1,1,1,1
34914,2,2,2,4,4,3,2,1,1,,,2,1,1,1,1
34915,2,2,2,4,4,3,3,1,1,,,4,1,1,1,1
34916,2,2,2,4,4,4,0,1,1,,,4,1,1,1,1
34917,2,2,2,4,4,4,1,1,1,,,2,1,1,1,1
34918,2,2,2,4,4,4,2,1,1,,,2,1,1,1,1
34919,2,2,2,4,4,4,3,1,1,,,4,1,1,1,1
34920,2,2,2,4,4,5,0,1,1,,,4,1,1,1,1
34921,2,2,2,4,4,5,1,1,1,,,2,1,1,1,1
34922,2,2,2,4,4,5,2,1,1,,,2,1,1,1,1
34923,2,2,2,4,4,5,3,1,1,,,4,1,1,1,1
34924,2,2,2,4,4,6,0,1,1,,,4,1,1,1,1
34925,2,2,2,4,4,6,1,1,1,,,2,1,1,1,1
34926,2,2,2,4,4,6,2,1,1,,,2,1,1,1,1
34927,2,2,2,4,4,6,3,1,1,,,4,1,1,1,1
34928,2,2,2,4,4,7,0,1,1,,,4,1,1,1,1
34929,2,2,2,4,4,7,1,1,1,,,2,1,1,1,1
34930,2,2,2,4,4,7,2,1,1,,,2,1,1,1,1
34931,2,2,2,4,4,7,3,1,1,,,4,1,1,1,1
34932,2,2,2,4,4,8,0,1,1,,,4,1,1,1,1
34933,2,2,2,4,4,8,1,1,1,,,2,1,1,1,1
34934,2,2,2,4,4,8,2,1,1,,,2,1,1,1,1
34935,2,2,2,4,4,8,3,1,1,,,4,1,1,1,1
34936,2,2,2,4,4,9,0,1,1,,,4,1,1,1,1
34937,2,2,2,4,4,9,1,1,1,,,2,1,1,1,1
34938,2,2,2,4,4,9,2,1,1,,,2,1,1,1,1
34939,2,2,2,4,4,9,3,1,1,,,4,1,1,1,1
34940,2,2,2,4,4,10,0,1,1,,,4,1,1,1,1
34941,2,2,2,4,4,10,1,1,1,,,2,1,1,1,1
34942,2,2,2,4,4,10,2,1,1,,,2,1,1,1,1
34943,2,2,2,4,4,10,3,1,1,,,4,1,1,1,1
34944,2,2,2,4,4,11,0,1,1,,,4,1,1,1,1
34945,2,2,2,4,4,11,1,1,1,,,2,1,1,1,1
34946,2,2,2,4,4,11,2,1,1,,,2,1,1,1,1
34947,2,2,2,4,4,11,3,1,1,,,4,1,1,1,1
34948,2,2,2,4,4,12,0,1,1,,,4,1,1,1,1
34949,2,2,2,4,4,12,1,1,1,,,2,1,1,1,1
34950,2,2,2,4,4,12,2,1,1,,,2,1,1,1,1
34951,2,2,2,4,4,12,3,1,1,,,4,1,1,1,1
34952,2,2,2,4,4,13,0,1,1,,,4,1,1,1,1
34953,2,2,2,4,4,13,1,1,1,,,2,1,1,1,1
34954,2,2,2,4,4,13,2,1,1,,,2,1,1,1,1
34955,2,2,2,4,4,13,3,1,1,,,4,1,1,1,1
34956,2,2,2,4,4,14,0,1,1,,,4,1,1,1,1
34957,2,2,2,4,4,14,1,1,1,,,2,1,1,1,1
34958,2,2,2,4,4,14,2,1,1,,,2,1,1,1,1
34959,2,2,2,4,4,14,3,1,1,,,4,1,1,1,1
34960,2,2,2,4,4,15,0,1,1,,,4,1,1,1,1
34961,2,2,2,4,4,15,1,1,1,,,2,1,1,1,1
34962,2,2,2,4,4,15,2,1,1,,,2,1,1,1,1
34963,2,2,2,4,4,15,3,1,1,,,4,1,1,1,1
34964,2,2,2,4,5,0,0,1,1,,,4,2,1,0,1
34965,2,2,2,4,5,0,1,0,0,1,1,0,2,0,0,1
34966,2,2,2,4,5,0,2,0,0,1,1,0,2,0,0,1
34967,2,2,2,4,5,0,3,1,1,,,4,2,1,0,1
34968,2,2,2,4,5,1,0,1,1,,,4,2,1,0,1
34969,2,2,2,4,5,1,1,0,0,1,1,0,2,0,0,1
34970,2,2,2,4,5,1,2,0,0,1,1,0,2,0,0,1
34971,2,2,2,4,5,1,3,1,1,,,4,2,1,0,1
34972,2,2,2,4,5,2,0,1,1,,,4,2,1,0,1
34973,2,2,2,4,5,2,1,0,0,1,1,0,2,0,0,1
34974,2,2,2,4,5,2,2,0,0,1,1,0,2,0,0,1
34975,2,2,2,4,5,2,3,1,1,,,4,2,1,0,1
34976,2,2,2,4,5,3,0,1,1,,,4,2,1,0,1
34977,2,2,2,4,5,3,1,0,0,1,1,0,2,0,0,1
34978,2,2,2,4,5,3,2,0,0,1,1,0,2,0,0,1
34979,2,2,2,4,5,3,3,1,1,,,4,2,1,0,1
34980,2,2,2,4,5,4,0,1,1,,,4,2,1,0,1
34981,2,2,2,4,5,4,1,0,0,1,1,0,2,0,0,1
34982,2,2,2,4,5,4,2,0,0,1,1,0,2,0,0,1
34983,2,2,2,4,5,4,3,1,1,,,4,2,1,0,1
34984,2,2,2,4,5,5,0,1,1,,,4,2,1,0,1
34985,2,2,2,4,5,5,1,0,0,1,1,0,2,0,0,1
34986,2,2,2,4,5,5,2,0,0,1,1,0,2,0,0,1
34987,2,2,2,4,5,5,3,1,1,,,4,2,1,0,1
34988,2,2,2,4,5,6,0,1,1,,,4,2,1,0,1
34989,2,2,2,4,5,6,1,0,0,1,1,0,2,0,0,1
34990,2,2,2,4,5,6,2,0,0,1,1,0,2,0,0,1
34991,2,2,2,4,5,6,3,1,1,,,4,2,1,0,1
34992,2,2,2,4,5,7,0,1,1,,,4,2,1,0,1
34993,2,2,2,4,5,7,1,0,0,1,1,0,2,0,0,1
34994,2,2,2,4,5,7,2,0,0,1,1,0,2,0,0,1
34995,2,2,2,4,5,7,3,1,1,,,4,2,1,0,1
34996,2,2,2,4,5,8,0,1,1,,,4,2,1,0,1
34997,2,2,2,4,5,8,1,0,0,1,1,0,2,0,0,1
34998,2,2,2,4,5,8,2,0,0,1,1,0,2,0,0,1
34999,2,2,2,4,5,8,3,1,1,,,4,2,1,0,1
35000,2,2,2,4,5,9,0,1,1,,,4,2,1,0,1
35001,2,2,2,4,5,9,1,0,0,1,1,0,2,0,0,1
35002,2,2,2,4,5,9,2,0,0,1,1,0,2,0,0,1
35003,2,2,2,4,5,9,3,1,1,,,4,2,1,0,1
35004,2,2,2,4,5,10,0,1,1,,,4,2,1,0,1
35005,2,2,2,4,5,10,1,0,0,1,1,0,2,0,0,1
35006,2,2,2,4,5,10,2,0,0,1,1,0,2,0,0,1
35007,2,2,2,4,5,10,3,1,1,,,4,2,1,0,1
35008,2,2,2,4,5,11,0,1,1,,,4,2,1,0,1
35009,2,2,2,4,5,11,1,0,0,1,1,0,2,0,0,1
35010,2,2,2,4,5,11,2,0,0,1,1,0,2,0,0,1
35011,2,2,2,4,5,11,3,1,1,,,4,2,1,0,1
35012,2,2,2,4,5,12,0,1,1,,,4,2,1,0,1
35013,2,2,2,4,5,12,1,0,0,1,1,0,2,0,0,1
35014,2,2,2,4,5,12,2,0,0,1,1,0,2,0,0,1
35015,2,2,2,4,5,12,3,1,1,,,4,2,1,0,1
35016,2,2,2,4,5,13,0,1,1,,,4,2,1,0,1
35017,2,2,2,4,5,13,1,0,0,1,1,0,2,0,0,1
35018,2,2,2,4,5,13,2,0,0,1,1,0,2,0,0,1
35019,2,2,2,4,5,13,3,1,1,,,4,2,1,0,1
35020,2,2,2,4,5,14,0,1,1,,,4,2,1,0,1
35021,2,2,2,4,5,14,1,0,0,1,1,0,2,0,0,1
35022,2,2,2,4,5,14,2,0,0,1,1,0,2,0,0,1
35023,2,2,2,4,5,14,3,1,1,,,4,2,1,0,1
35024,2,2,2,4,5,15,0,1,1,,,4,2,1,0,1
35025,2,2,2,4,5,15,1,0,0,1,1,0,2,0,0,1
35026,2,2,2,4,5,15,2,0,0,1,1,0,2,0,0,1
35027,2,2,2,4,5,15,3,1,1,,,4,2,1,0,1
35028,2,2,2,4,6,0,0,1,1,,,4,2,1,0,1
35029,2,2,2,4,6,0,1,0,0,1,1,0,2,0,0,1
35030,2,2,2,4,6,0,2,0,0,1,1,0,2,0,0,1
35031,2,2,2,4,6,0,3,1,1,,,4,2,1,0,1
35032,2,2,2,4,6,1,0,1,1,,,4,2,1,0,1
35033,2,2,2,4,6,1,1,0,0,1,1,0,2,0,0,1
35034,2,2,2,4,6,1,2,0,0,1,1,0,2,0,0,1
35035,2,2,2,4,6,1,3,1,1,,,4,2,1,0,1
35036,2,2,2,4,6,2,0,1,1,,,4,2,1,0,1
35037,2,2,2,4,6,2,1,0,0,1,1,0,2,0,0,1
35038,2,2,2,4,6,2,2,0,0,1,1,0,2,0,0,1
35039,2,2,2,4,6,2,3,1,1,,,4,2,1,0,1
35040,2,2,2,4,6,3,0,1,1,,,4,2,1,0,1
35041,2,2,2,4,6,3,1,0,0,1,1,0,2,0,0,1
35042,2,2,2,4,6,3,2,0,0,1,1,0,2,0,0,1
35043,2,2,2,4,6,3,3,1,1,,,4,2,1,0,1
35044,2,2,2,4,6,4,0,1,1,,,4,2,1,0,1
35045,2,2,2,4,6,4,1,0,0,1,1,0,2,0,0,1
35046,2,2,2,4,6,4,2,0,0,1,1,0,2,0,0,1
35047,2,2,2,4,6,4,3,1,1,,,4,2,1,0,1
35048,2,2,2,4,6,5,0,1,1,,,4,2,1,0,1
35049,2,2,2,4,6,5,1,0,0,1,1,0,2,0,0,1
35050,2,2,2,4,6,5,2,0,0,1,1,0,2,0,0,1
35051,2,2,2,4,6,5,3,1,1,,,4,2,1,0,1
35052,2,2,2,4,6,6,0,1,1,,,4,2,1,0,1
35053,2,2,2,4,6,6,1,0,0,1,1,0,2,0,0,1
35054,2,2,2,4,6,6,2,0,0,1,1,0,2,0,0,1
35055,2,2,2,4,6,6,3,1,1,,,4,2,1,0,1
35056,2,2,2,4,6,7,0,1,1,,,4,2,1,0,1
35057,2,2,2,4,6,7,1,0,0,1,1,0,2,0,0,1
35058,2,2,2,4,6,7,2,0,0,1,1,0,2,0,0,1
35059,2,2,2,4,6,7,3,1,1,,,4,2,1,0,1
35060,2,2,2,4,6,8,0,1,1,,,4,2,1,0,1
35061,2,2,2,4,6,8,1,0,0,1,1,0,2,0,0,1
35062,2,2,2,4,6,8,2,0,0,1,1,0,2,0,0,1
35063,2,2,2,4,6,8,3,1,1,,,4,2,1,0,1
35064,2,2,2,4,6,9,0,1,1,,,4,2,1,0,1
35065,2,2,2,4,6,9,1,0,0,1,1,0,2,0,0,1
35066,2,2,2,4,6,9,2,0,0,1,1,0,2,0,0,1
35067,2,2,2,4,6,9,3,1,1,,,4,2,1,0,1
35068,2,2,2,4,6,10,0,1,1,,,4,2,1,0,1
35069,2,2,2,4,6,10,1,0,0,1,1,0,2,0,0,1
35070,2,2,2,4,6,10,2,0,0,1,1,0,2,0,0,1
35071,2,2,2,4,6,10,3,1,1,,,4,2,1,0,1
35072,2,2,2,4,6,11,0,1,1,,,4,2,1,0,1
35073,2,2,2,4,6,11,1,0,0,1,1,0,2,0,0,1
35074,2,2,2,4,6,11,2,0,0,1,1,0,2,0,0,1
35075,2,2,2,4,6,11,3,1,1,,,4,2,1,0,1
35076,2,2,2,4,6,12,0,1,1,,,4,2,1,0,1
35077,2,2,2,4,6,12,1,0,0,1,1,0,2,0,0,1
35078,2,2,2,4,6,12,2,0,0,1,1,0,2,0,0,1
35079,2,2,2,4,6,12,3,1,1,,,4,2,1,0,1
35080,2,2,2,4,6,13,0,1,1,,,4,2,1,0,1
35081,2,2,2,4,6,13,1,0,0,1,1,0,2,0,0,1
35082,2,2,2,4,6,13,2,0,0,1,1,0,2,0,0,1
35083,2,2,2,4,6,13,3,1,1,,,4,2,1,0,1
35084,2,2,2,4,6,14,0,1,1,,,4,2,1,0,1
35085,2,2,2,4,6,14,1,0,0,1,1,0,2,0,0,1
35086,2,2,2,4,6,14,2,0,0,1,1,0,2,0,0,1
35087,2,2,2,4,6,14,3,1,1,,,4,2,1,0,1
35088,2,2,2,4,6,15,0,1,1,,,4,2,1,0,1
35089,2,2,2,4,6,15,1,0,0,1,1,0,2,0,0,1
35090,2,2,2,4,6,15,2,0,0,1,1,0,2,0,0,1
35091,2,2,2,4,6,15,3,1,1,,,4,2,1,0,1
35092,2,2,2,4,7,0,0,1,1,,,4,2,1,0,1
35093,2,2,2,4,7,0,1,0,0,1,1,0,2,0,0,1
35094,2,2,2,4,7,0,2,0,0,1,1,0,2,0,0,1
35095,2,2,2,4,7,0,3,1,1,,,4,2,1,0,1
35096,2,2,2,4,7,1,0,1,1,,,4,2,1,0,1
35097,2,2,2,4,7,1,1,0,0,1,1,0,2,0,0,1
35098,2,2,2,4,7,1,2,0,0,1,1,0,2,0,0,1
35099,2,2,2,4,7,1,3,1,1,,,4,2,1,0,1
35100,2,2,2,4,7,2,0,1,1,,,4,2,1,0,1
35101,2,2,2,4,7,2,1,0,0,1,1,0,2,0,0,1
35102,2,2,2,4,7,2,2,0,0,1,1,0,2,0,0,1
35103,2,2,2,4,7,2,3,1,1,,,4,2,1,0,1
35104,2,2,2,4,7,3,0,1,1,,,4,2,1,0,1
35105,2,2,2,4,7,3,1,0,0,1,1,0,2,0,0,1
35106,2,2,2,4,7,3,2,0,0,1,1,0,2,0,0,1
35107,2,2,2,4,7,3,3,1,1,,,4,2,1,0,1
35108,2,2,2,4,7,4,0,1,1,,,4,2,1,0,1
35109,2,2,2,4,7,4,1,0,0,1,1,0,2,0,0,1
35110,2,2,2,4,7,4,2,0,0,1,1,0,2,0,0,1
35111,2,2,2,4,7,4,3,1,1,,,4,2,1,0,1
35112,2,2,2,4,7,5,0,1,1,,,4,2,1,0,1
35113,2,2,2,4,7,5,1,0,0,1,1,0,2,0,0,1
35114,2,2,2,4,7,5,2,0,0,1,1,0,2,0,0,1
35115,2,2,2,4,7,5,3,1,1,,,4,2,1,0,1
35116,2,2,2,4,7,6,0,1,1,,,4,2,1,0,1
35117,2,2,2,4,7,6,1,0,0,1,1,0,2,0,0,1
35118,2,2,2,4,7,6,2,0,0,1,1,0,2,0,0,1
35119,2,2,2,4,7,6,3,1,1,,,4,2,1,0,1
35120,2,2,2,4,7,7,0,1,1,,,4,2,1,0,1
35121,2,2,2,4,7,7,1,0,0,1,1,0,2,0,0,1
35122,2,2,2,4,7,7,2,0,0,1,1,0,2,0,0,1
35123,2,2,2,4,7,7,3,1,1,,,4,2,1,0,1
35124,2,2,2,4,7,8,0,1,1,,,4,2,1,0,1
35125,2,2,2,4,7,8,1,0,0,1,1,0,2,0,0,1
35126,2,2,2,4,7,8,2,0,0,1,1,0,2,0,0,1
35127,2,2,2,4,7,8,3,1,1,,,4,2,1,0,1
35128,2,2,2,4,7,9,0,1,1,,,4,2,1,0,1
35129,2,2,2,4,7,9,1,0,0,1,1,0,2,0,0,1
35130,2,2,2,4,7,9,2,0,0,1,1,0,2,0,0,1
35131,2,2,2,4,7,9,3,1,1,,,4,2,1,0,1
35132,2,2,2,4,7,10,0,1,1,,,4,2,1,0,1
35133,2,2,2,4,7,10,1,0,0,1,1,0,2,0,0,1
35134,2,2,2,4,7,10,2,0,0,1,1,0,2,0,0,1
35135,2,2,2,4,7,10,3,1,1,,,4,2,1,0,1
35136,2,2,2,4,7,11,0,1,1,,,4,2,1,0,1
35137,2,2,2,4,7,11,1,0,0,1,1,0,2,0,0,1
35138,2,2,2,4,7,11,2,0,0,1,1,0,2,0,0,1
35139,2,2,2,4,7,11,3,1,1,,,4,2,1,0,1
35140,2,2,2,4,7,12,0,1,1,,,4,2,1,0,1
35141,2,2,2,4,7,12,1,0,0,1,1,0,2,0,0,1
35142,2,2,2,4,7,12,2,0,0,1,1,0,2,0,0,1
35143,2,2,2,4,7,12,3,1,1,,,4,2,1,0,1
35144,2,2,2,4,7,13,0,1,1,,,4,2,1,0,1
35145,2,2,2,4,7,13,1,0,0,1,1,0,2,0,0,1
35146,2,2,2,4,7,13,2,0,0,1,1,0,2,0,0,1
35147,2,2,2,4,7,13,3,1,1,,,4,2,1,0,1
35148,2,2,2,4,7,14,0,1,1,,,4,2,1,0,1
35149,2,2,2,4,7,14,1,0,0,1,1,0,2,0,0,1
35150,2,2,2,4,7,14,2,0,0,1,1,0,2,0,0,1
35151,2,2,2,4,7,14,3,1,1,,,4,2,1,0,1
35152,2,2,2,4,7,15,0,1,1,,,4,2,1,0,1
35153,2,2,2,4,7,15,1,0,0,1,1,0,2,0,0,1
35154,2,2,2,4,7,15,2,0,0,1,1,0,2,0,0,1
35155,2,2,2,4,7,15,3,1,1,,,4,2,1,0,1
35156,2,2,2,4,8,0,0,1,1,,,4,1,1,1,1
35157,2,2,2,4,8,0,1,1,1,,,2,1,1,1,1
35158,2,2,2,4,8,0,2,1,1,,,2,1,1,1,1
35159,2,2,2,4,8,0,3,1,1,,,4,1,1,1,1
35160,2,2,2,4,8,1,0,1,1,,,4,1,1,1,1
35161,2,2,2,4,8,1,1,1,1,,,2,1,1,1,1
35162,2,2,2,4,8,1,2,1,1,,,2,1,1,1,1
35163,2,2,2,4,8,1,3,1,1,,,4,1,1,1,1
35164,2,2,2,4,8,2,0,1,1,,,4,1,1,1,1
35165,2,2,2,4,8,2,1,1,1,,,2,1,1,1,1
35166,2,2,2,4,8,2,2,1,1,,,2,1,1,1,1
35167,2,2,2,4,8,2,3,1,1,,,4,1,1,1,1
35168,2,2,2,4,8,3,0,1,1,,,4,1,1,1,1
35169,2,2,2,4,8,3,1,1,1,,,2,1,1,1,1
35170,2,2,2,4,8,3,2,1,1,,,2,1,1,1,1
35171,2,2,2,4,8,3,3,1,1,,,4,1,1,1,1
35172,2,2,2,4,8,4,0,1,1,,,4,1,1,1,1
35173,2,2,2,4,8,4,1,1,1,,,2,1,1,1,1
35174,2,2,2,4,8,4,2,1,1,,,2,1,1,1,1
35175,2,2,2,4,8,4,3,1,1,,,4,1,1,1,1
35176,2,2,2,4,8,5,0,1,1,,,4,1,1,1,1
35177,2,2,2,4,8,5,1,1,1,,,2,1,1,1,1
35178,2,2,2,4,8,5,2,1,1,,,2,1,1,1,1
35179,2,2,2,4,8,5,3,1,1,,,4,1,1,1,1
35180,2,2,2,4,8,6,0,1,1,,,4,1,1,1,1
35181,2,2,2,4,8,6,1,1,1,,,2,1,1,1,1
35182,2,2,2,4,8,6,2,1,1,,,2,1,1,1,1
35183,2,2,2,4,8,6,3,1,1,,,4,1,1,1,1
35184,2,2,2,4,8,7,0,1,1,,,4,1,1,1,1
35185,2,2,2,4,8,7,1,1,1,,,2,1,1,1,1
35186,2,2,2,4,8,7,2,1,1,,,2,1,1,1,1
35187,2,2,2,4,8,7,3,1,1,,,4,1,1,1,1
35188,2,2,2,4,8,8,0,1,1,,,4,1,1,1,1
35189,2,2,2,4,8,8,1,1,1,,,2,1,1,1,1
35190,2,2,2,4,8,8,2,1,1,,,2,1,1,1,1
35191,2,2,2,4,8,8,3,1,1,,,4,1,1,1,1
35192,2,2,2,4,8,9,0,1,1,,,4,1,1,1,1
35193,2,2,2,4,8,9,1,1,1,,,2,1,1,1,1
35194,2,2,2,4,8,9,2,1,1,,,2,1,1,1,1
35195,2,2,2,4,8,9,3,1,1,,,4,1,1,1,1
35196,2,2,2,4,8,10,0,1,1,,,4,1,1,1,1
35197,2,2,2,4,8,10,1,1,1,,,2,1,1,1,1
35198,2,2,2,4,8,10,2,1,1,,,2,1,1,1,1
35199,2,2,2,4,8,10,3,1,1,,,4,1,1,1,1
35200,2,2,2,4,8,11,0,1,1,,,4,1,1,1,1
35201,2,2,2,4,8,11,1,1,1,,,2,1,1,1,1
35202,2,2,2,4,8,11,2,1,1,,,2,1,1,1,1
35203,2,2,2,4,8,11,3,1,1,,,4,1,1,1,1
35204,2,2,2,4,8,12,0,1,1,,,4,1,1,1,1
35205,2,2,2,4,8,12,1,1,1,,,2,1,1,1,1
35206,2,2,2,4,8,12,2,1,1,,,2,1,1,1,1
35207,2,2,2,4,8,12,3,1,1,,,4,1,1,1,1
35208,2,2,2,4,8,13,0,1,1,,,4,1,1,1,1
35209,2,2,2,4,8,13,1,1,1,,,2,1,1,1,1
35210,2,2,2,4,8,13,2,1,1,,,2,1,1,1,1
35211,2,2,2,4,8,13,3,1,1,,,4,1,1,1,1
35212,2,2,2,4,8,14,0,1,1,,,4,1,1,1,1
35213,2,2,2,4,8,14,1,1,1,,,2,1,1,1,1
35214,2,2,2,4,8,14,2,1,1,,,2,1,1,1,1
35215,2,2,2,4,8,14,3,1,1,,,4,1,1,1,1
35216,2,2,2,4,8,15,0,1,1,,,4,1,1,1,1
35217,2,2,2,4,8,15,1,1,1,,,2,1,1,1,1
35218,2,2,2,4,8,15,2,1,1,,,2,1,1,1,1
35219,2,2,2,4,8,15,3,1,1,,,4,1,1,1,1
35220,2,2,2,4,9,0,0,1,1,,,4,2,1,0,1
35221,2,2,2,4,9,0,1,0,0,1,1,0,2,0,0,1
35222,2,2,2,4,9,0,2,0,0,1,1,0,2,0,0,1
35223,2,2,2,4,9,0,3,1,1,,,4,2,1,0,1
35224,2,2,2,4,9,1,0,1,1,,,4,2,1,0,1
35225,2,2,2,4,9,1,1,0,0,1,1,0,2,0,0,1
35226,2,2,2,4,9,1,2,0,0,1,1,0,2,0,0,1
35227,2,2,2,4,9,1,3,1,1,,,4,2,1,0,1
35228,2,2,2,4,9,2,0,1,1,,,4,2,1,0,1
35229,2,2,2,4,9,2,1,0,0,1,1,0,2,0,0,1
35230,2,2,2,4,9,2,2,0,0,1,1,0,2,0,0,1
35231,2,2,2,4,9,2,3,1,1,,,4,2,1,0,1
35232,2,2,2,4,9,3,0,1,1,,,4,2,1,0,1
35233,2,2,2,4,9,3,1,0,0,1,1,0,2,0,0,1
35234,2,2,2,4,9,3,2,0,0,1,1,0,2,0,0,1
35235,2,2,2,4,9,3,3,1,1,,,4,2,1,0,1
35236,2,2,2,4,9,4,0,1,1,,,4,2,1,0,1
35237,2,2,2,4,9,4,1,0,0,1,1,0,2,0,0,1
35238,2,2,2,4,9,4,2,0,0,1,1,0,2,0,0,1
35239,2,2,2,4,9,4,3,1,1,,,4,2,1,0,1
35240,2,2,2,4,9,5,0,1,1,,,4,2,1,0,1
35241,2,2,2,4,9,5,1,0,0,1,1,0,2,0,0,1
35242,2,2,2,4,9,5,2,0,0,1,1,0,2,0,0,1
35243,2,2,2,4,9,5,3,1,1,,,4,2,1,0,1
35244,2,2,2,4,9,6,0,1,1,,,4,2,1,0,1
35245,2,2,2,4,9,6,1,0,0,1,1,0,2,0,0,1
35246,2,2,2,4,9,6,2,0,0,1,1,0,2,0,0,1
35247,2,2,2,4,9,6,3,1,1,,,4,2,1,0,1
35248,2,2,2,4,9,7,0,1,1,,,4,2,1,0,1
35249,2,2,2,4,9,7,1,0,0,1,1,0,2,0,0,1
35250,2,2,2,4,9,7,2,0,0,1,1,0,2,0,0,1
35251,2,2,2,4,9,7,3,1,1,,,4,2,1,0,1
35252,2,2,2,4,9,8,0,1,1,,,4,2,1,0,1
35253,2,2,2,4,9,8,1,0,0,1,1,0,2,0,0,1
35254,2,2,2,4,9,8,2,0,0,1,1,0,2,0,0,1
35255,2,2,2,4,9,8,3,1,1,,,4,2,1,0,1
35256,2,2,2,4,9,9,0,1,1,,,4,2,1,0,1
35257,2,2,2,4,9,9,1,0,0,1,1,0,2,0,0,1
35258,2,2,2,4,9,9,2,0,0,1,1,0,2,0,0,1
35259,2,2,2,4,9,9,3,1,1,,,4,2,1,0,1
35260,2,2,2,4,9,10,0,1,1,,,4,2,1,0,1
35261,2,2,2,4,9,10,1,0,0,1,1,0,2,0,0,1
35262,2,2,2,4,9,10,2,0,0,1,1,0,2,0,0,1
35263,2,2,2,4,9,10,3,1,1,,,4,2,1,0,1
35264,2,2,2,4,9,11,0,1,1,,,4,2,1,0,1
35265,2,2,2,4,9,11,1,0,0,1,1,0,2,0,0,1
35266,2,2,2,4,9,11,2,0,0,1,1,0,2,0,0,1
35267,2,2,2,4,9,11,3,1,1,,,4,2,1,0,1
35268,2,2,2,4,9,12,0,1,1,,,4,2,1,0,1
35269,2,2,2,4,9,12,1,0,0,1,1,0,2,0,0,1
35270,2,2,2,4,9,12,2,0,0,1,1,0,2,0,0,1
35271,2,2,2,4,9,12,3,1,1,,,4,2,1,0,1
35272,2,2,2,4,9,13,0,1,1,,,4,2,1,0,1
35273,2,2,2,4,9,13,1,0,0,1,1,0,2,0,0,1
35274,2,2,2,4,9,13,2,0,0,1,1,0,2,0,0,1
35275,2,2,2,4,9,13,3,1,1,,,4,2,1,0,1
35276,2,2,2,4,9,14,0,1,1,,,4,2,1,0,1
35277,2,2,2,4,9,14,1,0,0,1,1,0,2,0,0,1
35278,2,2,2,4,9,14,2,0,0,1,1,0,2,0,0,1
35279,2,2,2,4,9,14,3,1,1,,,4,2,1,0,1
35280,2,2,2,4,9,15,0,1,1,,,4,2,1,0,1
35281,2,2,2,4,9,15,1,0,0,1,1,0,2,0,0,1
35282,2,2,2,4,9,15,2,0,0,1,1,0,2,0,0,1
35283,2,2,2,4,9,15,3,1,1,,,4,2,1,0,1
35284,2,2,2,4,10,0,0,1,1,,,4,2,1,0,1
35285,2,2,2,4,10,0,1,0,0,1,1,0,2,0,0,1
35286,2,2,2,4,10,0,2,0,0,1,1,0,2,0,0,1
35287,2,2,2,4,10,0,3,1,1,,,4,2,1,0,1
35288,2,2,2,4,10,1,0,1,1,,,4,2,1,0,1
35289,2,2,2,4,10,1,1,0,0,1,1,0,2,0,0,1
35290,2,2,2,4,10,1,2,0,0,1,1,0,2,0,0,1
35291,2,2,2,4,10,1,3,1,1,,,4,2,1,0,1
35292,2,2,2,4,10,2,0,1,1,,,4,2,1,0,1
35293,2,2,2,4,10,2,1,0,0,1,1,0,2,0,0,1
35294,2,2,2,4,10,2,2,0,0,1,1,0,2,0,0,1
35295,2,2,2,4,10,2,3,1,1,,,4,2,1,0,1
35296,2,2,2,4,10,3,0,1,1,,,4,2,1,0,1
35297,2,2,2,4,10,3,1,0,0,1,1,0,2,0,0,1
35298,2,2,2,4,10,3,2,0,0,1,1,0,2,0,0,1
35299,2,2,2,4,10,3,3,1,1,,,4,2,1,0,1
35300,2,2,2,4,10,4,0,1,1,,,4,2,1,0,1
35301,2,2,2,4,10,4,1,0,0,1,1,0,2,0,0,1
35302,2,2,2,4,10,4,2,0,0,1,1,0,2,0,0,1
35303,2,2,2,4,10,4,3,1,1,,,4,2,1,0,1
35304,2,2,2,4,10,5,0,1,1,,,4,2,1,0,1
35305,2,2,2,4,10,5,1,0,0,1,1,0,2,0,0,1
35306,2,2,2,4,10,5,2,0,0,1,1,0,2,0,0,1
35307,2,2,2,4,10,5,3,1,1,,,4,2,1,0,1
35308,2,2,2,4,10,6,0,1,1,,,4,2,1,0,1
35309,2,2,2,4,10,6,1,0,0,1,1,0,2,0,0,1
35310,2,2,2,4,10,6,2,0,0,1,1,0,2,0,0,1
35311,2,2,2,4,10,6,3,1,1,,,4,2,1,0,1
35312,2,2,2,4,10,7,0,1,1,,,4,2,1,0,1
35313,2,2,2,4,10,7,1,0,0,1,1,0,2,0,0,1
35314,2,2,2,4,10,7,2,0,0,1,1,0,2,0,0,1
35315,2,2,2,4,10,7,3,1,1,,,4,2,1,0,1
35316,2,2,2,4,10,8,0,1,1,,,4,2,1,0,1
35317,2,2,2,4,10,8,1,0,0,1,1,0,2,0,0,1
35318,2,2,2,4,10,8,2,0,0,1,1,0,2,0,0,1
35319,2,2,2,4,10,8,3,1,1,,,4,2,1,0,1
35320,2,2,2,4,10,9,0,1,1,,,4,2,1,0,1
35321,2,2,2,4,10,9,1,0,0,1,1,0,2,0,0,1
35322,2,2,2,4,10,9,2,0,0,1,1,0,2,0,0,1
35323,2,2,2,4,10,9,3,1,1,,,4,2,1,0,1
35324,2,2,2,4,10,10,0,1,1,,,4,2,1,0,1
35325,2,2,2,4,10,10,1,0,0,1,1,0,2,0,0,1
35326,2,2,2,4,10,10,2,0,0,1,1,0,2,0,0,1
35327,2,2,2,4,10,10,3,1,1,,,4,2,1,0,1
35328,2,2,2,4,10,11,0,1,1,,,4,2,1,0,1
35329,2,2,2,4,10,11,1,0,0,1,1,0,2,0,0,1
35330,2,2,2,4,10,11,2,0,0,1,1,0,2,0,0,1
35331,2,2,2,4,10,11,3,1,1,,,4,2,1,0,1
35332,2,2,2,4,10,12,0,1,1,,,4,2,1,0,1
35333,2,2,2,4,10,12,1,0,0,1,1,0,2,0,0,1
35334,2,2,2,4,10,12,2,0,0,1,1,0,2,0,0,1
35335,2,2,2,4,10,12,3,1,1,,,4,2,1,0,1
35336,2,2,2,4,10,13,0,1,1,,,4,2,1,0,1
35337,2,2,2,4,10,13,1,0,0,1,1,0,2,0,0,1
35338,2,2,2,4,10,13,2,0,0,1,1,0,2,0,0,1
35339,2,2,2,4,10,13,3,1,1,,,4,2,1,0,1
35340,2,2,2,4,10,14,0,1,1,,,4,2,1,0,1
35341,2,2,2,4,10,14,1,0,0,1,1,0,2,0,0,1
35342,2,2,2,4,10,14,2,0,0,1,1,0,2,0,0,1
35343,2,2,2,4,10,14,3,1,1,,,4,2,1,0,1
35344,2,2,2,4,10,15,0,1,1,,,4,2,1,0,1
35345,2,2,2,4,10,15,1,0,0,1,1,0,2,0,0,1
35346,2,2,2,4,10,15,2,0,0,1,1,0,2,0,0,1
35347,2,2,2,4,10,15,3,1,1,,,4,2,1,0,1
35348,2,2,2,4,11,0,0,1,1,,,4,2,1,0,1
35349,2,2,2,4,11,0,1,0,0,1,1,0,2,0,0,1
35350,2,2,2,4,11,0,2,0,0,1,1,0,2,0,0,1
35351,2,2,2,4,11,0,3,1,1,,,4,2,1,0,1
35352,2,2,2,4,11,1,0,1,1,,,4,2,1,0,1
35353,2,2,2,4,11,1,1,0,0,1,1,0,2,0,0,1
35354,2,2,2,4,11,1,2,0,0,1,1,0,2,0,0,1
35355,2,2,2,4,11,1,3,1,1,,,4,2,1,0,1
35356,2,2,2,4,11,2,0,1,1,,,4,2,1,0,1
35357,2,2,2,4,11,2,1,0,0,1,1,0,2,0,0,1
35358,2,2,2,4,11,2,2,0,0,1,1,0,2,0,0,1
35359,2,2,2,4,11,2,3,1,1,,,4,2,1,0,1
35360,2,2,2,4,11,3,0,1,1,,,4,2,1,0,1
35361,2,2,2,4,11,3,1,0,0,1,1,0,2,0,0,1
35362,2,2,2,4,11,3,2,0,0,1,1,0,2,0,0,1
35363,2,2,2,4,11,3,3,1,1,,,4,2,1,0,1
35364,2,2,2,4,11,4,0,1,1,,,4,2,1,0,1
35365,2,2,2,4,11,4,1,0,0,1,1,0,2,0,0,1
35366,2,2,2,4,11,4,2,0,0,1,1,0,2,0,0,1
35367,2,2,2,4,11,4,3,1,1,,,4,2,1,0,1
35368,2,2,2,4,11,5,0,1,1,,,4,2,1,0,1
35369,2,2,2,4,11,5,1,0,0,1,1,0,2,0,0,1
35370,2,2,2,4,11,5,2,0,0,1,1,0,2,0,0,1
35371,2,2,2,4,11,5,3,1,1,,,4,2,1,0,1
35372,2,2,2,4,11,6,0,1,1,,,4,2,1,0,1
35373,2,2,2,4,11,6,1,0,0,1,1,0,2,0,0,1
35374,2,2,2,4,11,6,2,0,0,1,1,0,2,0,0,1
35375,2,2,2,4,11,6,3,1,1,,,4,2,1,0,1
35376,2,2,2,4,11,7,0,1,1,,,4,2,1,0,1
35377,2,2,2,4,11,7,1,0,0,1,1,0,2,0,0,1
35378,2,2,2,4,11,7,2,0,0,1,1,0,2,0,0,1
35379,2,2,2,4,11,7,3,1,1,,,4,2,1,0,1
35380,2,2,2,4,11,8,0,1,1,,,4,2,1,0,1
35381,2,2,2,4,11,8,1,0,0,1,1,0,2,0,0,1
35382,2,2,2,4,11,8,2,0,0,1,1,0,2,0,0,1
35383,2,2,2,4,11,8,3,1,1,,,4,2,1,0,1
35384,2,2,2,4,11,9,0,1,1,,,4,2,1,0,1
35385,2,2,2,4,11,9,1,0,0,1,1,0,2,0,0,1
35386,2,2,2,4,11,9,2,0,0,1,1,0,2,0,0,1
35387,2,2,2,4,11,9,3,1,1,,,4,2,1,0,1
35388,2,2,2,4,11,10,0,1,1,,,4,2,1,0,1
35389,2,2,2,4,11,10,1,0,0,1,1,0,2,0,0,1
35390,2,2,2,4,11,10,2,0,0,1,1,0,2,0,0,1
35391,2,2,2,4,11,10,3,1,1,,,4,2,1,0,1
35392,2,2,2,4,11,11,0,1,1,,,4,2,1,0,1
35393,2,2,2,4,11,11,1,0,0,1,1,0,2,0,0,1
35394,2,2,2,4,11,11,2,0,0,1,1,0,2,0,0,1
35395,2,2,2,4,11,11,3,1,1,,,4,2,1,0,1
35396,2,2,2,4,11,12,0,1,1,,,4,2,1,0,1
35397,2,2,2,4,11,12,1,0,0,1,1,0,2,0,0,1
35398,2,2,2,4,11,12,2,0,0,1,1,0,2,0,0,1
35399,2,2,2,4,11,12,3,1,1,,,4,2,1,0,1
35400,2,2,2,4,11,13,0,1,1,,,4,2,1,0,1
35401,2,2,2,4,11,13,1,0,0,1,1,0,2,0,0,1
35402,2,2,2,4,11,13,2,0,0,1,1,0,2,0,0,1
35403,2,2,2,4,11,13,3,1,1,,,4,2,1,0,1
35404,2,2,2,4,11,14,0,1,1,,,4,2,1,0,1
35405,2,2,2,4,11,14,1,0,0,1,1,0,2,0,0,1
35406,2,2,2,4,11,14,2,0,0,1,1,0,2,0,0,1
35407,2,2,2,4,11,14,3,1,1,,,4,2,1,0,1
35408,2,2,2,4,11,15,0,1,1,,,4,2,1,0,1
35409,2,2,2,4,11,15,1,0,0,1,1,0,2,0,0,1
35410,2,2,2,4,11,15,2,0,0,1,1,0,2,0,0,1
35411,2,2,2,4,11,15,3,1,1,,,4,2,1,0,1
35412,2,2,2,4,12,0,0,1,1,,,4,1,1,1,1
35413,2,2,2,4,12,0,1,1,1,,,2,1,1,1,1
35414,2,2,2,4,12,0,2,1,1,,,2,1,1,1,1
35415,2,2,2,4,12,0,3,1,1,,,4,1,1,1,1
35416,2,2,2,4,12,1,0,1,1,,,4,1,1,1,1
35417,2,2,2,4,12,1,1,1,1,,,2,1,1,1,1
35418,2,2,2,4,12,1,2,1,1,,,2,1,1,1,1
35419,2,2,2,4,12,1,3,1,1,,,4,1,1,1,1
35420,2,2,2,4,12,2,0,1,1,,,4,1,1,1,1
35421,2,2,2,4,12,2,1,1,1,,,2,1,1,1,1
35422,2,2,2,4,12,2,2,1,1,,,2,1,1,1,1
35423,2,2,2,4,12,2,3,1,1,,,4,1,1,1,1
35424,2,2,2,4,12,3,0,1,1,,,4,1,1,1,1
35425,2,2,2,4,12,3,1,1,1,,,2,1,1,1,1
35426,2,2,2,4,12,3,2,1,1,,,2,1,1,1,1
35427,2,2,2,4,12,3,3,1,1,,,4,1,1,1,1
35428,2,2,2,4,12,4,0,1,1,,,4,1,1,1,1
35429,2,2,2,4,12,4,1,1,1,,,2,1,1,1,1
35430,2,2,2,4,12,4,2,1,1,,,2,1,1,1,1
35431,2,2,2,4,12,4,3,1,1,,,4,1,1,1,1
35432,2,2,2,4,12,5,0,1,1,,,4,1,1,1,1
35433,2,2,2,4,12,5,1,1,1,,,2,1,1,1,1
35434,2,2,2,4,12,5,2,1,1,,,2,1,1,1,1
35435,2,2,2,4,12,5,3,1,1,,,4,1,1,1,1
35436,2,2,2,4,12,6,0,1,1,,,4,1,1,1,1
35437,2,2,2,4,12,6,1,1,1,,,2,1,1,1,1
35438,2,2,2,4,12,6,2,1,1,,,2,1,1,1,1
35439,2,2,2,4,12,6,3,1,1,,,4,1,1,1,1
35440,2,2,2,4,12,7,0,1,1,,,4,1,1,1,1
35441,2,2,2,4,12,7,1,1,1,,,2,1,1,1,1
35442,2,2,2,4,12,7,2,1,1,,,2,1,1,1,1
35443,2,2,2,4,12,7,3,1,1,,,4,1,1,1,1
35444,2,2,2,4,12,8,0,1,1,,,4,1,1,1,1
35445,2,2,2,4,12,8,1,1,1,,,2,1,1,1,1
35446,2,2,2,4,12,8,2,1,1,,,2,1,1,1,1
35447,2,2,2,4,12,8,3,1,1,,,4,1,1,1,1
35448,2,2,2,4,12,9,0,1,1,,,4,1,1,1,1
35449,2,2,2,4,12,9,1,1,1,,,2,1,1,1,1
35450,2,2,2,4,12,9,2,1,1,,,2,1,1,1,1
35451,2,2,2,4,12,9,3,1,1,,,4,1,1,1,1
35452,2,2,2,4,12,10,0,1,1,,,4,1,1,1,1
35453,2,2,2,4,12,10,1,1,1,,,2,1,1,1,1
35454,2,2,2,4,12,10,2,1,1,,,2,1,1,1,1
35455,2,2,2,4,12,10,3,1,1,,,4,1,1,1,1
35456,2,2,2,4,12,11,0,1,1,,,4,1,1,1,1
35457,2,2,2,4,12,11,1,1,1,,,2,1,1,1,1
35458,2,2,2,4,12,11,2,1,1,,,2,1,1,1,1
35459,2,2,2,4,12,11,3,1,1,,,4,1,1,1,1
35460,2,2,2,4,12,12,0,1,1,,,4,1,1,1,1
35461,2,2,2,4,12,12,1,1,1,,,2,1,1,1,1
35462,2,2,2,4,12,12,2,1,1,,,2,1,1,1,1
35463,2,2,2,4,12,12,3,1,1,,,4,1,1,1,1
35464,2,2,2,4,12,13,0,1,1,,,4,1,1,1,1
35465,2,2,2,4,12,13,1,1,1,,,2,1,1,1,1
35466,2,2,2,4,12,13,2,1,1,,,2,1,1,1,1
35467,2,2,2,4,12,13,3,1,1,,,4,1,1,1,1
35468,2,2,2,4,12,14,0,1,1,,,4,1,1,1,1
35469,2,2,2,4,12,14,1,1,1,,,2,1,1,1,1
35470,2,2,2,4,12,14,2,1,1,,,2,1,1,1,1
35471,2,2,2,4,12,14,3,1,1,,,4,1,1,1,1
35472,2,2,2,4,12,15,0,1,1,,,4,1,1,1,1
35473,2,2,2,4,12,15,1,1,1,,,2,1,1,1,1
35474,2,2,2,4,12,15,2,1,1,,,2,1,1,1,1
35475,2,2,2,4,12,15,3,1,1,,,4,1,1,1,1
35476,2,2,2,4,13,0,0,1,1,,,4,2,1,0,1
35477,2,2,2,4,13,0,1,0,0,1,1,0,2,0,0,1
35478,2,2,2,4,13,0,2,0,0,1,1,0,2,0,0,1
35479,2,2,2,4,13,0,3,1,1,,,4,2,1,0,1
35480,2,2,2,4,13,1,0,1,1,,,4,2,1,0,1
35481,2,2,2,4,13,1,1,0,0,1,1,0,2,0,0,1
35482,2,2,2,4,13,1,2,0,0,1,1,0,2,0,0,1
35483,2,2,2,4,13,1,3,1,1,,,4,2,1,0,1
35484,2,2,2,4,13,2,0,1,1,,,4,2,1,0,1
35485,2,2,2,4,13,2,1,0,0,1,1,0,2,0,0,1
35486,2,2,2,4,13,2,2,0,0,1,1,0,2,0,0,1
35487,2,2,2,4,13,2,3,1,1,,,4,2,1,0,1
35488,2,2,2,4,13,3,0,1,1,,,4,2,1,0,1
35489,2,2,2,4,13,3,1,0,0,1,1,0,2,0,0,1
35490,2,2,2,4,13,3,2,0,0,1,1,0,2,0,0,1
35491,2,2,2,4,13,3,3,1,1,,,4,2,1,0,1
35492,2,2,2,4,13,4,0,1,1,,,4,2,1,0,1
35493,2,2,2,4,13,4,1,0,0,1,1,0,2,0,0,1
35494,2,2,2,4,13,4,2,0,0,1,1,0,2,0,0,1
35495,2,2,2,4,13,4,3,1,1,,,4,2,1,0,1
35496,2,2,2,4,13,5,0,1,1,,,4,2,1,0,1
35497,2,2,2,4,13,5,1,0,0,1,1,0,2,0,0,1
35498,2,2,2,4,13,5,2,0,0,1,1,0,2,0,0,1
35499,2,2,2,4,13,5,3,1,1,,,4,2,1,0,1
35500,2,2,2,4,13,6,0,1,1,,,4,2,1,0,1
35501,2,2,2,4,13,6,1,0,0,1,1,0,2,0,0,1
35502,2,2,2,4,13,6,2,0,0,1,1,0,2,0,0,1
35503,2,2,2,4,13,6,3,1,1,,,4,2,1,0,1
35504,2,2,2,4,13,7,0,1,1,,,4,2,1,0,1
35505,2,2,2,4,13,7,1,0,0,1,1,0,2,0,0,1
35506,2,2,2,4,13,7,2,0,0,1,1,0,2,0,0,1
35507,2,2,2,4,13,7,3,1,1,,,4,2,1,0,1
35508,2,2,2,4,13,8,0,1,1,,,4,2,1,0,1
35509,2,2,2,4,13,8,1,0,0,1,1,0,2,0,0,1
35510,2,2,2,4,13,8,2,0,0,1,1,0,2,0,0,1
35511,2,2,2,4,13,8,3,1,1,,,4,2,1,0,1
35512,2,2,2,4,13,9,0,1,1,,,4,2,1,0,1
35513,2,2,2,4,13,9,1,0,0,1,1,0,2,0,0,1
35514,2,2,2,4,13,9,2,0,0,1,1,0,2,0,0,1
35515,2,2,2,4,13,9,3,1,1,,,4,2,1,0,1
35516,2,2,2,4,13,10,0,1,1,,,4,2,1,0,1
35517,2,2,2,4,13,10,1,0,0,1,1,0,2,0,0,1
35518,2,2,2,4,13,10,2,0,0,1,1,0,2,0,0,1
35519,2,2,2,4,13,10,3,1,1,,,4,2,1,0,1
35520,2,2,2,4,13,11,0,1,1,,,4,2,1,0,1
35521,2,2,2,4,13,11,1,0,0,1,1,0,2,0,0,1
35522,2,2,2,4,13,11,2,0,0,1,1,0,2,0,0,1
35523,2,2,2,4,13,11,3,1,1,,,4,2,1,0,1
35524,2,2,2,4,13,12,0,1,1,,,4,2,1,0,1
35525,2,2,2,4,13,12,1,0,0,1,1,0,2,0,0,1
35526,2,2,2,4,13,12,2,0,0,1,1,0,2,0,0,1
35527,2,2,2,4,13,12,3,1,1,,,4,2,1,0,1
35528,2,2,2,4,13,13,0,1,1,,,4,2,1,0,1
35529,2,2,2,4,13,13,1,0,0,1,1,0,2,0,0,1
35530,2,2,2,4,13,13,2,0,0,1,1,0,2,0,0,1
35531,2,2,2,4,13,13,3,1,1,,,4,2,1,0,1
35532,2,2,2,4,13,14,0,1,1,,,4,2,1,0,1
35533,2,2,2,4,13,14,1,0,0,1,1,0,2,0,0,1
35534,2,2,2,4,13,14,2,0,0,1,1,0,2,0,0,1
35535,2,2,2,4,13,14,3,1,1,,,4,2,1,0,1
35536,2,2,2,4,13,15,0,1,1,,,4,2,1,0,1
35537,2,2,2,4,13,15,1,0,0,1,1,0,2,0,0,1
35538,2,2,2,4,13,15,2,0,0,1,1,0,2,0,0,1
35539,2,2,2,4,13,15,3,1,1,,,4,2,1,0,1
35540,2,2,2,4,14,0,0,1,1,,,4,2,1,0,1
35541,2,2,2,4,14,0,1,0,0,1,1,0,2,0,0,1
35542,2,2,2,4,14,0,2,0,0,1,1,0,2,0,0,1
35543,2,2,2,4,14,0,3,1,1,,,4,2,1,0,1
35544,2,2,2,4,14,1,0,1,1,,,4,2,1,0,1
35545,2,2,2,4,14,1,1,0,0,1,1,0,2,0,0,1
35546,2,2,2,4,14,1,2,0,0,1,1,0,2,0,0,1
35547,2,2,2,4,14,1,3,1,1,,,4,2,1,0,1
35548,2,2,2,4,14,2,0,1,1,,,4,2,1,0,1
35549,2,2,2,4,14,2,1,0,0,1,1,0,2,0,0,1
35550,2,2,2,4,14,2,2,0,0,1,1,0,2,0,0,1
35551,2,2,2,4,14,2,3,1,1,,,4,2,1,0,1
35552,2,2,2,4,14,3,0,1,1,,,4,2,1,0,1
35553,2,2,2,4,14,3,1,0,0,1,1,0,2,0,0,1
35554,2,2,2,4,14,3,2,0,0,1,1,0,2,0,0,1
35555,2,2,2,4,14,3,3,1,1,,,4,2,1,0,1
35556,2,2,2,4,14,4,0,1,1,,,4,2,1,0,1
35557,2,2,2,4,14,4,1,0,0,1,1,0,2,0,0,1
35558,2,2,2,4,14,4,2,0,0,1,1,0,2,0,0,1
35559,2,2,2,4,14,4,3,1,1,,,4,2,1,0,1
35560,2,2,2,4,14,5,0,1,1,,,4,2,1,0,1
35561,2,2,2,4,14,5,1,0,0,1,1,0,2,0,0,1
35562,2,2,2,4,14,5,2,0,0,1,1,0,2,0,0,1
35563,2,2,2,4,14,5,3,1,1,,,4,2,1,0,1
35564,2,2,2,4,14,6,0,1,1,,,4,2,1,0,1
35565,2,2,2,4,14,6,1,0,0,1,1,0,2,0,0,1
35566,2,2,2,4,14,6,2,0,0,1,1,0,2,0,0,1
35567,2,2,2,4,14,6,3,1,1,,,4,2,1,0,1
35568,2,2,2,4,14,7,0,1,1,,,4,2,1,0,1
35569,2,2,2,4,14,7,1,0,0,1,1,0,2,0,0,1
35570,2,2,2,4,14,7,2,0,0,1,1,0,2,0,0,1
35571,2,2,2,4,14,7,3,1,1,,,4,2,1,0,1
35572,2,2,2,4,14,8,0,1,1,,,4,2,1,0,1
35573,2,2,2,4,14,8,1,0,0,1,1,0,2,0,0,1
35574,2,2,2,4,14,8,2,0,0,1,1,0,2,0,0,1
35575,2,2,2,4,14,8,3,1,1,,,4,2,1,0,1
35576,2,2,2,4,14,9,0,1,1,,,4,2,1,0,1
35577,2,2,2,4,14,9,1,0,0,1,1,0,2,0,0,1
35578,2,2,2,4,14,9,2,0,0,1,1,0,2,0,0,1
35579,2,2,2,4,14,9,3,1,1,,,4,2,1,0,1
35580,2,2,2,4,14,10,0,1,1,,,4,2,1,0,1
35581,2,2,2,4,14,10,1,0,0,1,1,0,2,0,0,1
35582,2,2,2,4,14,10,2,0,0,1,1,0,2,0,0,1
35583,2,2,2,4,14,10,3,1,1,,,4,2,1,0,1
35584,2,2,2,4,14,11,0,1,1,,,4,2,1,0,1
35585,2,2,2,4,14,11,1,0,0,1,1,0,2,0,0,1
35586,2,2,2,4,14,11,2,0,0,1,1,0,2,0,0,1
35587,2,2,2,4,14,11,3,1,1,,,4,2,1,0,1
35588,2,2,2,4,14,12,0,1,1,,,4,2,1,0,1
35589,2,2,2,4,14,12,1,0,0,1,1,0,2,0,0,1
35590,2,2,2,4,14,12,2,0,0,1,1,0,2,0,0,1
35591,2,2,2,4,14,12,3,1,1,,,4,2,1,0,1
35592,2,2,2,4,14,13,0,1,1,,,4,2,1,0,1
35593,2,2,2,4,14,13,1,0,0,1,1,0,2,0,0,1
35594,2,2,2,4,14,13,2,0,0,1,1,0,2,0,0,1
35595,2,2,2,4,14,13,3,1,1,,,4,2,1,0,1
35596,2,2,2,4,14,14,0,1,1,,,4,2,1,0,1
35597,2,2,2,4,14,14,1,0,0,1,1,0,2,0,0,1
35598,2,2,2,4,14,14,2,0,0,1,1,0,2,0,0,1
35599,2,2,2,4,14,14,3,1,1,,,4,2,1,0,1
35600,2,2,2,4,14,15,0,1,1,,,4,2,1,0,1
35601,2,2,2,4,14,15,1,0,0,1,1,0,2,0,0,1
35602,2,2,2,4,14,15,2,0,0,1,1,0,2,0,0,1
35603,2,2,2,4,14,15,3,1,1,,,4,2,1,0,1
35604,2,2,2,4,15,0,0,1,1,,,4,2,1,0,1
35605,2,2,2,4,15,0,1,0,0,1,1,0,2,0,0,1
35606,2,2,2,4,15,0,2,0,0,1,1,0,2,0,0,1
35607,2,2,2,4,15,0,3,1,1,,,4,2,1,0,1
35608,2,2,2,4,15,1,0,1,1,,,4,2,1,0,1
35609,2,2,2,4,15,1,1,0,0,1,1,0,2,0,0,1
35610,2,2,2,4,15,1,2,0,0,1,1,0,2,0,0,1
35611,2,2,2,4,15,1,3,1,1,,,4,2,1,0,1
35612,2,2,2,4,15,2,0,1,1,,,4,2,1,0,1
35613,2,2,2,4,15,2,1,0,0,1,1,0,2,0,0,1
35614,2,2,2,4,15,2,2,0,0,1,1,0,2,0,0,1
35615,2,2,2,4,15,2,3,1,1,,,4,2,1,0,1
35616,2,2,2,4,15,3,0,1,1,,,4,2,1,0,1
35617,2,2,2,4,15,3,1,0,0,1,1,0,2,0,0,1
35618,2,2,2,4,15,3,2,0,0,1,1,0,2,0,0,1
35619,2,2,2,4,15,3,3,1,1,,,4,2,1,0,1
35620,2,2,2,4,15,4,0,1,1,,,4,2,1,0,1
35621,2,2,2,4,15,4,1,0,0,1,1,0,2,0,0,1
35622,2,2,2,4,15,4,2,0,0,1,1,0,2,0,0,1
35623,2,2,2,4,15,4,3,1,1,,,4,2,1,0,1
35624,2,2,2,4,15,5,0,1,1,,,4,2,1,0,1
35625,2,2,2,4,15,5,1,0,0,1,1,0,2,0,0,1
35626,2,2,2,4,15,5,2,0,0,1,1,0,2,0,0,1
35627,2,2,2,4,15,5,3,1,1,,,4,2,1,0,1
35628,2,2,2,4,15,6,0,1,1,,,4,2,1,0,1
35629,2,2,2,4,15,6,1,0,0,1,1,0,2,0,0,1
35630,2,2,2,4,15,6,2,0,0,1,1,0,2,0,0,1
35631,2,2,2,4,15,6,3,1,1,,,4,2,1,0,1
35632,2,2,2,4,15,7,0,1,1,,,4,2,1,0,1
35633,2,2,2,4,15,7,1,0,0,1,1,0,2,0,0,1
35634,2,2,2,4,15,7,2,0,0,1,1,0,2,0,0,1
35635,2,2,2,4,15,7,3,1,1,,,4,2,1,0,1
35636,2,2,2,4,15,8,0,1,1,,,4,2,1,0,1
35637,2,2,2,4,15,8,1,0,0,1,1,0,2,0,0,1
35638,2,2,2,4,15,8,2,0,0,1,1,0,2,0,0,1
35639,2,2,2,4,15,8,3,1,1,,,4,2,1,0,1
35640,2,2,2,4,15,9,0,1,1,,,4,2,1,0,1
35641,2,2,2,4,15,9,1,0,0,1,1,0,2,0,0,1
35642,2,2,2,4,15,9,2,0,0,1,1,0,2,0,0,1
35643,2,2,2,4,15,9,3,1,1,,,4,2,1,0,1
35644,2,2,2,4,15,10,0,1,1,,,4,2,1,0,1
35645,2,2,2,4,15,10,1,0,0,1,1,0,2,0,0,1
35646,2,2,2,4,15,10,2,0,0,1,1,0,2,0,0,1
35647,2,2,2,4,15,10,3,1,1,,,4,2,1,0,1
35648,2,2,2,4,15,11,0,1,1,,,4,2,1,0,1
35649,2,2,2,4,15,11,1,0,0,1,1,0,2,0,0,1
35650,2,2,2,4,15,11,2,0,0,1,1,0,2,0,0,1
35651,2,2,2,4,15,11,3,1,1,,,4,2,1,0,1
35652,2,2,2,4,15,12,0,1,1,,,4,2,1,0,1
35653,2,2,2,4,15,12,1,0,0,1,1,0,2,0,0,1
35654,2,2,2,4,15,12,2,0,0,1,1,0,2,0,0,1
35655,2,2,2,4,15,12,3,1,1,,,4,2,1,0,1
35656,2,2,2,4,15,13,0,1,1,,,4,2,1,0,1
35657,2,2,2,4,15,13,1,0,0,1,1,0,2,0,0,1
35658,2,2,2,4,15,13,2,0,0,1,1,0,2,0,0,1
35659,2,2,2,4,15,13,3,1,1,,,4,2,1,0,1
35660,2,2,2,4,15,14,0,1,1,,,4,2,1,0,1
35661,2,2,2,4,15,14,1,0,0,1,1,0,2,0,0,1
35662,2,2,2,4,15,14,2,0,0,1,1,0,2,0,0,1
35663,2,2,2,4,15,14,3,1,1,,,4,2,1,0,1
35664,2,2,2,4,15,15,0,1,1,,,4,2,1,0,1
35665,2,2,2,4,15,15,1,0,0,1,1,0,2,0,0,1
35666,2,2,2,4,15,15,2,0,0,1,1,0,2,0,0,1
35667,2,2,2,4,15,15,3,1,1,,,4,2,1,0,1
35668,2,2,2,5,0,0,0,1,1,,,4,2,1,1,1
35669,2,2,2,5,0,0,1,1,1,,,1,2,1,1,1
35670,2,2,2,5,0,0,2,1,1,,,1,2,1,1,1
35671,2,2,2,5,0,0,3,1,1,,,4,2,1,1,1
35672,2,2,2,5,0,1,0,1,1,,,4,2,1,1,1
35673,2,2,2,5,0,1,1,1,1,,,1,2,1,1,1
35674,2,2,2,5,0,1,2,1,1,,,1,2,1,1,1
35675,2,2,2,5,0,1,3,1,1,,,4,2,1,1,1
35676,2,2,2,5,0,2,0,1,1,,,4,2,1,1,1
35677,2,2,2,5,0,2,1,1,1,,,1,2,1,1,1
35678,2,2,2,5,0,2,2,1,1,,,1,2,1,1,1
35679,2,2,2,5,0,2,3,1,1,,,4,2,1,1,1
35680,2,2,2,5,0,3,0,1,1,,,4,2,1,1,1
35681,2,2,2,5,0,3,1,1,1,,,1,2,1,1,1
35682,2,2,2,5,0,3,2,1,1,,,1,2,1,1,1
35683,2,2,2,5,0,3,3,1,1,,,4,2,1,1,1
35684,2,2,2,5,0,4,0,1,1,,,4,2,1,1,1
35685,2,2,2,5,0,4,1,1,1,,,1,2,1,1,1
35686,2,2,2,5,0,4,2,1,1,,,1,2,1,1,1
35687,2,2,2,5,0,4,3,1,1,,,4,2,1,1,1
35688,2,2,2,5,0,5,0,1,1,,,4,2,1,1,1
35689,2,2,2,5,0,5,1,1,1,,,1,2,1,1,1
35690,2,2,2,5,0,5,2,1,1,,,1,2,1,1,1
35691,2,2,2,5,0,5,3,1,1,,,4,2,1,1,1
35692,2,2,2,5,0,6,0,1,1,,,4,2,1,1,1
35693,2,2,2,5,0,6,1,1,1,,,1,2,1,1,1
35694,2,2,2,5,0,6,2,1,1,,,1,2,1,1,1
35695,2,2,2,5,0,6,3,1,1,,,4,2,1,1,1
35696,2,2,2,5,0,7,0,1,1,,,4,2,1,1,1
35697,2,2,2,5,0,7,1,1,1,,,1,2,1,1,1
35698,2,2,2,5,0,7,2,1,1,,,1,2,1,1,1
35699,2,2,2,5,0,7,3,1,1,,,4,2,1,1,1
35700,2,2,2,5,0,8,0,1,1,,,4,2,1,1,1
35701,2,2,2,5,0,8,1,1,1,,,1,2,1,1,1
35702,2,2,2,5,0,8,2,1,1,,,1,2,1,1,1
35703,2,2,2,5,0,8,3,1,1,,,4,2,1,1,1
35704,2,2,2,5,0,9,0,1,1,,,4,2,1,1,1
35705,2,2,2,5,0,9,1,1,1,,,1,2,1,1,1
35706,2,2,2,5,0,9,2,1,1,,,1,2,1,1,1
35707,2,2,2,5,0,9,3,1,1,,,4,2,1,1,1
35708,2,2,2,5,0,10,0,1,1,,,4,2,1,1,1
35709,2,2,2,5,0,10,1,1,1,,,1,2,1,1,1
35710,2,2,2,5,0,10,2,1,1,,,1,2,1,1,1
35711,2,2,2,5,0,10,3,1,1,,,4,2,1,1,1
35712,2,2,2,5,0,11,0,1,1,,,4,2,1,1,1
35713,2,2,2,5,0,11,1,1,1,,,1,2,1,1,1
35714,2,2,2,5,0,11,2,1,1,,,1,2,1,1,1
35715,2,2,2,5,0,11,3,1,1,,,4,2,1,1,1
35716,2,2,2,5,0,12,0,1,1,,,4,2,1,1,1
35717,2,2,2,5,0,12,1,1,1,,,1,2,1,1,1
35718,2,2,2,5,0,12,2,1,1,,,1,2,1,1,1
35719,2,2,2,5,0,12,3,1,1,,,4,2,1,1,1
35720,2,2,2,5,0,13,0,1,1,,,4,2,1,1,1
35721,2,2,2,5,0,13,1,1,1,,,1,2,1,1,1
35722,2,2,2,5,0,13,2,1,1,,,1,2,1,1,1
35723,2,2,2,5,0,13,3,1,1,,,4,2,1,1,1
35724,2,2,2,5,0,14,0,1,1,,,4,2,1,1,1
35725,2,2,2,5,0,14,1,1,1,,,1,2,1,1,1
35726,2,2,2,5,0,14,2,1,1,,,1,2,1,1,1
35727,2,2,2,5,0,14,3,1,1,,,4,2,1,1,1
35728,2,2,2,5,0,15,0,1,1,,,4,2,1,1,1
35729,2,2,2,5,0,15,1,1,1,,,1,2,1,1,1
35730,2,2,2,5,0,15,2,1,1,,,1,2,1,1,1
35731,2,2,2,5,0,15,3,1,1,,,4,2,1,1,1
35732,2,2,2,5,1,0,0,1,1,,,4,3,1,0,1
35733,2,2,2,5,1,0,1,0,0,3,3,0,3,0,0,1
35734,2,2,2,5,1,0,2,0,0,3,3,0,3,0,0,1
35735,2,2,2,5,1,0,3,1,1,,,4,3,1,0,1
35736,2,2,2,5,1,1,0,1,1,,,4,3,1,0,1
35737,2,2,2,5,1,1,1,0,0,3,3,0,3,0,0,1
35738,2,2,2,5,1,1,2,0,0,3,3,0,3,0,0,1
35739,2,2,2,5,1,1,3,1,1,,,4,3,1,0,1
35740,2,2,2,5,1,2,0,1,1,,,4,3,1,0,1
35741,2,2,2,5,1,2,1,0,0,3,3,0,3,0,0,1
35742,2,2,2,5,1,2,2,0,0,3,3,0,3,0,0,1
35743,2,2,2,5,1,2,3,1,1,,,4,3,1,0,1
35744,2,2,2,5,1,3,0,1,1,,,4,3,1,0,1
35745,2,2,2,5,1,3,1,0,0,3,3,0,3,0,0,1
35746,2,2,2,5,1,3,2,0,0,3,3,0,3,0,0,1
35747,2,2,2,5,1,3,3,1,1,,,4,3,1,0,1
35748,2,2,2,5,1,4,0,1,1,,,4,3,1,0,1
35749,2,2,2,5,1,4,1,0,0,3,3,0,3,0,0,1
35750,2,2,2,5,1,4,2,0,0,3,3,0,3,0,0,1
35751,2,2,2,5,1,4,3,1,1,,,4,3,1,0,1
35752,2,2,2,5,1,5,0,1,1,,,4,3,1,0,1
35753,2,2,2,5,1,5,1,0,0,3,3,0,3,0,0,1
35754,2,2,2,5,1,5,2,0,0,3,3,0,3,0,0,1
35755,2,2,2,5,1,5,3,1,1,,,4,3,1,0,1
35756,2,2,2,5,1,6,0,1,1,,,4,3,1,0,1
35757,2,2,2,5,1,6,1,0,0,3,3,0,3,0,0,1
35758,2,2,2,5,1,6,2,0,0,3,3,0,3,0,0,1
35759,2,2,2,5,1,6,3,1,1,,,4,3,1,0,1
35760,2,2,2,5,1,7,0,1,1,,,4,3,1,0,1
35761,2,2,2,5,1,7,1,0,0,3,3,0,3,0,0,1
35762,2,2,2,5,1,7,2,0,0,3,3,0,3,0,0,1
35763,2,2,2,5,1,7,3,1,1,,,4,3,1,0,1
35764,2,2,2,5,1,8,0,1,1,,,4,3,1,0,1
35765,2,2,2,5,1,8,1,0,0,3,3,0,3,0,0,1
35766,2,2,2,5,1,8,2,0,0,3,3,0,3,0,0,1
35767,2,2,2,5,1,8,3,1,1,,,4,3,1,0,1
35768,2,2,2,5,1,9,0,1,1,,,4,3,1,0,1
35769,2,2,2,5,1,9,1,0,0,3,3,0,3,0,0,1
35770,2,2,2,5,1,9,2,0,0,3,3,0,3,0,0,1
35771,2,2,2,5,1,9,3,1,1,,,4,3,1,0,1
35772,2,2,2,5,1,10,0,1,1,,,4,3,1,0,1
35773,2,2,2,5,1,10,1,0,0,3,3,0,3,0,0,1
35774,2,2,2,5,1,10,2,0,0,3,3,0,3,0,0,1
35775,2,2,2,5,1,10,3,1,1,,,4,3,1,0,1
35776,2,2,2,5,1,11,0,1,1,,,4,3,1,0,1
35777,2,2,2,5,1,11,1,0,0,3,3,0,3,0,0,1
35778,2,2,2,5,1,11,2,0,0,3,3,0,3,0,0,1
35779,2,2,2,5,1,11,3,1,1,,,4,3,1,0,1
35780,2,2,2,5,1,12,0,1,1,,,4,3,1,0,1
35781,2,2,2,5,1,12,1,0,0,3,3,0,3,0,0,1
35782,2,2,2,5,1,12,2,0,0,3,3,0,3,0,0,1
35783,2,2,2,5,1,12,3,1,1,,,4,3,1,0,1
35784,2,2,2,5,1,13,0,1,1,,,4,3,1,0,1
35785,2,2,2,5,1,13,1,0,0,3,3,0,3,0,0,1
35786,2,2,2,5,1,13,2,0,0,3,3,0,3,0,0,1
35787,2,2,2,5,1,13,3,1,1,,,4,3,1,0,1
35788,2,2,2,5,1,14,0,1,1,,,4,3,1,0,1
35789,2,2,2,5,1,14,1,0,0,3,3,0,3,0,0,1
35790,2,2,2,5,1,14,2,0,0,3,3,0,3,0,0,1
35791,2,2,2,5,1,14,3,1,1,,,4,3,1,0,1
35792,2,2,2,5,1,15,0,1,1,,,4,3,1,0,1
35793,2,2,2,5,1,15,1,0,0,3,3,0,3,0,0,1
35794,2,2,2,5,1,15,2,0,0,3,3,0,3,0,0,1
35795,2,2,2,5,1,15,3,1,1,,,4,3,1,0,1
35796,2,2,2,5,2,0,0,1,1,,,4,3,1,0,1
35797,2,2,2,5,2,0,1,0,0,1,1,0,3,0,0,1
35798,2,2,2,5,2,0,2,0,0,1,1,0,3,0,0,1
35799,2,2,2,5,2,0,3,1,1,,,4,3,1,0,1
35800,2,2,2,5,2,1,0,1,1,,,4,3,1,0,1
35801,2,2,2,5,2,1,1,0,0,1,1,0,3,0,0,1
35802,2,2,2,5,2,1,2,0,0,1,1,0,3,0,0,1
35803,2,2,2,5,2,1,3,1,1,,,4,3,1,0,1
35804,2,2,2,5,2,2,0,1,1,,,4,3,1,0,1
35805,2,2,2,5,2,2,1,0,0,1,1,0,3,0,0,1
35806,2,2,2,5,2,2,2,0,0,1,1,0,3,0,0,1
35807,2,2,2,5,2,2,3,1,1,,,4,3,1,0,1
35808,2,2,2,5,2,3,0,1,1,,,4,3,1,0,1
35809,2,2,2,5,2,3,1,0,0,1,1,0,3,0,0,1
35810,2,2,2,5,2,3,2,0,0,1,1,0,3,0,0,1
35811,2,2,2,5,2,3,3,1,1,,,4,3,1,0,1
35812,2,2,2,5,2,4,0,1,1,,,4,3,1,0,1
35813,2,2,2,5,2,4,1,0,0,1,1,0,3,0,0,1
35814,2,2,2,5,2,4,2,0,0,1,1,0,3,0,0,1
35815,2,2,2,5,2,4,3,1,1,,,4,3,1,0,1
35816,2,2,2,5,2,5,0,1,1,,,4,3,1,0,1
35817,2,2,2,5,2,5,1,0,0,1,1,0,3,0,0,1
35818,2,2,2,5,2,5,2,0,0,1,1,0,3,0,0,1
35819,2,2,2,5,2,5,3,1,1,,,4,3,1,0,1
35820,2,2,2,5,2,6,0,1,1,,,4,3,1,0,1
35821,2,2,2,5,2,6,1,0,0,1,1,0,3,0,0,1
35822,2,2,2,5,2,6,2,0,0,1,1,0,3,0,0,1
35823,2,2,2,5,2,6,3,1,1,,,4,3,1,0,1
35824,2,2,2,5,2,7,0,1,1,,,4,3,1,0,1
35825,2,2,2,5,2,7,1,0,0,1,1,0,3,0,0,1
35826,2,2,2,5,2,7,2,0,0,1,1,0,3,0,0,1
35827,2,2,2,5,2,7,3,1,1,,,4,3,1,0,1
35828,2,2,2,5,2,8,0,1,1,,,4,3,1,0,1
35829,2,2,2,5,2,8,1,0,0,1,1,0,3,0,0,1
35830,2,2,2,5,2,8,2,0,0,1,1,0,3,0,0,1
35831,2,2,2,5,2,8,3,1,1,,,4,3,1,0,1
35832,2,2,2,5,2,9,0,1,1,,,4,3,1,0,1
35833,2,2,2,5,2,9,1,0,0,1,1,0,3,0,0,1
35834,2,2,2,5,2,9,2,0,0,1,1,0,3,0,0,1
35835,2,2,2,5,2,9,3,1,1,,,4,3,1,0,1
35836,2,2,2,5,2,10,0,1,1,,,4,3,1,0,1
35837,2,2,2,5,2,10,1,0,0,1,1,0,3,0,0,1
35838,2,2,2,5,2,10,2,0,0,1,1,0,3,0,0,1
35839,2,2,2,5,2,10,3,1,1,,,4,3,1,0,1
35840,2,2,2,5,2,11,0,1,1,,,4,3,1,0,1
35841,2,2,2,5,2,11,1,0,0,1,1,0,3,0,0,1
35842,2,2,2,5,2,11,2,0,0,1,1,0,3,0,0,1
35843,2,2,2,5,2,11,3,1,1,,,4,3,1,0,1
35844,2,2,2,5,2,12,0,1,1,,,4,3,1,0,1
35845,2,2,2,5,2,12,1,0,0,1,1,0,3,0,0,1
35846,2,2,2,5,2,12,2,0,0,1,1,0,3,0,0,1
35847,2,2,2,5,2,12,3,1,1,,,4,3,1,0,1
35848,2,2,2,5,2,13,0,1,1,,,4,3,1,0,1
35849,2,2,2,5,2,13,1,0,0,1,1,0,3,0,0,1
35850,2,2,2,5,2,13,2,0,0,1,1,0,3,0,0,1
35851,2,2,2,5,2,13,3,1,1,,,4,3,1,0,1
35852,2,2,2,5,2,14,0,1,1,,,4,3,1,0,1
35853,2,2,2,5,2,14,1,0,0,1,1,0,3,0,0,1
35854,2,2,2,5,2,14,2,0,0,1,1,0,3,0,0,1
35855,2,2,2,5,2,14,3,1,1,,,4,3,1,0,1
35856,2,2,2,5,2,15,0,1,1,,,4,3,1,0,1
35857,2,2,2,5,2,15,1,0,0,1,1,0,3,0,0,1
35858,2,2,2,5,2,15,2,0,0,1,1,0,3,0,0,1
35859,2,2,2,5,2,15,3,1,1,,,4,3,1,0,1
35860,2,2,2,5,3,0,0,1,1,,,4,4,1,0,1
35861,2,2,2,5,3,0,1,0,0,1,1,0,4,0,0,1
35862,2,2,2,5,3,0,2,0,0,1,1,0,4,0,0,1
35863,2,2,2,5,3,0,3,1,1,,,4,4,1,0,1
35864,2,2,2,5,3,1,0,1,1,,,4,4,1,0,1
35865,2,2,2,5,3,1,1,0,0,1,1,0,4,0,0,1
35866,2,2,2,5,3,1,2,0,0,1,1,0,4,0,0,1
35867,2,2,2,5,3,1,3,1,1,,,4,4,1,0,1
35868,2,2,2,5,3,2,0,1,1,,,4,4,1,0,1
35869,2,2,2,5,3,2,1,0,0,1,1,0,4,0,0,1
35870,2,2,2,5,3,2,2,0,0,1,1,0,4,0,0,1
35871,2,2,2,5,3,2,3,1,1,,,4,4,1,0,1
35872,2,2,2,5,3,3,0,1,1,,,4,4,1,0,1
35873,2,2,2,5,3,3,1,0,0,1,1,0,4,0,0,1
35874,2,2,2,5,3,3,2,0,0,1,1,0,4,0,0,1
35875,2,2,2,5,3,3,3,1,1,,,4,4,1,0,1
35876,2,2,2,5,3,4,0,1,1,,,4,4,1,0,1
35877,2,2,2,5,3,4,1,0,0,1,1,0,4,0,0,1
35878,2,2,2,5,3,4,2,0,0,1,1,0,4,0,0,1
35879,2,2,2,5,3,4,3,1,1,,,4,4,1,0,1
35880,2,2,2,5,3,5,0,1,1,,,4,4,1,0,1
35881,2,2,2,5,3,5,1,0,0,1,1,0,4,0,0,1
35882,2,2,2,5,3,5,2,0,0,1,1,0,4,0,0,1
35883,2,2,2,5,3,5,3,1,1,,,4,4,1,0,1
35884,2,2,2,5,3,6,0,1,1,,,4,4,1,0,1
35885,2,2,2,5,3,6,1,0,0,1,1,0,4,0,0,1
35886,2,2,2,5,3,6,2,0,0,1,1,0,4,0,0,1
35887,2,2,2,5,3,6,3,1,1,,,4,4,1,0,1
35888,2,2,2,5,3,7,0,1,1,,,4,4,1,0,1
35889,2,2,2,5,3,7,1,0,0,1,1,0,4,0,0,1
35890,2,2,2,5,3,7,2,0,0,1,1,0,4,0,0,1
35891,2,2,2,5,3,7,3,1,1,,,4,4,1,0,1
35892,2,2,2,5,3,8,0,1,1,,,4,4,1,0,1
35893,2,2,2,5,3,8,1,0,0,1,1,0,4,0,0,1
35894,2,2,2,5,3,8,2,0,0,1,1,0,4,0,0,1
35895,2,2,2,5,3,8,3,1,1,,,4,4,1,0,1
35896,2,2,2,5,3,9,0,1,1,,,4,4,1,0,1
35897,2,2,2,5,3,9,1,0,0,1,1,0,4,0,0,1
35898,2,2,2,5,3,9,2,0,0,1,1,0,4,0,0,1
35899,2,2,2,5,3,9,3,1,1,,,4,4,1,0,1
35900,2,2,2,5,3,10,0,1,1,,,4,4,1,0,1
35901,2,2,2,5,3,10,1,0,0,1,1,0,4,0,0,1
35902,2,2,2,5,3,10,2,0,0,1,1,0,4,0,0,1
35903,2,2,2,5,3,10,3,1,1,,,4,4,1,0,1
35904,2,2,2,5,3,11,0,1,1,,,4,4,1,0,1
35905,2,2,2,5,3,11,1,0,0,1,1,0,4,0,0,1
35906,2,2,2,5,3,11,2,0,0,1,1,0,4,0,0,1
35907,2,2,2,5,3,11,3,1,1,,,4,4,1,0,1
35908,2,2,2,5,3,12,0,1,1,,,4,4,1,0,1
35909,2,2,2,5,3,12,1,0,0,1,1,0,4,0,0,1
35910,2,2,2,5,3,12,2,0,0,1,1,0,4,0,0,1
35911,2,2,2,5,3,12,3,1,1,,,4,4,1,0,1
35912,2,2,2,5,3,13,0,1,1,,,4,4,1,0,1
35913,2,2,2,5,3,13,1,0,0,1,1,0,4,0,0,1
35914,2,2,2,5,3,13,2,0,0,1,1,0,4,0,0,1
35915,2,2,2,5,3,13,3,1,1,,,4,4,1,0,1
35916,2,2,2,5,3,14,0,1,1,,,4,4,1,0,1
35917,2,2,2,5,3,14,1,0,0,1,1,0,4,0,0,1
35918,2,2,2,5,3,14,2,0,0,1,1,0,4,0,0,1
35919,2,2,2,5,3,14,3,1,1,,,4,4,1,0,1
35920,2,2,2,5,3,15,0,1,1,,,4,4,1,0,1
35921,2,2,2,5,3,15,1,0,0,1,1,0,4,0,0,1
35922,2,2,2,5,3,15,2,0,0,1,1,0,4,0,0,1
35923,2,2,2,5,3,15,3,1,1,,,4,4,1,0,1
35924,2,2,2,5,4,0,0,1,1,,,4,2,1,1,1
35925,2,2,2,5,4,0,1,1,1,,,1,2,1,1,1
35926,2,2,2,5,4,0,2,1,1,,,1,2,1,1,1
35927,2,2,2,5,4,0,3,1,1,,,4,2,1,1,1
35928,2,2,2,5,4,1,0,1,1,,,4,2,1,1,1
35929,2,2,2,5,4,1,1,1,1,,,1,2,1,1,1
35930,2,2,2,5,4,1,2,1,1,,,1,2,1,1,1
35931,2,2,2,5,4,1,3,1,1,,,4,2,1,1,1
35932,2,2,2,5,4,2,0,1,1,,,4,2,1,1,1
35933,2,2,2,5,4,2,1,1,1,,,1,2,1,1,1
35934,2,2,2,5,4,2,2,1,1,,,1,2,1,1,1
35935,2,2,2,5,4,2,3,1,1,,,4,2,1,1,1
35936,2,2,2,5,4,3,0,1,1,,,4,2,1,1,1
35937,2,2,2,5,4,3,1,1,1,,,1,2,1,1,1
35938,2,2,2,5,4,3,2,1,1,,,1,2,1,1,1
35939,2,2,2,5,4,3,3,1,1,,,4,2,1,1,1
35940,2,2,2,5,4,4,0,1,1,,,4,2,1,1,1
35941,2,2,2,5,4,4,1,1,1,,,1,2,1,1,1
35942,2,2,2,5,4,4,2,1,1,,,1,2,1,1,1
35943,2,2,2,5,4,4,3,1,1,,,4,2,1,1,1
35944,2,2,2,5,4,5,0,1,1,,,4,2,1,1,1
35945,2,2,2,5,4,5,1,1,1,,,1,2,1,1,1
35946,2,2,2,5,4,5,2,1,1,,,1,2,1,1,1
35947,2,2,2,5,4,5,3,1,1,,,4,2,1,1,1
35948,2,2,2,5,4,6,0,1,1,,,4,2,1,1,1
35949,2,2,2,5,4,6,1,1,1,,,1,2,1,1,1
35950,2,2,2,5,4,6,2,1,1,,,1,2,1,1,1
35951,2,2,2,5,4,6,3,1,1,,,4,2,1,1,1
35952,2,2,2,5,4,7,0,1,1,,,4,2,1,1,1
35953,2,2,2,5,4,7,1,1,1,,,1,2,1,1,1
35954,2,2,2,5,4,7,2,1,1,,,1,2,1,1,1
35955,2,2,2,5,4,7,3,1,1,,,4,2,1,1,1
35956,2,2,2,5,4,8,0,1,1,,,4,2,1,1,1
35957,2,2,2,5,4,8,1,1,1,,,1,2,1,1,1
35958,2,2,2,5,4,8,2,1,1,,,1,2,1,1,1
35959,2,2,2,5,4,8,3,1,1,,,4,2,1,1,1
35960,2,2,2,5,4,9,0,1,1,,,4,2,1,1,1
35961,2,2,2,5,4,9,1,1,1,,,1,2,1,1,1
35962,2,2,2,5,4,9,2,1,1,,,1,2,1,1,1
35963,2,2,2,5,4,9,3,1,1,,,4,2,1,1,1
35964,2,2,2,5,4,10,0,1,1,,,4,2,1,1,1
35965,2,2,2,5,4,10,1,1,1,,,1,2,1,1,1
35966,2,2,2,5,4,10,2,1,1,,,1,2,1,1,1
35967,2,2,2,5,4,10,3,1,1,,,4,2,1,1,1
35968,2,2,2,5,4,11,0,1,1,,,4,2,1,1,1
35969,2,2,2,5,4,11,1,1,1,,,1,2,1,1,1
35970,2,2,2,5,4,11,2,1,1,,,1,2,1,1,1
35971,2,2,2,5,4,11,3,1,1,,,4,2,1,1,1
35972,2,2,2,5,4,12,0,1,1,,,4,2,1,1,1
35973,2,2,2,5,4,12,1,1,1,,,1,2,1,1,1
35974,2,2,2,5,4,12,2,1,1,,,1,2,1,1,1
35975,2,2,2,5,4,12,3,1,1,,,4,2,1,1,1
35976,2,2,2,5,4,13,0,1,1,,,4,2,1,1,1
35977,2,2,2,5,4,13,1,1,1,,,1,2,1,1,1
35978,2,2,2,5,4,13,2,1,1,,,1,2,1,1,1
35979,2,2,2,5,4,13,3,1,1,,,4,2,1,1,1
35980,2,2,2,5,4,14,0,1,1,,,4,2,1,1,1
35981,2,2,2,5,4,14,1,1,1,,,1,2,1,1,1
35982,2,2,2,5,4,14,2,1,1,,,1,2,1,1,1
35983,2,2,2,5,4,14,3,1,1,,,4,2,1,1,1
35984,2,2,2,5,4,15,0,1,1,,,4,2,1,1,1
35985,2,2,2,5,4,15,1,1,1,,,1,2,1,1,1
35986,2,2,2,5,4,15,2,1,1,,,1,2,1,1,1
35987,2,2,2,5,4,15,3,1,1,,,4,2,1,1,1
35988,2,2,2,5,5,0,0,1,1,,,4,2,1,1,1
35989,2,2,2,5,5,0,1,1,1,,,1,2,1,1,1
35990,2,2,2,5,5,0,2,1,1,,,1,2,1,1,1
35991,2,2,2,5,5,0,3,1,1,,,4,2,1,1,1
35992,2,2,2,5,5,1,0,1,1,,,4,2,1,1,1
35993,2,2,2,5,5,1,1,1,1,,,1,2,1,1,1
35994,2,2,2,5,5,1,2,1,1,,,1,2,1,1,1
35995,2,2,2,5,5,1,3,1,1,,,4,2,1,1,1
35996,2,2,2,5,5,2,0,1,1,,,4,2,1,1,1
35997,2,2,2,5,5,2,1,1,1,,,1,2,1,1,1
35998,2,2,2,5,5,2,2,1,1,,,1,2,1,1,1
35999,2,2,2,5,5,2,3,1,1,,,4,2,1,1,1
