case,alphabet,retained_states,target_states,retained_table,history_table,future_table,output_code,admissible,oracle_admissible,minimum_cost,oracle_minimum_cost,oracle_migration_maps,reachable_pairs,current_only,state_equality,certificate_valid
18000,1,2,3,2,0,21,6,1,1,,,3,1,1,1,1
18001,1,2,3,2,0,21,7,1,1,,,9,1,1,1,1
18002,1,2,3,2,0,22,0,1,1,,,9,1,1,1,1
18003,1,2,3,2,0,22,1,1,1,,,3,1,1,1,1
18004,1,2,3,2,0,22,2,1,1,,,3,1,1,1,1
18005,1,2,3,2,0,22,3,1,1,,,6,1,1,1,1
18006,1,2,3,2,0,22,4,1,1,,,6,1,1,1,1
18007,1,2,3,2,0,22,5,1,1,,,3,1,1,1,1
18008,1,2,3,2,0,22,6,1,1,,,3,1,1,1,1
18009,1,2,3,2,0,22,7,1,1,,,9,1,1,1,1
18010,1,2,3,2,0,23,0,1,1,,,9,1,1,1,1
18011,1,2,3,2,0,23,1,1,1,,,3,1,1,1,1
18012,1,2,3,2,0,23,2,1,1,,,6,1,1,1,1
18013,1,2,3,2,0,23,3,1,1,,,3,1,1,1,1
18014,1,2,3,2,0,23,4,1,1,,,3,1,1,1,1
18015,1,2,3,2,0,23,5,1,1,,,6,1,1,1,1
18016,1,2,3,2,0,23,6,1,1,,,3,1,1,1,1
18017,1,2,3,2,0,23,7,1,1,,,9,1,1,1,1
18018,1,2,3,2,0,24,0,1,1,,,9,1,1,1,1
18019,1,2,3,2,0,24,1,1,1,,,3,1,1,1,1
18020,1,2,3,2,0,24,2,1,1,,,6,1,1,1,1
18021,1,2,3,2,0,24,3,1,1,,,3,1,1,1,1
18022,1,2,3,2,0,24,4,1,1,,,3,1,1,1,1
18023,1,2,3,2,0,24,5,1,1,,,6,1,1,1,1
18024,1,2,3,2,0,24,6,1,1,,,3,1,1,1,1
18025,1,2,3,2,0,24,7,1,1,,,9,1,1,1,1
18026,1,2,3,2,0,25,0,1,1,,,9,1,1,1,1
18027,1,2,3,2,0,25,1,1,1,,,3,1,1,1,1
18028,1,2,3,2,0,25,2,1,1,,,3,1,1,1,1
18029,1,2,3,2,0,25,3,1,1,,,3,1,1,1,1
18030,1,2,3,2,0,25,4,1,1,,,3,1,1,1,1
18031,1,2,3,2,0,25,5,1,1,,,3,1,1,1,1
18032,1,2,3,2,0,25,6,1,1,,,3,1,1,1,1
18033,1,2,3,2,0,25,7,1,1,,,9,1,1,1,1
18034,1,2,3,2,0,26,0,1,1,,,9,1,1,1,1
18035,1,2,3,2,0,26,1,1,1,,,3,1,1,1,1
18036,1,2,3,2,0,26,2,1,1,,,6,1,1,1,1
18037,1,2,3,2,0,26,3,1,1,,,6,1,1,1,1
18038,1,2,3,2,0,26,4,1,1,,,6,1,1,1,1
18039,1,2,3,2,0,26,5,1,1,,,6,1,1,1,1
18040,1,2,3,2,0,26,6,1,1,,,3,1,1,1,1
18041,1,2,3,2,0,26,7,1,1,,,9,1,1,1,1
18042,1,2,3,2,1,0,0,1,1,,,9,2,1,0,1
18043,1,2,3,2,1,0,1,0,0,1,1,0,2,0,0,1
18044,1,2,3,2,1,0,2,0,0,1,1,0,2,0,0,1
18045,1,2,3,2,1,0,3,1,1,,,6,2,1,0,1
18046,1,2,3,2,1,0,4,1,1,,,6,2,1,0,1
18047,1,2,3,2,1,0,5,0,0,1,1,0,2,0,0,1
18048,1,2,3,2,1,0,6,0,0,1,1,0,2,0,0,1
18049,1,2,3,2,1,0,7,1,1,,,9,2,1,0,1
18050,1,2,3,2,1,1,0,1,1,,,9,2,1,0,1
18051,1,2,3,2,1,1,1,0,0,1,1,0,2,0,0,1
18052,1,2,3,2,1,1,2,0,0,1,1,0,2,0,0,1
18053,1,2,3,2,1,1,3,1,1,,,6,2,1,0,1
18054,1,2,3,2,1,1,4,1,1,,,6,2,1,0,1
18055,1,2,3,2,1,1,5,0,0,1,1,0,2,0,0,1
18056,1,2,3,2,1,1,6,0,0,1,1,0,2,0,0,1
18057,1,2,3,2,1,1,7,1,1,,,9,2,1,0,1
18058,1,2,3,2,1,2,0,1,1,,,9,2,1,0,1
18059,1,2,3,2,1,2,1,0,0,1,1,0,2,0,0,1
18060,1,2,3,2,1,2,2,0,0,1,1,0,2,0,0,1
18061,1,2,3,2,1,2,3,0,0,2,2,0,2,1,0,1
18062,1,2,3,2,1,2,4,0,0,2,2,0,2,1,0,1
18063,1,2,3,2,1,2,5,0,0,1,1,0,2,0,0,1
18064,1,2,3,2,1,2,6,0,0,1,1,0,2,0,0,1
18065,1,2,3,2,1,2,7,1,1,,,9,2,1,0,1
18066,1,2,3,2,1,3,0,1,1,,,9,2,1,0,1
18067,1,2,3,2,1,3,1,0,0,1,1,0,2,0,0,1
18068,1,2,3,2,1,3,2,0,0,1,1,0,2,0,0,1
18069,1,2,3,2,1,3,3,1,1,,,6,2,1,0,1
18070,1,2,3,2,1,3,4,1,1,,,6,2,1,0,1
18071,1,2,3,2,1,3,5,0,0,1,1,0,2,0,0,1
18072,1,2,3,2,1,3,6,0,0,1,1,0,2,0,0,1
18073,1,2,3,2,1,3,7,1,1,,,9,2,1,0,1
18074,1,2,3,2,1,4,0,1,1,,,9,2,1,0,1
18075,1,2,3,2,1,4,1,0,0,1,1,0,2,0,0,1
18076,1,2,3,2,1,4,2,0,0,1,1,0,2,0,0,1
18077,1,2,3,2,1,4,3,1,1,,,6,2,1,0,1
18078,1,2,3,2,1,4,4,1,1,,,6,2,1,0,1
18079,1,2,3,2,1,4,5,0,0,1,1,0,2,0,0,1
18080,1,2,3,2,1,4,6,0,0,1,1,0,2,0,0,1
18081,1,2,3,2,1,4,7,1,1,,,9,2,1,0,1
18082,1,2,3,2,1,5,0,1,1,,,9,2,1,0,1
18083,1,2,3,2,1,5,1,0,0,1,1,0,2,0,0,1
18084,1,2,3,2,1,5,2,0,0,1,1,0,2,0,0,1
18085,1,2,3,2,1,5,3,0,0,2,2,0,2,1,0,1
18086,1,2,3,2,1,5,4,0,0,2,2,0,2,1,0,1
18087,1,2,3,2,1,5,5,0,0,1,1,0,2,0,0,1
18088,1,2,3,2,1,5,6,0,0,1,1,0,2,0,0,1
18089,1,2,3,2,1,5,7,1,1,,,9,2,1,0,1
18090,1,2,3,2,1,6,0,1,1,,,9,2,1,0,1
18091,1,2,3,2,1,6,1,0,0,1,1,0,2,0,0,1
18092,1,2,3,2,1,6,2,0,0,1,1,0,2,0,0,1
18093,1,2,3,2,1,6,3,0,0,2,2,0,2,1,0,1
18094,1,2,3,2,1,6,4,0,0,2,2,0,2,1,0,1
18095,1,2,3,2,1,6,5,0,0,1,1,0,2,0,0,1
18096,1,2,3,2,1,6,6,0,0,1,1,0,2,0,0,1
18097,1,2,3,2,1,6,7,1,1,,,9,2,1,0,1
18098,1,2,3,2,1,7,0,1,1,,,9,2,1,0,1
18099,1,2,3,2,1,7,1,0,0,1,1,0,2,0,0,1
18100,1,2,3,2,1,7,2,0,0,1,1,0,2,0,0,1
18101,1,2,3,2,1,7,3,0,0,2,2,0,2,1,0,1
18102,1,2,3,2,1,7,4,0,0,2,2,0,2,1,0,1
18103,1,2,3,2,1,7,5,0,0,1,1,0,2,0,0,1
18104,1,2,3,2,1,7,6,0,0,1,1,0,2,0,0,1
18105,1,2,3,2,1,7,7,1,1,,,9,2,1,0,1
18106,1,2,3,2,1,8,0,1,1,,,9,2,1,0,1
18107,1,2,3,2,1,8,1,0,0,1,1,0,2,0,0,1
18108,1,2,3,2,1,8,2,0,0,1,1,0,2,0,0,1
18109,1,2,3,2,1,8,3,1,1,,,6,2,1,0,1
18110,1,2,3,2,1,8,4,1,1,,,6,2,1,0,1
18111,1,2,3,2,1,8,5,0,0,1,1,0,2,0,0,1
18112,1,2,3,2,1,8,6,0,0,1,1,0,2,0,0,1
18113,1,2,3,2,1,8,7,1,1,,,9,2,1,0,1
18114,1,2,3,2,1,9,0,1,1,,,9,2,1,0,1
18115,1,2,3,2,1,9,1,0,0,1,1,0,2,0,0,1
18116,1,2,3,2,1,9,2,0,0,1,1,0,2,0,0,1
18117,1,2,3,2,1,9,3,1,1,,,6,2,1,0,1
18118,1,2,3,2,1,9,4,1,1,,,6,2,1,0,1
18119,1,2,3,2,1,9,5,0,0,1,1,0,2,0,0,1
18120,1,2,3,2,1,9,6,0,0,1,1,0,2,0,0,1
18121,1,2,3,2,1,9,7,1,1,,,9,2,1,0,1
18122,1,2,3,2,1,10,0,1,1,,,9,2,1,0,1
18123,1,2,3,2,1,10,1,0,0,1,1,0,2,0,0,1
18124,1,2,3,2,1,10,2,0,0,1,1,0,2,0,0,1
18125,1,2,3,2,1,10,3,1,1,,,6,2,1,0,1
18126,1,2,3,2,1,10,4,1,1,,,6,2,1,0,1
18127,1,2,3,2,1,10,5,0,0,1,1,0,2,0,0,1
18128,1,2,3,2,1,10,6,0,0,1,1,0,2,0,0,1
18129,1,2,3,2,1,10,7,1,1,,,9,2,1,0,1
18130,1,2,3,2,1,11,0,1,1,,,9,2,1,0,1
18131,1,2,3,2,1,11,1,0,0,1,1,0,2,0,0,1
18132,1,2,3,2,1,11,2,0,0,1,1,0,2,0,0,1
18133,1,2,3,2,1,11,3,0,0,2,2,0,2,1,0,1
18134,1,2,3,2,1,11,4,0,0,2,2,0,2,1,0,1
18135,1,2,3,2,1,11,5,0,0,1,1,0,2,0,0,1
18136,1,2,3,2,1,11,6,0,0,1,1,0,2,0,0,1
18137,1,2,3,2,1,11,7,1,1,,,9,2,1,0,1
18138,1,2,3,2,1,12,0,1,1,,,9,2,1,0,1
18139,1,2,3,2,1,12,1,0,0,1,1,0,2,0,0,1
18140,1,2,3,2,1,12,2,0,0,1,1,0,2,0,0,1
18141,1,2,3,2,1,12,3,1,1,,,6,2,1,0,1
18142,1,2,3,2,1,12,4,1,1,,,6,2,1,0,1
18143,1,2,3,2,1,12,5,0,0,1,1,0,2,0,0,1
18144,1,2,3,2,1,12,6,0,0,1,1,0,2,0,0,1
18145,1,2,3,2,1,12,7,1,1,,,9,2,1,0,1
18146,1,2,3,2,1,13,0,1,1,,,9,2,1,0,1
18147,1,2,3,2,1,13,1,0,0,1,1,0,2,0,0,1
18148,1,2,3,2,1,13,2,0,0,1,1,0,2,0,0,1
18149,1,2,3,2,1,13,3,1,1,,,6,2,1,0,1
18150,1,2,3,2,1,13,4,1,1,,,6,2,1,0,1
18151,1,2,3,2,1,13,5,0,0,1,1,0,2,0,0,1
18152,1,2,3,2,1,13,6,0,0,1,1,0,2,0,0,1
18153,1,2,3,2,1,13,7,1,1,,,9,2,1,0,1
18154,1,2,3,2,1,14,0,1,1,,,9,2,1,0,1
18155,1,2,3,2,1,14,1,0,0,1,1,0,2,0,0,1
18156,1,2,3,2,1,14,2,0,0,1,1,0,2,0,0,1
18157,1,2,3,2,1,14,3,0,0,2,2,0,2,1,0,1
18158,1,2,3,2,1,14,4,0,0,2,2,0,2,1,0,1
18159,1,2,3,2,1,14,5,0,0,1,1,0,2,0,0,1
18160,1,2,3,2,1,14,6,0,0,1,1,0,2,0,0,1
18161,1,2,3,2,1,14,7,1,1,,,9,2,1,0,1
18162,1,2,3,2,1,15,0,1,1,,,9,2,1,0,1
18163,1,2,3,2,1,15,1,0,0,1,1,0,2,0,0,1
18164,1,2,3,2,1,15,2,0,0,1,1,0,2,0,0,1
18165,1,2,3,2,1,15,3,0,0,2,2,0,2,1,0,1
18166,1,2,3,2,1,15,4,0,0,2,2,0,2,1,0,1
18167,1,2,3,2,1,15,5,0,0,1,1,0,2,0,0,1
18168,1,2,3,2,1,15,6,0,0,1,1,0,2,0,0,1
18169,1,2,3,2,1,15,7,1,1,,,9,2,1,0,1
18170,1,2,3,2,1,16,0,1,1,,,9,2,1,0,1
18171,1,2,3,2,1,16,1,0,0,1,1,0,2,0,0,1
18172,1,2,3,2,1,16,2,0,0,1,1,0,2,0,0,1
18173,1,2,3,2,1,16,3,0,0,2,2,0,2,1,0,1
18174,1,2,3,2,1,16,4,0,0,2,2,0,2,1,0,1
18175,1,2,3,2,1,16,5,0,0,1,1,0,2,0,0,1
18176,1,2,3,2,1,16,6,0,0,1,1,0,2,0,0,1
18177,1,2,3,2,1,16,7,1,1,,,9,2,1,0,1
18178,1,2,3,2,1,17,0,1,1,,,9,2,1,0,1
18179,1,2,3,2,1,17,1,0,0,1,1,0,2,0,0,1
18180,1,2,3,2,1,17,2,0,0,1,1,0,2,0,0,1
18181,1,2,3,2,1,17,3,1,1,,,6,2,1,0,1
18182,1,2,3,2,1,17,4,1,1,,,6,2,1,0,1
18183,1,2,3,2,1,17,5,0,0,1,1,0,2,0,0,1
18184,1,2,3,2,1,17,6,0,0,1,1,0,2,0,0,1
18185,1,2,3,2,1,17,7,1,1,,,9,2,1,0,1
18186,1,2,3,2,1,18,0,1,1,,,9,2,1,0,1
18187,1,2,3,2,1,18,1,0,0,1,1,0,2,0,0,1
18188,1,2,3,2,1,18,2,0,0,1,1,0,2,0,0,1
18189,1,2,3,2,1,18,3,1,1,,,6,2,1,0,1
18190,1,2,3,2,1,18,4,1,1,,,6,2,1,0,1
18191,1,2,3,2,1,18,5,0,0,1,1,0,2,0,0,1
18192,1,2,3,2,1,18,6,0,0,1,1,0,2,0,0,1
18193,1,2,3,2,1,18,7,1,1,,,9,2,1,0,1
18194,1,2,3,2,1,19,0,1,1,,,9,2,1,0,1
18195,1,2,3,2,1,19,1,0,0,1,1,0,2,0,0,1
18196,1,2,3,2,1,19,2,0,0,1,1,0,2,0,0,1
18197,1,2,3,2,1,19,3,1,1,,,6,2,1,0,1
18198,1,2,3,2,1,19,4,1,1,,,6,2,1,0,1
18199,1,2,3,2,1,19,5,0,0,1,1,0,2,0,0,1
18200,1,2,3,2,1,19,6,0,0,1,1,0,2,0,0,1
18201,1,2,3,2,1,19,7,1,1,,,9,2,1,0,1
18202,1,2,3,2,1,20,0,1,1,,,9,2,1,0,1
18203,1,2,3,2,1,20,1,0,0,1,1,0,2,0,0,1
18204,1,2,3,2,1,20,2,0,0,1,1,0,2,0,0,1
18205,1,2,3,2,1,20,3,0,0,2,2,0,2,1,0,1
18206,1,2,3,2,1,20,4,0,0,2,2,0,2,1,0,1
18207,1,2,3,2,1,20,5,0,0,1,1,0,2,0,0,1
18208,1,2,3,2,1,20,6,0,0,1,1,0,2,0,0,1
18209,1,2,3,2,1,20,7,1,1,,,9,2,1,0,1
18210,1,2,3,2,1,21,0,1,1,,,9,2,1,0,1
18211,1,2,3,2,1,21,1,0,0,1,1,0,2,0,0,1
18212,1,2,3,2,1,21,2,0,0,1,1,0,2,0,0,1
18213,1,2,3,2,1,21,3,1,1,,,6,2,1,0,1
18214,1,2,3,2,1,21,4,1,1,,,6,2,1,0,1
18215,1,2,3,2,1,21,5,0,0,1,1,0,2,0,0,1
18216,1,2,3,2,1,21,6,0,0,1,1,0,2,0,0,1
18217,1,2,3,2,1,21,7,1,1,,,9,2,1,0,1
18218,1,2,3,2,1,22,0,1,1,,,9,2,1,0,1
18219,1,2,3,2,1,22,1,0,0,1,1,0,2,0,0,1
18220,1,2,3,2,1,22,2,0,0,1,1,0,2,0,0,1
18221,1,2,3,2,1,22,3,1,1,,,6,2,1,0,1
18222,1,2,3,2,1,22,4,1,1,,,6,2,1,0,1
18223,1,2,3,2,1,22,5,0,0,1,1,0,2,0,0,1
18224,1,2,3,2,1,22,6,0,0,1,1,0,2,0,0,1
18225,1,2,3,2,1,22,7,1,1,,,9,2,1,0,1
18226,1,2,3,2,1,23,0,1,1,,,9,2,1,0,1
18227,1,2,3,2,1,23,1,0,0,1,1,0,2,0,0,1
18228,1,2,3,2,1,23,2,0,0,1,1,0,2,0,0,1
18229,1,2,3,2,1,23,3,0,0,2,2,0,2,1,0,1
18230,1,2,3,2,1,23,4,0,0,2,2,0,2,1,0,1
18231,1,2,3,2,1,23,5,0,0,1,1,0,2,0,0,1
18232,1,2,3,2,1,23,6,0,0,1,1,0,2,0,0,1
18233,1,2,3,2,1,23,7,1,1,,,9,2,1,0,1
18234,1,2,3,2,1,24,0,1,1,,,9,2,1,0,1
18235,1,2,3,2,1,24,1,0,0,1,1,0,2,0,0,1
18236,1,2,3,2,1,24,2,0,0,1,1,0,2,0,0,1
18237,1,2,3,2,1,24,3,0,0,2,2,0,2,1,0,1
18238,1,2,3,2,1,24,4,0,0,2,2,0,2,1,0,1
18239,1,2,3,2,1,24,5,0,0,1,1,0,2,0,0,1
18240,1,2,3,2,1,24,6,0,0,1,1,0,2,0,0,1
18241,1,2,3,2,1,24,7,1,1,,,9,2,1,0,1
18242,1,2,3,2,1,25,0,1,1,,,9,2,1,0,1
18243,1,2,3,2,1,25,1,0,0,1,1,0,2,0,0,1
18244,1,2,3,2,1,25,2,0,0,1,1,0,2,0,0,1
18245,1,2,3,2,1,25,3,0,0,2,2,0,2,1,0,1
18246,1,2,3,2,1,25,4,0,0,2,2,0,2,1,0,1
18247,1,2,3,2,1,25,5,0,0,1,1,0,2,0,0,1
18248,1,2,3,2,1,25,6,0,0,1,1,0,2,0,0,1
18249,1,2,3,2,1,25,7,1,1,,,9,2,1,0,1
18250,1,2,3,2,1,26,0,1,1,,,9,2,1,0,1
18251,1,2,3,2,1,26,1,0,0,1,1,0,2,0,0,1
18252,1,2,3,2,1,26,2,0,0,1,1,0,2,0,0,1
18253,1,2,3,2,1,26,3,1,1,,,6,2,1,0,1
18254,1,2,3,2,1,26,4,1,1,,,6,2,1,0,1
18255,1,2,3,2,1,26,5,0,0,1,1,0,2,0,0,1
18256,1,2,3,2,1,26,6,0,0,1,1,0,2,0,0,1
18257,1,2,3,2,1,26,7,1,1,,,9,2,1,0,1
18258,1,2,3,2,2,0,0,1,1,,,9,2,1,0,1
18259,1,2,3,2,2,0,1,0,0,1,1,0,2,0,0,1
18260,1,2,3,2,2,0,2,1,1,,,6,2,1,0,1
18261,1,2,3,2,2,0,3,0,0,1,1,0,2,0,0,1
18262,1,2,3,2,2,0,4,0,0,1,1,0,2,0,0,1
18263,1,2,3,2,2,0,5,1,1,,,6,2,1,0,1
18264,1,2,3,2,2,0,6,0,0,1,1,0,2,0,0,1
18265,1,2,3,2,2,0,7,1,1,,,9,2,1,0,1
18266,1,2,3,2,2,1,0,1,1,,,9,2,1,0,1
18267,1,2,3,2,2,1,1,0,0,1,1,0,2,0,0,1
18268,1,2,3,2,2,1,2,0,0,2,2,0,2,1,0,1
18269,1,2,3,2,2,1,3,0,0,1,1,0,2,0,0,1
18270,1,2,3,2,2,1,4,0,0,1,1,0,2,0,0,1
18271,1,2,3,2,2,1,5,0,0,2,2,0,2,1,0,1
18272,1,2,3,2,2,1,6,0,0,1,1,0,2,0,0,1
18273,1,2,3,2,2,1,7,1,1,,,9,2,1,0,1
18274,1,2,3,2,2,2,0,1,1,,,9,2,1,0,1
18275,1,2,3,2,2,2,1,0,0,1,1,0,2,0,0,1
18276,1,2,3,2,2,2,2,1,1,,,6,2,1,0,1
18277,1,2,3,2,2,2,3,0,0,1,1,0,2,0,0,1
18278,1,2,3,2,2,2,4,0,0,1,1,0,2,0,0,1
18279,1,2,3,2,2,2,5,1,1,,,6,2,1,0,1
18280,1,2,3,2,2,2,6,0,0,1,1,0,2,0,0,1
18281,1,2,3,2,2,2,7,1,1,,,9,2,1,0,1
18282,1,2,3,2,2,3,0,1,1,,,9,2,1,0,1
18283,1,2,3,2,2,3,1,0,0,1,1,0,2,0,0,1
18284,1,2,3,2,2,3,2,1,1,,,6,2,1,0,1
18285,1,2,3,2,2,3,3,0,0,1,1,0,2,0,0,1
18286,1,2,3,2,2,3,4,0,0,1,1,0,2,0,0,1
18287,1,2,3,2,2,3,5,1,1,,,6,2,1,0,1
18288,1,2,3,2,2,3,6,0,0,1,1,0,2,0,0,1
18289,1,2,3,2,2,3,7,1,1,,,9,2,1,0,1
18290,1,2,3,2,2,4,0,1,1,,,9,2,1,0,1
18291,1,2,3,2,2,4,1,0,0,1,1,0,2,0,0,1
18292,1,2,3,2,2,4,2,0,0,2,2,0,2,1,0,1
18293,1,2,3,2,2,4,3,0,0,1,1,0,2,0,0,1
18294,1,2,3,2,2,4,4,0,0,1,1,0,2,0,0,1
18295,1,2,3,2,2,4,5,0,0,2,2,0,2,1,0,1
18296,1,2,3,2,2,4,6,0,0,1,1,0,2,0,0,1
18297,1,2,3,2,2,4,7,1,1,,,9,2,1,0,1
18298,1,2,3,2,2,5,0,1,1,,,9,2,1,0,1
18299,1,2,3,2,2,5,1,0,0,1,1,0,2,0,0,1
18300,1,2,3,2,2,5,2,1,1,,,6,2,1,0,1
18301,1,2,3,2,2,5,3,0,0,1,1,0,2,0,0,1
18302,1,2,3,2,2,5,4,0,0,1,1,0,2,0,0,1
18303,1,2,3,2,2,5,5,1,1,,,6,2,1,0,1
18304,1,2,3,2,2,5,6,0,0,1,1,0,2,0,0,1
18305,1,2,3,2,2,5,7,1,1,,,9,2,1,0,1
18306,1,2,3,2,2,6,0,1,1,,,9,2,1,0,1
18307,1,2,3,2,2,6,1,0,0,1,1,0,2,0,0,1
18308,1,2,3,2,2,6,2,1,1,,,6,2,1,0,1
18309,1,2,3,2,2,6,3,0,0,1,1,0,2,0,0,1
18310,1,2,3,2,2,6,4,0,0,1,1,0,2,0,0,1
18311,1,2,3,2,2,6,5,1,1,,,6,2,1,0,1
18312,1,2,3,2,2,6,6,0,0,1,1,0,2,0,0,1
18313,1,2,3,2,2,6,7,1,1,,,9,2,1,0,1
18314,1,2,3,2,2,7,0,1,1,,,9,2,1,0,1
18315,1,2,3,2,2,7,1,0,0,1,1,0,2,0,0,1
18316,1,2,3,2,2,7,2,0,0,2,2,0,2,1,0,1
18317,1,2,3,2,2,7,3,0,0,1,1,0,2,0,0,1
18318,1,2,3,2,2,7,4,0,0,1,1,0,2,0,0,1
18319,1,2,3,2,2,7,5,0,0,2,2,0,2,1,0,1
18320,1,2,3,2,2,7,6,0,0,1,1,0,2,0,0,1
18321,1,2,3,2,2,7,7,1,1,,,9,2,1,0,1
18322,1,2,3,2,2,8,0,1,1,,,9,2,1,0,1
18323,1,2,3,2,2,8,1,0,0,1,1,0,2,0,0,1
18324,1,2,3,2,2,8,2,1,1,,,6,2,1,0,1
18325,1,2,3,2,2,8,3,0,0,1,1,0,2,0,0,1
18326,1,2,3,2,2,8,4,0,0,1,1,0,2,0,0,1
18327,1,2,3,2,2,8,5,1,1,,,6,2,1,0,1
18328,1,2,3,2,2,8,6,0,0,1,1,0,2,0,0,1
18329,1,2,3,2,2,8,7,1,1,,,9,2,1,0,1
18330,1,2,3,2,2,9,0,1,1,,,9,2,1,0,1
18331,1,2,3,2,2,9,1,0,0,1,1,0,2,0,0,1
18332,1,2,3,2,2,9,2,0,0,2,2,0,2,1,0,1
18333,1,2,3,2,2,9,3,0,0,1,1,0,2,0,0,1
18334,1,2,3,2,2,9,4,0,0,1,1,0,2,0,0,1
18335,1,2,3,2,2,9,5,0,0,2,2,0,2,1,0,1
18336,1,2,3,2,2,9,6,0,0,1,1,0,2,0,0,1
18337,1,2,3,2,2,9,7,1,1,,,9,2,1,0,1
18338,1,2,3,2,2,10,0,1,1,,,9,2,1,0,1
18339,1,2,3,2,2,10,1,0,0,1,1,0,2,0,0,1
18340,1,2,3,2,2,10,2,1,1,,,6,2,1,0,1
18341,1,2,3,2,2,10,3,0,0,1,1,0,2,0,0,1
18342,1,2,3,2,2,10,4,0,0,1,1,0,2,0,0,1
18343,1,2,3,2,2,10,5,1,1,,,6,2,1,0,1
18344,1,2,3,2,2,10,6,0,0,1,1,0,2,0,0,1
18345,1,2,3,2,2,10,7,1,1,,,9,2,1,0,1
18346,1,2,3,2,2,11,0,1,1,,,9,2,1,0,1
18347,1,2,3,2,2,11,1,0,0,1,1,0,2,0,0,1
18348,1,2,3,2,2,11,2,0,0,2,2,0,2,1,0,1
18349,1,2,3,2,2,11,3,0,0,1,1,0,2,0,0,1
18350,1,2,3,2,2,11,4,0,0,1,1,0,2,0,0,1
18351,1,2,3,2,2,11,5,0,0,2,2,0,2,1,0,1
18352,1,2,3,2,2,11,6,0,0,1,1,0,2,0,0,1
18353,1,2,3,2,2,11,7,1,1,,,9,2,1,0,1
18354,1,2,3,2,2,12,0,1,1,,,9,2,1,0,1
18355,1,2,3,2,2,12,1,0,0,1,1,0,2,0,0,1
18356,1,2,3,2,2,12,2,0,0,2,2,0,2,1,0,1
18357,1,2,3,2,2,12,3,0,0,1,1,0,2,0,0,1
18358,1,2,3,2,2,12,4,0,0,1,1,0,2,0,0,1
18359,1,2,3,2,2,12,5,0,0,2,2,0,2,1,0,1
18360,1,2,3,2,2,12,6,0,0,1,1,0,2,0,0,1
18361,1,2,3,2,2,12,7,1,1,,,9,2,1,0,1
18362,1,2,3,2,2,13,0,1,1,,,9,2,1,0,1
18363,1,2,3,2,2,13,1,0,0,1,1,0,2,0,0,1
18364,1,2,3,2,2,13,2,1,1,,,6,2,1,0,1
18365,1,2,3,2,2,13,3,0,0,1,1,0,2,0,0,1
18366,1,2,3,2,2,13,4,0,0,1,1,0,2,0,0,1
18367,1,2,3,2,2,13,5,1,1,,,6,2,1,0,1
18368,1,2,3,2,2,13,6,0,0,1,1,0,2,0,0,1
18369,1,2,3,2,2,13,7,1,1,,,9,2,1,0,1
18370,1,2,3,2,2,14,0,1,1,,,9,2,1,0,1
18371,1,2,3,2,2,14,1,0,0,1,1,0,2,0,0,1
18372,1,2,3,2,2,14,2,0,0,2,2,0,2,1,0,1
18373,1,2,3,2,2,14,3,0,0,1,1,0,2,0,0,1
18374,1,2,3,2,2,14,4,0,0,1,1,0,2,0,0,1
18375,1,2,3,2,2,14,5,0,0,2,2,0,2,1,0,1
18376,1,2,3,2,2,14,6,0,0,1,1,0,2,0,0,1
18377,1,2,3,2,2,14,7,1,1,,,9,2,1,0,1
18378,1,2,3,2,2,15,0,1,1,,,9,2,1,0,1
18379,1,2,3,2,2,15,1,0,0,1,1,0,2,0,0,1
18380,1,2,3,2,2,15,2,0,0,2,2,0,2,1,0,1
18381,1,2,3,2,2,15,3,0,0,1,1,0,2,0,0,1
18382,1,2,3,2,2,15,4,0,0,1,1,0,2,0,0,1
18383,1,2,3,2,2,15,5,0,0,2,2,0,2,1,0,1
18384,1,2,3,2,2,15,6,0,0,1,1,0,2,0,0,1
18385,1,2,3,2,2,15,7,1,1,,,9,2,1,0,1
18386,1,2,3,2,2,16,0,1,1,,,9,2,1,0,1
18387,1,2,3,2,2,16,1,0,0,1,1,0,2,0,0,1
18388,1,2,3,2,2,16,2,1,1,,,6,2,1,0,1
18389,1,2,3,2,2,16,3,0,0,1,1,0,2,0,0,1
18390,1,2,3,2,2,16,4,0,0,1,1,0,2,0,0,1
18391,1,2,3,2,2,16,5,1,1,,,6,2,1,0,1
18392,1,2,3,2,2,16,6,0,0,1,1,0,2,0,0,1
18393,1,2,3,2,2,16,7,1,1,,,9,2,1,0,1
18394,1,2,3,2,2,17,0,1,1,,,9,2,1,0,1
18395,1,2,3,2,2,17,1,0,0,1,1,0,2,0,0,1
18396,1,2,3,2,2,17,2,0,0,2,2,0,2,1,0,1
18397,1,2,3,2,2,17,3,0,0,1,1,0,2,0,0,1
18398,1,2,3,2,2,17,4,0,0,1,1,0,2,0,0,1
18399,1,2,3,2,2,17,5,0,0,2,2,0,2,1,0,1
18400,1,2,3,2,2,17,6,0,0,1,1,0,2,0,0,1
18401,1,2,3,2,2,17,7,1,1,,,9,2,1,0,1
18402,1,2,3,2,2,18,0,1,1,,,9,2,1,0,1
18403,1,2,3,2,2,18,1,0,0,1,1,0,2,0,0,1
18404,1,2,3,2,2,18,2,1,1,,,6,2,1,0,1
18405,1,2,3,2,2,18,3,0,0,1,1,0,2,0,0,1
18406,1,2,3,2,2,18,4,0,0,1,1,0,2,0,0,1
18407,1,2,3,2,2,18,5,1,1,,,6,2,1,0,1
18408,1,2,3,2,2,18,6,0,0,1,1,0,2,0,0,1
18409,1,2,3,2,2,18,7,1,1,,,9,2,1,0,1
18410,1,2,3,2,2,19,0,1,1,,,9,2,1,0,1
18411,1,2,3,2,2,19,1,0,0,1,1,0,2,0,0,1
18412,1,2,3,2,2,19,2,0,0,2,2,0,2,1,0,1
18413,1,2,3,2,2,19,3,0,0,1,1,0,2,0,0,1
18414,1,2,3,2,2,19,4,0,0,1,1,0,2,0,0,1
18415,1,2,3,2,2,19,5,0,0,2,2,0,2,1,0,1
18416,1,2,3,2,2,19,6,0,0,1,1,0,2,0,0,1
18417,1,2,3,2,2,19,7,1,1,,,9,2,1,0,1
18418,1,2,3,2,2,20,0,1,1,,,9,2,1,0,1
18419,1,2,3,2,2,20,1,0,0,1,1,0,2,0,0,1
18420,1,2,3,2,2,20,2,1,1,,,6,2,1,0,1
18421,1,2,3,2,2,20,3,0,0,1,1,0,2,0,0,1
18422,1,2,3,2,2,20,4,0,0,1,1,0,2,0,0,1
18423,1,2,3,2,2,20,5,1,1,,,6,2,1,0,1
18424,1,2,3,2,2,20,6,0,0,1,1,0,2,0,0,1
18425,1,2,3,2,2,20,7,1,1,,,9,2,1,0,1
18426,1,2,3,2,2,21,0,1,1,,,9,2,1,0,1
18427,1,2,3,2,2,21,1,0,0,1,1,0,2,0,0,1
18428,1,2,3,2,2,21,2,1,1,,,6,2,1,0,1
18429,1,2,3,2,2,21,3,0,0,1,1,0,2,0,0,1
18430,1,2,3,2,2,21,4,0,0,1,1,0,2,0,0,1
18431,1,2,3,2,2,21,5,1,1,,,6,2,1,0,1
18432,1,2,3,2,2,21,6,0,0,1,1,0,2,0,0,1
18433,1,2,3,2,2,21,7,1,1,,,9,2,1,0,1
18434,1,2,3,2,2,22,0,1,1,,,9,2,1,0,1
18435,1,2,3,2,2,22,1,0,0,1,1,0,2,0,0,1
18436,1,2,3,2,2,22,2,0,0,2,2,0,2,1,0,1
18437,1,2,3,2,2,22,3,0,0,1,1,0,2,0,0,1
18438,1,2,3,2,2,22,4,0,0,1,1,0,2,0,0,1
18439,1,2,3,2,2,22,5,0,0,2,2,0,2,1,0,1
18440,1,2,3,2,2,22,6,0,0,1,1,0,2,0,0,1
18441,1,2,3,2,2,22,7,1,1,,,9,2,1,0,1
18442,1,2,3,2,2,23,0,1,1,,,9,2,1,0,1
18443,1,2,3,2,2,23,1,0,0,1,1,0,2,0,0,1
18444,1,2,3,2,2,23,2,1,1,,,6,2,1,0,1
18445,1,2,3,2,2,23,3,0,0,1,1,0,2,0,0,1
18446,1,2,3,2,2,23,4,0,0,1,1,0,2,0,0,1
18447,1,2,3,2,2,23,5,1,1,,,6,2,1,0,1
18448,1,2,3,2,2,23,6,0,0,1,1,0,2,0,0,1
18449,1,2,3,2,2,23,7,1,1,,,9,2,1,0,1
18450,1,2,3,2,2,24,0,1,1,,,9,2,1,0,1
18451,1,2,3,2,2,24,1,0,0,1,1,0,2,0,0,1
18452,1,2,3,2,2,24,2,1,1,,,6,2,1,0,1
18453,1,2,3,2,2,24,3,0,0,1,1,0,2,0,0,1
18454,1,2,3,2,2,24,4,0,0,1,1,0,2,0,0,1
18455,1,2,3,2,2,24,5,1,1,,,6,2,1,0,1
18456,1,2,3,2,2,24,6,0,0,1,1,0,2,0,0,1
18457,1,2,3,2,2,24,7,1,1,,,9,2,1,0,1
18458,1,2,3,2,2,25,0,1,1,,,9,2,1,0,1
18459,1,2,3,2,2,25,1,0,0,1,1,0,2,0,0,1
18460,1,2,3,2,2,25,2,0,0,2,2,0,2,1,0,1
18461,1,2,3,2,2,25,3,0,0,1,1,0,2,0,0,1
18462,1,2,3,2,2,25,4,0,0,1,1,0,2,0,0,1
18463,1,2,3,2,2,25,5,0,0,2,2,0,2,1,0,1
18464,1,2,3,2,2,25,6,0,0,1,1,0,2,0,0,1
18465,1,2,3,2,2,25,7,1,1,,,9,2,1,0,1
18466,1,2,3,2,2,26,0,1,1,,,9,2,1,0,1
18467,1,2,3,2,2,26,1,0,0,1,1,0,2,0,0,1
18468,1,2,3,2,2,26,2,1,1,,,6,2,1,0,1
18469,1,2,3,2,2,26,3,0,0,1,1,0,2,0,0,1
18470,1,2,3,2,2,26,4,0,0,1,1,0,2,0,0,1
18471,1,2,3,2,2,26,5,1,1,,,6,2,1,0,1
18472,1,2,3,2,2,26,6,0,0,1,1,0,2,0,0,1
18473,1,2,3,2,2,26,7,1,1,,,9,2,1,0,1
18474,1,2,3,2,3,0,0,1,1,,,9,1,1,1,1
18475,1,2,3,2,3,0,1,1,1,,,3,1,1,1,1
18476,1,2,3,2,3,0,2,1,1,,,6,1,1,1,1
18477,1,2,3,2,3,0,3,1,1,,,6,1,1,1,1
18478,1,2,3,2,3,0,4,1,1,,,6,1,1,1,1
18479,1,2,3,2,3,0,5,1,1,,,6,1,1,1,1
18480,1,2,3,2,3,0,6,1,1,,,3,1,1,1,1
18481,1,2,3,2,3,0,7,1,1,,,9,1,1,1,1
18482,1,2,3,2,3,1,0,1,1,,,9,1,1,1,1
18483,1,2,3,2,3,1,1,1,1,,,3,1,1,1,1
18484,1,2,3,2,3,1,2,1,1,,,3,1,1,1,1
18485,1,2,3,2,3,1,3,1,1,,,6,1,1,1,1
18486,1,2,3,2,3,1,4,1,1,,,6,1,1,1,1
18487,1,2,3,2,3,1,5,1,1,,,3,1,1,1,1
18488,1,2,3,2,3,1,6,1,1,,,3,1,1,1,1
18489,1,2,3,2,3,1,7,1,1,,,9,1,1,1,1
18490,1,2,3,2,3,2,0,1,1,,,9,1,1,1,1
18491,1,2,3,2,3,2,1,1,1,,,3,1,1,1,1
18492,1,2,3,2,3,2,2,1,1,,,6,1,1,1,1
18493,1,2,3,2,3,2,3,1,1,,,3,1,1,1,1
18494,1,2,3,2,3,2,4,1,1,,,3,1,1,1,1
18495,1,2,3,2,3,2,5,1,1,,,6,1,1,1,1
18496,1,2,3,2,3,2,6,1,1,,,3,1,1,1,1
18497,1,2,3,2,3,2,7,1,1,,,9,1,1,1,1
18498,1,2,3,2,3,3,0,1,1,,,9,1,1,1,1
18499,1,2,3,2,3,3,1,1,1,,,3,1,1,1,1
18500,1,2,3,2,3,3,2,1,1,,,6,1,1,1,1
18501,1,2,3,2,3,3,3,1,1,,,6,1,1,1,1
18502,1,2,3,2,3,3,4,1,1,,,6,1,1,1,1
18503,1,2,3,2,3,3,5,1,1,,,6,1,1,1,1
18504,1,2,3,2,3,3,6,1,1,,,3,1,1,1,1
18505,1,2,3,2,3,3,7,1,1,,,9,1,1,1,1
18506,1,2,3,2,3,4,0,1,1,,,9,1,1,1,1
18507,1,2,3,2,3,4,1,1,1,,,3,1,1,1,1
18508,1,2,3,2,3,4,2,1,1,,,3,1,1,1,1
18509,1,2,3,2,3,4,3,1,1,,,6,1,1,1,1
18510,1,2,3,2,3,4,4,1,1,,,6,1,1,1,1
18511,1,2,3,2,3,4,5,1,1,,,3,1,1,1,1
18512,1,2,3,2,3,4,6,1,1,,,3,1,1,1,1
18513,1,2,3,2,3,4,7,1,1,,,9,1,1,1,1
18514,1,2,3,2,3,5,0,1,1,,,9,1,1,1,1
18515,1,2,3,2,3,5,1,1,1,,,3,1,1,1,1
18516,1,2,3,2,3,5,2,1,1,,,6,1,1,1,1
18517,1,2,3,2,3,5,3,1,1,,,3,1,1,1,1
18518,1,2,3,2,3,5,4,1,1,,,3,1,1,1,1
18519,1,2,3,2,3,5,5,1,1,,,6,1,1,1,1
18520,1,2,3,2,3,5,6,1,1,,,3,1,1,1,1
18521,1,2,3,2,3,5,7,1,1,,,9,1,1,1,1
18522,1,2,3,2,3,6,0,1,1,,,9,1,1,1,1
18523,1,2,3,2,3,6,1,1,1,,,3,1,1,1,1
18524,1,2,3,2,3,6,2,1,1,,,6,1,1,1,1
18525,1,2,3,2,3,6,3,1,1,,,3,1,1,1,1
18526,1,2,3,2,3,6,4,1,1,,,3,1,1,1,1
18527,1,2,3,2,3,6,5,1,1,,,6,1,1,1,1
18528,1,2,3,2,3,6,6,1,1,,,3,1,1,1,1
18529,1,2,3,2,3,6,7,1,1,,,9,1,1,1,1
18530,1,2,3,2,3,7,0,1,1,,,9,1,1,1,1
18531,1,2,3,2,3,7,1,1,1,,,3,1,1,1,1
18532,1,2,3,2,3,7,2,1,1,,,3,1,1,1,1
18533,1,2,3,2,3,7,3,1,1,,,3,1,1,1,1
18534,1,2,3,2,3,7,4,1,1,,,3,1,1,1,1
18535,1,2,3,2,3,7,5,1,1,,,3,1,1,1,1
18536,1,2,3,2,3,7,6,1,1,,,3,1,1,1,1
18537,1,2,3,2,3,7,7,1,1,,,9,1,1,1,1
18538,1,2,3,2,3,8,0,1,1,,,9,1,1,1,1
18539,1,2,3,2,3,8,1,1,1,,,3,1,1,1,1
18540,1,2,3,2,3,8,2,1,1,,,6,1,1,1,1
18541,1,2,3,2,3,8,3,1,1,,,6,1,1,1,1
18542,1,2,3,2,3,8,4,1,1,,,6,1,1,1,1
18543,1,2,3,2,3,8,5,1,1,,,6,1,1,1,1
18544,1,2,3,2,3,8,6,1,1,,,3,1,1,1,1
18545,1,2,3,2,3,8,7,1,1,,,9,1,1,1,1
18546,1,2,3,2,3,9,0,1,1,,,9,1,1,1,1
18547,1,2,3,2,3,9,1,1,1,,,3,1,1,1,1
18548,1,2,3,2,3,9,2,1,1,,,3,1,1,1,1
18549,1,2,3,2,3,9,3,1,1,,,6,1,1,1,1
18550,1,2,3,2,3,9,4,1,1,,,6,1,1,1,1
18551,1,2,3,2,3,9,5,1,1,,,3,1,1,1,1
18552,1,2,3,2,3,9,6,1,1,,,3,1,1,1,1
18553,1,2,3,2,3,9,7,1,1,,,9,1,1,1,1
18554,1,2,3,2,3,10,0,1,1,,,9,1,1,1,1
18555,1,2,3,2,3,10,1,1,1,,,3,1,1,1,1
18556,1,2,3,2,3,10,2,1,1,,,6,1,1,1,1
18557,1,2,3,2,3,10,3,1,1,,,6,1,1,1,1
18558,1,2,3,2,3,10,4,1,1,,,6,1,1,1,1
18559,1,2,3,2,3,10,5,1,1,,,6,1,1,1,1
18560,1,2,3,2,3,10,6,1,1,,,3,1,1,1,1
18561,1,2,3,2,3,10,7,1,1,,,9,1,1,1,1
18562,1,2,3,2,3,11,0,1,1,,,9,1,1,1,1
18563,1,2,3,2,3,11,1,1,1,,,3,1,1,1,1
18564,1,2,3,2,3,11,2,1,1,,,3,1,1,1,1
18565,1,2,3,2,3,11,3,1,1,,,3,1,1,1,1
18566,1,2,3,2,3,11,4,1,1,,,3,1,1,1,1
18567,1,2,3,2,3,11,5,1,1,,,3,1,1,1,1
18568,1,2,3,2,3,11,6,1,1,,,3,1,1,1,1
18569,1,2,3,2,3,11,7,1,1,,,9,1,1,1,1
18570,1,2,3,2,3,12,0,1,1,,,9,1,1,1,1
18571,1,2,3,2,3,12,1,1,1,,,3,1,1,1,1
18572,1,2,3,2,3,12,2,1,1,,,3,1,1,1,1
18573,1,2,3,2,3,12,3,1,1,,,6,1,1,1,1
18574,1,2,3,2,3,12,4,1,1,,,6,1,1,1,1
18575,1,2,3,2,3,12,5,1,1,,,3,1,1,1,1
18576,1,2,3,2,3,12,6,1,1,,,3,1,1,1,1
18577,1,2,3,2,3,12,7,1,1,,,9,1,1,1,1
18578,1,2,3,2,3,13,0,1,1,,,9,1,1,1,1
18579,1,2,3,2,3,13,1,1,1,,,3,1,1,1,1
18580,1,2,3,2,3,13,2,1,1,,,6,1,1,1,1
18581,1,2,3,2,3,13,3,1,1,,,6,1,1,1,1
18582,1,2,3,2,3,13,4,1,1,,,6,1,1,1,1
18583,1,2,3,2,3,13,5,1,1,,,6,1,1,1,1
18584,1,2,3,2,3,13,6,1,1,,,3,1,1,1,1
18585,1,2,3,2,3,13,7,1,1,,,9,1,1,1,1
18586,1,2,3,2,3,14,0,1,1,,,9,1,1,1,1
18587,1,2,3,2,3,14,1,1,1,,,3,1,1,1,1
18588,1,2,3,2,3,14,2,1,1,,,3,1,1,1,1
18589,1,2,3,2,3,14,3,1,1,,,3,1,1,1,1
18590,1,2,3,2,3,14,4,1,1,,,3,1,1,1,1
18591,1,2,3,2,3,14,5,1,1,,,3,1,1,1,1
18592,1,2,3,2,3,14,6,1,1,,,3,1,1,1,1
18593,1,2,3,2,3,14,7,1,1,,,9,1,1,1,1
18594,1,2,3,2,3,15,0,1,1,,,9,1,1,1,1
18595,1,2,3,2,3,15,1,1,1,,,3,1,1,1,1
18596,1,2,3,2,3,15,2,1,1,,,3,1,1,1,1
18597,1,2,3,2,3,15,3,1,1,,,3,1,1,1,1
18598,1,2,3,2,3,15,4,1,1,,,3,1,1,1,1
18599,1,2,3,2,3,15,5,1,1,,,3,1,1,1,1
18600,1,2,3,2,3,15,6,1,1,,,3,1,1,1,1
18601,1,2,3,2,3,15,7,1,1,,,9,1,1,1,1
18602,1,2,3,2,3,16,0,1,1,,,9,1,1,1,1
18603,1,2,3,2,3,16,1,1,1,,,3,1,1,1,1
18604,1,2,3,2,3,16,2,1,1,,,6,1,1,1,1
18605,1,2,3,2,3,16,3,1,1,,,3,1,1,1,1
18606,1,2,3,2,3,16,4,1,1,,,3,1,1,1,1
18607,1,2,3,2,3,16,5,1,1,,,6,1,1,1,1
18608,1,2,3,2,3,16,6,1,1,,,3,1,1,1,1
18609,1,2,3,2,3,16,7,1,1,,,9,1,1,1,1
18610,1,2,3,2,3,17,0,1,1,,,9,1,1,1,1
18611,1,2,3,2,3,17,1,1,1,,,3,1,1,1,1
18612,1,2,3,2,3,17,2,1,1,,,3,1,1,1,1
18613,1,2,3,2,3,17,3,1,1,,,6,1,1,1,1
18614,1,2,3,2,3,17,4,1,1,,,6,1,1,1,1
18615,1,2,3,2,3,17,5,1,1,,,3,1,1,1,1
18616,1,2,3,2,3,17,6,1,1,,,3,1,1,1,1
18617,1,2,3,2,3,17,7,1,1,,,9,1,1,1,1
18618,1,2,3,2,3,18,0,1,1,,,9,1,1,1,1
18619,1,2,3,2,3,18,1,1,1,,,3,1,1,1,1
18620,1,2,3,2,3,18,2,1,1,,,6,1,1,1,1
18621,1,2,3,2,3,18,3,1,1,,,6,1,1,1,1
18622,1,2,3,2,3,18,4,1,1,,,6,1,1,1,1
18623,1,2,3,2,3,18,5,1,1,,,6,1,1,1,1
18624,1,2,3,2,3,18,6,1,1,,,3,1,1,1,1
18625,1,2,3,2,3,18,7,1,1,,,9,1,1,1,1
18626,1,2,3,2,3,19,0,1,1,,,9,1,1,1,1
18627,1,2,3,2,3,19,1,1,1,,,3,1,1,1,1
18628,1,2,3,2,3,19,2,1,1,,,3,1,1,1,1
18629,1,2,3,2,3,19,3,1,1,,,6,1,1,1,1
18630,1,2,3,2,3,19,4,1,1,,,6,1,1,1,1
18631,1,2,3,2,3,19,5,1,1,,,3,1,1,1,1
18632,1,2,3,2,3,19,6,1,1,,,3,1,1,1,1
18633,1,2,3,2,3,19,7,1,1,,,9,1,1,1,1
18634,1,2,3,2,3,20,0,1,1,,,9,1,1,1,1
18635,1,2,3,2,3,20,1,1,1,,,3,1,1,1,1
18636,1,2,3,2,3,20,2,1,1,,,6,1,1,1,1
18637,1,2,3,2,3,20,3,1,1,,,3,1,1,1,1
18638,1,2,3,2,3,20,4,1,1,,,3,1,1,1,1
18639,1,2,3,2,3,20,5,1,1,,,6,1,1,1,1
18640,1,2,3,2,3,20,6,1,1,,,3,1,1,1,1
18641,1,2,3,2,3,20,7,1,1,,,9,1,1,1,1
18642,1,2,3,2,3,21,0,1,1,,,9,1,1,1,1
18643,1,2,3,2,3,21,1,1,1,,,3,1,1,1,1
18644,1,2,3,2,3,21,2,1,1,,,6,1,1,1,1
18645,1,2,3,2,3,21,3,1,1,,,6,1,1,1,1
18646,1,2,3,2,3,21,4,1,1,,,6,1,1,1,1
18647,1,2,3,2,3,21,5,1,1,,,6,1,1,1,1
18648,1,2,3,2,3,21,6,1,1,,,3,1,1,1,1
18649,1,2,3,2,3,21,7,1,1,,,9,1,1,1,1
18650,1,2,3,2,3,22,0,1,1,,,9,1,1,1,1
18651,1,2,3,2,3,22,1,1,1,,,3,1,1,1,1
18652,1,2,3,2,3,22,2,1,1,,,3,1,1,1,1
18653,1,2,3,2,3,22,3,1,1,,,6,1,1,1,1
18654,1,2,3,2,3,22,4,1,1,,,6,1,1,1,1
18655,1,2,3,2,3,22,5,1,1,,,3,1,1,1,1
18656,1,2,3,2,3,22,6,1,1,,,3,1,1,1,1
18657,1,2,3,2,3,22,7,1,1,,,9,1,1,1,1
18658,1,2,3,2,3,23,0,1,1,,,9,1,1,1,1
18659,1,2,3,2,3,23,1,1,1,,,3,1,1,1,1
18660,1,2,3,2,3,23,2,1,1,,,6,1,1,1,1
18661,1,2,3,2,3,23,3,1,1,,,3,1,1,1,1
18662,1,2,3,2,3,23,4,1,1,,,3,1,1,1,1
18663,1,2,3,2,3,23,5,1,1,,,6,1,1,1,1
18664,1,2,3,2,3,23,6,1,1,,,3,1,1,1,1
18665,1,2,3,2,3,23,7,1,1,,,9,1,1,1,1
18666,1,2,3,2,3,24,0,1,1,,,9,1,1,1,1
18667,1,2,3,2,3,24,1,1,1,,,3,1,1,1,1
18668,1,2,3,2,3,24,2,1,1,,,6,1,1,1,1
18669,1,2,3,2,3,24,3,1,1,,,3,1,1,1,1
18670,1,2,3,2,3,24,4,1,1,,,3,1,1,1,1
18671,1,2,3,2,3,24,5,1,1,,,6,1,1,1,1
18672,1,2,3,2,3,24,6,1,1,,,3,1,1,1,1
18673,1,2,3,2,3,24,7,1,1,,,9,1,1,1,1
18674,1,2,3,2,3,25,0,1,1,,,9,1,1,1,1
18675,1,2,3,2,3,25,1,1,1,,,3,1,1,1,1
18676,1,2,3,2,3,25,2,1,1,,,3,1,1,1,1
18677,1,2,3,2,3,25,3,1,1,,,3,1,1,1,1
18678,1,2,3,2,3,25,4,1,1,,,3,1,1,1,1
18679,1,2,3,2,3,25,5,1,1,,,3,1,1,1,1
18680,1,2,3,2,3,25,6,1,1,,,3,1,1,1,1
18681,1,2,3,2,3,25,7,1,1,,,9,1,1,1,1
18682,1,2,3,2,3,26,0,1,1,,,9,1,1,1,1
18683,1,2,3,2,3,26,1,1,1,,,3,1,1,1,1
18684,1,2,3,2,3,26,2,1,1,,,6,1,1,1,1
18685,1,2,3,2,3,26,3,1,1,,,6,1,1,1,1
18686,1,2,3,2,3,26,4,1,1,,,6,1,1,1,1
18687,1,2,3,2,3,26,5,1,1,,,6,1,1,1,1
18688,1,2,3,2,3,26,6,1,1,,,3,1,1,1,1
18689,1,2,3,2,3,26,7,1,1,,,9,1,1,1,1
18690,1,2,3,2,4,0,0,1,1,,,9,2,1,0,1
18691,1,2,3,2,4,0,1,0,0,1,1,0,2,0,0,1
18692,1,2,3,2,4,0,2,0,0,1,1,0,2,0,0,1
18693,1,2,3,2,4,0,3,1,1,,,6,2,1,0,1
18694,1,2,3,2,4,0,4,1,1,,,6,2,1,0,1
18695,1,2,3,2,4,0,5,0,0,1,1,0,2,0,0,1
18696,1,2,3,2,4,0,6,0,0,1,1,0,2,0,0,1
18697,1,2,3,2,4,0,7,1,1,,,9,2,1,0,1
18698,1,2,3,2,4,1,0,1,1,,,9,2,1,0,1
18699,1,2,3,2,4,1,1,0,0,1,1,0,2,0,0,1
18700,1,2,3,2,4,1,2,0,0,1,1,0,2,0,0,1
18701,1,2,3,2,4,1,3,1,1,,,6,2,1,0,1
18702,1,2,3,2,4,1,4,1,1,,,6,2,1,0,1
18703,1,2,3,2,4,1,5,0,0,1,1,0,2,0,0,1
18704,1,2,3,2,4,1,6,0,0,1,1,0,2,0,0,1
18705,1,2,3,2,4,1,7,1,1,,,9,2,1,0,1
18706,1,2,3,2,4,2,0,1,1,,,9,2,1,0,1
18707,1,2,3,2,4,2,1,0,0,1,1,0,2,0,0,1
18708,1,2,3,2,4,2,2,0,0,1,1,0,2,0,0,1
18709,1,2,3,2,4,2,3,0,0,2,2,0,2,1,0,1
18710,1,2,3,2,4,2,4,0,0,2,2,0,2,1,0,1
18711,1,2,3,2,4,2,5,0,0,1,1,0,2,0,0,1
18712,1,2,3,2,4,2,6,0,0,1,1,0,2,0,0,1
18713,1,2,3,2,4,2,7,1,1,,,9,2,1,0,1
18714,1,2,3,2,4,3,0,1,1,,,9,2,1,0,1
18715,1,2,3,2,4,3,1,0,0,1,1,0,2,0,0,1
18716,1,2,3,2,4,3,2,0,0,1,1,0,2,0,0,1
18717,1,2,3,2,4,3,3,1,1,,,6,2,1,0,1
18718,1,2,3,2,4,3,4,1,1,,,6,2,1,0,1
18719,1,2,3,2,4,3,5,0,0,1,1,0,2,0,0,1
18720,1,2,3,2,4,3,6,0,0,1,1,0,2,0,0,1
18721,1,2,3,2,4,3,7,1,1,,,9,2,1,0,1
18722,1,2,3,2,4,4,0,1,1,,,9,2,1,0,1
18723,1,2,3,2,4,4,1,0,0,1,1,0,2,0,0,1
18724,1,2,3,2,4,4,2,0,0,1,1,0,2,0,0,1
18725,1,2,3,2,4,4,3,1,1,,,6,2,1,0,1
18726,1,2,3,2,4,4,4,1,1,,,6,2,1,0,1
18727,1,2,3,2,4,4,5,0,0,1,1,0,2,0,0,1
18728,1,2,3,2,4,4,6,0,0,1,1,0,2,0,0,1
18729,1,2,3,2,4,4,7,1,1,,,9,2,1,0,1
18730,1,2,3,2,4,5,0,1,1,,,9,2,1,0,1
18731,1,2,3,2,4,5,1,0,0,1,1,0,2,0,0,1
18732,1,2,3,2,4,5,2,0,0,1,1,0,2,0,0,1
18733,1,2,3,2,4,5,3,0,0,2,2,0,2,1,0,1
18734,1,2,3,2,4,5,4,0,0,2,2,0,2,1,0,1
18735,1,2,3,2,4,5,5,0,0,1,1,0,2,0,0,1
18736,1,2,3,2,4,5,6,0,0,1,1,0,2,0,0,1
18737,1,2,3,2,4,5,7,1,1,,,9,2,1,0,1
18738,1,2,3,2,4,6,0,1,1,,,9,2,1,0,1
18739,1,2,3,2,4,6,1,0,0,1,1,0,2,0,0,1
18740,1,2,3,2,4,6,2,0,0,1,1,0,2,0,0,1
18741,1,2,3,2,4,6,3,0,0,2,2,0,2,1,0,1
18742,1,2,3,2,4,6,4,0,0,2,2,0,2,1,0,1
18743,1,2,3,2,4,6,5,0,0,1,1,0,2,0,0,1
18744,1,2,3,2,4,6,6,0,0,1,1,0,2,0,0,1
18745,1,2,3,2,4,6,7,1,1,,,9,2,1,0,1
18746,1,2,3,2,4,7,0,1,1,,,9,2,1,0,1
18747,1,2,3,2,4,7,1,0,0,1,1,0,2,0,0,1
18748,1,2,3,2,4,7,2,0,0,1,1,0,2,0,0,1
18749,1,2,3,2,4,7,3,0,0,2,2,0,2,1,0,1
18750,1,2,3,2,4,7,4,0,0,2,2,0,2,1,0,1
18751,1,2,3,2,4,7,5,0,0,1,1,0,2,0,0,1
18752,1,2,3,2,4,7,6,0,0,1,1,0,2,0,0,1
18753,1,2,3,2,4,7,7,1,1,,,9,2,1,0,1
18754,1,2,3,2,4,8,0,1,1,,,9,2,1,0,1
18755,1,2,3,2,4,8,1,0,0,1,1,0,2,0,0,1
18756,1,2,3,2,4,8,2,0,0,1,1,0,2,0,0,1
18757,1,2,3,2,4,8,3,1,1,,,6,2,1,0,1
18758,1,2,3,2,4,8,4,1,1,,,6,2,1,0,1
18759,1,2,3,2,4,8,5,0,0,1,1,0,2,0,0,1
18760,1,2,3,2,4,8,6,0,0,1,1,0,2,0,0,1
18761,1,2,3,2,4,8,7,1,1,,,9,2,1,0,1
18762,1,2,3,2,4,9,0,1,1,,,9,2,1,0,1
18763,1,2,3,2,4,9,1,0,0,1,1,0,2,0,0,1
18764,1,2,3,2,4,9,2,0,0,1,1,0,2,0,0,1
18765,1,2,3,2,4,9,3,1,1,,,6,2,1,0,1
18766,1,2,3,2,4,9,4,1,1,,,6,2,1,0,1
18767,1,2,3,2,4,9,5,0,0,1,1,0,2,0,0,1
18768,1,2,3,2,4,9,6,0,0,1,1,0,2,0,0,1
18769,1,2,3,2,4,9,7,1,1,,,9,2,1,0,1
18770,1,2,3,2,4,10,0,1,1,,,9,2,1,0,1
18771,1,2,3,2,4,10,1,0,0,1,1,0,2,0,0,1
18772,1,2,3,2,4,10,2,0,0,1,1,0,2,0,0,1
18773,1,2,3,2,4,10,3,1,1,,,6,2,1,0,1
18774,1,2,3,2,4,10,4,1,1,,,6,2,1,0,1
18775,1,2,3,2,4,10,5,0,0,1,1,0,2,0,0,1
18776,1,2,3,2,4,10,6,0,0,1,1,0,2,0,0,1
18777,1,2,3,2,4,10,7,1,1,,,9,2,1,0,1
18778,1,2,3,2,4,11,0,1,1,,,9,2,1,0,1
18779,1,2,3,2,4,11,1,0,0,1,1,0,2,0,0,1
18780,1,2,3,2,4,11,2,0,0,1,1,0,2,0,0,1
18781,1,2,3,2,4,11,3,0,0,2,2,0,2,1,0,1
18782,1,2,3,2,4,11,4,0,0,2,2,0,2,1,0,1
18783,1,2,3,2,4,11,5,0,0,1,1,0,2,0,0,1
18784,1,2,3,2,4,11,6,0,0,1,1,0,2,0,0,1
18785,1,2,3,2,4,11,7,1,1,,,9,2,1,0,1
18786,1,2,3,2,4,12,0,1,1,,,9,2,1,0,1
18787,1,2,3,2,4,12,1,0,0,1,1,0,2,0,0,1
18788,1,2,3,2,4,12,2,0,0,1,1,0,2,0,0,1
18789,1,2,3,2,4,12,3,1,1,,,6,2,1,0,1
18790,1,2,3,2,4,12,4,1,1,,,6,2,1,0,1
18791,1,2,3,2,4,12,5,0,0,1,1,0,2,0,0,1
18792,1,2,3,2,4,12,6,0,0,1,1,0,2,0,0,1
18793,1,2,3,2,4,12,7,1,1,,,9,2,1,0,1
18794,1,2,3,2,4,13,0,1,1,,,9,2,1,0,1
18795,1,2,3,2,4,13,1,0,0,1,1,0,2,0,0,1
18796,1,2,3,2,4,13,2,0,0,1,1,0,2,0,0,1
18797,1,2,3,2,4,13,3,1,1,,,6,2,1,0,1
18798,1,2,3,2,4,13,4,1,1,,,6,2,1,0,1
18799,1,2,3,2,4,13,5,0,0,1,1,0,2,0,0,1
18800,1,2,3,2,4,13,6,0,0,1,1,0,2,0,0,1
18801,1,2,3,2,4,13,7,1,1,,,9,2,1,0,1
18802,1,2,3,2,4,14,0,1,1,,,9,2,1,0,1
18803,1,2,3,2,4,14,1,0,0,1,1,0,2,0,0,1
18804,1,2,3,2,4,14,2,0,0,1,1,0,2,0,0,1
18805,1,2,3,2,4,14,3,0,0,2,2,0,2,1,0,1
18806,1,2,3,2,4,14,4,0,0,2,2,0,2,1,0,1
18807,1,2,3,2,4,14,5,0,0,1,1,0,2,0,0,1
18808,1,2,3,2,4,14,6,0,0,1,1,0,2,0,0,1
18809,1,2,3,2,4,14,7,1,1,,,9,2,1,0,1
18810,1,2,3,2,4,15,0,1,1,,,9,2,1,0,1
18811,1,2,3,2,4,15,1,0,0,1,1,0,2,0,0,1
18812,1,2,3,2,4,15,2,0,0,1,1,0,2,0,0,1
18813,1,2,3,2,4,15,3,0,0,2,2,0,2,1,0,1
18814,1,2,3,2,4,15,4,0,0,2,2,0,2,1,0,1
18815,1,2,3,2,4,15,5,0,0,1,1,0,2,0,0,1
18816,1,2,3,2,4,15,6,0,0,1,1,0,2,0,0,1
18817,1,2,3,2,4,15,7,1,1,,,9,2,1,0,1
18818,1,2,3,2,4,16,0,1,1,,,9,2,1,0,1
18819,1,2,3,2,4,16,1,0,0,1,1,0,2,0,0,1
18820,1,2,3,2,4,16,2,0,0,1,1,0,2,0,0,1
18821,1,2,3,2,4,16,3,0,0,2,2,0,2,1,0,1
18822,1,2,3,2,4,16,4,0,0,2,2,0,2,1,0,1
18823,1,2,3,2,4,16,5,0,0,1,1,0,2,0,0,1
18824,1,2,3,2,4,16,6,0,0,1,1,0,2,0,0,1
18825,1,2,3,2,4,16,7,1,1,,,9,2,1,0,1
18826,1,2,3,2,4,17,0,1,1,,,9,2,1,0,1
18827,1,2,3,2,4,17,1,0,0,1,1,0,2,0,0,1
18828,1,2,3,2,4,17,2,0,0,1,1,0,2,0,0,1
18829,1,2,3,2,4,17,3,1,1,,,6,2,1,0,1
18830,1,2,3,2,4,17,4,1,1,,,6,2,1,0,1
18831,1,2,3,2,4,17,5,0,0,1,1,0,2,0,0,1
18832,1,2,3,2,4,17,6,0,0,1,1,0,2,0,0,1
18833,1,2,3,2,4,17,7,1,1,,,9,2,1,0,1
18834,1,2,3,2,4,18,0,1,1,,,9,2,1,0,1
18835,1,2,3,2,4,18,1,0,0,1,1,0,2,0,0,1
18836,1,2,3,2,4,18,2,0,0,1,1,0,2,0,0,1
18837,1,2,3,2,4,18,3,1,1,,,6,2,1,0,1
18838,1,2,3,2,4,18,4,1,1,,,6,2,1,0,1
18839,1,2,3,2,4,18,5,0,0,1,1,0,2,0,0,1
18840,1,2,3,2,4,18,6,0,0,1,1,0,2,0,0,1
18841,1,2,3,2,4,18,7,1,1,,,9,2,1,0,1
18842,1,2,3,2,4,19,0,1,1,,,9,2,1,0,1
18843,1,2,3,2,4,19,1,0,0,1,1,0,2,0,0,1
18844,1,2,3,2,4,19,2,0,0,1,1,0,2,0,0,1
18845,1,2,3,2,4,19,3,1,1,,,6,2,1,0,1
18846,1,2,3,2,4,19,4,1,1,,,6,2,1,0,1
18847,1,2,3,2,4,19,5,0,0,1,1,0,2,0,0,1
18848,1,2,3,2,4,19,6,0,0,1,1,0,2,0,0,1
18849,1,2,3,2,4,19,7,1,1,,,9,2,1,0,1
18850,1,2,3,2,4,20,0,1,1,,,9,2,1,0,1
18851,1,2,3,2,4,20,1,0,0,1,1,0,2,0,0,1
18852,1,2,3,2,4,20,2,0,0,1,1,0,2,0,0,1
18853,1,2,3,2,4,20,3,0,0,2,2,0,2,1,0,1
18854,1,2,3,2,4,20,4,0,0,2,2,0,2,1,0,1
18855,1,2,3,2,4,20,5,0,0,1,1,0,2,0,0,1
18856,1,2,3,2,4,20,6,0,0,1,1,0,2,0,0,1
18857,1,2,3,2,4,20,7,1,1,,,9,2,1,0,1
18858,1,2,3,2,4,21,0,1,1,,,9,2,1,0,1
18859,1,2,3,2,4,21,1,0,0,1,1,0,2,0,0,1
18860,1,2,3,2,4,21,2,0,0,1,1,0,2,0,0,1
18861,1,2,3,2,4,21,3,1,1,,,6,2,1,0,1
18862,1,2,3,2,4,21,4,1,1,,,6,2,1,0,1
18863,1,2,3,2,4,21,5,0,0,1,1,0,2,0,0,1
18864,1,2,3,2,4,21,6,0,0,1,1,0,2,0,0,1
18865,1,2,3,2,4,21,7,1,1,,,9,2,1,0,1
18866,1,2,3,2,4,22,0,1,1,,,9,2,1,0,1
18867,1,2,3,2,4,22,1,0,0,1,1,0,2,0,0,1
18868,1,2,3,2,4,22,2,0,0,1,1,0,2,0,0,1
18869,1,2,3,2,4,22,3,1,1,,,6,2,1,0,1
18870,1,2,3,2,4,22,4,1,1,,,6,2,1,0,1
18871,1,2,3,2,4,22,5,0,0,1,1,0,2,0,0,1
18872,1,2,3,2,4,22,6,0,0,1,1,0,2,0,0,1
18873,1,2,3,2,4,22,7,1,1,,,9,2,1,0,1
18874,1,2,3,2,4,23,0,1,1,,,9,2,1,0,1
18875,1,2,3,2,4,23,1,0,0,1,1,0,2,0,0,1
18876,1,2,3,2,4,23,2,0,0,1,1,0,2,0,0,1
18877,1,2,3,2,4,23,3,0,0,2,2,0,2,1,0,1
18878,1,2,3,2,4,23,4,0,0,2,2,0,2,1,0,1
18879,1,2,3,2,4,23,5,0,0,1,1,0,2,0,0,1
18880,1,2,3,2,4,23,6,0,0,1,1,0,2,0,0,1
18881,1,2,3,2,4,23,7,1,1,,,9,2,1,0,1
18882,1,2,3,2,4,24,0,1,1,,,9,2,1,0,1
18883,1,2,3,2,4,24,1,0,0,1,1,0,2,0,0,1
18884,1,2,3,2,4,24,2,0,0,1,1,0,2,0,0,1
18885,1,2,3,2,4,24,3,0,0,2,2,0,2,1,0,1
18886,1,2,3,2,4,24,4,0,0,2,2,0,2,1,0,1
18887,1,2,3,2,4,24,5,0,0,1,1,0,2,0,0,1
18888,1,2,3,2,4,24,6,0,0,1,1,0,2,0,0,1
18889,1,2,3,2,4,24,7,1,1,,,9,2,1,0,1
18890,1,2,3,2,4,25,0,1,1,,,9,2,1,0,1
18891,1,2,3,2,4,25,1,0,0,1,1,0,2,0,0,1
18892,1,2,3,2,4,25,2,0,0,1,1,0,2,0,0,1
18893,1,2,3,2,4,25,3,0,0,2,2,0,2,1,0,1
18894,1,2,3,2,4,25,4,0,0,2,2,0,2,1,0,1
18895,1,2,3,2,4,25,5,0,0,1,1,0,2,0,0,1
18896,1,2,3,2,4,25,6,0,0,1,1,0,2,0,0,1
18897,1,2,3,2,4,25,7,1,1,,,9,2,1,0,1
18898,1,2,3,2,4,26,0,1,1,,,9,2,1,0,1
18899,1,2,3,2,4,26,1,0,0,1,1,0,2,0,0,1
18900,1,2,3,2,4,26,2,0,0,1,1,0,2,0,0,1
18901,1,2,3,2,4,26,3,1,1,,,6,2,1,0,1
18902,1,2,3,2,4,26,4,1,1,,,6,2,1,0,1
18903,1,2,3,2,4,26,5,0,0,1,1,0,2,0,0,1
18904,1,2,3,2,4,26,6,0,0,1,1,0,2,0,0,1
18905,1,2,3,2,4,26,7,1,1,,,9,2,1,0,1
18906,1,2,3,2,5,0,0,1,1,,,9,2,1,0,1
18907,1,2,3,2,5,0,1,0,0,1,1,0,2,0,0,1
18908,1,2,3,2,5,0,2,1,1,,,6,2,1,0,1
18909,1,2,3,2,5,0,3,0,0,1,1,0,2,0,0,1
18910,1,2,3,2,5,0,4,0,0,1,1,0,2,0,0,1
18911,1,2,3,2,5,0,5,1,1,,,6,2,1,0,1
18912,1,2,3,2,5,0,6,0,0,1,1,0,2,0,0,1
18913,1,2,3,2,5,0,7,1,1,,,9,2,1,0,1
18914,1,2,3,2,5,1,0,1,1,,,9,2,1,0,1
18915,1,2,3,2,5,1,1,0,0,1,1,0,2,0,0,1
18916,1,2,3,2,5,1,2,0,0,2,2,0,2,1,0,1
18917,1,2,3,2,5,1,3,0,0,1,1,0,2,0,0,1
18918,1,2,3,2,5,1,4,0,0,1,1,0,2,0,0,1
18919,1,2,3,2,5,1,5,0,0,2,2,0,2,1,0,1
18920,1,2,3,2,5,1,6,0,0,1,1,0,2,0,0,1
18921,1,2,3,2,5,1,7,1,1,,,9,2,1,0,1
18922,1,2,3,2,5,2,0,1,1,,,9,2,1,0,1
18923,1,2,3,2,5,2,1,0,0,1,1,0,2,0,0,1
18924,1,2,3,2,5,2,2,1,1,,,6,2,1,0,1
18925,1,2,3,2,5,2,3,0,0,1,1,0,2,0,0,1
18926,1,2,3,2,5,2,4,0,0,1,1,0,2,0,0,1
18927,1,2,3,2,5,2,5,1,1,,,6,2,1,0,1
18928,1,2,3,2,5,2,6,0,0,1,1,0,2,0,0,1
18929,1,2,3,2,5,2,7,1,1,,,9,2,1,0,1
18930,1,2,3,2,5,3,0,1,1,,,9,2,1,0,1
18931,1,2,3,2,5,3,1,0,0,1,1,0,2,0,0,1
18932,1,2,3,2,5,3,2,1,1,,,6,2,1,0,1
18933,1,2,3,2,5,3,3,0,0,1,1,0,2,0,0,1
18934,1,2,3,2,5,3,4,0,0,1,1,0,2,0,0,1
18935,1,2,3,2,5,3,5,1,1,,,6,2,1,0,1
18936,1,2,3,2,5,3,6,0,0,1,1,0,2,0,0,1
18937,1,2,3,2,5,3,7,1,1,,,9,2,1,0,1
18938,1,2,3,2,5,4,0,1,1,,,9,2,1,0,1
18939,1,2,3,2,5,4,1,0,0,1,1,0,2,0,0,1
18940,1,2,3,2,5,4,2,0,0,2,2,0,2,1,0,1
18941,1,2,3,2,5,4,3,0,0,1,1,0,2,0,0,1
18942,1,2,3,2,5,4,4,0,0,1,1,0,2,0,0,1
18943,1,2,3,2,5,4,5,0,0,2,2,0,2,1,0,1
18944,1,2,3,2,5,4,6,0,0,1,1,0,2,0,0,1
18945,1,2,3,2,5,4,7,1,1,,,9,2,1,0,1
18946,1,2,3,2,5,5,0,1,1,,,9,2,1,0,1
18947,1,2,3,2,5,5,1,0,0,1,1,0,2,0,0,1
18948,1,2,3,2,5,5,2,1,1,,,6,2,1,0,1
18949,1,2,3,2,5,5,3,0,0,1,1,0,2,0,0,1
18950,1,2,3,2,5,5,4,0,0,1,1,0,2,0,0,1
18951,1,2,3,2,5,5,5,1,1,,,6,2,1,0,1
18952,1,2,3,2,5,5,6,0,0,1,1,0,2,0,0,1
18953,1,2,3,2,5,5,7,1,1,,,9,2,1,0,1
18954,1,2,3,2,5,6,0,1,1,,,9,2,1,0,1
18955,1,2,3,2,5,6,1,0,0,1,1,0,2,0,0,1
18956,1,2,3,2,5,6,2,1,1,,,6,2,1,0,1
18957,1,2,3,2,5,6,3,0,0,1,1,0,2,0,0,1
18958,1,2,3,2,5,6,4,0,0,1,1,0,2,0,0,1
18959,1,2,3,2,5,6,5,1,1,,,6,2,1,0,1
18960,1,2,3,2,5,6,6,0,0,1,1,0,2,0,0,1
18961,1,2,3,2,5,6,7,1,1,,,9,2,1,0,1
18962,1,2,3,2,5,7,0,1,1,,,9,2,1,0,1
18963,1,2,3,2,5,7,1,0,0,1,1,0,2,0,0,1
18964,1,2,3,2,5,7,2,0,0,2,2,0,2,1,0,1
18965,1,2,3,2,5,7,3,0,0,1,1,0,2,0,0,1
18966,1,2,3,2,5,7,4,0,0,1,1,0,2,0,0,1
18967,1,2,3,2,5,7,5,0,0,2,2,0,2,1,0,1
18968,1,2,3,2,5,7,6,0,0,1,1,0,2,0,0,1
18969,1,2,3,2,5,7,7,1,1,,,9,2,1,0,1
18970,1,2,3,2,5,8,0,1,1,,,9,2,1,0,1
18971,1,2,3,2,5,8,1,0,0,1,1,0,2,0,0,1
18972,1,2,3,2,5,8,2,1,1,,,6,2,1,0,1
18973,1,2,3,2,5,8,3,0,0,1,1,0,2,0,0,1
18974,1,2,3,2,5,8,4,0,0,1,1,0,2,0,0,1
18975,1,2,3,2,5,8,5,1,1,,,6,2,1,0,1
18976,1,2,3,2,5,8,6,0,0,1,1,0,2,0,0,1
18977,1,2,3,2,5,8,7,1,1,,,9,2,1,0,1
18978,1,2,3,2,5,9,0,1,1,,,9,2,1,0,1
18979,1,2,3,2,5,9,1,0,0,1,1,0,2,0,0,1
18980,1,2,3,2,5,9,2,0,0,2,2,0,2,1,0,1
18981,1,2,3,2,5,9,3,0,0,1,1,0,2,0,0,1
18982,1,2,3,2,5,9,4,0,0,1,1,0,2,0,0,1
18983,1,2,3,2,5,9,5,0,0,2,2,0,2,1,0,1
18984,1,2,3,2,5,9,6,0,0,1,1,0,2,0,0,1
18985,1,2,3,2,5,9,7,1,1,,,9,2,1,0,1
18986,1,2,3,2,5,10,0,1,1,,,9,2,1,0,1
18987,1,2,3,2,5,10,1,0,0,1,1,0,2,0,0,1
18988,1,2,3,2,5,10,2,1,1,,,6,2,1,0,1
18989,1,2,3,2,5,10,3,0,0,1,1,0,2,0,0,1
18990,1,2,3,2,5,10,4,0,0,1,1,0,2,0,0,1
18991,1,2,3,2,5,10,5,1,1,,,6,2,1,0,1
18992,1,2,3,2,5,10,6,0,0,1,1,0,2,0,0,1
18993,1,2,3,2,5,10,7,1,1,,,9,2,1,0,1
18994,1,2,3,2,5,11,0,1,1,,,9,2,1,0,1
18995,1,2,3,2,5,11,1,0,0,1,1,0,2,0,0,1
18996,1,2,3,2,5,11,2,0,0,2,2,0,2,1,0,1
18997,1,2,3,2,5,11,3,0,0,1,1,0,2,0,0,1
18998,1,2,3,2,5,11,4,0,0,1,1,0,2,0,0,1
18999,1,2,3,2,5,11,5,0,0,2,2,0,2,1,0,1
19000,1,2,3,2,5,11,6,0,0,1,1,0,2,0,0,1
19001,1,2,3,2,5,11,7,1,1,,,9,2,1,0,1
19002,1,2,3,2,5,12,0,1,1,,,9,2,1,0,1
19003,1,2,3,2,5,12,1,0,0,1,1,0,2,0,0,1
19004,1,2,3,2,5,12,2,0,0,2,2,0,2,1,0,1
19005,1,2,3,2,5,12,3,0,0,1,1,0,2,0,0,1
19006,1,2,3,2,5,12,4,0,0,1,1,0,2,0,0,1
19007,1,2,3,2,5,12,5,0,0,2,2,0,2,1,0,1
19008,1,2,3,2,5,12,6,0,0,1,1,0,2,0,0,1
19009,1,2,3,2,5,12,7,1,1,,,9,2,1,0,1
19010,1,2,3,2,5,13,0,1,1,,,9,2,1,0,1
19011,1,2,3,2,5,13,1,0,0,1,1,0,2,0,0,1
19012,1,2,3,2,5,13,2,1,1,,,6,2,1,0,1
19013,1,2,3,2,5,13,3,0,0,1,1,0,2,0,0,1
19014,1,2,3,2,5,13,4,0,0,1,1,0,2,0,0,1
19015,1,2,3,2,5,13,5,1,1,,,6,2,1,0,1
19016,1,2,3,2,5,13,6,0,0,1,1,0,2,0,0,1
19017,1,2,3,2,5,13,7,1,1,,,9,2,1,0,1
19018,1,2,3,2,5,14,0,1,1,,,9,2,1,0,1
19019,1,2,3,2,5,14,1,0,0,1,1,0,2,0,0,1
19020,1,2,3,2,5,14,2,0,0,2,2,0,2,1,0,1
19021,1,2,3,2,5,14,3,0,0,1,1,0,2,0,0,1
19022,1,2,3,2,5,14,4,0,0,1,1,0,2,0,0,1
19023,1,2,3,2,5,14,5,0,0,2,2,0,2,1,0,1
19024,1,2,3,2,5,14,6,0,0,1,1,0,2,0,0,1
19025,1,2,3,2,5,14,7,1,1,,,9,2,1,0,1
19026,1,2,3,2,5,15,0,1,1,,,9,2,1,0,1
19027,1,2,3,2,5,15,1,0,0,1,1,0,2,0,0,1
19028,1,2,3,2,5,15,2,0,0,2,2,0,2,1,0,1
19029,1,2,3,2,5,15,3,0,0,1,1,0,2,0,0,1
19030,1,2,3,2,5,15,4,0,0,1,1,0,2,0,0,1
19031,1,2,3,2,5,15,5,0,0,2,2,0,2,1,0,1
19032,1,2,3,2,5,15,6,0,0,1,1,0,2,0,0,1
19033,1,2,3,2,5,15,7,1,1,,,9,2,1,0,1
19034,1,2,3,2,5,16,0,1,1,,,9,2,1,0,1
19035,1,2,3,2,5,16,1,0,0,1,1,0,2,0,0,1
19036,1,2,3,2,5,16,2,1,1,,,6,2,1,0,1
19037,1,2,3,2,5,16,3,0,0,1,1,0,2,0,0,1
19038,1,2,3,2,5,16,4,0,0,1,1,0,2,0,0,1
19039,1,2,3,2,5,16,5,1,1,,,6,2,1,0,1
19040,1,2,3,2,5,16,6,0,0,1,1,0,2,0,0,1
19041,1,2,3,2,5,16,7,1,1,,,9,2,1,0,1
19042,1,2,3,2,5,17,0,1,1,,,9,2,1,0,1
19043,1,2,3,2,5,17,1,0,0,1,1,0,2,0,0,1
19044,1,2,3,2,5,17,2,0,0,2,2,0,2,1,0,1
19045,1,2,3,2,5,17,3,0,0,1,1,0,2,0,0,1
19046,1,2,3,2,5,17,4,0,0,1,1,0,2,0,0,1
19047,1,2,3,2,5,17,5,0,0,2,2,0,2,1,0,1
19048,1,2,3,2,5,17,6,0,0,1,1,0,2,0,0,1
19049,1,2,3,2,5,17,7,1,1,,,9,2,1,0,1
19050,1,2,3,2,5,18,0,1,1,,,9,2,1,0,1
19051,1,2,3,2,5,18,1,0,0,1,1,0,2,0,0,1
19052,1,2,3,2,5,18,2,1,1,,,6,2,1,0,1
19053,1,2,3,2,5,18,3,0,0,1,1,0,2,0,0,1
19054,1,2,3,2,5,18,4,0,0,1,1,0,2,0,0,1
19055,1,2,3,2,5,18,5,1,1,,,6,2,1,0,1
19056,1,2,3,2,5,18,6,0,0,1,1,0,2,0,0,1
19057,1,2,3,2,5,18,7,1,1,,,9,2,1,0,1
19058,1,2,3,2,5,19,0,1,1,,,9,2,1,0,1
19059,1,2,3,2,5,19,1,0,0,1,1,0,2,0,0,1
19060,1,2,3,2,5,19,2,0,0,2,2,0,2,1,0,1
19061,1,2,3,2,5,19,3,0,0,1,1,0,2,0,0,1
19062,1,2,3,2,5,19,4,0,0,1,1,0,2,0,0,1
19063,1,2,3,2,5,19,5,0,0,2,2,0,2,1,0,1
19064,1,2,3,2,5,19,6,0,0,1,1,0,2,0,0,1
19065,1,2,3,2,5,19,7,1,1,,,9,2,1,0,1
19066,1,2,3,2,5,20,0,1,1,,,9,2,1,0,1
19067,1,2,3,2,5,20,1,0,0,1,1,0,2,0,0,1
19068,1,2,3,2,5,20,2,1,1,,,6,2,1,0,1
19069,1,2,3,2,5,20,3,0,0,1,1,0,2,0,0,1
19070,1,2,3,2,5,20,4,0,0,1,1,0,2,0,0,1
19071,1,2,3,2,5,20,5,1,1,,,6,2,1,0,1
19072,1,2,3,2,5,20,6,0,0,1,1,0,2,0,0,1
19073,1,2,3,2,5,20,7,1,1,,,9,2,1,0,1
19074,1,2,3,2,5,21,0,1,1,,,9,2,1,0,1
19075,1,2,3,2,5,21,1,0,0,1,1,0,2,0,0,1
19076,1,2,3,2,5,21,2,1,1,,,6,2,1,0,1
19077,1,2,3,2,5,21,3,0,0,1,1,0,2,0,0,1
19078,1,2,3,2,5,21,4,0,0,1,1,0,2,0,0,1
19079,1,2,3,2,5,21,5,1,1,,,6,2,1,0,1
19080,1,2,3,2,5,21,6,0,0,1,1,0,2,0,0,1
19081,1,2,3,2,5,21,7,1,1,,,9,2,1,0,1
19082,1,2,3,2,5,22,0,1,1,,,9,2,1,0,1
19083,1,2,3,2,5,22,1,0,0,1,1,0,2,0,0,1
19084,1,2,3,2,5,22,2,0,0,2,2,0,2,1,0,1
19085,1,2,3,2,5,22,3,0,0,1,1,0,2,0,0,1
19086,1,2,3,2,5,22,4,0,0,1,1,0,2,0,0,1
19087,1,2,3,2,5,22,5,0,0,2,2,0,2,1,0,1
19088,1,2,3,2,5,22,6,0,0,1,1,0,2,0,0,1
19089,1,2,3,2,5,22,7,1,1,,,9,2,1,0,1
19090,1,2,3,2,5,23,0,1,1,,,9,2,1,0,1
19091,1,2,3,2,5,23,1,0,0,1,1,0,2,0,0,1
19092,1,2,3,2,5,23,2,1,1,,,6,2,1,0,1
19093,1,2,3,2,5,23,3,0,0,1,1,0,2,0,0,1
19094,1,2,3,2,5,23,4,0,0,1,1,0,2,0,0,1
19095,1,2,3,2,5,23,5,1,1,,,6,2,1,0,1
19096,1,2,3,2,5,23,6,0,0,1,1,0,2,0,0,1
19097,1,2,3,2,5,23,7,1,1,,,9,2,1,0,1
19098,1,2,3,2,5,24,0,1,1,,,9,2,1,0,1
19099,1,2,3,2,5,24,1,0,0,1,1,0,2,0,0,1
19100,1,2,3,2,5,24,2,1,1,,,6,2,1,0,1
19101,1,2,3,2,5,24,3,0,0,1,1,0,2,0,0,1
19102,1,2,3,2,5,24,4,0,0,1,1,0,2,0,0,1
19103,1,2,3,2,5,24,5,1,1,,,6,2,1,0,1
19104,1,2,3,2,5,24,6,0,0,1,1,0,2,0,0,1
19105,1,2,3,2,5,24,7,1,1,,,9,2,1,0,1
19106,1,2,3,2,5,25,0,1,1,,,9,2,1,0,1
19107,1,2,3,2,5,25,1,0,0,1,1,0,2,0,0,1
19108,1,2,3,2,5,25,2,0,0,2,2,0,2,1,0,1
19109,1,2,3,2,5,25,3,0,0,1,1,0,2,0,0,1
19110,1,2,3,2,5,25,4,0,0,1,1,0,2,0,0,1
19111,1,2,3,2,5,25,5,0,0,2,2,0,2,1,0,1
19112,1,2,3,2,5,25,6,0,0,1,1,0,2,0,0,1
19113,1,2,3,2,5,25,7,1,1,,,9,2,1,0,1
19114,1,2,3,2,5,26,0,1,1,,,9,2,1,0,1
19115,1,2,3,2,5,26,1,0,0,1,1,0,2,0,0,1
19116,1,2,3,2,5,26,2,1,1,,,6,2,1,0,1
19117,1,2,3,2,5,26,3,0,0,1,1,0,2,0,0,1
19118,1,2,3,2,5,26,4,0,0,1,1,0,2,0,0,1
19119,1,2,3,2,5,26,5,1,1,,,6,2,1,0,1
19120,1,2,3,2,5,26,6,0,0,1,1,0,2,0,0,1
19121,1,2,3,2,5,26,7,1,1,,,9,2,1,0,1
19122,1,2,3,2,6,0,0,1,1,,,9,1,1,1,1
19123,1,2,3,2,6,0,1,1,1,,,3,1,1,1,1
19124,1,2,3,2,6,0,2,1,1,,,6,1,1,1,1
19125,1,2,3,2,6,0,3,1,1,,,6,1,1,1,1
19126,1,2,3,2,6,0,4,1,1,,,6,1,1,1,1
19127,1,2,3,2,6,0,5,1,1,,,6,1,1,1,1
19128,1,2,3,2,6,0,6,1,1,,,3,1,1,1,1
19129,1,2,3,2,6,0,7,1,1,,,9,1,1,1,1
19130,1,2,3,2,6,1,0,1,1,,,9,1,1,1,1
19131,1,2,3,2,6,1,1,1,1,,,3,1,1,1,1
19132,1,2,3,2,6,1,2,1,1,,,3,1,1,1,1
19133,1,2,3,2,6,1,3,1,1,,,6,1,1,1,1
19134,1,2,3,2,6,1,4,1,1,,,6,1,1,1,1
19135,1,2,3,2,6,1,5,1,1,,,3,1,1,1,1
19136,1,2,3,2,6,1,6,1,1,,,3,1,1,1,1
19137,1,2,3,2,6,1,7,1,1,,,9,1,1,1,1
19138,1,2,3,2,6,2,0,1,1,,,9,1,1,1,1
19139,1,2,3,2,6,2,1,1,1,,,3,1,1,1,1
19140,1,2,3,2,6,2,2,1,1,,,6,1,1,1,1
19141,1,2,3,2,6,2,3,1,1,,,3,1,1,1,1
19142,1,2,3,2,6,2,4,1,1,,,3,1,1,1,1
19143,1,2,3,2,6,2,5,1,1,,,6,1,1,1,1
19144,1,2,3,2,6,2,6,1,1,,,3,1,1,1,1
19145,1,2,3,2,6,2,7,1,1,,,9,1,1,1,1
19146,1,2,3,2,6,3,0,1,1,,,9,1,1,1,1
19147,1,2,3,2,6,3,1,1,1,,,3,1,1,1,1
19148,1,2,3,2,6,3,2,1,1,,,6,1,1,1,1
19149,1,2,3,2,6,3,3,1,1,,,6,1,1,1,1
19150,1,2,3,2,6,3,4,1,1,,,6,1,1,1,1
19151,1,2,3,2,6,3,5,1,1,,,6,1,1,1,1
19152,1,2,3,2,6,3,6,1,1,,,3,1,1,1,1
19153,1,2,3,2,6,3,7,1,1,,,9,1,1,1,1
19154,1,2,3,2,6,4,0,1,1,,,9,1,1,1,1
19155,1,2,3,2,6,4,1,1,1,,,3,1,1,1,1
19156,1,2,3,2,6,4,2,1,1,,,3,1,1,1,1
19157,1,2,3,2,6,4,3,1,1,,,6,1,1,1,1
19158,1,2,3,2,6,4,4,1,1,,,6,1,1,1,1
19159,1,2,3,2,6,4,5,1,1,,,3,1,1,1,1
19160,1,2,3,2,6,4,6,1,1,,,3,1,1,1,1
19161,1,2,3,2,6,4,7,1,1,,,9,1,1,1,1
19162,1,2,3,2,6,5,0,1,1,,,9,1,1,1,1
19163,1,2,3,2,6,5,1,1,1,,,3,1,1,1,1
19164,1,2,3,2,6,5,2,1,1,,,6,1,1,1,1
19165,1,2,3,2,6,5,3,1,1,,,3,1,1,1,1
19166,1,2,3,2,6,5,4,1,1,,,3,1,1,1,1
19167,1,2,3,2,6,5,5,1,1,,,6,1,1,1,1
19168,1,2,3,2,6,5,6,1,1,,,3,1,1,1,1
19169,1,2,3,2,6,5,7,1,1,,,9,1,1,1,1
19170,1,2,3,2,6,6,0,1,1,,,9,1,1,1,1
19171,1,2,3,2,6,6,1,1,1,,,3,1,1,1,1
19172,1,2,3,2,6,6,2,1,1,,,6,1,1,1,1
19173,1,2,3,2,6,6,3,1,1,,,3,1,1,1,1
19174,1,2,3,2,6,6,4,1,1,,,3,1,1,1,1
19175,1,2,3,2,6,6,5,1,1,,,6,1,1,1,1
19176,1,2,3,2,6,6,6,1,1,,,3,1,1,1,1
19177,1,2,3,2,6,6,7,1,1,,,9,1,1,1,1
19178,1,2,3,2,6,7,0,1,1,,,9,1,1,1,1
19179,1,2,3,2,6,7,1,1,1,,,3,1,1,1,1
19180,1,2,3,2,6,7,2,1,1,,,3,1,1,1,1
19181,1,2,3,2,6,7,3,1,1,,,3,1,1,1,1
19182,1,2,3,2,6,7,4,1,1,,,3,1,1,1,1
19183,1,2,3,2,6,7,5,1,1,,,3,1,1,1,1
19184,1,2,3,2,6,7,6,1,1,,,3,1,1,1,1
19185,1,2,3,2,6,7,7,1,1,,,9,1,1,1,1
19186,1,2,3,2,6,8,0,1,1,,,9,1,1,1,1
19187,1,2,3,2,6,8,1,1,1,,,3,1,1,1,1
19188,1,2,3,2,6,8,2,1,1,,,6,1,1,1,1
19189,1,2,3,2,6,8,3,1,1,,,6,1,1,1,1
19190,1,2,3,2,6,8,4,1,1,,,6,1,1,1,1
19191,1,2,3,2,6,8,5,1,1,,,6,1,1,1,1
19192,1,2,3,2,6,8,6,1,1,,,3,1,1,1,1
19193,1,2,3,2,6,8,7,1,1,,,9,1,1,1,1
19194,1,2,3,2,6,9,0,1,1,,,9,1,1,1,1
19195,1,2,3,2,6,9,1,1,1,,,3,1,1,1,1
19196,1,2,3,2,6,9,2,1,1,,,3,1,1,1,1
19197,1,2,3,2,6,9,3,1,1,,,6,1,1,1,1
19198,1,2,3,2,6,9,4,1,1,,,6,1,1,1,1
19199,1,2,3,2,6,9,5,1,1,,,3,1,1,1,1
19200,1,2,3,2,6,9,6,1,1,,,3,1,1,1,1
19201,1,2,3,2,6,9,7,1,1,,,9,1,1,1,1
19202,1,2,3,2,6,10,0,1,1,,,9,1,1,1,1
19203,1,2,3,2,6,10,1,1,1,,,3,1,1,1,1
19204,1,2,3,2,6,10,2,1,1,,,6,1,1,1,1
19205,1,2,3,2,6,10,3,1,1,,,6,1,1,1,1
19206,1,2,3,2,6,10,4,1,1,,,6,1,1,1,1
19207,1,2,3,2,6,10,5,1,1,,,6,1,1,1,1
19208,1,2,3,2,6,10,6,1,1,,,3,1,1,1,1
19209,1,2,3,2,6,10,7,1,1,,,9,1,1,1,1
19210,1,2,3,2,6,11,0,1,1,,,9,1,1,1,1
19211,1,2,3,2,6,11,1,1,1,,,3,1,1,1,1
19212,1,2,3,2,6,11,2,1,1,,,3,1,1,1,1
19213,1,2,3,2,6,11,3,1,1,,,3,1,1,1,1
19214,1,2,3,2,6,11,4,1,1,,,3,1,1,1,1
19215,1,2,3,2,6,11,5,1,1,,,3,1,1,1,1
19216,1,2,3,2,6,11,6,1,1,,,3,1,1,1,1
19217,1,2,3,2,6,11,7,1,1,,,9,1,1,1,1
19218,1,2,3,2,6,12,0,1,1,,,9,1,1,1,1
19219,1,2,3,2,6,12,1,1,1,,,3,1,1,1,1
19220,1,2,3,2,6,12,2,1,1,,,3,1,1,1,1
19221,1,2,3,2,6,12,3,1,1,,,6,1,1,1,1
19222,1,2,3,2,6,12,4,1,1,,,6,1,1,1,1
19223,1,2,3,2,6,12,5,1,1,,,3,1,1,1,1
19224,1,2,3,2,6,12,6,1,1,,,3,1,1,1,1
19225,1,2,3,2,6,12,7,1,1,,,9,1,1,1,1
19226,1,2,3,2,6,13,0,1,1,,,9,1,1,1,1
19227,1,2,3,2,6,13,1,1,1,,,3,1,1,1,1
19228,1,2,3,2,6,13,2,1,1,,,6,1,1,1,1
19229,1,2,3,2,6,13,3,1,1,,,6,1,1,1,1
19230,1,2,3,2,6,13,4,1,1,,,6,1,1,1,1
19231,1,2,3,2,6,13,5,1,1,,,6,1,1,1,1
19232,1,2,3,2,6,13,6,1,1,,,3,1,1,1,1
19233,1,2,3,2,6,13,7,1,1,,,9,1,1,1,1
19234,1,2,3,2,6,14,0,1,1,,,9,1,1,1,1
19235,1,2,3,2,6,14,1,1,1,,,3,1,1,1,1
19236,1,2,3,2,6,14,2,1,1,,,3,1,1,1,1
19237,1,2,3,2,6,14,3,1,1,,,3,1,1,1,1
19238,1,2,3,2,6,14,4,1,1,,,3,1,1,1,1
19239,1,2,3,2,6,14,5,1,1,,,3,1,1,1,1
19240,1,2,3,2,6,14,6,1,1,,,3,1,1,1,1
19241,1,2,3,2,6,14,7,1,1,,,9,1,1,1,1
19242,1,2,3,2,6,15,0,1,1,,,9,1,1,1,1
19243,1,2,3,2,6,15,1,1,1,,,3,1,1,1,1
19244,1,2,3,2,6,15,2,1,1,,,3,1,1,1,1
19245,1,2,3,2,6,15,3,1,1,,,3,1,1,1,1
19246,1,2,3,2,6,15,4,1,1,,,3,1,1,1,1
19247,1,2,3,2,6,15,5,1,1,,,3,1,1,1,1
19248,1,2,3,2,6,15,6,1,1,,,3,1,1,1,1
19249,1,2,3,2,6,15,7,1,1,,,9,1,1,1,1
19250,1,2,3,2,6,16,0,1,1,,,9,1,1,1,1
19251,1,2,3,2,6,16,1,1,1,,,3,1,1,1,1
19252,1,2,3,2,6,16,2,1,1,,,6,1,1,1,1
19253,1,2,3,2,6,16,3,1,1,,,3,1,1,1,1
19254,1,2,3,2,6,16,4,1,1,,,3,1,1,1,1
19255,1,2,3,2,6,16,5,1,1,,,6,1,1,1,1
19256,1,2,3,2,6,16,6,1,1,,,3,1,1,1,1
19257,1,2,3,2,6,16,7,1,1,,,9,1,1,1,1
19258,1,2,3,2,6,17,0,1,1,,,9,1,1,1,1
19259,1,2,3,2,6,17,1,1,1,,,3,1,1,1,1
19260,1,2,3,2,6,17,2,1,1,,,3,1,1,1,1
19261,1,2,3,2,6,17,3,1,1,,,6,1,1,1,1
19262,1,2,3,2,6,17,4,1,1,,,6,1,1,1,1
19263,1,2,3,2,6,17,5,1,1,,,3,1,1,1,1
19264,1,2,3,2,6,17,6,1,1,,,3,1,1,1,1
19265,1,2,3,2,6,17,7,1,1,,,9,1,1,1,1
19266,1,2,3,2,6,18,0,1,1,,,9,1,1,1,1
19267,1,2,3,2,6,18,1,1,1,,,3,1,1,1,1
19268,1,2,3,2,6,18,2,1,1,,,6,1,1,1,1
19269,1,2,3,2,6,18,3,1,1,,,6,1,1,1,1
19270,1,2,3,2,6,18,4,1,1,,,6,1,1,1,1
19271,1,2,3,2,6,18,5,1,1,,,6,1,1,1,1
19272,1,2,3,2,6,18,6,1,1,,,3,1,1,1,1
19273,1,2,3,2,6,18,7,1,1,,,9,1,1,1,1
19274,1,2,3,2,6,19,0,1,1,,,9,1,1,1,1
19275,1,2,3,2,6,19,1,1,1,,,3,1,1,1,1
19276,1,2,3,2,6,19,2,1,1,,,3,1,1,1,1
19277,1,2,3,2,6,19,3,1,1,,,6,1,1,1,1
19278,1,2,3,2,6,19,4,1,1,,,6,1,1,1,1
19279,1,2,3,2,6,19,5,1,1,,,3,1,1,1,1
19280,1,2,3,2,6,19,6,1,1,,,3,1,1,1,1
19281,1,2,3,2,6,19,7,1,1,,,9,1,1,1,1
19282,1,2,3,2,6,20,0,1,1,,,9,1,1,1,1
19283,1,2,3,2,6,20,1,1,1,,,3,1,1,1,1
19284,1,2,3,2,6,20,2,1,1,,,6,1,1,1,1
19285,1,2,3,2,6,20,3,1,1,,,3,1,1,1,1
19286,1,2,3,2,6,20,4,1,1,,,3,1,1,1,1
19287,1,2,3,2,6,20,5,1,1,,,6,1,1,1,1
19288,1,2,3,2,6,20,6,1,1,,,3,1,1,1,1
19289,1,2,3,2,6,20,7,1,1,,,9,1,1,1,1
19290,1,2,3,2,6,21,0,1,1,,,9,1,1,1,1
19291,1,2,3,2,6,21,1,1,1,,,3,1,1,1,1
19292,1,2,3,2,6,21,2,1,1,,,6,1,1,1,1
19293,1,2,3,2,6,21,3,1,1,,,6,1,1,1,1
19294,1,2,3,2,6,21,4,1,1,,,6,1,1,1,1
19295,1,2,3,2,6,21,5,1,1,,,6,1,1,1,1
19296,1,2,3,2,6,21,6,1,1,,,3,1,1,1,1
19297,1,2,3,2,6,21,7,1,1,,,9,1,1,1,1
19298,1,2,3,2,6,22,0,1,1,,,9,1,1,1,1
19299,1,2,3,2,6,22,1,1,1,,,3,1,1,1,1
19300,1,2,3,2,6,22,2,1,1,,,3,1,1,1,1
19301,1,2,3,2,6,22,3,1,1,,,6,1,1,1,1
19302,1,2,3,2,6,22,4,1,1,,,6,1,1,1,1
19303,1,2,3,2,6,22,5,1,1,,,3,1,1,1,1
19304,1,2,3,2,6,22,6,1,1,,,3,1,1,1,1
19305,1,2,3,2,6,22,7,1,1,,,9,1,1,1,1
19306,1,2,3,2,6,23,0,1,1,,,9,1,1,1,1
19307,1,2,3,2,6,23,1,1,1,,,3,1,1,1,1
19308,1,2,3,2,6,23,2,1,1,,,6,1,1,1,1
19309,1,2,3,2,6,23,3,1,1,,,3,1,1,1,1
19310,1,2,3,2,6,23,4,1,1,,,3,1,1,1,1
19311,1,2,3,2,6,23,5,1,1,,,6,1,1,1,1
19312,1,2,3,2,6,23,6,1,1,,,3,1,1,1,1
19313,1,2,3,2,6,23,7,1,1,,,9,1,1,1,1
19314,1,2,3,2,6,24,0,1,1,,,9,1,1,1,1
19315,1,2,3,2,6,24,1,1,1,,,3,1,1,1,1
19316,1,2,3,2,6,24,2,1,1,,,6,1,1,1,1
19317,1,2,3,2,6,24,3,1,1,,,3,1,1,1,1
19318,1,2,3,2,6,24,4,1,1,,,3,1,1,1,1
19319,1,2,3,2,6,24,5,1,1,,,6,1,1,1,1
19320,1,2,3,2,6,24,6,1,1,,,3,1,1,1,1
19321,1,2,3,2,6,24,7,1,1,,,9,1,1,1,1
19322,1,2,3,2,6,25,0,1,1,,,9,1,1,1,1
19323,1,2,3,2,6,25,1,1,1,,,3,1,1,1,1
19324,1,2,3,2,6,25,2,1,1,,,3,1,1,1,1
19325,1,2,3,2,6,25,3,1,1,,,3,1,1,1,1
19326,1,2,3,2,6,25,4,1,1,,,3,1,1,1,1
19327,1,2,3,2,6,25,5,1,1,,,3,1,1,1,1
19328,1,2,3,2,6,25,6,1,1,,,3,1,1,1,1
19329,1,2,3,2,6,25,7,1,1,,,9,1,1,1,1
19330,1,2,3,2,6,26,0,1,1,,,9,1,1,1,1
19331,1,2,3,2,6,26,1,1,1,,,3,1,1,1,1
19332,1,2,3,2,6,26,2,1,1,,,6,1,1,1,1
19333,1,2,3,2,6,26,3,1,1,,,6,1,1,1,1
19334,1,2,3,2,6,26,4,1,1,,,6,1,1,1,1
19335,1,2,3,2,6,26,5,1,1,,,6,1,1,1,1
19336,1,2,3,2,6,26,6,1,1,,,3,1,1,1,1
19337,1,2,3,2,6,26,7,1,1,,,9,1,1,1,1
19338,1,2,3,2,7,0,0,1,1,,,9,3,1,0,1
19339,1,2,3,2,7,0,1,0,0,1,1,0,3,0,0,1
19340,1,2,3,2,7,0,2,0,0,1,1,0,3,0,0,1
19341,1,2,3,2,7,0,3,0,0,2,2,0,3,0,0,1
19342,1,2,3,2,7,0,4,0,0,2,2,0,3,0,0,1
19343,1,2,3,2,7,0,5,0,0,1,1,0,3,0,0,1
19344,1,2,3,2,7,0,6,0,0,1,1,0,3,0,0,1
19345,1,2,3,2,7,0,7,1,1,,,9,3,1,0,1
19346,1,2,3,2,7,1,0,1,1,,,9,3,1,0,1
19347,1,2,3,2,7,1,1,0,0,1,1,0,3,0,0,1
19348,1,2,3,2,7,1,2,0,0,1,1,0,3,0,0,1
19349,1,2,3,2,7,1,3,0,0,2,2,0,3,0,0,1
19350,1,2,3,2,7,1,4,0,0,2,2,0,3,0,0,1
19351,1,2,3,2,7,1,5,0,0,1,1,0,3,0,0,1
19352,1,2,3,2,7,1,6,0,0,1,1,0,3,0,0,1
19353,1,2,3,2,7,1,7,1,1,,,9,3,1,0,1
19354,1,2,3,2,7,2,0,1,1,,,9,3,1,0,1
19355,1,2,3,2,7,2,1,0,0,1,1,0,3,0,0,1
19356,1,2,3,2,7,2,2,0,0,1,1,0,3,0,0,1
19357,1,2,3,2,7,2,3,0,0,2,2,0,3,0,0,1
19358,1,2,3,2,7,2,4,0,0,2,2,0,3,0,0,1
19359,1,2,3,2,7,2,5,0,0,1,1,0,3,0,0,1
19360,1,2,3,2,7,2,6,0,0,1,1,0,3,0,0,1
19361,1,2,3,2,7,2,7,1,1,,,9,3,1,0,1
19362,1,2,3,2,7,3,0,1,1,,,9,3,1,0,1
19363,1,2,3,2,7,3,1,0,0,1,1,0,3,0,0,1
19364,1,2,3,2,7,3,2,0,0,1,1,0,3,0,0,1
19365,1,2,3,2,7,3,3,0,0,2,2,0,3,0,0,1
19366,1,2,3,2,7,3,4,0,0,2,2,0,3,0,0,1
19367,1,2,3,2,7,3,5,0,0,1,1,0,3,0,0,1
19368,1,2,3,2,7,3,6,0,0,1,1,0,3,0,0,1
19369,1,2,3,2,7,3,7,1,1,,,9,3,1,0,1
19370,1,2,3,2,7,4,0,1,1,,,9,3,1,0,1
19371,1,2,3,2,7,4,1,0,0,1,1,0,3,0,0,1
19372,1,2,3,2,7,4,2,0,0,1,1,0,3,0,0,1
19373,1,2,3,2,7,4,3,0,0,2,2,0,3,0,0,1
19374,1,2,3,2,7,4,4,0,0,2,2,0,3,0,0,1
19375,1,2,3,2,7,4,5,0,0,1,1,0,3,0,0,1
19376,1,2,3,2,7,4,6,0,0,1,1,0,3,0,0,1
19377,1,2,3,2,7,4,7,1,1,,,9,3,1,0,1
19378,1,2,3,2,7,5,0,1,1,,,9,3,1,0,1
19379,1,2,3,2,7,5,1,0,0,1,1,0,3,0,0,1
19380,1,2,3,2,7,5,2,0,0,1,1,0,3,0,0,1
19381,1,2,3,2,7,5,3,0,0,2,2,0,3,0,0,1
19382,1,2,3,2,7,5,4,0,0,2,2,0,3,0,0,1
19383,1,2,3,2,7,5,5,0,0,1,1,0,3,0,0,1
19384,1,2,3,2,7,5,6,0,0,1,1,0,3,0,0,1
19385,1,2,3,2,7,5,7,1,1,,,9,3,1,0,1
19386,1,2,3,2,7,6,0,1,1,,,9,3,1,0,1
19387,1,2,3,2,7,6,1,0,0,1,1,0,3,0,0,1
19388,1,2,3,2,7,6,2,0,0,1,1,0,3,0,0,1
19389,1,2,3,2,7,6,3,0,0,2,2,0,3,0,0,1
19390,1,2,3,2,7,6,4,0,0,2,2,0,3,0,0,1
19391,1,2,3,2,7,6,5,0,0,1,1,0,3,0,0,1
19392,1,2,3,2,7,6,6,0,0,1,1,0,3,0,0,1
19393,1,2,3,2,7,6,7,1,1,,,9,3,1,0,1
19394,1,2,3,2,7,7,0,1,1,,,9,3,1,0,1
19395,1,2,3,2,7,7,1,0,0,1,1,0,3,0,0,1
19396,1,2,3,2,7,7,2,0,0,1,1,0,3,0,0,1
19397,1,2,3,2,7,7,3,0,0,2,2,0,3,0,0,1
19398,1,2,3,2,7,7,4,0,0,2,2,0,3,0,0,1
19399,1,2,3,2,7,7,5,0,0,1,1,0,3,0,0,1
19400,1,2,3,2,7,7,6,0,0,1,1,0,3,0,0,1
19401,1,2,3,2,7,7,7,1,1,,,9,3,1,0,1
19402,1,2,3,2,7,8,0,1,1,,,9,3,1,0,1
19403,1,2,3,2,7,8,1,0,0,1,1,0,3,0,0,1
19404,1,2,3,2,7,8,2,0,0,1,1,0,3,0,0,1
19405,1,2,3,2,7,8,3,0,0,2,2,0,3,0,0,1
19406,1,2,3,2,7,8,4,0,0,2,2,0,3,0,0,1
19407,1,2,3,2,7,8,5,0,0,1,1,0,3,0,0,1
19408,1,2,3,2,7,8,6,0,0,1,1,0,3,0,0,1
19409,1,2,3,2,7,8,7,1,1,,,9,3,1,0,1
19410,1,2,3,2,7,9,0,1,1,,,9,3,1,0,1
19411,1,2,3,2,7,9,1,0,0,1,1,0,3,0,0,1
19412,1,2,3,2,7,9,2,0,0,1,1,0,3,0,0,1
19413,1,2,3,2,7,9,3,0,0,2,2,0,3,0,0,1
19414,1,2,3,2,7,9,4,0,0,2,2,0,3,0,0,1
19415,1,2,3,2,7,9,5,0,0,1,1,0,3,0,0,1
19416,1,2,3,2,7,9,6,0,0,1,1,0,3,0,0,1
19417,1,2,3,2,7,9,7,1,1,,,9,3,1,0,1
19418,1,2,3,2,7,10,0,1,1,,,9,3,1,0,1
19419,1,2,3,2,7,10,1,0,0,1,1,0,3,0,0,1
19420,1,2,3,2,7,10,2,0,0,1,1,0,3,0,0,1
19421,1,2,3,2,7,10,3,0,0,2,2,0,3,0,0,1
19422,1,2,3,2,7,10,4,0,0,2,2,0,3,0,0,1
19423,1,2,3,2,7,10,5,0,0,1,1,0,3,0,0,1
19424,1,2,3,2,7,10,6,0,0,1,1,0,3,0,0,1
19425,1,2,3,2,7,10,7,1,1,,,9,3,1,0,1
19426,1,2,3,2,7,11,0,1,1,,,9,3,1,0,1
19427,1,2,3,2,7,11,1,0,0,1,1,0,3,0,0,1
19428,1,2,3,2,7,11,2,0,0,1,1,0,3,0,0,1
19429,1,2,3,2,7,11,3,0,0,2,2,0,3,0,0,1
19430,1,2,3,2,7,11,4,0,0,2,2,0,3,0,0,1
19431,1,2,3,2,7,11,5,0,0,1,1,0,3,0,0,1
19432,1,2,3,2,7,11,6,0,0,1,1,0,3,0,0,1
19433,1,2,3,2,7,11,7,1,1,,,9,3,1,0,1
19434,1,2,3,2,7,12,0,1,1,,,9,3,1,0,1
19435,1,2,3,2,7,12,1,0,0,1,1,0,3,0,0,1
19436,1,2,3,2,7,12,2,0,0,1,1,0,3,0,0,1
19437,1,2,3,2,7,12,3,0,0,2,2,0,3,0,0,1
19438,1,2,3,2,7,12,4,0,0,2,2,0,3,0,0,1
19439,1,2,3,2,7,12,5,0,0,1,1,0,3,0,0,1
19440,1,2,3,2,7,12,6,0,0,1,1,0,3,0,0,1
19441,1,2,3,2,7,12,7,1,1,,,9,3,1,0,1
19442,1,2,3,2,7,13,0,1,1,,,9,3,1,0,1
19443,1,2,3,2,7,13,1,0,0,1,1,0,3,0,0,1
19444,1,2,3,2,7,13,2,0,0,1,1,0,3,0,0,1
19445,1,2,3,2,7,13,3,0,0,2,2,0,3,0,0,1
19446,1,2,3,2,7,13,4,0,0,2,2,0,3,0,0,1
19447,1,2,3,2,7,13,5,0,0,1,1,0,3,0,0,1
19448,1,2,3,2,7,13,6,0,0,1,1,0,3,0,0,1
19449,1,2,3,2,7,13,7,1,1,,,9,3,1,0,1
19450,1,2,3,2,7,14,0,1,1,,,9,3,1,0,1
19451,1,2,3,2,7,14,1,0,0,1,1,0,3,0,0,1
19452,1,2,3,2,7,14,2,0,0,1,1,0,3,0,0,1
19453,1,2,3,2,7,14,3,0,0,2,2,0,3,0,0,1
19454,1,2,3,2,7,14,4,0,0,2,2,0,3,0,0,1
19455,1,2,3,2,7,14,5,0,0,1,1,0,3,0,0,1
19456,1,2,3,2,7,14,6,0,0,1,1,0,3,0,0,1
19457,1,2,3,2,7,14,7,1,1,,,9,3,1,0,1
19458,1,2,3,2,7,15,0,1,1,,,9,3,1,0,1
19459,1,2,3,2,7,15,1,0,0,1,1,0,3,0,0,1
19460,1,2,3,2,7,15,2,0,0,1,1,0,3,0,0,1
19461,1,2,3,2,7,15,3,0,0,2,2,0,3,0,0,1
19462,1,2,3,2,7,15,4,0,0,2,2,0,3,0,0,1
19463,1,2,3,2,7,15,5,0,0,1,1,0,3,0,0,1
19464,1,2,3,2,7,15,6,0,0,1,1,0,3,0,0,1
19465,1,2,3,2,7,15,7,1,1,,,9,3,1,0,1
19466,1,2,3,2,7,16,0,1,1,,,9,3,1,0,1
19467,1,2,3,2,7,16,1,0,0,1,1,0,3,0,0,1
19468,1,2,3,2,7,16,2,0,0,1,1,0,3,0,0,1
19469,1,2,3,2,7,16,3,0,0,2,2,0,3,0,0,1
19470,1,2,3,2,7,16,4,0,0,2,2,0,3,0,0,1
19471,1,2,3,2,7,16,5,0,0,1,1,0,3,0,0,1
19472,1,2,3,2,7,16,6,0,0,1,1,0,3,0,0,1
19473,1,2,3,2,7,16,7,1,1,,,9,3,1,0,1
19474,1,2,3,2,7,17,0,1,1,,,9,3,1,0,1
19475,1,2,3,2,7,17,1,0,0,1,1,0,3,0,0,1
19476,1,2,3,2,7,17,2,0,0,1,1,0,3,0,0,1
19477,1,2,3,2,7,17,3,0,0,2,2,0,3,0,0,1
19478,1,2,3,2,7,17,4,0,0,2,2,0,3,0,0,1
19479,1,2,3,2,7,17,5,0,0,1,1,0,3,0,0,1
19480,1,2,3,2,7,17,6,0,0,1,1,0,3,0,0,1
19481,1,2,3,2,7,17,7,1,1,,,9,3,1,0,1
19482,1,2,3,2,7,18,0,1,1,,,9,3,1,0,1
19483,1,2,3,2,7,18,1,0,0,1,1,0,3,0,0,1
19484,1,2,3,2,7,18,2,0,0,1,1,0,3,0,0,1
19485,1,2,3,2,7,18,3,0,0,2,2,0,3,0,0,1
19486,1,2,3,2,7,18,4,0,0,2,2,0,3,0,0,1
19487,1,2,3,2,7,18,5,0,0,1,1,0,3,0,0,1
19488,1,2,3,2,7,18,6,0,0,1,1,0,3,0,0,1
19489,1,2,3,2,7,18,7,1,1,,,9,3,1,0,1
19490,1,2,3,2,7,19,0,1,1,,,9,3,1,0,1
19491,1,2,3,2,7,19,1,0,0,1,1,0,3,0,0,1
19492,1,2,3,2,7,19,2,0,0,1,1,0,3,0,0,1
19493,1,2,3,2,7,19,3,0,0,2,2,0,3,0,0,1
19494,1,2,3,2,7,19,4,0,0,2,2,0,3,0,0,1
19495,1,2,3,2,7,19,5,0,0,1,1,0,3,0,0,1
19496,1,2,3,2,7,19,6,0,0,1,1,0,3,0,0,1
19497,1,2,3,2,7,19,7,1,1,,,9,3,1,0,1
19498,1,2,3,2,7,20,0,1,1,,,9,3,1,0,1
19499,1,2,3,2,7,20,1,0,0,1,1,0,3,0,0,1
19500,1,2,3,2,7,20,2,0,0,1,1,0,3,0,0,1
19501,1,2,3,2,7,20,3,0,0,2,2,0,3,0,0,1
19502,1,2,3,2,7,20,4,0,0,2,2,0,3,0,0,1
19503,1,2,3,2,7,20,5,0,0,1,1,0,3,0,0,1
19504,1,2,3,2,7,20,6,0,0,1,1,0,3,0,0,1
19505,1,2,3,2,7,20,7,1,1,,,9,3,1,0,1
19506,1,2,3,2,7,21,0,1,1,,,9,3,1,0,1
19507,1,2,3,2,7,21,1,0,0,1,1,0,3,0,0,1
19508,1,2,3,2,7,21,2,0,0,1,1,0,3,0,0,1
19509,1,2,3,2,7,21,3,0,0,2,2,0,3,0,0,1
19510,1,2,3,2,7,21,4,0,0,2,2,0,3,0,0,1
19511,1,2,3,2,7,21,5,0,0,1,1,0,3,0,0,1
19512,1,2,3,2,7,21,6,0,0,1,1,0,3,0,0,1
19513,1,2,3,2,7,21,7,1,1,,,9,3,1,0,1
19514,1,2,3,2,7,22,0,1,1,,,9,3,1,0,1
19515,1,2,3,2,7,22,1,0,0,1,1,0,3,0,0,1
19516,1,2,3,2,7,22,2,0,0,1,1,0,3,0,0,1
19517,1,2,3,2,7,22,3,0,0,2,2,0,3,0,0,1
19518,1,2,3,2,7,22,4,0,0,2,2,0,3,0,0,1
19519,1,2,3,2,7,22,5,0,0,1,1,0,3,0,0,1
19520,1,2,3,2,7,22,6,0,0,1,1,0,3,0,0,1
19521,1,2,3,2,7,22,7,1,1,,,9,3,1,0,1
19522,1,2,3,2,7,23,0,1,1,,,9,3,1,0,1
19523,1,2,3,2,7,23,1,0,0,1,1,0,3,0,0,1
19524,1,2,3,2,7,23,2,0,0,1,1,0,3,0,0,1
19525,1,2,3,2,7,23,3,0,0,2,2,0,3,0,0,1
19526,1,2,3,2,7,23,4,0,0,2,2,0,3,0,0,1
19527,1,2,3,2,7,23,5,0,0,1,1,0,3,0,0,1
19528,1,2,3,2,7,23,6,0,0,1,1,0,3,0,0,1
19529,1,2,3,2,7,23,7,1,1,,,9,3,1,0,1
19530,1,2,3,2,7,24,0,1,1,,,9,3,1,0,1
19531,1,2,3,2,7,24,1,0,0,1,1,0,3,0,0,1
19532,1,2,3,2,7,24,2,0,0,1,1,0,3,0,0,1
19533,1,2,3,2,7,24,3,0,0,2,2,0,3,0,0,1
19534,1,2,3,2,7,24,4,0,0,2,2,0,3,0,0,1
19535,1,2,3,2,7,24,5,0,0,1,1,0,3,0,0,1
19536,1,2,3,2,7,24,6,0,0,1,1,0,3,0,0,1
19537,1,2,3,2,7,24,7,1,1,,,9,3,1,0,1
19538,1,2,3,2,7,25,0,1,1,,,9,3,1,0,1
19539,1,2,3,2,7,25,1,0,0,1,1,0,3,0,0,1
19540,1,2,3,2,7,25,2,0,0,1,1,0,3,0,0,1
19541,1,2,3,2,7,25,3,0,0,2,2,0,3,0,0,1
19542,1,2,3,2,7,25,4,0,0,2,2,0,3,0,0,1
19543,1,2,3,2,7,25,5,0,0,1,1,0,3,0,0,1
19544,1,2,3,2,7,25,6,0,0,1,1,0,3,0,0,1
19545,1,2,3,2,7,25,7,1,1,,,9,3,1,0,1
19546,1,2,3,2,7,26,0,1,1,,,9,3,1,0,1
19547,1,2,3,2,7,26,1,0,0,1,1,0,3,0,0,1
19548,1,2,3,2,7,26,2,0,0,1,1,0,3,0,0,1
19549,1,2,3,2,7,26,3,0,0,2,2,0,3,0,0,1
19550,1,2,3,2,7,26,4,0,0,2,2,0,3,0,0,1
19551,1,2,3,2,7,26,5,0,0,1,1,0,3,0,0,1
19552,1,2,3,2,7,26,6,0,0,1,1,0,3,0,0,1
19553,1,2,3,2,7,26,7,1,1,,,9,3,1,0,1
19554,1,2,3,2,8,0,0,1,1,,,9,2,1,0,1
19555,1,2,3,2,8,0,1,0,0,1,1,0,2,0,0,1
19556,1,2,3,2,8,0,2,1,1,,,6,2,1,0,1
19557,1,2,3,2,8,0,3,0,0,1,1,0,2,0,0,1
19558,1,2,3,2,8,0,4,0,0,1,1,0,2,0,0,1
19559,1,2,3,2,8,0,5,1,1,,,6,2,1,0,1
19560,1,2,3,2,8,0,6,0,0,1,1,0,2,0,0,1
19561,1,2,3,2,8,0,7,1,1,,,9,2,1,0,1
19562,1,2,3,2,8,1,0,1,1,,,9,2,1,0,1
19563,1,2,3,2,8,1,1,0,0,1,1,0,2,0,0,1
19564,1,2,3,2,8,1,2,0,0,2,2,0,2,1,0,1
19565,1,2,3,2,8,1,3,0,0,1,1,0,2,0,0,1
19566,1,2,3,2,8,1,4,0,0,1,1,0,2,0,0,1
19567,1,2,3,2,8,1,5,0,0,2,2,0,2,1,0,1
19568,1,2,3,2,8,1,6,0,0,1,1,0,2,0,0,1
19569,1,2,3,2,8,1,7,1,1,,,9,2,1,0,1
19570,1,2,3,2,8,2,0,1,1,,,9,2,1,0,1
19571,1,2,3,2,8,2,1,0,0,1,1,0,2,0,0,1
19572,1,2,3,2,8,2,2,1,1,,,6,2,1,0,1
19573,1,2,3,2,8,2,3,0,0,1,1,0,2,0,0,1
19574,1,2,3,2,8,2,4,0,0,1,1,0,2,0,0,1
19575,1,2,3,2,8,2,5,1,1,,,6,2,1,0,1
19576,1,2,3,2,8,2,6,0,0,1,1,0,2,0,0,1
19577,1,2,3,2,8,2,7,1,1,,,9,2,1,0,1
19578,1,2,3,2,8,3,0,1,1,,,9,2,1,0,1
19579,1,2,3,2,8,3,1,0,0,1,1,0,2,0,0,1
19580,1,2,3,2,8,3,2,1,1,,,6,2,1,0,1
19581,1,2,3,2,8,3,3,0,0,1,1,0,2,0,0,1
19582,1,2,3,2,8,3,4,0,0,1,1,0,2,0,0,1
19583,1,2,3,2,8,3,5,1,1,,,6,2,1,0,1
19584,1,2,3,2,8,3,6,0,0,1,1,0,2,0,0,1
19585,1,2,3,2,8,3,7,1,1,,,9,2,1,0,1
19586,1,2,3,2,8,4,0,1,1,,,9,2,1,0,1
19587,1,2,3,2,8,4,1,0,0,1,1,0,2,0,0,1
19588,1,2,3,2,8,4,2,0,0,2,2,0,2,1,0,1
19589,1,2,3,2,8,4,3,0,0,1,1,0,2,0,0,1
19590,1,2,3,2,8,4,4,0,0,1,1,0,2,0,0,1
19591,1,2,3,2,8,4,5,0,0,2,2,0,2,1,0,1
19592,1,2,3,2,8,4,6,0,0,1,1,0,2,0,0,1
19593,1,2,3,2,8,4,7,1,1,,,9,2,1,0,1
19594,1,2,3,2,8,5,0,1,1,,,9,2,1,0,1
19595,1,2,3,2,8,5,1,0,0,1,1,0,2,0,0,1
19596,1,2,3,2,8,5,2,1,1,,,6,2,1,0,1
19597,1,2,3,2,8,5,3,0,0,1,1,0,2,0,0,1
19598,1,2,3,2,8,5,4,0,0,1,1,0,2,0,0,1
19599,1,2,3,2,8,5,5,1,1,,,6,2,1,0,1
19600,1,2,3,2,8,5,6,0,0,1,1,0,2,0,0,1
19601,1,2,3,2,8,5,7,1,1,,,9,2,1,0,1
19602,1,2,3,2,8,6,0,1,1,,,9,2,1,0,1
19603,1,2,3,2,8,6,1,0,0,1,1,0,2,0,0,1
19604,1,2,3,2,8,6,2,1,1,,,6,2,1,0,1
19605,1,2,3,2,8,6,3,0,0,1,1,0,2,0,0,1
19606,1,2,3,2,8,6,4,0,0,1,1,0,2,0,0,1
19607,1,2,3,2,8,6,5,1,1,,,6,2,1,0,1
19608,1,2,3,2,8,6,6,0,0,1,1,0,2,0,0,1
19609,1,2,3,2,8,6,7,1,1,,,9,2,1,0,1
19610,1,2,3,2,8,7,0,1,1,,,9,2,1,0,1
19611,1,2,3,2,8,7,1,0,0,1,1,0,2,0,0,1
19612,1,2,3,2,8,7,2,0,0,2,2,0,2,1,0,1
19613,1,2,3,2,8,7,3,0,0,1,1,0,2,0,0,1
19614,1,2,3,2,8,7,4,0,0,1,1,0,2,0,0,1
19615,1,2,3,2,8,7,5,0,0,2,2,0,2,1,0,1
19616,1,2,3,2,8,7,6,0,0,1,1,0,2,0,0,1
19617,1,2,3,2,8,7,7,1,1,,,9,2,1,0,1
19618,1,2,3,2,8,8,0,1,1,,,9,2,1,0,1
19619,1,2,3,2,8,8,1,0,0,1,1,0,2,0,0,1
19620,1,2,3,2,8,8,2,1,1,,,6,2,1,0,1
19621,1,2,3,2,8,8,3,0,0,1,1,0,2,0,0,1
19622,1,2,3,2,8,8,4,0,0,1,1,0,2,0,0,1
19623,1,2,3,2,8,8,5,1,1,,,6,2,1,0,1
19624,1,2,3,2,8,8,6,0,0,1,1,0,2,0,0,1
19625,1,2,3,2,8,8,7,1,1,,,9,2,1,0,1
19626,1,2,3,2,8,9,0,1,1,,,9,2,1,0,1
19627,1,2,3,2,8,9,1,0,0,1,1,0,2,0,0,1
19628,1,2,3,2,8,9,2,0,0,2,2,0,2,1,0,1
19629,1,2,3,2,8,9,3,0,0,1,1,0,2,0,0,1
19630,1,2,3,2,8,9,4,0,0,1,1,0,2,0,0,1
19631,1,2,3,2,8,9,5,0,0,2,2,0,2,1,0,1
19632,1,2,3,2,8,9,6,0,0,1,1,0,2,0,0,1
19633,1,2,3,2,8,9,7,1,1,,,9,2,1,0,1
19634,1,2,3,2,8,10,0,1,1,,,9,2,1,0,1
19635,1,2,3,2,8,10,1,0,0,1,1,0,2,0,0,1
19636,1,2,3,2,8,10,2,1,1,,,6,2,1,0,1
19637,1,2,3,2,8,10,3,0,0,1,1,0,2,0,0,1
19638,1,2,3,2,8,10,4,0,0,1,1,0,2,0,0,1
19639,1,2,3,2,8,10,5,1,1,,,6,2,1,0,1
19640,1,2,3,2,8,10,6,0,0,1,1,0,2,0,0,1
19641,1,2,3,2,8,10,7,1,1,,,9,2,1,0,1
19642,1,2,3,2,8,11,0,1,1,,,9,2,1,0,1
19643,1,2,3,2,8,11,1,0,0,1,1,0,2,0,0,1
19644,1,2,3,2,8,11,2,0,0,2,2,0,2,1,0,1
19645,1,2,3,2,8,11,3,0,0,1,1,0,2,0,0,1
19646,1,2,3,2,8,11,4,0,0,1,1,0,2,0,0,1
19647,1,2,3,2,8,11,5,0,0,2,2,0,2,1,0,1
19648,1,2,3,2,8,11,6,0,0,1,1,0,2,0,0,1
19649,1,2,3,2,8,11,7,1,1,,,9,2,1,0,1
19650,1,2,3,2,8,12,0,1,1,,,9,2,1,0,1
19651,1,2,3,2,8,12,1,0,0,1,1,0,2,0,0,1
19652,1,2,3,2,8,12,2,0,0,2,2,0,2,1,0,1
19653,1,2,3,2,8,12,3,0,0,1,1,0,2,0,0,1
19654,1,2,3,2,8,12,4,0,0,1,1,0,2,0,0,1
19655,1,2,3,2,8,12,5,0,0,2,2,0,2,1,0,1
19656,1,2,3,2,8,12,6,0,0,1,1,0,2,0,0,1
19657,1,2,3,2,8,12,7,1,1,,,9,2,1,0,1
19658,1,2,3,2,8,13,0,1,1,,,9,2,1,0,1
19659,1,2,3,2,8,13,1,0,0,1,1,0,2,0,0,1
19660,1,2,3,2,8,13,2,1,1,,,6,2,1,0,1
19661,1,2,3,2,8,13,3,0,0,1,1,0,2,0,0,1
19662,1,2,3,2,8,13,4,0,0,1,1,0,2,0,0,1
19663,1,2,3,2,8,13,5,1,1,,,6,2,1,0,1
19664,1,2,3,2,8,13,6,0,0,1,1,0,2,0,0,1
19665,1,2,3,2,8,13,7,1,1,,,9,2,1,0,1
19666,1,2,3,2,8,14,0,1,1,,,9,2,1,0,1
19667,1,2,3,2,8,14,1,0,0,1,1,0,2,0,0,1
19668,1,2,3,2,8,14,2,0,0,2,2,0,2,1,0,1
19669,1,2,3,2,8,14,3,0,0,1,1,0,2,0,0,1
19670,1,2,3,2,8,14,4,0,0,1,1,0,2,0,0,1
19671,1,2,3,2,8,14,5,0,0,2,2,0,2,1,0,1
19672,1,2,3,2,8,14,6,0,0,1,1,0,2,0,0,1
19673,1,2,3,2,8,14,7,1,1,,,9,2,1,0,1
19674,1,2,3,2,8,15,0,1,1,,,9,2,1,0,1
19675,1,2,3,2,8,15,1,0,0,1,1,0,2,0,0,1
19676,1,2,3,2,8,15,2,0,0,2,2,0,2,1,0,1
19677,1,2,3,2,8,15,3,0,0,1,1,0,2,0,0,1
19678,1,2,3,2,8,15,4,0,0,1,1,0,2,0,0,1
19679,1,2,3,2,8,15,5,0,0,2,2,0,2,1,0,1
19680,1,2,3,2,8,15,6,0,0,1,1,0,2,0,0,1
19681,1,2,3,2,8,15,7,1,1,,,9,2,1,0,1
19682,1,2,3,2,8,16,0,1,1,,,9,2,1,0,1
19683,1,2,3,2,8,16,1,0,0,1,1,0,2,0,0,1
19684,1,2,3,2,8,16,2,1,1,,,6,2,1,0,1
19685,1,2,3,2,8,16,3,0,0,1,1,0,2,0,0,1
19686,1,2,3,2,8,16,4,0,0,1,1,0,2,0,0,1
19687,1,2,3,2,8,16,5,1,1,,,6,2,1,0,1
19688,1,2,3,2,8,16,6,0,0,1,1,0,2,0,0,1
19689,1,2,3,2,8,16,7,1,1,,,9,2,1,0,1
19690,1,2,3,2,8,17,0,1,1,,,9,2,1,0,1
19691,1,2,3,2,8,17,1,0,0,1,1,0,2,0,0,1
19692,1,2,3,2,8,17,2,0,0,2,2,0,2,1,0,1
19693,1,2,3,2,8,17,3,0,0,1,1,0,2,0,0,1
19694,1,2,3,2,8,17,4,0,0,1,1,0,2,0,0,1
19695,1,2,3,2,8,17,5,0,0,2,2,0,2,1,0,1
19696,1,2,3,2,8,17,6,0,0,1,1,0,2,0,0,1
19697,1,2,3,2,8,17,7,1,1,,,9,2,1,0,1
19698,1,2,3,2,8,18,0,1,1,,,9,2,1,0,1
19699,1,2,3,2,8,18,1,0,0,1,1,0,2,0,0,1
19700,1,2,3,2,8,18,2,1,1,,,6,2,1,0,1
19701,1,2,3,2,8,18,3,0,0,1,1,0,2,0,0,1
19702,1,2,3,2,8,18,4,0,0,1,1,0,2,0,0,1
19703,1,2,3,2,8,18,5,1,1,,,6,2,1,0,1
19704,1,2,3,2,8,18,6,0,0,1,1,0,2,0,0,1
19705,1,2,3,2,8,18,7,1,1,,,9,2,1,0,1
19706,1,2,3,2,8,19,0,1,1,,,9,2,1,0,1
19707,1,2,3,2,8,19,1,0,0,1,1,0,2,0,0,1
19708,1,2,3,2,8,19,2,0,0,2,2,0,2,1,0,1
19709,1,2,3,2,8,19,3,0,0,1,1,0,2,0,0,1
19710,1,2,3,2,8,19,4,0,0,1,1,0,2,0,0,1
19711,1,2,3,2,8,19,5,0,0,2,2,0,2,1,0,1
19712,1,2,3,2,8,19,6,0,0,1,1,0,2,0,0,1
19713,1,2,3,2,8,19,7,1,1,,,9,2,1,0,1
19714,1,2,3,2,8,20,0,1,1,,,9,2,1,0,1
19715,1,2,3,2,8,20,1,0,0,1,1,0,2,0,0,1
19716,1,2,3,2,8,20,2,1,1,,,6,2,1,0,1
19717,1,2,3,2,8,20,3,0,0,1,1,0,2,0,0,1
19718,1,2,3,2,8,20,4,0,0,1,1,0,2,0,0,1
19719,1,2,3,2,8,20,5,1,1,,,6,2,1,0,1
19720,1,2,3,2,8,20,6,0,0,1,1,0,2,0,0,1
19721,1,2,3,2,8,20,7,1,1,,,9,2,1,0,1
19722,1,2,3,2,8,21,0,1,1,,,9,2,1,0,1
19723,1,2,3,2,8,21,1,0,0,1,1,0,2,0,0,1
19724,1,2,3,2,8,21,2,1,1,,,6,2,1,0,1
19725,1,2,3,2,8,21,3,0,0,1,1,0,2,0,0,1
19726,1,2,3,2,8,21,4,0,0,1,1,0,2,0,0,1
19727,1,2,3,2,8,21,5,1,1,,,6,2,1,0,1
19728,1,2,3,2,8,21,6,0,0,1,1,0,2,0,0,1
19729,1,2,3,2,8,21,7,1,1,,,9,2,1,0,1
19730,1,2,3,2,8,22,0,1,1,,,9,2,1,0,1
19731,1,2,3,2,8,22,1,0,0,1,1,0,2,0,0,1
19732,1,2,3,2,8,22,2,0,0,2,2,0,2,1,0,1
19733,1,2,3,2,8,22,3,0,0,1,1,0,2,0,0,1
19734,1,2,3,2,8,22,4,0,0,1,1,0,2,0,0,1
19735,1,2,3,2,8,22,5,0,0,2,2,0,2,1,0,1
19736,1,2,3,2,8,22,6,0,0,1,1,0,2,0,0,1
19737,1,2,3,2,8,22,7,1,1,,,9,2,1,0,1
19738,1,2,3,2,8,23,0,1,1,,,9,2,1,0,1
19739,1,2,3,2,8,23,1,0,0,1,1,0,2,0,0,1
19740,1,2,3,2,8,23,2,1,1,,,6,2,1,0,1
19741,1,2,3,2,8,23,3,0,0,1,1,0,2,0,0,1
19742,1,2,3,2,8,23,4,0,0,1,1,0,2,0,0,1
19743,1,2,3,2,8,23,5,1,1,,,6,2,1,0,1
19744,1,2,3,2,8,23,6,0,0,1,1,0,2,0,0,1
19745,1,2,3,2,8,23,7,1,1,,,9,2,1,0,1
19746,1,2,3,2,8,24,0,1,1,,,9,2,1,0,1
19747,1,2,3,2,8,24,1,0,0,1,1,0,2,0,0,1
19748,1,2,3,2,8,24,2,1,1,,,6,2,1,0,1
19749,1,2,3,2,8,24,3,0,0,1,1,0,2,0,0,1
19750,1,2,3,2,8,24,4,0,0,1,1,0,2,0,0,1
19751,1,2,3,2,8,24,5,1,1,,,6,2,1,0,1
19752,1,2,3,2,8,24,6,0,0,1,1,0,2,0,0,1
19753,1,2,3,2,8,24,7,1,1,,,9,2,1,0,1
19754,1,2,3,2,8,25,0,1,1,,,9,2,1,0,1
19755,1,2,3,2,8,25,1,0,0,1,1,0,2,0,0,1
19756,1,2,3,2,8,25,2,0,0,2,2,0,2,1,0,1
19757,1,2,3,2,8,25,3,0,0,1,1,0,2,0,0,1
19758,1,2,3,2,8,25,4,0,0,1,1,0,2,0,0,1
19759,1,2,3,2,8,25,5,0,0,2,2,0,2,1,0,1
19760,1,2,3,2,8,25,6,0,0,1,1,0,2,0,0,1
19761,1,2,3,2,8,25,7,1,1,,,9,2,1,0,1
19762,1,2,3,2,8,26,0,1,1,,,9,2,1,0,1
19763,1,2,3,2,8,26,1,0,0,1,1,0,2,0,0,1
19764,1,2,3,2,8,26,2,1,1,,,6,2,1,0,1
19765,1,2,3,2,8,26,3,0,0,1,1,0,2,0,0,1
19766,1,2,3,2,8,26,4,0,0,1,1,0,2,0,0,1
19767,1,2,3,2,8,26,5,1,1,,,6,2,1,0,1
19768,1,2,3,2,8,26,6,0,0,1,1,0,2,0,0,1
19769,1,2,3,2,8,26,7,1,1,,,9,2,1,0,1
19770,1,2,3,2,9,0,0,1,1,,,9,1,1,1,1
19771,1,2,3,2,9,0,1,1,1,,,3,1,1,1,1
19772,1,2,3,2,9,0,2,1,1,,,6,1,1,1,1
19773,1,2,3,2,9,0,3,1,1,,,6,1,1,1,1
19774,1,2,3,2,9,0,4,1,1,,,6,1,1,1,1
19775,1,2,3,2,9,0,5,1,1,,,6,1,1,1,1
19776,1,2,3,2,9,0,6,1,1,,,3,1,1,1,1
19777,1,2,3,2,9,0,7,1,1,,,9,1,1,1,1
19778,1,2,3,2,9,1,0,1,1,,,9,1,1,1,1
19779,1,2,3,2,9,1,1,1,1,,,3,1,1,1,1
19780,1,2,3,2,9,1,2,1,1,,,3,1,1,1,1
19781,1,2,3,2,9,1,3,1,1,,,6,1,1,1,1
19782,1,2,3,2,9,1,4,1,1,,,6,1,1,1,1
19783,1,2,3,2,9,1,5,1,1,,,3,1,1,1,1
19784,1,2,3,2,9,1,6,1,1,,,3,1,1,1,1
19785,1,2,3,2,9,1,7,1,1,,,9,1,1,1,1
19786,1,2,3,2,9,2,0,1,1,,,9,1,1,1,1
19787,1,2,3,2,9,2,1,1,1,,,3,1,1,1,1
19788,1,2,3,2,9,2,2,1,1,,,6,1,1,1,1
19789,1,2,3,2,9,2,3,1,1,,,3,1,1,1,1
19790,1,2,3,2,9,2,4,1,1,,,3,1,1,1,1
19791,1,2,3,2,9,2,5,1,1,,,6,1,1,1,1
19792,1,2,3,2,9,2,6,1,1,,,3,1,1,1,1
19793,1,2,3,2,9,2,7,1,1,,,9,1,1,1,1
19794,1,2,3,2,9,3,0,1,1,,,9,1,1,1,1
19795,1,2,3,2,9,3,1,1,1,,,3,1,1,1,1
19796,1,2,3,2,9,3,2,1,1,,,6,1,1,1,1
19797,1,2,3,2,9,3,3,1,1,,,6,1,1,1,1
19798,1,2,3,2,9,3,4,1,1,,,6,1,1,1,1
19799,1,2,3,2,9,3,5,1,1,,,6,1,1,1,1
19800,1,2,3,2,9,3,6,1,1,,,3,1,1,1,1
19801,1,2,3,2,9,3,7,1,1,,,9,1,1,1,1
19802,1,2,3,2,9,4,0,1,1,,,9,1,1,1,1
19803,1,2,3,2,9,4,1,1,1,,,3,1,1,1,1
19804,1,2,3,2,9,4,2,1,1,,,3,1,1,1,1
19805,1,2,3,2,9,4,3,1,1,,,6,1,1,1,1
19806,1,2,3,2,9,4,4,1,1,,,6,1,1,1,1
19807,1,2,3,2,9,4,5,1,1,,,3,1,1,1,1
19808,1,2,3,2,9,4,6,1,1,,,3,1,1,1,1
19809,1,2,3,2,9,4,7,1,1,,,9,1,1,1,1
19810,1,2,3,2,9,5,0,1,1,,,9,1,1,1,1
19811,1,2,3,2,9,5,1,1,1,,,3,1,1,1,1
19812,1,2,3,2,9,5,2,1,1,,,6,1,1,1,1
19813,1,2,3,2,9,5,3,1,1,,,3,1,1,1,1
19814,1,2,3,2,9,5,4,1,1,,,3,1,1,1,1
19815,1,2,3,2,9,5,5,1,1,,,6,1,1,1,1
19816,1,2,3,2,9,5,6,1,1,,,3,1,1,1,1
19817,1,2,3,2,9,5,7,1,1,,,9,1,1,1,1
19818,1,2,3,2,9,6,0,1,1,,,9,1,1,1,1
19819,1,2,3,2,9,6,1,1,1,,,3,1,1,1,1
19820,1,2,3,2,9,6,2,1,1,,,6,1,1,1,1
19821,1,2,3,2,9,6,3,1,1,,,3,1,1,1,1
19822,1,2,3,2,9,6,4,1,1,,,3,1,1,1,1
19823,1,2,3,2,9,6,5,1,1,,,6,1,1,1,1
19824,1,2,3,2,9,6,6,1,1,,,3,1,1,1,1
19825,1,2,3,2,9,6,7,1,1,,,9,1,1,1,1
19826,1,2,3,2,9,7,0,1,1,,,9,1,1,1,1
19827,1,2,3,2,9,7,1,1,1,,,3,1,1,1,1
19828,1,2,3,2,9,7,2,1,1,,,3,1,1,1,1
19829,1,2,3,2,9,7,3,1,1,,,3,1,1,1,1
19830,1,2,3,2,9,7,4,1,1,,,3,1,1,1,1
19831,1,2,3,2,9,7,5,1,1,,,3,1,1,1,1
19832,1,2,3,2,9,7,6,1,1,,,3,1,1,1,1
19833,1,2,3,2,9,7,7,1,1,,,9,1,1,1,1
19834,1,2,3,2,9,8,0,1,1,,,9,1,1,1,1
19835,1,2,3,2,9,8,1,1,1,,,3,1,1,1,1
19836,1,2,3,2,9,8,2,1,1,,,6,1,1,1,1
19837,1,2,3,2,9,8,3,1,1,,,6,1,1,1,1
19838,1,2,3,2,9,8,4,1,1,,,6,1,1,1,1
19839,1,2,3,2,9,8,5,1,1,,,6,1,1,1,1
19840,1,2,3,2,9,8,6,1,1,,,3,1,1,1,1
19841,1,2,3,2,9,8,7,1,1,,,9,1,1,1,1
19842,1,2,3,2,9,9,0,1,1,,,9,1,1,1,1
19843,1,2,3,2,9,9,1,1,1,,,3,1,1,1,1
19844,1,2,3,2,9,9,2,1,1,,,3,1,1,1,1
19845,1,2,3,2,9,9,3,1,1,,,6,1,1,1,1
19846,1,2,3,2,9,9,4,1,1,,,6,1,1,1,1
19847,1,2,3,2,9,9,5,1,1,,,3,1,1,1,1
19848,1,2,3,2,9,9,6,1,1,,,3,1,1,1,1
19849,1,2,3,2,9,9,7,1,1,,,9,1,1,1,1
19850,1,2,3,2,9,10,0,1,1,,,9,1,1,1,1
19851,1,2,3,2,9,10,1,1,1,,,3,1,1,1,1
19852,1,2,3,2,9,10,2,1,1,,,6,1,1,1,1
19853,1,2,3,2,9,10,3,1,1,,,6,1,1,1,1
19854,1,2,3,2,9,10,4,1,1,,,6,1,1,1,1
19855,1,2,3,2,9,10,5,1,1,,,6,1,1,1,1
19856,1,2,3,2,9,10,6,1,1,,,3,1,1,1,1
19857,1,2,3,2,9,10,7,1,1,,,9,1,1,1,1
19858,1,2,3,2,9,11,0,1,1,,,9,1,1,1,1
19859,1,2,3,2,9,11,1,1,1,,,3,1,1,1,1
19860,1,2,3,2,9,11,2,1,1,,,3,1,1,1,1
19861,1,2,3,2,9,11,3,1,1,,,3,1,1,1,1
19862,1,2,3,2,9,11,4,1,1,,,3,1,1,1,1
19863,1,2,3,2,9,11,5,1,1,,,3,1,1,1,1
19864,1,2,3,2,9,11,6,1,1,,,3,1,1,1,1
19865,1,2,3,2,9,11,7,1,1,,,9,1,1,1,1
19866,1,2,3,2,9,12,0,1,1,,,9,1,1,1,1
19867,1,2,3,2,9,12,1,1,1,,,3,1,1,1,1
19868,1,2,3,2,9,12,2,1,1,,,3,1,1,1,1
19869,1,2,3,2,9,12,3,1,1,,,6,1,1,1,1
19870,1,2,3,2,9,12,4,1,1,,,6,1,1,1,1
19871,1,2,3,2,9,12,5,1,1,,,3,1,1,1,1
19872,1,2,3,2,9,12,6,1,1,,,3,1,1,1,1
19873,1,2,3,2,9,12,7,1,1,,,9,1,1,1,1
19874,1,2,3,2,9,13,0,1,1,,,9,1,1,1,1
19875,1,2,3,2,9,13,1,1,1,,,3,1,1,1,1
19876,1,2,3,2,9,13,2,1,1,,,6,1,1,1,1
19877,1,2,3,2,9,13,3,1,1,,,6,1,1,1,1
19878,1,2,3,2,9,13,4,1,1,,,6,1,1,1,1
19879,1,2,3,2,9,13,5,1,1,,,6,1,1,1,1
19880,1,2,3,2,9,13,6,1,1,,,3,1,1,1,1
19881,1,2,3,2,9,13,7,1,1,,,9,1,1,1,1
19882,1,2,3,2,9,14,0,1,1,,,9,1,1,1,1
19883,1,2,3,2,9,14,1,1,1,,,3,1,1,1,1
19884,1,2,3,2,9,14,2,1,1,,,3,1,1,1,1
19885,1,2,3,2,9,14,3,1,1,,,3,1,1,1,1
19886,1,2,3,2,9,14,4,1,1,,,3,1,1,1,1
19887,1,2,3,2,9,14,5,1,1,,,3,1,1,1,1
19888,1,2,3,2,9,14,6,1,1,,,3,1,1,1,1
19889,1,2,3,2,9,14,7,1,1,,,9,1,1,1,1
19890,1,2,3,2,9,15,0,1,1,,,9,1,1,1,1
19891,1,2,3,2,9,15,1,1,1,,,3,1,1,1,1
19892,1,2,3,2,9,15,2,1,1,,,3,1,1,1,1
19893,1,2,3,2,9,15,3,1,1,,,3,1,1,1,1
19894,1,2,3,2,9,15,4,1,1,,,3,1,1,1,1
19895,1,2,3,2,9,15,5,1,1,,,3,1,1,1,1
19896,1,2,3,2,9,15,6,1,1,,,3,1,1,1,1
19897,1,2,3,2,9,15,7,1,1,,,9,1,1,1,1
19898,1,2,3,2,9,16,0,1,1,,,9,1,1,1,1
19899,1,2,3,2,9,16,1,1,1,,,3,1,1,1,1
19900,1,2,3,2,9,16,2,1,1,,,6,1,1,1,1
19901,1,2,3,2,9,16,3,1,1,,,3,1,1,1,1
19902,1,2,3,2,9,16,4,1,1,,,3,1,1,1,1
19903,1,2,3,2,9,16,5,1,1,,,6,1,1,1,1
19904,1,2,3,2,9,16,6,1,1,,,3,1,1,1,1
19905,1,2,3,2,9,16,7,1,1,,,9,1,1,1,1
19906,1,2,3,2,9,17,0,1,1,,,9,1,1,1,1
19907,1,2,3,2,9,17,1,1,1,,,3,1,1,1,1
19908,1,2,3,2,9,17,2,1,1,,,3,1,1,1,1
19909,1,2,3,2,9,17,3,1,1,,,6,1,1,1,1
19910,1,2,3,2,9,17,4,1,1,,,6,1,1,1,1
19911,1,2,3,2,9,17,5,1,1,,,3,1,1,1,1
19912,1,2,3,2,9,17,6,1,1,,,3,1,1,1,1
19913,1,2,3,2,9,17,7,1,1,,,9,1,1,1,1
19914,1,2,3,2,9,18,0,1,1,,,9,1,1,1,1
19915,1,2,3,2,9,18,1,1,1,,,3,1,1,1,1
19916,1,2,3,2,9,18,2,1,1,,,6,1,1,1,1
19917,1,2,3,2,9,18,3,1,1,,,6,1,1,1,1
19918,1,2,3,2,9,18,4,1,1,,,6,1,1,1,1
19919,1,2,3,2,9,18,5,1,1,,,6,1,1,1,1
19920,1,2,3,2,9,18,6,1,1,,,3,1,1,1,1
19921,1,2,3,2,9,18,7,1,1,,,9,1,1,1,1
19922,1,2,3,2,9,19,0,1,1,,,9,1,1,1,1
19923,1,2,3,2,9,19,1,1,1,,,3,1,1,1,1
19924,1,2,3,2,9,19,2,1,1,,,3,1,1,1,1
19925,1,2,3,2,9,19,3,1,1,,,6,1,1,1,1
19926,1,2,3,2,9,19,4,1,1,,,6,1,1,1,1
19927,1,2,3,2,9,19,5,1,1,,,3,1,1,1,1
19928,1,2,3,2,9,19,6,1,1,,,3,1,1,1,1
19929,1,2,3,2,9,19,7,1,1,,,9,1,1,1,1
19930,1,2,3,2,9,20,0,1,1,,,9,1,1,1,1
19931,1,2,3,2,9,20,1,1,1,,,3,1,1,1,1
19932,1,2,3,2,9,20,2,1,1,,,6,1,1,1,1
19933,1,2,3,2,9,20,3,1,1,,,3,1,1,1,1
19934,1,2,3,2,9,20,4,1,1,,,3,1,1,1,1
19935,1,2,3,2,9,20,5,1,1,,,6,1,1,1,1
19936,1,2,3,2,9,20,6,1,1,,,3,1,1,1,1
19937,1,2,3,2,9,20,7,1,1,,,9,1,1,1,1
19938,1,2,3,2,9,21,0,1,1,,,9,1,1,1,1
19939,1,2,3,2,9,21,1,1,1,,,3,1,1,1,1
19940,1,2,3,2,9,21,2,1,1,,,6,1,1,1,1
19941,1,2,3,2,9,21,3,1,1,,,6,1,1,1,1
19942,1,2,3,2,9,21,4,1,1,,,6,1,1,1,1
19943,1,2,3,2,9,21,5,1,1,,,6,1,1,1,1
19944,1,2,3,2,9,21,6,1,1,,,3,1,1,1,1
19945,1,2,3,2,9,21,7,1,1,,,9,1,1,1,1
19946,1,2,3,2,9,22,0,1,1,,,9,1,1,1,1
19947,1,2,3,2,9,22,1,1,1,,,3,1,1,1,1
19948,1,2,3,2,9,22,2,1,1,,,3,1,1,1,1
19949,1,2,3,2,9,22,3,1,1,,,6,1,1,1,1
19950,1,2,3,2,9,22,4,1,1,,,6,1,1,1,1
19951,1,2,3,2,9,22,5,1,1,,,3,1,1,1,1
19952,1,2,3,2,9,22,6,1,1,,,3,1,1,1,1
19953,1,2,3,2,9,22,7,1,1,,,9,1,1,1,1
19954,1,2,3,2,9,23,0,1,1,,,9,1,1,1,1
19955,1,2,3,2,9,23,1,1,1,,,3,1,1,1,1
19956,1,2,3,2,9,23,2,1,1,,,6,1,1,1,1
19957,1,2,3,2,9,23,3,1,1,,,3,1,1,1,1
19958,1,2,3,2,9,23,4,1,1,,,3,1,1,1,1
19959,1,2,3,2,9,23,5,1,1,,,6,1,1,1,1
19960,1,2,3,2,9,23,6,1,1,,,3,1,1,1,1
19961,1,2,3,2,9,23,7,1,1,,,9,1,1,1,1
19962,1,2,3,2,9,24,0,1,1,,,9,1,1,1,1
19963,1,2,3,2,9,24,1,1,1,,,3,1,1,1,1
19964,1,2,3,2,9,24,2,1,1,,,6,1,1,1,1
19965,1,2,3,2,9,24,3,1,1,,,3,1,1,1,1
19966,1,2,3,2,9,24,4,1,1,,,3,1,1,1,1
19967,1,2,3,2,9,24,5,1,1,,,6,1,1,1,1
19968,1,2,3,2,9,24,6,1,1,,,3,1,1,1,1
19969,1,2,3,2,9,24,7,1,1,,,9,1,1,1,1
19970,1,2,3,2,9,25,0,1,1,,,9,1,1,1,1
19971,1,2,3,2,9,25,1,1,1,,,3,1,1,1,1
19972,1,2,3,2,9,25,2,1,1,,,3,1,1,1,1
19973,1,2,3,2,9,25,3,1,1,,,3,1,1,1,1
19974,1,2,3,2,9,25,4,1,1,,,3,1,1,1,1
19975,1,2,3,2,9,25,5,1,1,,,3,1,1,1,1
19976,1,2,3,2,9,25,6,1,1,,,3,1,1,1,1
19977,1,2,3,2,9,25,7,1,1,,,9,1,1,1,1
19978,1,2,3,2,9,26,0,1,1,,,9,1,1,1,1
19979,1,2,3,2,9,26,1,1,1,,,3,1,1,1,1
19980,1,2,3,2,9,26,2,1,1,,,6,1,1,1,1
19981,1,2,3,2,9,26,3,1,1,,,6,1,1,1,1
19982,1,2,3,2,9,26,4,1,1,,,6,1,1,1,1
19983,1,2,3,2,9,26,5,1,1,,,6,1,1,1,1
19984,1,2,3,2,9,26,6,1,1,,,3,1,1,1,1
19985,1,2,3,2,9,26,7,1,1,,,9,1,1,1,1
19986,1,2,3,2,10,0,0,1,1,,,9,2,1,0,1
19987,1,2,3,2,10,0,1,0,0,1,1,0,2,0,0,1
19988,1,2,3,2,10,0,2,0,0,1,1,0,2,0,0,1
19989,1,2,3,2,10,0,3,1,1,,,6,2,1,0,1
19990,1,2,3,2,10,0,4,1,1,,,6,2,1,0,1
19991,1,2,3,2,10,0,5,0,0,1,1,0,2,0,0,1
19992,1,2,3,2,10,0,6,0,0,1,1,0,2,0,0,1
19993,1,2,3,2,10,0,7,1,1,,,9,2,1,0,1
19994,1,2,3,2,10,1,0,1,1,,,9,2,1,0,1
19995,1,2,3,2,10,1,1,0,0,1,1,0,2,0,0,1
19996,1,2,3,2,10,1,2,0,0,1,1,0,2,0,0,1
19997,1,2,3,2,10,1,3,1,1,,,6,2,1,0,1
19998,1,2,3,2,10,1,4,1,1,,,6,2,1,0,1
19999,1,2,3,2,10,1,5,0,0,1,1,0,2,0,0,1
20000,1,2,3,2,10,1,6,0,0,1,1,0,2,0,0,1
20001,1,2,3,2,10,1,7,1,1,,,9,2,1,0,1
20002,1,2,3,2,10,2,0,1,1,,,9,2,1,0,1
20003,1,2,3,2,10,2,1,0,0,1,1,0,2,0,0,1
20004,1,2,3,2,10,2,2,0,0,1,1,0,2,0,0,1
20005,1,2,3,2,10,2,3,0,0,2,2,0,2,1,0,1
20006,1,2,3,2,10,2,4,0,0,2,2,0,2,1,0,1
20007,1,2,3,2,10,2,5,0,0,1,1,0,2,0,0,1
20008,1,2,3,2,10,2,6,0,0,1,1,0,2,0,0,1
20009,1,2,3,2,10,2,7,1,1,,,9,2,1,0,1
20010,1,2,3,2,10,3,0,1,1,,,9,2,1,0,1
20011,1,2,3,2,10,3,1,0,0,1,1,0,2,0,0,1
20012,1,2,3,2,10,3,2,0,0,1,1,0,2,0,0,1
20013,1,2,3,2,10,3,3,1,1,,,6,2,1,0,1
20014,1,2,3,2,10,3,4,1,1,,,6,2,1,0,1
20015,1,2,3,2,10,3,5,0,0,1,1,0,2,0,0,1
20016,1,2,3,2,10,3,6,0,0,1,1,0,2,0,0,1
20017,1,2,3,2,10,3,7,1,1,,,9,2,1,0,1
20018,1,2,3,2,10,4,0,1,1,,,9,2,1,0,1
20019,1,2,3,2,10,4,1,0,0,1,1,0,2,0,0,1
20020,1,2,3,2,10,4,2,0,0,1,1,0,2,0,0,1
20021,1,2,3,2,10,4,3,1,1,,,6,2,1,0,1
20022,1,2,3,2,10,4,4,1,1,,,6,2,1,0,1
20023,1,2,3,2,10,4,5,0,0,1,1,0,2,0,0,1
20024,1,2,3,2,10,4,6,0,0,1,1,0,2,0,0,1
20025,1,2,3,2,10,4,7,1,1,,,9,2,1,0,1
20026,1,2,3,2,10,5,0,1,1,,,9,2,1,0,1
20027,1,2,3,2,10,5,1,0,0,1,1,0,2,0,0,1
20028,1,2,3,2,10,5,2,0,0,1,1,0,2,0,0,1
20029,1,2,3,2,10,5,3,0,0,2,2,0,2,1,0,1
20030,1,2,3,2,10,5,4,0,0,2,2,0,2,1,0,1
20031,1,2,3,2,10,5,5,0,0,1,1,0,2,0,0,1
20032,1,2,3,2,10,5,6,0,0,1,1,0,2,0,0,1
20033,1,2,3,2,10,5,7,1,1,,,9,2,1,0,1
20034,1,2,3,2,10,6,0,1,1,,,9,2,1,0,1
20035,1,2,3,2,10,6,1,0,0,1,1,0,2,0,0,1
20036,1,2,3,2,10,6,2,0,0,1,1,0,2,0,0,1
20037,1,2,3,2,10,6,3,0,0,2,2,0,2,1,0,1
20038,1,2,3,2,10,6,4,0,0,2,2,0,2,1,0,1
20039,1,2,3,2,10,6,5,0,0,1,1,0,2,0,0,1
20040,1,2,3,2,10,6,6,0,0,1,1,0,2,0,0,1
20041,1,2,3,2,10,6,7,1,1,,,9,2,1,0,1
20042,1,2,3,2,10,7,0,1,1,,,9,2,1,0,1
20043,1,2,3,2,10,7,1,0,0,1,1,0,2,0,0,1
20044,1,2,3,2,10,7,2,0,0,1,1,0,2,0,0,1
20045,1,2,3,2,10,7,3,0,0,2,2,0,2,1,0,1
20046,1,2,3,2,10,7,4,0,0,2,2,0,2,1,0,1
20047,1,2,3,2,10,7,5,0,0,1,1,0,2,0,0,1
20048,1,2,3,2,10,7,6,0,0,1,1,0,2,0,0,1
20049,1,2,3,2,10,7,7,1,1,,,9,2,1,0,1
20050,1,2,3,2,10,8,0,1,1,,,9,2,1,0,1
20051,1,2,3,2,10,8,1,0,0,1,1,0,2,0,0,1
20052,1,2,3,2,10,8,2,0,0,1,1,0,2,0,0,1
20053,1,2,3,2,10,8,3,1,1,,,6,2,1,0,1
20054,1,2,3,2,10,8,4,1,1,,,6,2,1,0,1
20055,1,2,3,2,10,8,5,0,0,1,1,0,2,0,0,1
20056,1,2,3,2,10,8,6,0,0,1,1,0,2,0,0,1
20057,1,2,3,2,10,8,7,1,1,,,9,2,1,0,1
20058,1,2,3,2,10,9,0,1,1,,,9,2,1,0,1
20059,1,2,3,2,10,9,1,0,0,1,1,0,2,0,0,1
20060,1,2,3,2,10,9,2,0,0,1,1,0,2,0,0,1
20061,1,2,3,2,10,9,3,1,1,,,6,2,1,0,1
20062,1,2,3,2,10,9,4,1,1,,,6,2,1,0,1
20063,1,2,3,2,10,9,5,0,0,1,1,0,2,0,0,1
20064,1,2,3,2,10,9,6,0,0,1,1,0,2,0,0,1
20065,1,2,3,2,10,9,7,1,1,,,9,2,1,0,1
20066,1,2,3,2,10,10,0,1,1,,,9,2,1,0,1
20067,1,2,3,2,10,10,1,0,0,1,1,0,2,0,0,1
20068,1,2,3,2,10,10,2,0,0,1,1,0,2,0,0,1
20069,1,2,3,2,10,10,3,1,1,,,6,2,1,0,1
20070,1,2,3,2,10,10,4,1,1,,,6,2,1,0,1
20071,1,2,3,2,10,10,5,0,0,1,1,0,2,0,0,1
20072,1,2,3,2,10,10,6,0,0,1,1,0,2,0,0,1
20073,1,2,3,2,10,10,7,1,1,,,9,2,1,0,1
20074,1,2,3,2,10,11,0,1,1,,,9,2,1,0,1
20075,1,2,3,2,10,11,1,0,0,1,1,0,2,0,0,1
20076,1,2,3,2,10,11,2,0,0,1,1,0,2,0,0,1
20077,1,2,3,2,10,11,3,0,0,2,2,0,2,1,0,1
20078,1,2,3,2,10,11,4,0,0,2,2,0,2,1,0,1
20079,1,2,3,2,10,11,5,0,0,1,1,0,2,0,0,1
20080,1,2,3,2,10,11,6,0,0,1,1,0,2,0,0,1
20081,1,2,3,2,10,11,7,1,1,,,9,2,1,0,1
20082,1,2,3,2,10,12,0,1,1,,,9,2,1,0,1
20083,1,2,3,2,10,12,1,0,0,1,1,0,2,0,0,1
20084,1,2,3,2,10,12,2,0,0,1,1,0,2,0,0,1
20085,1,2,3,2,10,12,3,1,1,,,6,2,1,0,1
20086,1,2,3,2,10,12,4,1,1,,,6,2,1,0,1
20087,1,2,3,2,10,12,5,0,0,1,1,0,2,0,0,1
20088,1,2,3,2,10,12,6,0,0,1,1,0,2,0,0,1
20089,1,2,3,2,10,12,7,1,1,,,9,2,1,0,1
20090,1,2,3,2,10,13,0,1,1,,,9,2,1,0,1
20091,1,2,3,2,10,13,1,0,0,1,1,0,2,0,0,1
20092,1,2,3,2,10,13,2,0,0,1,1,0,2,0,0,1
20093,1,2,3,2,10,13,3,1,1,,,6,2,1,0,1
20094,1,2,3,2,10,13,4,1,1,,,6,2,1,0,1
20095,1,2,3,2,10,13,5,0,0,1,1,0,2,0,0,1
20096,1,2,3,2,10,13,6,0,0,1,1,0,2,0,0,1
20097,1,2,3,2,10,13,7,1,1,,,9,2,1,0,1
20098,1,2,3,2,10,14,0,1,1,,,9,2,1,0,1
20099,1,2,3,2,10,14,1,0,0,1,1,0,2,0,0,1
20100,1,2,3,2,10,14,2,0,0,1,1,0,2,0,0,1
20101,1,2,3,2,10,14,3,0,0,2,2,0,2,1,0,1
20102,1,2,3,2,10,14,4,0,0,2,2,0,2,1,0,1
20103,1,2,3,2,10,14,5,0,0,1,1,0,2,0,0,1
20104,1,2,3,2,10,14,6,0,0,1,1,0,2,0,0,1
20105,1,2,3,2,10,14,7,1,1,,,9,2,1,0,1
20106,1,2,3,2,10,15,0,1,1,,,9,2,1,0,1
20107,1,2,3,2,10,15,1,0,0,1,1,0,2,0,0,1
20108,1,2,3,2,10,15,2,0,0,1,1,0,2,0,0,1
20109,1,2,3,2,10,15,3,0,0,2,2,0,2,1,0,1
20110,1,2,3,2,10,15,4,0,0,2,2,0,2,1,0,1
20111,1,2,3,2,10,15,5,0,0,1,1,0,2,0,0,1
20112,1,2,3,2,10,15,6,0,0,1,1,0,2,0,0,1
20113,1,2,3,2,10,15,7,1,1,,,9,2,1,0,1
20114,1,2,3,2,10,16,0,1,1,,,9,2,1,0,1
20115,1,2,3,2,10,16,1,0,0,1,1,0,2,0,0,1
20116,1,2,3,2,10,16,2,0,0,1,1,0,2,0,0,1
20117,1,2,3,2,10,16,3,0,0,2,2,0,2,1,0,1
20118,1,2,3,2,10,16,4,0,0,2,2,0,2,1,0,1
20119,1,2,3,2,10,16,5,0,0,1,1,0,2,0,0,1
20120,1,2,3,2,10,16,6,0,0,1,1,0,2,0,0,1
20121,1,2,3,2,10,16,7,1,1,,,9,2,1,0,1
20122,1,2,3,2,10,17,0,1,1,,,9,2,1,0,1
20123,1,2,3,2,10,17,1,0,0,1,1,0,2,0,0,1
20124,1,2,3,2,10,17,2,0,0,1,1,0,2,0,0,1
20125,1,2,3,2,10,17,3,1,1,,,6,2,1,0,1
20126,1,2,3,2,10,17,4,1,1,,,6,2,1,0,1
20127,1,2,3,2,10,17,5,0,0,1,1,0,2,0,0,1
20128,1,2,3,2,10,17,6,0,0,1,1,0,2,0,0,1
20129,1,2,3,2,10,17,7,1,1,,,9,2,1,0,1
20130,1,2,3,2,10,18,0,1,1,,,9,2,1,0,1
20131,1,2,3,2,10,18,1,0,0,1,1,0,2,0,0,1
20132,1,2,3,2,10,18,2,0,0,1,1,0,2,0,0,1
20133,1,2,3,2,10,18,3,1,1,,,6,2,1,0,1
20134,1,2,3,2,10,18,4,1,1,,,6,2,1,0,1
20135,1,2,3,2,10,18,5,0,0,1,1,0,2,0,0,1
20136,1,2,3,2,10,18,6,0,0,1,1,0,2,0,0,1
20137,1,2,3,2,10,18,7,1,1,,,9,2,1,0,1
20138,1,2,3,2,10,19,0,1,1,,,9,2,1,0,1
20139,1,2,3,2,10,19,1,0,0,1,1,0,2,0,0,1
20140,1,2,3,2,10,19,2,0,0,1,1,0,2,0,0,1
20141,1,2,3,2,10,19,3,1,1,,,6,2,1,0,1
20142,1,2,3,2,10,19,4,1,1,,,6,2,1,0,1
20143,1,2,3,2,10,19,5,0,0,1,1,0,2,0,0,1
20144,1,2,3,2,10,19,6,0,0,1,1,0,2,0,0,1
20145,1,2,3,2,10,19,7,1,1,,,9,2,1,0,1
20146,1,2,3,2,10,20,0,1,1,,,9,2,1,0,1
20147,1,2,3,2,10,20,1,0,0,1,1,0,2,0,0,1
20148,1,2,3,2,10,20,2,0,0,1,1,0,2,0,0,1
20149,1,2,3,2,10,20,3,0,0,2,2,0,2,1,0,1
20150,1,2,3,2,10,20,4,0,0,2,2,0,2,1,0,1
20151,1,2,3,2,10,20,5,0,0,1,1,0,2,0,0,1
20152,1,2,3,2,10,20,6,0,0,1,1,0,2,0,0,1
20153,1,2,3,2,10,20,7,1,1,,,9,2,1,0,1
20154,1,2,3,2,10,21,0,1,1,,,9,2,1,0,1
20155,1,2,3,2,10,21,1,0,0,1,1,0,2,0,0,1
20156,1,2,3,2,10,21,2,0,0,1,1,0,2,0,0,1
20157,1,2,3,2,10,21,3,1,1,,,6,2,1,0,1
20158,1,2,3,2,10,21,4,1,1,,,6,2,1,0,1
20159,1,2,3,2,10,21,5,0,0,1,1,0,2,0,0,1
20160,1,2,3,2,10,21,6,0,0,1,1,0,2,0,0,1
20161,1,2,3,2,10,21,7,1,1,,,9,2,1,0,1
20162,1,2,3,2,10,22,0,1,1,,,9,2,1,0,1
20163,1,2,3,2,10,22,1,0,0,1,1,0,2,0,0,1
20164,1,2,3,2,10,22,2,0,0,1,1,0,2,0,0,1
20165,1,2,3,2,10,22,3,1,1,,,6,2,1,0,1
20166,1,2,3,2,10,22,4,1,1,,,6,2,1,0,1
20167,1,2,3,2,10,22,5,0,0,1,1,0,2,0,0,1
20168,1,2,3,2,10,22,6,0,0,1,1,0,2,0,0,1
20169,1,2,3,2,10,22,7,1,1,,,9,2,1,0,1
20170,1,2,3,2,10,23,0,1,1,,,9,2,1,0,1
20171,1,2,3,2,10,23,1,0,0,1,1,0,2,0,0,1
20172,1,2,3,2,10,23,2,0,0,1,1,0,2,0,0,1
20173,1,2,3,2,10,23,3,0,0,2,2,0,2,1,0,1
20174,1,2,3,2,10,23,4,0,0,2,2,0,2,1,0,1
20175,1,2,3,2,10,23,5,0,0,1,1,0,2,0,0,1
20176,1,2,3,2,10,23,6,0,0,1,1,0,2,0,0,1
20177,1,2,3,2,10,23,7,1,1,,,9,2,1,0,1
20178,1,2,3,2,10,24,0,1,1,,,9,2,1,0,1
20179,1,2,3,2,10,24,1,0,0,1,1,0,2,0,0,1
20180,1,2,3,2,10,24,2,0,0,1,1,0,2,0,0,1
20181,1,2,3,2,10,24,3,0,0,2,2,0,2,1,0,1
20182,1,2,3,2,10,24,4,0,0,2,2,0,2,1,0,1
20183,1,2,3,2,10,24,5,0,0,1,1,0,2,0,0,1
20184,1,2,3,2,10,24,6,0,0,1,1,0,2,0,0,1
20185,1,2,3,2,10,24,7,1,1,,,9,2,1,0,1
20186,1,2,3,2,10,25,0,1,1,,,9,2,1,0,1
20187,1,2,3,2,10,25,1,0,0,1,1,0,2,0,0,1
20188,1,2,3,2,10,25,2,0,0,1,1,0,2,0,0,1
20189,1,2,3,2,10,25,3,0,0,2,2,0,2,1,0,1
20190,1,2,3,2,10,25,4,0,0,2,2,0,2,1,0,1
20191,1,2,3,2,10,25,5,0,0,1,1,0,2,0,0,1
20192,1,2,3,2,10,25,6,0,0,1,1,0,2,0,0,1
20193,1,2,3,2,10,25,7,1,1,,,9,2,1,0,1
20194,1,2,3,2,10,26,0,1,1,,,9,2,1,0,1
20195,1,2,3,2,10,26,1,0,0,1,1,0,2,0,0,1
20196,1,2,3,2,10,26,2,0,0,1,1,0,2,0,0,1
20197,1,2,3,2,10,26,3,1,1,,,6,2,1,0,1
20198,1,2,3,2,10,26,4,1,1,,,6,2,1,0,1
20199,1,2,3,2,10,26,5,0,0,1,1,0,2,0,0,1
20200,1,2,3,2,10,26,6,0,0,1,1,0,2,0,0,1
20201,1,2,3,2,10,26,7,1,1,,,9,2,1,0,1
20202,1,2,3,2,11,0,0,1,1,,,9,3,1,0,1
20203,1,2,3,2,11,0,1,0,0,1,1,0,3,0,0,1
20204,1,2,3,2,11,0,2,0,0,2,2,0,3,0,0,1
20205,1,2,3,2,11,0,3,0,0,1,1,0,3,0,0,1
20206,1,2,3,2,11,0,4,0,0,1,1,0,3,0,0,1
20207,1,2,3,2,11,0,5,0,0,2,2,0,3,0,0,1
20208,1,2,3,2,11,0,6,0,0,1,1,0,3,0,0,1
20209,1,2,3,2,11,0,7,1,1,,,9,3,1,0,1
20210,1,2,3,2,11,1,0,1,1,,,9,3,1,0,1
20211,1,2,3,2,11,1,1,0,0,1,1,0,3,0,0,1
20212,1,2,3,2,11,1,2,0,0,2,2,0,3,0,0,1
20213,1,2,3,2,11,1,3,0,0,1,1,0,3,0,0,1
20214,1,2,3,2,11,1,4,0,0,1,1,0,3,0,0,1
20215,1,2,3,2,11,1,5,0,0,2,2,0,3,0,0,1
20216,1,2,3,2,11,1,6,0,0,1,1,0,3,0,0,1
20217,1,2,3,2,11,1,7,1,1,,,9,3,1,0,1
20218,1,2,3,2,11,2,0,1,1,,,9,3,1,0,1
20219,1,2,3,2,11,2,1,0,0,1,1,0,3,0,0,1
20220,1,2,3,2,11,2,2,0,0,2,2,0,3,0,0,1
20221,1,2,3,2,11,2,3,0,0,1,1,0,3,0,0,1
20222,1,2,3,2,11,2,4,0,0,1,1,0,3,0,0,1
20223,1,2,3,2,11,2,5,0,0,2,2,0,3,0,0,1
20224,1,2,3,2,11,2,6,0,0,1,1,0,3,0,0,1
20225,1,2,3,2,11,2,7,1,1,,,9,3,1,0,1
20226,1,2,3,2,11,3,0,1,1,,,9,3,1,0,1
20227,1,2,3,2,11,3,1,0,0,1,1,0,3,0,0,1
20228,1,2,3,2,11,3,2,0,0,2,2,0,3,0,0,1
20229,1,2,3,2,11,3,3,0,0,1,1,0,3,0,0,1
20230,1,2,3,2,11,3,4,0,0,1,1,0,3,0,0,1
20231,1,2,3,2,11,3,5,0,0,2,2,0,3,0,0,1
20232,1,2,3,2,11,3,6,0,0,1,1,0,3,0,0,1
20233,1,2,3,2,11,3,7,1,1,,,9,3,1,0,1
20234,1,2,3,2,11,4,0,1,1,,,9,3,1,0,1
20235,1,2,3,2,11,4,1,0,0,1,1,0,3,0,0,1
20236,1,2,3,2,11,4,2,0,0,2,2,0,3,0,0,1
20237,1,2,3,2,11,4,3,0,0,1,1,0,3,0,0,1
20238,1,2,3,2,11,4,4,0,0,1,1,0,3,0,0,1
20239,1,2,3,2,11,4,5,0,0,2,2,0,3,0,0,1
20240,1,2,3,2,11,4,6,0,0,1,1,0,3,0,0,1
20241,1,2,3,2,11,4,7,1,1,,,9,3,1,0,1
20242,1,2,3,2,11,5,0,1,1,,,9,3,1,0,1
20243,1,2,3,2,11,5,1,0,0,1,1,0,3,0,0,1
20244,1,2,3,2,11,5,2,0,0,2,2,0,3,0,0,1
20245,1,2,3,2,11,5,3,0,0,1,1,0,3,0,0,1
20246,1,2,3,2,11,5,4,0,0,1,1,0,3,0,0,1
20247,1,2,3,2,11,5,5,0,0,2,2,0,3,0,0,1
20248,1,2,3,2,11,5,6,0,0,1,1,0,3,0,0,1
20249,1,2,3,2,11,5,7,1,1,,,9,3,1,0,1
20250,1,2,3,2,11,6,0,1,1,,,9,3,1,0,1
20251,1,2,3,2,11,6,1,0,0,1,1,0,3,0,0,1
20252,1,2,3,2,11,6,2,0,0,2,2,0,3,0,0,1
20253,1,2,3,2,11,6,3,0,0,1,1,0,3,0,0,1
20254,1,2,3,2,11,6,4,0,0,1,1,0,3,0,0,1
20255,1,2,3,2,11,6,5,0,0,2,2,0,3,0,0,1
20256,1,2,3,2,11,6,6,0,0,1,1,0,3,0,0,1
20257,1,2,3,2,11,6,7,1,1,,,9,3,1,0,1
20258,1,2,3,2,11,7,0,1,1,,,9,3,1,0,1
20259,1,2,3,2,11,7,1,0,0,1,1,0,3,0,0,1
20260,1,2,3,2,11,7,2,0,0,2,2,0,3,0,0,1
20261,1,2,3,2,11,7,3,0,0,1,1,0,3,0,0,1
20262,1,2,3,2,11,7,4,0,0,1,1,0,3,0,0,1
20263,1,2,3,2,11,7,5,0,0,2,2,0,3,0,0,1
20264,1,2,3,2,11,7,6,0,0,1,1,0,3,0,0,1
20265,1,2,3,2,11,7,7,1,1,,,9,3,1,0,1
20266,1,2,3,2,11,8,0,1,1,,,9,3,1,0,1
20267,1,2,3,2,11,8,1,0,0,1,1,0,3,0,0,1
20268,1,2,3,2,11,8,2,0,0,2,2,0,3,0,0,1
20269,1,2,3,2,11,8,3,0,0,1,1,0,3,0,0,1
20270,1,2,3,2,11,8,4,0,0,1,1,0,3,0,0,1
20271,1,2,3,2,11,8,5,0,0,2,2,0,3,0,0,1
20272,1,2,3,2,11,8,6,0,0,1,1,0,3,0,0,1
20273,1,2,3,2,11,8,7,1,1,,,9,3,1,0,1
20274,1,2,3,2,11,9,0,1,1,,,9,3,1,0,1
20275,1,2,3,2,11,9,1,0,0,1,1,0,3,0,0,1
20276,1,2,3,2,11,9,2,0,0,2,2,0,3,0,0,1
20277,1,2,3,2,11,9,3,0,0,1,1,0,3,0,0,1
20278,1,2,3,2,11,9,4,0,0,1,1,0,3,0,0,1
20279,1,2,3,2,11,9,5,0,0,2,2,0,3,0,0,1
20280,1,2,3,2,11,9,6,0,0,1,1,0,3,0,0,1
20281,1,2,3,2,11,9,7,1,1,,,9,3,1,0,1
20282,1,2,3,2,11,10,0,1,1,,,9,3,1,0,1
20283,1,2,3,2,11,10,1,0,0,1,1,0,3,0,0,1
20284,1,2,3,2,11,10,2,0,0,2,2,0,3,0,0,1
20285,1,2,3,2,11,10,3,0,0,1,1,0,3,0,0,1
20286,1,2,3,2,11,10,4,0,0,1,1,0,3,0,0,1
20287,1,2,3,2,11,10,5,0,0,2,2,0,3,0,0,1
20288,1,2,3,2,11,10,6,0,0,1,1,0,3,0,0,1
20289,1,2,3,2,11,10,7,1,1,,,9,3,1,0,1
20290,1,2,3,2,11,11,0,1,1,,,9,3,1,0,1
20291,1,2,3,2,11,11,1,0,0,1,1,0,3,0,0,1
20292,1,2,3,2,11,11,2,0,0,2,2,0,3,0,0,1
20293,1,2,3,2,11,11,3,0,0,1,1,0,3,0,0,1
20294,1,2,3,2,11,11,4,0,0,1,1,0,3,0,0,1
20295,1,2,3,2,11,11,5,0,0,2,2,0,3,0,0,1
20296,1,2,3,2,11,11,6,0,0,1,1,0,3,0,0,1
20297,1,2,3,2,11,11,7,1,1,,,9,3,1,0,1
20298,1,2,3,2,11,12,0,1,1,,,9,3,1,0,1
20299,1,2,3,2,11,12,1,0,0,1,1,0,3,0,0,1
20300,1,2,3,2,11,12,2,0,0,2,2,0,3,0,0,1
20301,1,2,3,2,11,12,3,0,0,1,1,0,3,0,0,1
20302,1,2,3,2,11,12,4,0,0,1,1,0,3,0,0,1
20303,1,2,3,2,11,12,5,0,0,2,2,0,3,0,0,1
20304,1,2,3,2,11,12,6,0,0,1,1,0,3,0,0,1
20305,1,2,3,2,11,12,7,1,1,,,9,3,1,0,1
20306,1,2,3,2,11,13,0,1,1,,,9,3,1,0,1
20307,1,2,3,2,11,13,1,0,0,1,1,0,3,0,0,1
20308,1,2,3,2,11,13,2,0,0,2,2,0,3,0,0,1
20309,1,2,3,2,11,13,3,0,0,1,1,0,3,0,0,1
20310,1,2,3,2,11,13,4,0,0,1,1,0,3,0,0,1
20311,1,2,3,2,11,13,5,0,0,2,2,0,3,0,0,1
20312,1,2,3,2,11,13,6,0,0,1,1,0,3,0,0,1
20313,1,2,3,2,11,13,7,1,1,,,9,3,1,0,1
20314,1,2,3,2,11,14,0,1,1,,,9,3,1,0,1
20315,1,2,3,2,11,14,1,0,0,1,1,0,3,0,0,1
20316,1,2,3,2,11,14,2,0,0,2,2,0,3,0,0,1
20317,1,2,3,2,11,14,3,0,0,1,1,0,3,0,0,1
20318,1,2,3,2,11,14,4,0,0,1,1,0,3,0,0,1
20319,1,2,3,2,11,14,5,0,0,2,2,0,3,0,0,1
20320,1,2,3,2,11,14,6,0,0,1,1,0,3,0,0,1
20321,1,2,3,2,11,14,7,1,1,,,9,3,1,0,1
20322,1,2,3,2,11,15,0,1,1,,,9,3,1,0,1
20323,1,2,3,2,11,15,1,0,0,1,1,0,3,0,0,1
20324,1,2,3,2,11,15,2,0,0,2,2,0,3,0,0,1
20325,1,2,3,2,11,15,3,0,0,1,1,0,3,0,0,1
20326,1,2,3,2,11,15,4,0,0,1,1,0,3,0,0,1
20327,1,2,3,2,11,15,5,0,0,2,2,0,3,0,0,1
20328,1,2,3,2,11,15,6,0,0,1,1,0,3,0,0,1
20329,1,2,3,2,11,15,7,1,1,,,9,3,1,0,1
20330,1,2,3,2,11,16,0,1,1,,,9,3,1,0,1
20331,1,2,3,2,11,16,1,0,0,1,1,0,3,0,0,1
20332,1,2,3,2,11,16,2,0,0,2,2,0,3,0,0,1
20333,1,2,3,2,11,16,3,0,0,1,1,0,3,0,0,1
20334,1,2,3,2,11,16,4,0,0,1,1,0,3,0,0,1
20335,1,2,3,2,11,16,5,0,0,2,2,0,3,0,0,1
20336,1,2,3,2,11,16,6,0,0,1,1,0,3,0,0,1
20337,1,2,3,2,11,16,7,1,1,,,9,3,1,0,1
20338,1,2,3,2,11,17,0,1,1,,,9,3,1,0,1
20339,1,2,3,2,11,17,1,0,0,1,1,0,3,0,0,1
20340,1,2,3,2,11,17,2,0,0,2,2,0,3,0,0,1
20341,1,2,3,2,11,17,3,0,0,1,1,0,3,0,0,1
20342,1,2,3,2,11,17,4,0,0,1,1,0,3,0,0,1
20343,1,2,3,2,11,17,5,0,0,2,2,0,3,0,0,1
20344,1,2,3,2,11,17,6,0,0,1,1,0,3,0,0,1
20345,1,2,3,2,11,17,7,1,1,,,9,3,1,0,1
20346,1,2,3,2,11,18,0,1,1,,,9,3,1,0,1
20347,1,2,3,2,11,18,1,0,0,1,1,0,3,0,0,1
20348,1,2,3,2,11,18,2,0,0,2,2,0,3,0,0,1
20349,1,2,3,2,11,18,3,0,0,1,1,0,3,0,0,1
20350,1,2,3,2,11,18,4,0,0,1,1,0,3,0,0,1
20351,1,2,3,2,11,18,5,0,0,2,2,0,3,0,0,1
20352,1,2,3,2,11,18,6,0,0,1,1,0,3,0,0,1
20353,1,2,3,2,11,18,7,1,1,,,9,3,1,0,1
20354,1,2,3,2,11,19,0,1,1,,,9,3,1,0,1
20355,1,2,3,2,11,19,1,0,0,1,1,0,3,0,0,1
20356,1,2,3,2,11,19,2,0,0,2,2,0,3,0,0,1
20357,1,2,3,2,11,19,3,0,0,1,1,0,3,0,0,1
20358,1,2,3,2,11,19,4,0,0,1,1,0,3,0,0,1
20359,1,2,3,2,11,19,5,0,0,2,2,0,3,0,0,1
20360,1,2,3,2,11,19,6,0,0,1,1,0,3,0,0,1
20361,1,2,3,2,11,19,7,1,1,,,9,3,1,0,1
20362,1,2,3,2,11,20,0,1,1,,,9,3,1,0,1
20363,1,2,3,2,11,20,1,0,0,1,1,0,3,0,0,1
20364,1,2,3,2,11,20,2,0,0,2,2,0,3,0,0,1
20365,1,2,3,2,11,20,3,0,0,1,1,0,3,0,0,1
20366,1,2,3,2,11,20,4,0,0,1,1,0,3,0,0,1
20367,1,2,3,2,11,20,5,0,0,2,2,0,3,0,0,1
20368,1,2,3,2,11,20,6,0,0,1,1,0,3,0,0,1
20369,1,2,3,2,11,20,7,1,1,,,9,3,1,0,1
20370,1,2,3,2,11,21,0,1,1,,,9,3,1,0,1
20371,1,2,3,2,11,21,1,0,0,1,1,0,3,0,0,1
20372,1,2,3,2,11,21,2,0,0,2,2,0,3,0,0,1
20373,1,2,3,2,11,21,3,0,0,1,1,0,3,0,0,1
20374,1,2,3,2,11,21,4,0,0,1,1,0,3,0,0,1
20375,1,2,3,2,11,21,5,0,0,2,2,0,3,0,0,1
20376,1,2,3,2,11,21,6,0,0,1,1,0,3,0,0,1
20377,1,2,3,2,11,21,7,1,1,,,9,3,1,0,1
20378,1,2,3,2,11,22,0,1,1,,,9,3,1,0,1
20379,1,2,3,2,11,22,1,0,0,1,1,0,3,0,0,1
20380,1,2,3,2,11,22,2,0,0,2,2,0,3,0,0,1
20381,1,2,3,2,11,22,3,0,0,1,1,0,3,0,0,1
20382,1,2,3,2,11,22,4,0,0,1,1,0,3,0,0,1
20383,1,2,3,2,11,22,5,0,0,2,2,0,3,0,0,1
20384,1,2,3,2,11,22,6,0,0,1,1,0,3,0,0,1
20385,1,2,3,2,11,22,7,1,1,,,9,3,1,0,1
20386,1,2,3,2,11,23,0,1,1,,,9,3,1,0,1
20387,1,2,3,2,11,23,1,0,0,1,1,0,3,0,0,1
20388,1,2,3,2,11,23,2,0,0,2,2,0,3,0,0,1
20389,1,2,3,2,11,23,3,0,0,1,1,0,3,0,0,1
20390,1,2,3,2,11,23,4,0,0,1,1,0,3,0,0,1
20391,1,2,3,2,11,23,5,0,0,2,2,0,3,0,0,1
20392,1,2,3,2,11,23,6,0,0,1,1,0,3,0,0,1
20393,1,2,3,2,11,23,7,1,1,,,9,3,1,0,1
20394,1,2,3,2,11,24,0,1,1,,,9,3,1,0,1
20395,1,2,3,2,11,24,1,0,0,1,1,0,3,0,0,1
20396,1,2,3,2,11,24,2,0,0,2,2,0,3,0,0,1
20397,1,2,3,2,11,24,3,0,0,1,1,0,3,0,0,1
20398,1,2,3,2,11,24,4,0,0,1,1,0,3,0,0,1
20399,1,2,3,2,11,24,5,0,0,2,2,0,3,0,0,1
20400,1,2,3,2,11,24,6,0,0,1,1,0,3,0,0,1
20401,1,2,3,2,11,24,7,1,1,,,9,3,1,0,1
20402,1,2,3,2,11,25,0,1,1,,,9,3,1,0,1
20403,1,2,3,2,11,25,1,0,0,1,1,0,3,0,0,1
20404,1,2,3,2,11,25,2,0,0,2,2,0,3,0,0,1
20405,1,2,3,2,11,25,3,0,0,1,1,0,3,0,0,1
20406,1,2,3,2,11,25,4,0,0,1,1,0,3,0,0,1
20407,1,2,3,2,11,25,5,0,0,2,2,0,3,0,0,1
20408,1,2,3,2,11,25,6,0,0,1,1,0,3,0,0,1
20409,1,2,3,2,11,25,7,1,1,,,9,3,1,0,1
20410,1,2,3,2,11,26,0,1,1,,,9,3,1,0,1
20411,1,2,3,2,11,26,1,0,0,1,1,0,3,0,0,1
20412,1,2,3,2,11,26,2,0,0,2,2,0,3,0,0,1
20413,1,2,3,2,11,26,3,0,0,1,1,0,3,0,0,1
20414,1,2,3,2,11,26,4,0,0,1,1,0,3,0,0,1
20415,1,2,3,2,11,26,5,0,0,2,2,0,3,0,0,1
20416,1,2,3,2,11,26,6,0,0,1,1,0,3,0,0,1
20417,1,2,3,2,11,26,7,1,1,,,9,3,1,0,1
20418,1,2,3,2,12,0,0,1,1,,,9,1,1,1,1
20419,1,2,3,2,12,0,1,1,1,,,3,1,1,1,1
20420,1,2,3,2,12,0,2,1,1,,,6,1,1,1,1
20421,1,2,3,2,12,0,3,1,1,,,6,1,1,1,1
20422,1,2,3,2,12,0,4,1,1,,,6,1,1,1,1
20423,1,2,3,2,12,0,5,1,1,,,6,1,1,1,1
20424,1,2,3,2,12,0,6,1,1,,,3,1,1,1,1
20425,1,2,3,2,12,0,7,1,1,,,9,1,1,1,1
20426,1,2,3,2,12,1,0,1,1,,,9,1,1,1,1
20427,1,2,3,2,12,1,1,1,1,,,3,1,1,1,1
20428,1,2,3,2,12,1,2,1,1,,,3,1,1,1,1
20429,1,2,3,2,12,1,3,1,1,,,6,1,1,1,1
20430,1,2,3,2,12,1,4,1,1,,,6,1,1,1,1
20431,1,2,3,2,12,1,5,1,1,,,3,1,1,1,1
20432,1,2,3,2,12,1,6,1,1,,,3,1,1,1,1
20433,1,2,3,2,12,1,7,1,1,,,9,1,1,1,1
20434,1,2,3,2,12,2,0,1,1,,,9,1,1,1,1
20435,1,2,3,2,12,2,1,1,1,,,3,1,1,1,1
20436,1,2,3,2,12,2,2,1,1,,,6,1,1,1,1
20437,1,2,3,2,12,2,3,1,1,,,3,1,1,1,1
20438,1,2,3,2,12,2,4,1,1,,,3,1,1,1,1
20439,1,2,3,2,12,2,5,1,1,,,6,1,1,1,1
20440,1,2,3,2,12,2,6,1,1,,,3,1,1,1,1
20441,1,2,3,2,12,2,7,1,1,,,9,1,1,1,1
20442,1,2,3,2,12,3,0,1,1,,,9,1,1,1,1
20443,1,2,3,2,12,3,1,1,1,,,3,1,1,1,1
20444,1,2,3,2,12,3,2,1,1,,,6,1,1,1,1
20445,1,2,3,2,12,3,3,1,1,,,6,1,1,1,1
20446,1,2,3,2,12,3,4,1,1,,,6,1,1,1,1
20447,1,2,3,2,12,3,5,1,1,,,6,1,1,1,1
20448,1,2,3,2,12,3,6,1,1,,,3,1,1,1,1
20449,1,2,3,2,12,3,7,1,1,,,9,1,1,1,1
20450,1,2,3,2,12,4,0,1,1,,,9,1,1,1,1
20451,1,2,3,2,12,4,1,1,1,,,3,1,1,1,1
20452,1,2,3,2,12,4,2,1,1,,,3,1,1,1,1
20453,1,2,3,2,12,4,3,1,1,,,6,1,1,1,1
20454,1,2,3,2,12,4,4,1,1,,,6,1,1,1,1
20455,1,2,3,2,12,4,5,1,1,,,3,1,1,1,1
20456,1,2,3,2,12,4,6,1,1,,,3,1,1,1,1
20457,1,2,3,2,12,4,7,1,1,,,9,1,1,1,1
20458,1,2,3,2,12,5,0,1,1,,,9,1,1,1,1
20459,1,2,3,2,12,5,1,1,1,,,3,1,1,1,1
20460,1,2,3,2,12,5,2,1,1,,,6,1,1,1,1
20461,1,2,3,2,12,5,3,1,1,,,3,1,1,1,1
20462,1,2,3,2,12,5,4,1,1,,,3,1,1,1,1
20463,1,2,3,2,12,5,5,1,1,,,6,1,1,1,1
20464,1,2,3,2,12,5,6,1,1,,,3,1,1,1,1
20465,1,2,3,2,12,5,7,1,1,,,9,1,1,1,1
20466,1,2,3,2,12,6,0,1,1,,,9,1,1,1,1
20467,1,2,3,2,12,6,1,1,1,,,3,1,1,1,1
20468,1,2,3,2,12,6,2,1,1,,,6,1,1,1,1
20469,1,2,3,2,12,6,3,1,1,,,3,1,1,1,1
20470,1,2,3,2,12,6,4,1,1,,,3,1,1,1,1
20471,1,2,3,2,12,6,5,1,1,,,6,1,1,1,1
20472,1,2,3,2,12,6,6,1,1,,,3,1,1,1,1
20473,1,2,3,2,12,6,7,1,1,,,9,1,1,1,1
20474,1,2,3,2,12,7,0,1,1,,,9,1,1,1,1
20475,1,2,3,2,12,7,1,1,1,,,3,1,1,1,1
20476,1,2,3,2,12,7,2,1,1,,,3,1,1,1,1
20477,1,2,3,2,12,7,3,1,1,,,3,1,1,1,1
20478,1,2,3,2,12,7,4,1,1,,,3,1,1,1,1
20479,1,2,3,2,12,7,5,1,1,,,3,1,1,1,1
20480,1,2,3,2,12,7,6,1,1,,,3,1,1,1,1
20481,1,2,3,2,12,7,7,1,1,,,9,1,1,1,1
20482,1,2,3,2,12,8,0,1,1,,,9,1,1,1,1
20483,1,2,3,2,12,8,1,1,1,,,3,1,1,1,1
20484,1,2,3,2,12,8,2,1,1,,,6,1,1,1,1
20485,1,2,3,2,12,8,3,1,1,,,6,1,1,1,1
20486,1,2,3,2,12,8,4,1,1,,,6,1,1,1,1
20487,1,2,3,2,12,8,5,1,1,,,6,1,1,1,1
20488,1,2,3,2,12,8,6,1,1,,,3,1,1,1,1
20489,1,2,3,2,12,8,7,1,1,,,9,1,1,1,1
20490,1,2,3,2,12,9,0,1,1,,,9,1,1,1,1
20491,1,2,3,2,12,9,1,1,1,,,3,1,1,1,1
20492,1,2,3,2,12,9,2,1,1,,,3,1,1,1,1
20493,1,2,3,2,12,9,3,1,1,,,6,1,1,1,1
20494,1,2,3,2,12,9,4,1,1,,,6,1,1,1,1
20495,1,2,3,2,12,9,5,1,1,,,3,1,1,1,1
20496,1,2,3,2,12,9,6,1,1,,,3,1,1,1,1
20497,1,2,3,2,12,9,7,1,1,,,9,1,1,1,1
20498,1,2,3,2,12,10,0,1,1,,,9,1,1,1,1
20499,1,2,3,2,12,10,1,1,1,,,3,1,1,1,1
20500,1,2,3,2,12,10,2,1,1,,,6,1,1,1,1
20501,1,2,3,2,12,10,3,1,1,,,6,1,1,1,1
20502,1,2,3,2,12,10,4,1,1,,,6,1,1,1,1
20503,1,2,3,2,12,10,5,1,1,,,6,1,1,1,1
20504,1,2,3,2,12,10,6,1,1,,,3,1,1,1,1
20505,1,2,3,2,12,10,7,1,1,,,9,1,1,1,1
20506,1,2,3,2,12,11,0,1,1,,,9,1,1,1,1
20507,1,2,3,2,12,11,1,1,1,,,3,1,1,1,1
20508,1,2,3,2,12,11,2,1,1,,,3,1,1,1,1
20509,1,2,3,2,12,11,3,1,1,,,3,1,1,1,1
20510,1,2,3,2,12,11,4,1,1,,,3,1,1,1,1
20511,1,2,3,2,12,11,5,1,1,,,3,1,1,1,1
20512,1,2,3,2,12,11,6,1,1,,,3,1,1,1,1
20513,1,2,3,2,12,11,7,1,1,,,9,1,1,1,1
20514,1,2,3,2,12,12,0,1,1,,,9,1,1,1,1
20515,1,2,3,2,12,12,1,1,1,,,3,1,1,1,1
20516,1,2,3,2,12,12,2,1,1,,,3,1,1,1,1
20517,1,2,3,2,12,12,3,1,1,,,6,1,1,1,1
20518,1,2,3,2,12,12,4,1,1,,,6,1,1,1,1
20519,1,2,3,2,12,12,5,1,1,,,3,1,1,1,1
20520,1,2,3,2,12,12,6,1,1,,,3,1,1,1,1
20521,1,2,3,2,12,12,7,1,1,,,9,1,1,1,1
20522,1,2,3,2,12,13,0,1,1,,,9,1,1,1,1
20523,1,2,3,2,12,13,1,1,1,,,3,1,1,1,1
20524,1,2,3,2,12,13,2,1,1,,,6,1,1,1,1
20525,1,2,3,2,12,13,3,1,1,,,6,1,1,1,1
20526,1,2,3,2,12,13,4,1,1,,,6,1,1,1,1
20527,1,2,3,2,12,13,5,1,1,,,6,1,1,1,1
20528,1,2,3,2,12,13,6,1,1,,,3,1,1,1,1
20529,1,2,3,2,12,13,7,1,1,,,9,1,1,1,1
20530,1,2,3,2,12,14,0,1,1,,,9,1,1,1,1
20531,1,2,3,2,12,14,1,1,1,,,3,1,1,1,1
20532,1,2,3,2,12,14,2,1,1,,,3,1,1,1,1
20533,1,2,3,2,12,14,3,1,1,,,3,1,1,1,1
20534,1,2,3,2,12,14,4,1,1,,,3,1,1,1,1
20535,1,2,3,2,12,14,5,1,1,,,3,1,1,1,1
20536,1,2,3,2,12,14,6,1,1,,,3,1,1,1,1
20537,1,2,3,2,12,14,7,1,1,,,9,1,1,1,1
20538,1,2,3,2,12,15,0,1,1,,,9,1,1,1,1
20539,1,2,3,2,12,15,1,1,1,,,3,1,1,1,1
20540,1,2,3,2,12,15,2,1,1,,,3,1,1,1,1
20541,1,2,3,2,12,15,3,1,1,,,3,1,1,1,1
20542,1,2,3,2,12,15,4,1,1,,,3,1,1,1,1
20543,1,2,3,2,12,15,5,1,1,,,3,1,1,1,1
20544,1,2,3,2,12,15,6,1,1,,,3,1,1,1,1
20545,1,2,3,2,12,15,7,1,1,,,9,1,1,1,1
20546,1,2,3,2,12,16,0,1,1,,,9,1,1,1,1
20547,1,2,3,2,12,16,1,1,1,,,3,1,1,1,1
20548,1,2,3,2,12,16,2,1,1,,,6,1,1,1,1
20549,1,2,3,2,12,16,3,1,1,,,3,1,1,1,1
20550,1,2,3,2,12,16,4,1,1,,,3,1,1,1,1
20551,1,2,3,2,12,16,5,1,1,,,6,1,1,1,1
20552,1,2,3,2,12,16,6,1,1,,,3,1,1,1,1
20553,1,2,3,2,12,16,7,1,1,,,9,1,1,1,1
20554,1,2,3,2,12,17,0,1,1,,,9,1,1,1,1
20555,1,2,3,2,12,17,1,1,1,,,3,1,1,1,1
20556,1,2,3,2,12,17,2,1,1,,,3,1,1,1,1
20557,1,2,3,2,12,17,3,1,1,,,6,1,1,1,1
20558,1,2,3,2,12,17,4,1,1,,,6,1,1,1,1
20559,1,2,3,2,12,17,5,1,1,,,3,1,1,1,1
20560,1,2,3,2,12,17,6,1,1,,,3,1,1,1,1
20561,1,2,3,2,12,17,7,1,1,,,9,1,1,1,1
20562,1,2,3,2,12,18,0,1,1,,,9,1,1,1,1
20563,1,2,3,2,12,18,1,1,1,,,3,1,1,1,1
20564,1,2,3,2,12,18,2,1,1,,,6,1,1,1,1
20565,1,2,3,2,12,18,3,1,1,,,6,1,1,1,1
20566,1,2,3,2,12,18,4,1,1,,,6,1,1,1,1
20567,1,2,3,2,12,18,5,1,1,,,6,1,1,1,1
20568,1,2,3,2,12,18,6,1,1,,,3,1,1,1,1
20569,1,2,3,2,12,18,7,1,1,,,9,1,1,1,1
20570,1,2,3,2,12,19,0,1,1,,,9,1,1,1,1
20571,1,2,3,2,12,19,1,1,1,,,3,1,1,1,1
20572,1,2,3,2,12,19,2,1,1,,,3,1,1,1,1
20573,1,2,3,2,12,19,3,1,1,,,6,1,1,1,1
20574,1,2,3,2,12,19,4,1,1,,,6,1,1,1,1
20575,1,2,3,2,12,19,5,1,1,,,3,1,1,1,1
20576,1,2,3,2,12,19,6,1,1,,,3,1,1,1,1
20577,1,2,3,2,12,19,7,1,1,,,9,1,1,1,1
20578,1,2,3,2,12,20,0,1,1,,,9,1,1,1,1
20579,1,2,3,2,12,20,1,1,1,,,3,1,1,1,1
20580,1,2,3,2,12,20,2,1,1,,,6,1,1,1,1
20581,1,2,3,2,12,20,3,1,1,,,3,1,1,1,1
20582,1,2,3,2,12,20,4,1,1,,,3,1,1,1,1
20583,1,2,3,2,12,20,5,1,1,,,6,1,1,1,1
20584,1,2,3,2,12,20,6,1,1,,,3,1,1,1,1
20585,1,2,3,2,12,20,7,1,1,,,9,1,1,1,1
20586,1,2,3,2,12,21,0,1,1,,,9,1,1,1,1
20587,1,2,3,2,12,21,1,1,1,,,3,1,1,1,1
20588,1,2,3,2,12,21,2,1,1,,,6,1,1,1,1
20589,1,2,3,2,12,21,3,1,1,,,6,1,1,1,1
20590,1,2,3,2,12,21,4,1,1,,,6,1,1,1,1
20591,1,2,3,2,12,21,5,1,1,,,6,1,1,1,1
20592,1,2,3,2,12,21,6,1,1,,,3,1,1,1,1
20593,1,2,3,2,12,21,7,1,1,,,9,1,1,1,1
20594,1,2,3,2,12,22,0,1,1,,,9,1,1,1,1
20595,1,2,3,2,12,22,1,1,1,,,3,1,1,1,1
20596,1,2,3,2,12,22,2,1,1,,,3,1,1,1,1
20597,1,2,3,2,12,22,3,1,1,,,6,1,1,1,1
20598,1,2,3,2,12,22,4,1,1,,,6,1,1,1,1
20599,1,2,3,2,12,22,5,1,1,,,3,1,1,1,1
20600,1,2,3,2,12,22,6,1,1,,,3,1,1,1,1
20601,1,2,3,2,12,22,7,1,1,,,9,1,1,1,1
20602,1,2,3,2,12,23,0,1,1,,,9,1,1,1,1
20603,1,2,3,2,12,23,1,1,1,,,3,1,1,1,1
20604,1,2,3,2,12,23,2,1,1,,,6,1,1,1,1
20605,1,2,3,2,12,23,3,1,1,,,3,1,1,1,1
20606,1,2,3,2,12,23,4,1,1,,,3,1,1,1,1
20607,1,2,3,2,12,23,5,1,1,,,6,1,1,1,1
20608,1,2,3,2,12,23,6,1,1,,,3,1,1,1,1
20609,1,2,3,2,12,23,7,1,1,,,9,1,1,1,1
20610,1,2,3,2,12,24,0,1,1,,,9,1,1,1,1
20611,1,2,3,2,12,24,1,1,1,,,3,1,1,1,1
20612,1,2,3,2,12,24,2,1,1,,,6,1,1,1,1
20613,1,2,3,2,12,24,3,1,1,,,3,1,1,1,1
20614,1,2,3,2,12,24,4,1,1,,,3,1,1,1,1
20615,1,2,3,2,12,24,5,1,1,,,6,1,1,1,1
20616,1,2,3,2,12,24,6,1,1,,,3,1,1,1,1
20617,1,2,3,2,12,24,7,1,1,,,9,1,1,1,1
20618,1,2,3,2,12,25,0,1,1,,,9,1,1,1,1
20619,1,2,3,2,12,25,1,1,1,,,3,1,1,1,1
20620,1,2,3,2,12,25,2,1,1,,,3,1,1,1,1
20621,1,2,3,2,12,25,3,1,1,,,3,1,1,1,1
20622,1,2,3,2,12,25,4,1,1,,,3,1,1,1,1
20623,1,2,3,2,12,25,5,1,1,,,3,1,1,1,1
20624,1,2,3,2,12,25,6,1,1,,,3,1,1,1,1
20625,1,2,3,2,12,25,7,1,1,,,9,1,1,1,1
20626,1,2,3,2,12,26,0,1,1,,,9,1,1,1,1
20627,1,2,3,2,12,26,1,1,1,,,3,1,1,1,1
20628,1,2,3,2,12,26,2,1,1,,,6,1,1,1,1
20629,1,2,3,2,12,26,3,1,1,,,6,1,1,1,1
20630,1,2,3,2,12,26,4,1,1,,,6,1,1,1,1
20631,1,2,3,2,12,26,5,1,1,,,6,1,1,1,1
20632,1,2,3,2,12,26,6,1,1,,,3,1,1,1,1
20633,1,2,3,2,12,26,7,1,1,,,9,1,1,1,1
20634,1,2,3,2,13,0,0,1,1,,,9,2,1,0,1
20635,1,2,3,2,13,0,1,0,0,1,1,0,2,0,0,1
20636,1,2,3,2,13,0,2,0,0,1,1,0,2,0,0,1
20637,1,2,3,2,13,0,3,1,1,,,6,2,1,0,1
20638,1,2,3,2,13,0,4,1,1,,,6,2,1,0,1
20639,1,2,3,2,13,0,5,0,0,1,1,0,2,0,0,1
20640,1,2,3,2,13,0,6,0,0,1,1,0,2,0,0,1
20641,1,2,3,2,13,0,7,1,1,,,9,2,1,0,1
20642,1,2,3,2,13,1,0,1,1,,,9,2,1,0,1
20643,1,2,3,2,13,1,1,0,0,1,1,0,2,0,0,1
20644,1,2,3,2,13,1,2,0,0,1,1,0,2,0,0,1
20645,1,2,3,2,13,1,3,1,1,,,6,2,1,0,1
20646,1,2,3,2,13,1,4,1,1,,,6,2,1,0,1
20647,1,2,3,2,13,1,5,0,0,1,1,0,2,0,0,1
20648,1,2,3,2,13,1,6,0,0,1,1,0,2,0,0,1
20649,1,2,3,2,13,1,7,1,1,,,9,2,1,0,1
20650,1,2,3,2,13,2,0,1,1,,,9,2,1,0,1
20651,1,2,3,2,13,2,1,0,0,1,1,0,2,0,0,1
20652,1,2,3,2,13,2,2,0,0,1,1,0,2,0,0,1
20653,1,2,3,2,13,2,3,0,0,2,2,0,2,1,0,1
20654,1,2,3,2,13,2,4,0,0,2,2,0,2,1,0,1
20655,1,2,3,2,13,2,5,0,0,1,1,0,2,0,0,1
20656,1,2,3,2,13,2,6,0,0,1,1,0,2,0,0,1
20657,1,2,3,2,13,2,7,1,1,,,9,2,1,0,1
20658,1,2,3,2,13,3,0,1,1,,,9,2,1,0,1
20659,1,2,3,2,13,3,1,0,0,1,1,0,2,0,0,1
20660,1,2,3,2,13,3,2,0,0,1,1,0,2,0,0,1
20661,1,2,3,2,13,3,3,1,1,,,6,2,1,0,1
20662,1,2,3,2,13,3,4,1,1,,,6,2,1,0,1
20663,1,2,3,2,13,3,5,0,0,1,1,0,2,0,0,1
20664,1,2,3,2,13,3,6,0,0,1,1,0,2,0,0,1
20665,1,2,3,2,13,3,7,1,1,,,9,2,1,0,1
20666,1,2,3,2,13,4,0,1,1,,,9,2,1,0,1
20667,1,2,3,2,13,4,1,0,0,1,1,0,2,0,0,1
20668,1,2,3,2,13,4,2,0,0,1,1,0,2,0,0,1
20669,1,2,3,2,13,4,3,1,1,,,6,2,1,0,1
20670,1,2,3,2,13,4,4,1,1,,,6,2,1,0,1
20671,1,2,3,2,13,4,5,0,0,1,1,0,2,0,0,1
20672,1,2,3,2,13,4,6,0,0,1,1,0,2,0,0,1
20673,1,2,3,2,13,4,7,1,1,,,9,2,1,0,1
20674,1,2,3,2,13,5,0,1,1,,,9,2,1,0,1
20675,1,2,3,2,13,5,1,0,0,1,1,0,2,0,0,1
20676,1,2,3,2,13,5,2,0,0,1,1,0,2,0,0,1
20677,1,2,3,2,13,5,3,0,0,2,2,0,2,1,0,1
20678,1,2,3,2,13,5,4,0,0,2,2,0,2,1,0,1
20679,1,2,3,2,13,5,5,0,0,1,1,0,2,0,0,1
20680,1,2,3,2,13,5,6,0,0,1,1,0,2,0,0,1
20681,1,2,3,2,13,5,7,1,1,,,9,2,1,0,1
20682,1,2,3,2,13,6,0,1,1,,,9,2,1,0,1
20683,1,2,3,2,13,6,1,0,0,1,1,0,2,0,0,1
20684,1,2,3,2,13,6,2,0,0,1,1,0,2,0,0,1
20685,1,2,3,2,13,6,3,0,0,2,2,0,2,1,0,1
20686,1,2,3,2,13,6,4,0,0,2,2,0,2,1,0,1
20687,1,2,3,2,13,6,5,0,0,1,1,0,2,0,0,1
20688,1,2,3,2,13,6,6,0,0,1,1,0,2,0,0,1
20689,1,2,3,2,13,6,7,1,1,,,9,2,1,0,1
20690,1,2,3,2,13,7,0,1,1,,,9,2,1,0,1
20691,1,2,3,2,13,7,1,0,0,1,1,0,2,0,0,1
20692,1,2,3,2,13,7,2,0,0,1,1,0,2,0,0,1
20693,1,2,3,2,13,7,3,0,0,2,2,0,2,1,0,1
20694,1,2,3,2,13,7,4,0,0,2,2,0,2,1,0,1
20695,1,2,3,2,13,7,5,0,0,1,1,0,2,0,0,1
20696,1,2,3,2,13,7,6,0,0,1,1,0,2,0,0,1
20697,1,2,3,2,13,7,7,1,1,,,9,2,1,0,1
20698,1,2,3,2,13,8,0,1,1,,,9,2,1,0,1
20699,1,2,3,2,13,8,1,0,0,1,1,0,2,0,0,1
20700,1,2,3,2,13,8,2,0,0,1,1,0,2,0,0,1
20701,1,2,3,2,13,8,3,1,1,,,6,2,1,0,1
20702,1,2,3,2,13,8,4,1,1,,,6,2,1,0,1
20703,1,2,3,2,13,8,5,0,0,1,1,0,2,0,0,1
20704,1,2,3,2,13,8,6,0,0,1,1,0,2,0,0,1
20705,1,2,3,2,13,8,7,1,1,,,9,2,1,0,1
20706,1,2,3,2,13,9,0,1,1,,,9,2,1,0,1
20707,1,2,3,2,13,9,1,0,0,1,1,0,2,0,0,1
20708,1,2,3,2,13,9,2,0,0,1,1,0,2,0,0,1
20709,1,2,3,2,13,9,3,1,1,,,6,2,1,0,1
20710,1,2,3,2,13,9,4,1,1,,,6,2,1,0,1
20711,1,2,3,2,13,9,5,0,0,1,1,0,2,0,0,1
20712,1,2,3,2,13,9,6,0,0,1,1,0,2,0,0,1
20713,1,2,3,2,13,9,7,1,1,,,9,2,1,0,1
20714,1,2,3,2,13,10,0,1,1,,,9,2,1,0,1
20715,1,2,3,2,13,10,1,0,0,1,1,0,2,0,0,1
20716,1,2,3,2,13,10,2,0,0,1,1,0,2,0,0,1
20717,1,2,3,2,13,10,3,1,1,,,6,2,1,0,1
20718,1,2,3,2,13,10,4,1,1,,,6,2,1,0,1
20719,1,2,3,2,13,10,5,0,0,1,1,0,2,0,0,1
20720,1,2,3,2,13,10,6,0,0,1,1,0,2,0,0,1
20721,1,2,3,2,13,10,7,1,1,,,9,2,1,0,1
20722,1,2,3,2,13,11,0,1,1,,,9,2,1,0,1
20723,1,2,3,2,13,11,1,0,0,1,1,0,2,0,0,1
20724,1,2,3,2,13,11,2,0,0,1,1,0,2,0,0,1
20725,1,2,3,2,13,11,3,0,0,2,2,0,2,1,0,1
20726,1,2,3,2,13,11,4,0,0,2,2,0,2,1,0,1
20727,1,2,3,2,13,11,5,0,0,1,1,0,2,0,0,1
20728,1,2,3,2,13,11,6,0,0,1,1,0,2,0,0,1
20729,1,2,3,2,13,11,7,1,1,,,9,2,1,0,1
20730,1,2,3,2,13,12,0,1,1,,,9,2,1,0,1
20731,1,2,3,2,13,12,1,0,0,1,1,0,2,0,0,1
20732,1,2,3,2,13,12,2,0,0,1,1,0,2,0,0,1
20733,1,2,3,2,13,12,3,1,1,,,6,2,1,0,1
20734,1,2,3,2,13,12,4,1,1,,,6,2,1,0,1
20735,1,2,3,2,13,12,5,0,0,1,1,0,2,0,0,1
20736,1,2,3,2,13,12,6,0,0,1,1,0,2,0,0,1
20737,1,2,3,2,13,12,7,1,1,,,9,2,1,0,1
20738,1,2,3,2,13,13,0,1,1,,,9,2,1,0,1
20739,1,2,3,2,13,13,1,0,0,1,1,0,2,0,0,1
20740,1,2,3,2,13,13,2,0,0,1,1,0,2,0,0,1
20741,1,2,3,2,13,13,3,1,1,,,6,2,1,0,1
20742,1,2,3,2,13,13,4,1,1,,,6,2,1,0,1
20743,1,2,3,2,13,13,5,0,0,1,1,0,2,0,0,1
20744,1,2,3,2,13,13,6,0,0,1,1,0,2,0,0,1
20745,1,2,3,2,13,13,7,1,1,,,9,2,1,0,1
20746,1,2,3,2,13,14,0,1,1,,,9,2,1,0,1
20747,1,2,3,2,13,14,1,0,0,1,1,0,2,0,0,1
20748,1,2,3,2,13,14,2,0,0,1,1,0,2,0,0,1
20749,1,2,3,2,13,14,3,0,0,2,2,0,2,1,0,1
20750,1,2,3,2,13,14,4,0,0,2,2,0,2,1,0,1
20751,1,2,3,2,13,14,5,0,0,1,1,0,2,0,0,1
20752,1,2,3,2,13,14,6,0,0,1,1,0,2,0,0,1
20753,1,2,3,2,13,14,7,1,1,,,9,2,1,0,1
20754,1,2,3,2,13,15,0,1,1,,,9,2,1,0,1
20755,1,2,3,2,13,15,1,0,0,1,1,0,2,0,0,1
20756,1,2,3,2,13,15,2,0,0,1,1,0,2,0,0,1
20757,1,2,3,2,13,15,3,0,0,2,2,0,2,1,0,1
20758,1,2,3,2,13,15,4,0,0,2,2,0,2,1,0,1
20759,1,2,3,2,13,15,5,0,0,1,1,0,2,0,0,1
20760,1,2,3,2,13,15,6,0,0,1,1,0,2,0,0,1
20761,1,2,3,2,13,15,7,1,1,,,9,2,1,0,1
20762,1,2,3,2,13,16,0,1,1,,,9,2,1,0,1
20763,1,2,3,2,13,16,1,0,0,1,1,0,2,0,0,1
20764,1,2,3,2,13,16,2,0,0,1,1,0,2,0,0,1
20765,1,2,3,2,13,16,3,0,0,2,2,0,2,1,0,1
20766,1,2,3,2,13,16,4,0,0,2,2,0,2,1,0,1
20767,1,2,3,2,13,16,5,0,0,1,1,0,2,0,0,1
20768,1,2,3,2,13,16,6,0,0,1,1,0,2,0,0,1
20769,1,2,3,2,13,16,7,1,1,,,9,2,1,0,1
20770,1,2,3,2,13,17,0,1,1,,,9,2,1,0,1
20771,1,2,3,2,13,17,1,0,0,1,1,0,2,0,0,1
20772,1,2,3,2,13,17,2,0,0,1,1,0,2,0,0,1
20773,1,2,3,2,13,17,3,1,1,,,6,2,1,0,1
20774,1,2,3,2,13,17,4,1,1,,,6,2,1,0,1
20775,1,2,3,2,13,17,5,0,0,1,1,0,2,0,0,1
20776,1,2,3,2,13,17,6,0,0,1,1,0,2,0,0,1
20777,1,2,3,2,13,17,7,1,1,,,9,2,1,0,1
20778,1,2,3,2,13,18,0,1,1,,,9,2,1,0,1
20779,1,2,3,2,13,18,1,0,0,1,1,0,2,0,0,1
20780,1,2,3,2,13,18,2,0,0,1,1,0,2,0,0,1
20781,1,2,3,2,13,18,3,1,1,,,6,2,1,0,1
20782,1,2,3,2,13,18,4,1,1,,,6,2,1,0,1
20783,1,2,3,2,13,18,5,0,0,1,1,0,2,0,0,1
20784,1,2,3,2,13,18,6,0,0,1,1,0,2,0,0,1
20785,1,2,3,2,13,18,7,1,1,,,9,2,1,0,1
20786,1,2,3,2,13,19,0,1,1,,,9,2,1,0,1
20787,1,2,3,2,13,19,1,0,0,1,1,0,2,0,0,1
20788,1,2,3,2,13,19,2,0,0,1,1,0,2,0,0,1
20789,1,2,3,2,13,19,3,1,1,,,6,2,1,0,1
20790,1,2,3,2,13,19,4,1,1,,,6,2,1,0,1
20791,1,2,3,2,13,19,5,0,0,1,1,0,2,0,0,1
20792,1,2,3,2,13,19,6,0,0,1,1,0,2,0,0,1
20793,1,2,3,2,13,19,7,1,1,,,9,2,1,0,1
20794,1,2,3,2,13,20,0,1,1,,,9,2,1,0,1
20795,1,2,3,2,13,20,1,0,0,1,1,0,2,0,0,1
20796,1,2,3,2,13,20,2,0,0,1,1,0,2,0,0,1
20797,1,2,3,2,13,20,3,0,0,2,2,0,2,1,0,1
20798,1,2,3,2,13,20,4,0,0,2,2,0,2,1,0,1
20799,1,2,3,2,13,20,5,0,0,1,1,0,2,0,0,1
20800,1,2,3,2,13,20,6,0,0,1,1,0,2,0,0,1
20801,1,2,3,2,13,20,7,1,1,,,9,2,1,0,1
20802,1,2,3,2,13,21,0,1,1,,,9,2,1,0,1
20803,1,2,3,2,13,21,1,0,0,1,1,0,2,0,0,1
20804,1,2,3,2,13,21,2,0,0,1,1,0,2,0,0,1
20805,1,2,3,2,13,21,3,1,1,,,6,2,1,0,1
20806,1,2,3,2,13,21,4,1,1,,,6,2,1,0,1
20807,1,2,3,2,13,21,5,0,0,1,1,0,2,0,0,1
20808,1,2,3,2,13,21,6,0,0,1,1,0,2,0,0,1
20809,1,2,3,2,13,21,7,1,1,,,9,2,1,0,1
20810,1,2,3,2,13,22,0,1,1,,,9,2,1,0,1
20811,1,2,3,2,13,22,1,0,0,1,1,0,2,0,0,1
20812,1,2,3,2,13,22,2,0,0,1,1,0,2,0,0,1
20813,1,2,3,2,13,22,3,1,1,,,6,2,1,0,1
20814,1,2,3,2,13,22,4,1,1,,,6,2,1,0,1
20815,1,2,3,2,13,22,5,0,0,1,1,0,2,0,0,1
20816,1,2,3,2,13,22,6,0,0,1,1,0,2,0,0,1
20817,1,2,3,2,13,22,7,1,1,,,9,2,1,0,1
20818,1,2,3,2,13,23,0,1,1,,,9,2,1,0,1
20819,1,2,3,2,13,23,1,0,0,1,1,0,2,0,0,1
20820,1,2,3,2,13,23,2,0,0,1,1,0,2,0,0,1
20821,1,2,3,2,13,23,3,0,0,2,2,0,2,1,0,1
20822,1,2,3,2,13,23,4,0,0,2,2,0,2,1,0,1
20823,1,2,3,2,13,23,5,0,0,1,1,0,2,0,0,1
20824,1,2,3,2,13,23,6,0,0,1,1,0,2,0,0,1
20825,1,2,3,2,13,23,7,1,1,,,9,2,1,0,1
20826,1,2,3,2,13,24,0,1,1,,,9,2,1,0,1
20827,1,2,3,2,13,24,1,0,0,1,1,0,2,0,0,1
20828,1,2,3,2,13,24,2,0,0,1,1,0,2,0,0,1
20829,1,2,3,2,13,24,3,0,0,2,2,0,2,1,0,1
20830,1,2,3,2,13,24,4,0,0,2,2,0,2,1,0,1
20831,1,2,3,2,13,24,5,0,0,1,1,0,2,0,0,1
20832,1,2,3,2,13,24,6,0,0,1,1,0,2,0,0,1
20833,1,2,3,2,13,24,7,1,1,,,9,2,1,0,1
20834,1,2,3,2,13,25,0,1,1,,,9,2,1,0,1
20835,1,2,3,2,13,25,1,0,0,1,1,0,2,0,0,1
20836,1,2,3,2,13,25,2,0,0,1,1,0,2,0,0,1
20837,1,2,3,2,13,25,3,0,0,2,2,0,2,1,0,1
20838,1,2,3,2,13,25,4,0,0,2,2,0,2,1,0,1
20839,1,2,3,2,13,25,5,0,0,1,1,0,2,0,0,1
20840,1,2,3,2,13,25,6,0,0,1,1,0,2,0,0,1
20841,1,2,3,2,13,25,7,1,1,,,9,2,1,0,1
20842,1,2,3,2,13,26,0,1,1,,,9,2,1,0,1
20843,1,2,3,2,13,26,1,0,0,1,1,0,2,0,0,1
20844,1,2,3,2,13,26,2,0,0,1,1,0,2,0,0,1
20845,1,2,3,2,13,26,3,1,1,,,6,2,1,0,1
20846,1,2,3,2,13,26,4,1,1,,,6,2,1,0,1
20847,1,2,3,2,13,26,5,0,0,1,1,0,2,0,0,1
20848,1,2,3,2,13,26,6,0,0,1,1,0,2,0,0,1
20849,1,2,3,2,13,26,7,1,1,,,9,2,1,0,1
20850,1,2,3,2,14,0,0,1,1,,,9,3,1,0,1
20851,1,2,3,2,14,0,1,0,0,1,1,0,3,0,0,1
20852,1,2,3,2,14,0,2,0,0,2,2,0,3,0,0,1
20853,1,2,3,2,14,0,3,0,0,1,1,0,3,0,0,1
20854,1,2,3,2,14,0,4,0,0,1,1,0,3,0,0,1
20855,1,2,3,2,14,0,5,0,0,2,2,0,3,0,0,1
20856,1,2,3,2,14,0,6,0,0,1,1,0,3,0,0,1
20857,1,2,3,2,14,0,7,1,1,,,9,3,1,0,1
20858,1,2,3,2,14,1,0,1,1,,,9,3,1,0,1
20859,1,2,3,2,14,1,1,0,0,1,1,0,3,0,0,1
20860,1,2,3,2,14,1,2,0,0,2,2,0,3,0,0,1
20861,1,2,3,2,14,1,3,0,0,1,1,0,3,0,0,1
20862,1,2,3,2,14,1,4,0,0,1,1,0,3,0,0,1
20863,1,2,3,2,14,1,5,0,0,2,2,0,3,0,0,1
20864,1,2,3,2,14,1,6,0,0,1,1,0,3,0,0,1
20865,1,2,3,2,14,1,7,1,1,,,9,3,1,0,1
20866,1,2,3,2,14,2,0,1,1,,,9,3,1,0,1
20867,1,2,3,2,14,2,1,0,0,1,1,0,3,0,0,1
20868,1,2,3,2,14,2,2,0,0,2,2,0,3,0,0,1
20869,1,2,3,2,14,2,3,0,0,1,1,0,3,0,0,1
20870,1,2,3,2,14,2,4,0,0,1,1,0,3,0,0,1
20871,1,2,3,2,14,2,5,0,0,2,2,0,3,0,0,1
20872,1,2,3,2,14,2,6,0,0,1,1,0,3,0,0,1
20873,1,2,3,2,14,2,7,1,1,,,9,3,1,0,1
20874,1,2,3,2,14,3,0,1,1,,,9,3,1,0,1
20875,1,2,3,2,14,3,1,0,0,1,1,0,3,0,0,1
20876,1,2,3,2,14,3,2,0,0,2,2,0,3,0,0,1
20877,1,2,3,2,14,3,3,0,0,1,1,0,3,0,0,1
20878,1,2,3,2,14,3,4,0,0,1,1,0,3,0,0,1
20879,1,2,3,2,14,3,5,0,0,2,2,0,3,0,0,1
20880,1,2,3,2,14,3,6,0,0,1,1,0,3,0,0,1
20881,1,2,3,2,14,3,7,1,1,,,9,3,1,0,1
20882,1,2,3,2,14,4,0,1,1,,,9,3,1,0,1
20883,1,2,3,2,14,4,1,0,0,1,1,0,3,0,0,1
20884,1,2,3,2,14,4,2,0,0,2,2,0,3,0,0,1
20885,1,2,3,2,14,4,3,0,0,1,1,0,3,0,0,1
20886,1,2,3,2,14,4,4,0,0,1,1,0,3,0,0,1
20887,1,2,3,2,14,4,5,0,0,2,2,0,3,0,0,1
20888,1,2,3,2,14,4,6,0,0,1,1,0,3,0,0,1
20889,1,2,3,2,14,4,7,1,1,,,9,3,1,0,1
20890,1,2,3,2,14,5,0,1,1,,,9,3,1,0,1
20891,1,2,3,2,14,5,1,0,0,1,1,0,3,0,0,1
20892,1,2,3,2,14,5,2,0,0,2,2,0,3,0,0,1
20893,1,2,3,2,14,5,3,0,0,1,1,0,3,0,0,1
20894,1,2,3,2,14,5,4,0,0,1,1,0,3,0,0,1
20895,1,2,3,2,14,5,5,0,0,2,2,0,3,0,0,1
20896,1,2,3,2,14,5,6,0,0,1,1,0,3,0,0,1
20897,1,2,3,2,14,5,7,1,1,,,9,3,1,0,1
20898,1,2,3,2,14,6,0,1,1,,,9,3,1,0,1
20899,1,2,3,2,14,6,1,0,0,1,1,0,3,0,0,1
20900,1,2,3,2,14,6,2,0,0,2,2,0,3,0,0,1
20901,1,2,3,2,14,6,3,0,0,1,1,0,3,0,0,1
20902,1,2,3,2,14,6,4,0,0,1,1,0,3,0,0,1
20903,1,2,3,2,14,6,5,0,0,2,2,0,3,0,0,1
20904,1,2,3,2,14,6,6,0,0,1,1,0,3,0,0,1
20905,1,2,3,2,14,6,7,1,1,,,9,3,1,0,1
20906,1,2,3,2,14,7,0,1,1,,,9,3,1,0,1
20907,1,2,3,2,14,7,1,0,0,1,1,0,3,0,0,1
20908,1,2,3,2,14,7,2,0,0,2,2,0,3,0,0,1
20909,1,2,3,2,14,7,3,0,0,1,1,0,3,0,0,1
20910,1,2,3,2,14,7,4,0,0,1,1,0,3,0,0,1
20911,1,2,3,2,14,7,5,0,0,2,2,0,3,0,0,1
20912,1,2,3,2,14,7,6,0,0,1,1,0,3,0,0,1
20913,1,2,3,2,14,7,7,1,1,,,9,3,1,0,1
20914,1,2,3,2,14,8,0,1,1,,,9,3,1,0,1
20915,1,2,3,2,14,8,1,0,0,1,1,0,3,0,0,1
20916,1,2,3,2,14,8,2,0,0,2,2,0,3,0,0,1
20917,1,2,3,2,14,8,3,0,0,1,1,0,3,0,0,1
20918,1,2,3,2,14,8,4,0,0,1,1,0,3,0,0,1
20919,1,2,3,2,14,8,5,0,0,2,2,0,3,0,0,1
20920,1,2,3,2,14,8,6,0,0,1,1,0,3,0,0,1
20921,1,2,3,2,14,8,7,1,1,,,9,3,1,0,1
20922,1,2,3,2,14,9,0,1,1,,,9,3,1,0,1
20923,1,2,3,2,14,9,1,0,0,1,1,0,3,0,0,1
20924,1,2,3,2,14,9,2,0,0,2,2,0,3,0,0,1
20925,1,2,3,2,14,9,3,0,0,1,1,0,3,0,0,1
20926,1,2,3,2,14,9,4,0,0,1,1,0,3,0,0,1
20927,1,2,3,2,14,9,5,0,0,2,2,0,3,0,0,1
20928,1,2,3,2,14,9,6,0,0,1,1,0,3,0,0,1
20929,1,2,3,2,14,9,7,1,1,,,9,3,1,0,1
20930,1,2,3,2,14,10,0,1,1,,,9,3,1,0,1
20931,1,2,3,2,14,10,1,0,0,1,1,0,3,0,0,1
20932,1,2,3,2,14,10,2,0,0,2,2,0,3,0,0,1
20933,1,2,3,2,14,10,3,0,0,1,1,0,3,0,0,1
20934,1,2,3,2,14,10,4,0,0,1,1,0,3,0,0,1
20935,1,2,3,2,14,10,5,0,0,2,2,0,3,0,0,1
20936,1,2,3,2,14,10,6,0,0,1,1,0,3,0,0,1
20937,1,2,3,2,14,10,7,1,1,,,9,3,1,0,1
20938,1,2,3,2,14,11,0,1,1,,,9,3,1,0,1
20939,1,2,3,2,14,11,1,0,0,1,1,0,3,0,0,1
20940,1,2,3,2,14,11,2,0,0,2,2,0,3,0,0,1
20941,1,2,3,2,14,11,3,0,0,1,1,0,3,0,0,1
20942,1,2,3,2,14,11,4,0,0,1,1,0,3,0,0,1
20943,1,2,3,2,14,11,5,0,0,2,2,0,3,0,0,1
20944,1,2,3,2,14,11,6,0,0,1,1,0,3,0,0,1
20945,1,2,3,2,14,11,7,1,1,,,9,3,1,0,1
20946,1,2,3,2,14,12,0,1,1,,,9,3,1,0,1
20947,1,2,3,2,14,12,1,0,0,1,1,0,3,0,0,1
20948,1,2,3,2,14,12,2,0,0,2,2,0,3,0,0,1
20949,1,2,3,2,14,12,3,0,0,1,1,0,3,0,0,1
20950,1,2,3,2,14,12,4,0,0,1,1,0,3,0,0,1
20951,1,2,3,2,14,12,5,0,0,2,2,0,3,0,0,1
20952,1,2,3,2,14,12,6,0,0,1,1,0,3,0,0,1
20953,1,2,3,2,14,12,7,1,1,,,9,3,1,0,1
20954,1,2,3,2,14,13,0,1,1,,,9,3,1,0,1
20955,1,2,3,2,14,13,1,0,0,1,1,0,3,0,0,1
20956,1,2,3,2,14,13,2,0,0,2,2,0,3,0,0,1
20957,1,2,3,2,14,13,3,0,0,1,1,0,3,0,0,1
20958,1,2,3,2,14,13,4,0,0,1,1,0,3,0,0,1
20959,1,2,3,2,14,13,5,0,0,2,2,0,3,0,0,1
20960,1,2,3,2,14,13,6,0,0,1,1,0,3,0,0,1
20961,1,2,3,2,14,13,7,1,1,,,9,3,1,0,1
20962,1,2,3,2,14,14,0,1,1,,,9,3,1,0,1
20963,1,2,3,2,14,14,1,0,0,1,1,0,3,0,0,1
20964,1,2,3,2,14,14,2,0,0,2,2,0,3,0,0,1
20965,1,2,3,2,14,14,3,0,0,1,1,0,3,0,0,1
20966,1,2,3,2,14,14,4,0,0,1,1,0,3,0,0,1
20967,1,2,3,2,14,14,5,0,0,2,2,0,3,0,0,1
20968,1,2,3,2,14,14,6,0,0,1,1,0,3,0,0,1
20969,1,2,3,2,14,14,7,1,1,,,9,3,1,0,1
20970,1,2,3,2,14,15,0,1,1,,,9,3,1,0,1
20971,1,2,3,2,14,15,1,0,0,1,1,0,3,0,0,1
20972,1,2,3,2,14,15,2,0,0,2,2,0,3,0,0,1
20973,1,2,3,2,14,15,3,0,0,1,1,0,3,0,0,1
20974,1,2,3,2,14,15,4,0,0,1,1,0,3,0,0,1
20975,1,2,3,2,14,15,5,0,0,2,2,0,3,0,0,1
20976,1,2,3,2,14,15,6,0,0,1,1,0,3,0,0,1
20977,1,2,3,2,14,15,7,1,1,,,9,3,1,0,1
20978,1,2,3,2,14,16,0,1,1,,,9,3,1,0,1
20979,1,2,3,2,14,16,1,0,0,1,1,0,3,0,0,1
20980,1,2,3,2,14,16,2,0,0,2,2,0,3,0,0,1
20981,1,2,3,2,14,16,3,0,0,1,1,0,3,0,0,1
20982,1,2,3,2,14,16,4,0,0,1,1,0,3,0,0,1
20983,1,2,3,2,14,16,5,0,0,2,2,0,3,0,0,1
20984,1,2,3,2,14,16,6,0,0,1,1,0,3,0,0,1
20985,1,2,3,2,14,16,7,1,1,,,9,3,1,0,1
20986,1,2,3,2,14,17,0,1,1,,,9,3,1,0,1
20987,1,2,3,2,14,17,1,0,0,1,1,0,3,0,0,1
20988,1,2,3,2,14,17,2,0,0,2,2,0,3,0,0,1
20989,1,2,3,2,14,17,3,0,0,1,1,0,3,0,0,1
20990,1,2,3,2,14,17,4,0,0,1,1,0,3,0,0,1
20991,1,2,3,2,14,17,5,0,0,2,2,0,3,0,0,1
20992,1,2,3,2,14,17,6,0,0,1,1,0,3,0,0,1
20993,1,2,3,2,14,17,7,1,1,,,9,3,1,0,1
20994,1,2,3,2,14,18,0,1,1,,,9,3,1,0,1
20995,1,2,3,2,14,18,1,0,0,1,1,0,3,0,0,1
20996,1,2,3,2,14,18,2,0,0,2,2,0,3,0,0,1
20997,1,2,3,2,14,18,3,0,0,1,1,0,3,0,0,1
20998,1,2,3,2,14,18,4,0,0,1,1,0,3,0,0,1
20999,1,2,3,2,14,18,5,0,0,2,2,0,3,0,0,1
21000,1,2,3,2,14,18,6,0,0,1,1,0,3,0,0,1
21001,1,2,3,2,14,18,7,1,1,,,9,3,1,0,1
21002,1,2,3,2,14,19,0,1,1,,,9,3,1,0,1
21003,1,2,3,2,14,19,1,0,0,1,1,0,3,0,0,1
21004,1,2,3,2,14,19,2,0,0,2,2,0,3,0,0,1
21005,1,2,3,2,14,19,3,0,0,1,1,0,3,0,0,1
21006,1,2,3,2,14,19,4,0,0,1,1,0,3,0,0,1
21007,1,2,3,2,14,19,5,0,0,2,2,0,3,0,0,1
21008,1,2,3,2,14,19,6,0,0,1,1,0,3,0,0,1
21009,1,2,3,2,14,19,7,1,1,,,9,3,1,0,1
21010,1,2,3,2,14,20,0,1,1,,,9,3,1,0,1
21011,1,2,3,2,14,20,1,0,0,1,1,0,3,0,0,1
21012,1,2,3,2,14,20,2,0,0,2,2,0,3,0,0,1
21013,1,2,3,2,14,20,3,0,0,1,1,0,3,0,0,1
21014,1,2,3,2,14,20,4,0,0,1,1,0,3,0,0,1
21015,1,2,3,2,14,20,5,0,0,2,2,0,3,0,0,1
21016,1,2,3,2,14,20,6,0,0,1,1,0,3,0,0,1
21017,1,2,3,2,14,20,7,1,1,,,9,3,1,0,1
21018,1,2,3,2,14,21,0,1,1,,,9,3,1,0,1
21019,1,2,3,2,14,21,1,0,0,1,1,0,3,0,0,1
21020,1,2,3,2,14,21,2,0,0,2,2,0,3,0,0,1
21021,1,2,3,2,14,21,3,0,0,1,1,0,3,0,0,1
21022,1,2,3,2,14,21,4,0,0,1,1,0,3,0,0,1
21023,1,2,3,2,14,21,5,0,0,2,2,0,3,0,0,1
21024,1,2,3,2,14,21,6,0,0,1,1,0,3,0,0,1
21025,1,2,3,2,14,21,7,1,1,,,9,3,1,0,1
21026,1,2,3,2,14,22,0,1,1,,,9,3,1,0,1
21027,1,2,3,2,14,22,1,0,0,1,1,0,3,0,0,1
21028,1,2,3,2,14,22,2,0,0,2,2,0,3,0,0,1
21029,1,2,3,2,14,22,3,0,0,1,1,0,3,0,0,1
21030,1,2,3,2,14,22,4,0,0,1,1,0,3,0,0,1
21031,1,2,3,2,14,22,5,0,0,2,2,0,3,0,0,1
21032,1,2,3,2,14,22,6,0,0,1,1,0,3,0,0,1
21033,1,2,3,2,14,22,7,1,1,,,9,3,1,0,1
21034,1,2,3,2,14,23,0,1,1,,,9,3,1,0,1
21035,1,2,3,2,14,23,1,0,0,1,1,0,3,0,0,1
21036,1,2,3,2,14,23,2,0,0,2,2,0,3,0,0,1
21037,1,2,3,2,14,23,3,0,0,1,1,0,3,0,0,1
21038,1,2,3,2,14,23,4,0,0,1,1,0,3,0,0,1
21039,1,2,3,2,14,23,5,0,0,2,2,0,3,0,0,1
21040,1,2,3,2,14,23,6,0,0,1,1,0,3,0,0,1
21041,1,2,3,2,14,23,7,1,1,,,9,3,1,0,1
21042,1,2,3,2,14,24,0,1,1,,,9,3,1,0,1
21043,1,2,3,2,14,24,1,0,0,1,1,0,3,0,0,1
21044,1,2,3,2,14,24,2,0,0,2,2,0,3,0,0,1
21045,1,2,3,2,14,24,3,0,0,1,1,0,3,0,0,1
21046,1,2,3,2,14,24,4,0,0,1,1,0,3,0,0,1
21047,1,2,3,2,14,24,5,0,0,2,2,0,3,0,0,1
21048,1,2,3,2,14,24,6,0,0,1,1,0,3,0,0,1
21049,1,2,3,2,14,24,7,1,1,,,9,3,1,0,1
21050,1,2,3,2,14,25,0,1,1,,,9,3,1,0,1
21051,1,2,3,2,14,25,1,0,0,1,1,0,3,0,0,1
21052,1,2,3,2,14,25,2,0,0,2,2,0,3,0,0,1
21053,1,2,3,2,14,25,3,0,0,1,1,0,3,0,0,1
21054,1,2,3,2,14,25,4,0,0,1,1,0,3,0,0,1
21055,1,2,3,2,14,25,5,0,0,2,2,0,3,0,0,1
21056,1,2,3,2,14,25,6,0,0,1,1,0,3,0,0,1
21057,1,2,3,2,14,25,7,1,1,,,9,3,1,0,1
21058,1,2,3,2,14,26,0,1,1,,,9,3,1,0,1
21059,1,2,3,2,14,26,1,0,0,1,1,0,3,0,0,1
21060,1,2,3,2,14,26,2,0,0,2,2,0,3,0,0,1
21061,1,2,3,2,14,26,3,0,0,1,1,0,3,0,0,1
21062,1,2,3,2,14,26,4,0,0,1,1,0,3,0,0,1
21063,1,2,3,2,14,26,5,0,0,2,2,0,3,0,0,1
21064,1,2,3,2,14,26,6,0,0,1,1,0,3,0,0,1
21065,1,2,3,2,14,26,7,1,1,,,9,3,1,0,1
21066,1,2,3,2,15,0,0,1,1,,,9,1,1,1,1
21067,1,2,3,2,15,0,1,1,1,,,3,1,1,1,1
21068,1,2,3,2,15,0,2,1,1,,,6,1,1,1,1
21069,1,2,3,2,15,0,3,1,1,,,6,1,1,1,1
21070,1,2,3,2,15,0,4,1,1,,,6,1,1,1,1
21071,1,2,3,2,15,0,5,1,1,,,6,1,1,1,1
21072,1,2,3,2,15,0,6,1,1,,,3,1,1,1,1
21073,1,2,3,2,15,0,7,1,1,,,9,1,1,1,1
21074,1,2,3,2,15,1,0,1,1,,,9,1,1,1,1
21075,1,2,3,2,15,1,1,1,1,,,3,1,1,1,1
21076,1,2,3,2,15,1,2,1,1,,,3,1,1,1,1
21077,1,2,3,2,15,1,3,1,1,,,6,1,1,1,1
21078,1,2,3,2,15,1,4,1,1,,,6,1,1,1,1
21079,1,2,3,2,15,1,5,1,1,,,3,1,1,1,1
21080,1,2,3,2,15,1,6,1,1,,,3,1,1,1,1
21081,1,2,3,2,15,1,7,1,1,,,9,1,1,1,1
21082,1,2,3,2,15,2,0,1,1,,,9,1,1,1,1
21083,1,2,3,2,15,2,1,1,1,,,3,1,1,1,1
21084,1,2,3,2,15,2,2,1,1,,,6,1,1,1,1
21085,1,2,3,2,15,2,3,1,1,,,3,1,1,1,1
21086,1,2,3,2,15,2,4,1,1,,,3,1,1,1,1
21087,1,2,3,2,15,2,5,1,1,,,6,1,1,1,1
21088,1,2,3,2,15,2,6,1,1,,,3,1,1,1,1
21089,1,2,3,2,15,2,7,1,1,,,9,1,1,1,1
21090,1,2,3,2,15,3,0,1,1,,,9,1,1,1,1
21091,1,2,3,2,15,3,1,1,1,,,3,1,1,1,1
21092,1,2,3,2,15,3,2,1,1,,,6,1,1,1,1
21093,1,2,3,2,15,3,3,1,1,,,6,1,1,1,1
21094,1,2,3,2,15,3,4,1,1,,,6,1,1,1,1
21095,1,2,3,2,15,3,5,1,1,,,6,1,1,1,1
21096,1,2,3,2,15,3,6,1,1,,,3,1,1,1,1
21097,1,2,3,2,15,3,7,1,1,,,9,1,1,1,1
21098,1,2,3,2,15,4,0,1,1,,,9,1,1,1,1
21099,1,2,3,2,15,4,1,1,1,,,3,1,1,1,1
21100,1,2,3,2,15,4,2,1,1,,,3,1,1,1,1
21101,1,2,3,2,15,4,3,1,1,,,6,1,1,1,1
21102,1,2,3,2,15,4,4,1,1,,,6,1,1,1,1
21103,1,2,3,2,15,4,5,1,1,,,3,1,1,1,1
21104,1,2,3,2,15,4,6,1,1,,,3,1,1,1,1
21105,1,2,3,2,15,4,7,1,1,,,9,1,1,1,1
21106,1,2,3,2,15,5,0,1,1,,,9,1,1,1,1
21107,1,2,3,2,15,5,1,1,1,,,3,1,1,1,1
21108,1,2,3,2,15,5,2,1,1,,,6,1,1,1,1
21109,1,2,3,2,15,5,3,1,1,,,3,1,1,1,1
21110,1,2,3,2,15,5,4,1,1,,,3,1,1,1,1
21111,1,2,3,2,15,5,5,1,1,,,6,1,1,1,1
21112,1,2,3,2,15,5,6,1,1,,,3,1,1,1,1
21113,1,2,3,2,15,5,7,1,1,,,9,1,1,1,1
21114,1,2,3,2,15,6,0,1,1,,,9,1,1,1,1
21115,1,2,3,2,15,6,1,1,1,,,3,1,1,1,1
21116,1,2,3,2,15,6,2,1,1,,,6,1,1,1,1
21117,1,2,3,2,15,6,3,1,1,,,3,1,1,1,1
21118,1,2,3,2,15,6,4,1,1,,,3,1,1,1,1
21119,1,2,3,2,15,6,5,1,1,,,6,1,1,1,1
21120,1,2,3,2,15,6,6,1,1,,,3,1,1,1,1
21121,1,2,3,2,15,6,7,1,1,,,9,1,1,1,1
21122,1,2,3,2,15,7,0,1,1,,,9,1,1,1,1
21123,1,2,3,2,15,7,1,1,1,,,3,1,1,1,1
21124,1,2,3,2,15,7,2,1,1,,,3,1,1,1,1
21125,1,2,3,2,15,7,3,1,1,,,3,1,1,1,1
21126,1,2,3,2,15,7,4,1,1,,,3,1,1,1,1
21127,1,2,3,2,15,7,5,1,1,,,3,1,1,1,1
21128,1,2,3,2,15,7,6,1,1,,,3,1,1,1,1
21129,1,2,3,2,15,7,7,1,1,,,9,1,1,1,1
21130,1,2,3,2,15,8,0,1,1,,,9,1,1,1,1
21131,1,2,3,2,15,8,1,1,1,,,3,1,1,1,1
21132,1,2,3,2,15,8,2,1,1,,,6,1,1,1,1
21133,1,2,3,2,15,8,3,1,1,,,6,1,1,1,1
21134,1,2,3,2,15,8,4,1,1,,,6,1,1,1,1
21135,1,2,3,2,15,8,5,1,1,,,6,1,1,1,1
21136,1,2,3,2,15,8,6,1,1,,,3,1,1,1,1
21137,1,2,3,2,15,8,7,1,1,,,9,1,1,1,1
21138,1,2,3,2,15,9,0,1,1,,,9,1,1,1,1
21139,1,2,3,2,15,9,1,1,1,,,3,1,1,1,1
21140,1,2,3,2,15,9,2,1,1,,,3,1,1,1,1
21141,1,2,3,2,15,9,3,1,1,,,6,1,1,1,1
21142,1,2,3,2,15,9,4,1,1,,,6,1,1,1,1
21143,1,2,3,2,15,9,5,1,1,,,3,1,1,1,1
21144,1,2,3,2,15,9,6,1,1,,,3,1,1,1,1
21145,1,2,3,2,15,9,7,1,1,,,9,1,1,1,1
21146,1,2,3,2,15,10,0,1,1,,,9,1,1,1,1
21147,1,2,3,2,15,10,1,1,1,,,3,1,1,1,1
21148,1,2,3,2,15,10,2,1,1,,,6,1,1,1,1
21149,1,2,3,2,15,10,3,1,1,,,6,1,1,1,1
21150,1,2,3,2,15,10,4,1,1,,,6,1,1,1,1
21151,1,2,3,2,15,10,5,1,1,,,6,1,1,1,1
21152,1,2,3,2,15,10,6,1,1,,,3,1,1,1,1
21153,1,2,3,2,15,10,7,1,1,,,9,1,1,1,1
21154,1,2,3,2,15,11,0,1,1,,,9,1,1,1,1
21155,1,2,3,2,15,11,1,1,1,,,3,1,1,1,1
21156,1,2,3,2,15,11,2,1,1,,,3,1,1,1,1
21157,1,2,3,2,15,11,3,1,1,,,3,1,1,1,1
21158,1,2,3,2,15,11,4,1,1,,,3,1,1,1,1
21159,1,2,3,2,15,11,5,1,1,,,3,1,1,1,1
21160,1,2,3,2,15,11,6,1,1,,,3,1,1,1,1
21161,1,2,3,2,15,11,7,1,1,,,9,1,1,1,1
21162,1,2,3,2,15,12,0,1,1,,,9,1,1,1,1
21163,1,2,3,2,15,12,1,1,1,,,3,1,1,1,1
21164,1,2,3,2,15,12,2,1,1,,,3,1,1,1,1
21165,1,2,3,2,15,12,3,1,1,,,6,1,1,1,1
21166,1,2,3,2,15,12,4,1,1,,,6,1,1,1,1
21167,1,2,3,2,15,12,5,1,1,,,3,1,1,1,1
21168,1,2,3,2,15,12,6,1,1,,,3,1,1,1,1
21169,1,2,3,2,15,12,7,1,1,,,9,1,1,1,1
21170,1,2,3,2,15,13,0,1,1,,,9,1,1,1,1
21171,1,2,3,2,15,13,1,1,1,,,3,1,1,1,1
21172,1,2,3,2,15,13,2,1,1,,,6,1,1,1,1
21173,1,2,3,2,15,13,3,1,1,,,6,1,1,1,1
21174,1,2,3,2,15,13,4,1,1,,,6,1,1,1,1
21175,1,2,3,2,15,13,5,1,1,,,6,1,1,1,1
21176,1,2,3,2,15,13,6,1,1,,,3,1,1,1,1
21177,1,2,3,2,15,13,7,1,1,,,9,1,1,1,1
21178,1,2,3,2,15,14,0,1,1,,,9,1,1,1,1
21179,1,2,3,2,15,14,1,1,1,,,3,1,1,1,1
21180,1,2,3,2,15,14,2,1,1,,,3,1,1,1,1
21181,1,2,3,2,15,14,3,1,1,,,3,1,1,1,1
21182,1,2,3,2,15,14,4,1,1,,,3,1,1,1,1
21183,1,2,3,2,15,14,5,1,1,,,3,1,1,1,1
21184,1,2,3,2,15,14,6,1,1,,,3,1,1,1,1
21185,1,2,3,2,15,14,7,1,1,,,9,1,1,1,1
21186,1,2,3,2,15,15,0,1,1,,,9,1,1,1,1
21187,1,2,3,2,15,15,1,1,1,,,3,1,1,1,1
21188,1,2,3,2,15,15,2,1,1,,,3,1,1,1,1
21189,1,2,3,2,15,15,3,1,1,,,3,1,1,1,1
21190,1,2,3,2,15,15,4,1,1,,,3,1,1,1,1
21191,1,2,3,2,15,15,5,1,1,,,3,1,1,1,1
21192,1,2,3,2,15,15,6,1,1,,,3,1,1,1,1
21193,1,2,3,2,15,15,7,1,1,,,9,1,1,1,1
21194,1,2,3,2,15,16,0,1,1,,,9,1,1,1,1
21195,1,2,3,2,15,16,1,1,1,,,3,1,1,1,1
21196,1,2,3,2,15,16,2,1,1,,,6,1,1,1,1
21197,1,2,3,2,15,16,3,1,1,,,3,1,1,1,1
21198,1,2,3,2,15,16,4,1,1,,,3,1,1,1,1
21199,1,2,3,2,15,16,5,1,1,,,6,1,1,1,1
21200,1,2,3,2,15,16,6,1,1,,,3,1,1,1,1
21201,1,2,3,2,15,16,7,1,1,,,9,1,1,1,1
21202,1,2,3,2,15,17,0,1,1,,,9,1,1,1,1
21203,1,2,3,2,15,17,1,1,1,,,3,1,1,1,1
21204,1,2,3,2,15,17,2,1,1,,,3,1,1,1,1
21205,1,2,3,2,15,17,3,1,1,,,6,1,1,1,1
21206,1,2,3,2,15,17,4,1,1,,,6,1,1,1,1
21207,1,2,3,2,15,17,5,1,1,,,3,1,1,1,1
21208,1,2,3,2,15,17,6,1,1,,,3,1,1,1,1
21209,1,2,3,2,15,17,7,1,1,,,9,1,1,1,1
21210,1,2,3,2,15,18,0,1,1,,,9,1,1,1,1
21211,1,2,3,2,15,18,1,1,1,,,3,1,1,1,1
21212,1,2,3,2,15,18,2,1,1,,,6,1,1,1,1
21213,1,2,3,2,15,18,3,1,1,,,6,1,1,1,1
21214,1,2,3,2,15,18,4,1,1,,,6,1,1,1,1
21215,1,2,3,2,15,18,5,1,1,,,6,1,1,1,1
21216,1,2,3,2,15,18,6,1,1,,,3,1,1,1,1
21217,1,2,3,2,15,18,7,1,1,,,9,1,1,1,1
21218,1,2,3,2,15,19,0,1,1,,,9,1,1,1,1
21219,1,2,3,2,15,19,1,1,1,,,3,1,1,1,1
21220,1,2,3,2,15,19,2,1,1,,,3,1,1,1,1
21221,1,2,3,2,15,19,3,1,1,,,6,1,1,1,1
21222,1,2,3,2,15,19,4,1,1,,,6,1,1,1,1
21223,1,2,3,2,15,19,5,1,1,,,3,1,1,1,1
21224,1,2,3,2,15,19,6,1,1,,,3,1,1,1,1
21225,1,2,3,2,15,19,7,1,1,,,9,1,1,1,1
21226,1,2,3,2,15,20,0,1,1,,,9,1,1,1,1
21227,1,2,3,2,15,20,1,1,1,,,3,1,1,1,1
21228,1,2,3,2,15,20,2,1,1,,,6,1,1,1,1
21229,1,2,3,2,15,20,3,1,1,,,3,1,1,1,1
21230,1,2,3,2,15,20,4,1,1,,,3,1,1,1,1
21231,1,2,3,2,15,20,5,1,1,,,6,1,1,1,1
21232,1,2,3,2,15,20,6,1,1,,,3,1,1,1,1
21233,1,2,3,2,15,20,7,1,1,,,9,1,1,1,1
21234,1,2,3,2,15,21,0,1,1,,,9,1,1,1,1
21235,1,2,3,2,15,21,1,1,1,,,3,1,1,1,1
21236,1,2,3,2,15,21,2,1,1,,,6,1,1,1,1
21237,1,2,3,2,15,21,3,1,1,,,6,1,1,1,1
21238,1,2,3,2,15,21,4,1,1,,,6,1,1,1,1
21239,1,2,3,2,15,21,5,1,1,,,6,1,1,1,1
21240,1,2,3,2,15,21,6,1,1,,,3,1,1,1,1
21241,1,2,3,2,15,21,7,1,1,,,9,1,1,1,1
21242,1,2,3,2,15,22,0,1,1,,,9,1,1,1,1
21243,1,2,3,2,15,22,1,1,1,,,3,1,1,1,1
21244,1,2,3,2,15,22,2,1,1,,,3,1,1,1,1
21245,1,2,3,2,15,22,3,1,1,,,6,1,1,1,1
21246,1,2,3,2,15,22,4,1,1,,,6,1,1,1,1
21247,1,2,3,2,15,22,5,1,1,,,3,1,1,1,1
21248,1,2,3,2,15,22,6,1,1,,,3,1,1,1,1
21249,1,2,3,2,15,22,7,1,1,,,9,1,1,1,1
21250,1,2,3,2,15,23,0,1,1,,,9,1,1,1,1
21251,1,2,3,2,15,23,1,1,1,,,3,1,1,1,1
21252,1,2,3,2,15,23,2,1,1,,,6,1,1,1,1
21253,1,2,3,2,15,23,3,1,1,,,3,1,1,1,1
21254,1,2,3,2,15,23,4,1,1,,,3,1,1,1,1
21255,1,2,3,2,15,23,5,1,1,,,6,1,1,1,1
21256,1,2,3,2,15,23,6,1,1,,,3,1,1,1,1
21257,1,2,3,2,15,23,7,1,1,,,9,1,1,1,1
21258,1,2,3,2,15,24,0,1,1,,,9,1,1,1,1
21259,1,2,3,2,15,24,1,1,1,,,3,1,1,1,1
21260,1,2,3,2,15,24,2,1,1,,,6,1,1,1,1
21261,1,2,3,2,15,24,3,1,1,,,3,1,1,1,1
21262,1,2,3,2,15,24,4,1,1,,,3,1,1,1,1
21263,1,2,3,2,15,24,5,1,1,,,6,1,1,1,1
21264,1,2,3,2,15,24,6,1,1,,,3,1,1,1,1
21265,1,2,3,2,15,24,7,1,1,,,9,1,1,1,1
21266,1,2,3,2,15,25,0,1,1,,,9,1,1,1,1
21267,1,2,3,2,15,25,1,1,1,,,3,1,1,1,1
21268,1,2,3,2,15,25,2,1,1,,,3,1,1,1,1
21269,1,2,3,2,15,25,3,1,1,,,3,1,1,1,1
21270,1,2,3,2,15,25,4,1,1,,,3,1,1,1,1
21271,1,2,3,2,15,25,5,1,1,,,3,1,1,1,1
21272,1,2,3,2,15,25,6,1,1,,,3,1,1,1,1
21273,1,2,3,2,15,25,7,1,1,,,9,1,1,1,1
21274,1,2,3,2,15,26,0,1,1,,,9,1,1,1,1
21275,1,2,3,2,15,26,1,1,1,,,3,1,1,1,1
21276,1,2,3,2,15,26,2,1,1,,,6,1,1,1,1
21277,1,2,3,2,15,26,3,1,1,,,6,1,1,1,1
21278,1,2,3,2,15,26,4,1,1,,,6,1,1,1,1
21279,1,2,3,2,15,26,5,1,1,,,6,1,1,1,1
21280,1,2,3,2,15,26,6,1,1,,,3,1,1,1,1
21281,1,2,3,2,15,26,7,1,1,,,9,1,1,1,1
21282,1,2,3,2,16,0,0,1,1,,,9,3,1,0,1
21283,1,2,3,2,16,0,1,0,0,1,1,0,3,0,0,1
21284,1,2,3,2,16,0,2,0,0,1,1,0,3,0,0,1
21285,1,2,3,2,16,0,3,0,0,2,2,0,3,0,0,1
21286,1,2,3,2,16,0,4,0,0,2,2,0,3,0,0,1
21287,1,2,3,2,16,0,5,0,0,1,1,0,3,0,0,1
21288,1,2,3,2,16,0,6,0,0,1,1,0,3,0,0,1
21289,1,2,3,2,16,0,7,1,1,,,9,3,1,0,1
21290,1,2,3,2,16,1,0,1,1,,,9,3,1,0,1
21291,1,2,3,2,16,1,1,0,0,1,1,0,3,0,0,1
21292,1,2,3,2,16,1,2,0,0,1,1,0,3,0,0,1
21293,1,2,3,2,16,1,3,0,0,2,2,0,3,0,0,1
21294,1,2,3,2,16,1,4,0,0,2,2,0,3,0,0,1
21295,1,2,3,2,16,1,5,0,0,1,1,0,3,0,0,1
21296,1,2,3,2,16,1,6,0,0,1,1,0,3,0,0,1
21297,1,2,3,2,16,1,7,1,1,,,9,3,1,0,1
21298,1,2,3,2,16,2,0,1,1,,,9,3,1,0,1
21299,1,2,3,2,16,2,1,0,0,1,1,0,3,0,0,1
21300,1,2,3,2,16,2,2,0,0,1,1,0,3,0,0,1
21301,1,2,3,2,16,2,3,0,0,2,2,0,3,0,0,1
21302,1,2,3,2,16,2,4,0,0,2,2,0,3,0,0,1
21303,1,2,3,2,16,2,5,0,0,1,1,0,3,0,0,1
21304,1,2,3,2,16,2,6,0,0,1,1,0,3,0,0,1
21305,1,2,3,2,16,2,7,1,1,,,9,3,1,0,1
21306,1,2,3,2,16,3,0,1,1,,,9,3,1,0,1
21307,1,2,3,2,16,3,1,0,0,1,1,0,3,0,0,1
21308,1,2,3,2,16,3,2,0,0,1,1,0,3,0,0,1
21309,1,2,3,2,16,3,3,0,0,2,2,0,3,0,0,1
21310,1,2,3,2,16,3,4,0,0,2,2,0,3,0,0,1
21311,1,2,3,2,16,3,5,0,0,1,1,0,3,0,0,1
21312,1,2,3,2,16,3,6,0,0,1,1,0,3,0,0,1
21313,1,2,3,2,16,3,7,1,1,,,9,3,1,0,1
21314,1,2,3,2,16,4,0,1,1,,,9,3,1,0,1
21315,1,2,3,2,16,4,1,0,0,1,1,0,3,0,0,1
21316,1,2,3,2,16,4,2,0,0,1,1,0,3,0,0,1
21317,1,2,3,2,16,4,3,0,0,2,2,0,3,0,0,1
21318,1,2,3,2,16,4,4,0,0,2,2,0,3,0,0,1
21319,1,2,3,2,16,4,5,0,0,1,1,0,3,0,0,1
21320,1,2,3,2,16,4,6,0,0,1,1,0,3,0,0,1
21321,1,2,3,2,16,4,7,1,1,,,9,3,1,0,1
21322,1,2,3,2,16,5,0,1,1,,,9,3,1,0,1
21323,1,2,3,2,16,5,1,0,0,1,1,0,3,0,0,1
21324,1,2,3,2,16,5,2,0,0,1,1,0,3,0,0,1
21325,1,2,3,2,16,5,3,0,0,2,2,0,3,0,0,1
21326,1,2,3,2,16,5,4,0,0,2,2,0,3,0,0,1
21327,1,2,3,2,16,5,5,0,0,1,1,0,3,0,0,1
21328,1,2,3,2,16,5,6,0,0,1,1,0,3,0,0,1
21329,1,2,3,2,16,5,7,1,1,,,9,3,1,0,1
21330,1,2,3,2,16,6,0,1,1,,,9,3,1,0,1
21331,1,2,3,2,16,6,1,0,0,1,1,0,3,0,0,1
21332,1,2,3,2,16,6,2,0,0,1,1,0,3,0,0,1
21333,1,2,3,2,16,6,3,0,0,2,2,0,3,0,0,1
21334,1,2,3,2,16,6,4,0,0,2,2,0,3,0,0,1
21335,1,2,3,2,16,6,5,0,0,1,1,0,3,0,0,1
21336,1,2,3,2,16,6,6,0,0,1,1,0,3,0,0,1
21337,1,2,3,2,16,6,7,1,1,,,9,3,1,0,1
21338,1,2,3,2,16,7,0,1,1,,,9,3,1,0,1
21339,1,2,3,2,16,7,1,0,0,1,1,0,3,0,0,1
21340,1,2,3,2,16,7,2,0,0,1,1,0,3,0,0,1
21341,1,2,3,2,16,7,3,0,0,2,2,0,3,0,0,1
21342,1,2,3,2,16,7,4,0,0,2,2,0,3,0,0,1
21343,1,2,3,2,16,7,5,0,0,1,1,0,3,0,0,1
21344,1,2,3,2,16,7,6,0,0,1,1,0,3,0,0,1
21345,1,2,3,2,16,7,7,1,1,,,9,3,1,0,1
21346,1,2,3,2,16,8,0,1,1,,,9,3,1,0,1
21347,1,2,3,2,16,8,1,0,0,1,1,0,3,0,0,1
21348,1,2,3,2,16,8,2,0,0,1,1,0,3,0,0,1
21349,1,2,3,2,16,8,3,0,0,2,2,0,3,0,0,1
21350,1,2,3,2,16,8,4,0,0,2,2,0,3,0,0,1
21351,1,2,3,2,16,8,5,0,0,1,1,0,3,0,0,1
21352,1,2,3,2,16,8,6,0,0,1,1,0,3,0,0,1
21353,1,2,3,2,16,8,7,1,1,,,9,3,1,0,1
21354,1,2,3,2,16,9,0,1,1,,,9,3,1,0,1
21355,1,2,3,2,16,9,1,0,0,1,1,0,3,0,0,1
21356,1,2,3,2,16,9,2,0,0,1,1,0,3,0,0,1
21357,1,2,3,2,16,9,3,0,0,2,2,0,3,0,0,1
21358,1,2,3,2,16,9,4,0,0,2,2,0,3,0,0,1
21359,1,2,3,2,16,9,5,0,0,1,1,0,3,0,0,1
21360,1,2,3,2,16,9,6,0,0,1,1,0,3,0,0,1
21361,1,2,3,2,16,9,7,1,1,,,9,3,1,0,1
21362,1,2,3,2,16,10,0,1,1,,,9,3,1,0,1
21363,1,2,3,2,16,10,1,0,0,1,1,0,3,0,0,1
21364,1,2,3,2,16,10,2,0,0,1,1,0,3,0,0,1
21365,1,2,3,2,16,10,3,0,0,2,2,0,3,0,0,1
21366,1,2,3,2,16,10,4,0,0,2,2,0,3,0,0,1
21367,1,2,3,2,16,10,5,0,0,1,1,0,3,0,0,1
21368,1,2,3,2,16,10,6,0,0,1,1,0,3,0,0,1
21369,1,2,3,2,16,10,7,1,1,,,9,3,1,0,1
21370,1,2,3,2,16,11,0,1,1,,,9,3,1,0,1
21371,1,2,3,2,16,11,1,0,0,1,1,0,3,0,0,1
21372,1,2,3,2,16,11,2,0,0,1,1,0,3,0,0,1
21373,1,2,3,2,16,11,3,0,0,2,2,0,3,0,0,1
21374,1,2,3,2,16,11,4,0,0,2,2,0,3,0,0,1
21375,1,2,3,2,16,11,5,0,0,1,1,0,3,0,0,1
21376,1,2,3,2,16,11,6,0,0,1,1,0,3,0,0,1
21377,1,2,3,2,16,11,7,1,1,,,9,3,1,0,1
21378,1,2,3,2,16,12,0,1,1,,,9,3,1,0,1
21379,1,2,3,2,16,12,1,0,0,1,1,0,3,0,0,1
21380,1,2,3,2,16,12,2,0,0,1,1,0,3,0,0,1
21381,1,2,3,2,16,12,3,0,0,2,2,0,3,0,0,1
21382,1,2,3,2,16,12,4,0,0,2,2,0,3,0,0,1
21383,1,2,3,2,16,12,5,0,0,1,1,0,3,0,0,1
21384,1,2,3,2,16,12,6,0,0,1,1,0,3,0,0,1
21385,1,2,3,2,16,12,7,1,1,,,9,3,1,0,1
21386,1,2,3,2,16,13,0,1,1,,,9,3,1,0,1
21387,1,2,3,2,16,13,1,0,0,1,1,0,3,0,0,1
21388,1,2,3,2,16,13,2,0,0,1,1,0,3,0,0,1
21389,1,2,3,2,16,13,3,0,0,2,2,0,3,0,0,1
21390,1,2,3,2,16,13,4,0,0,2,2,0,3,0,0,1
21391,1,2,3,2,16,13,5,0,0,1,1,0,3,0,0,1
21392,1,2,3,2,16,13,6,0,0,1,1,0,3,0,0,1
21393,1,2,3,2,16,13,7,1,1,,,9,3,1,0,1
21394,1,2,3,2,16,14,0,1,1,,,9,3,1,0,1
21395,1,2,3,2,16,14,1,0,0,1,1,0,3,0,0,1
21396,1,2,3,2,16,14,2,0,0,1,1,0,3,0,0,1
21397,1,2,3,2,16,14,3,0,0,2,2,0,3,0,0,1
21398,1,2,3,2,16,14,4,0,0,2,2,0,3,0,0,1
21399,1,2,3,2,16,14,5,0,0,1,1,0,3,0,0,1
21400,1,2,3,2,16,14,6,0,0,1,1,0,3,0,0,1
21401,1,2,3,2,16,14,7,1,1,,,9,3,1,0,1
21402,1,2,3,2,16,15,0,1,1,,,9,3,1,0,1
21403,1,2,3,2,16,15,1,0,0,1,1,0,3,0,0,1
21404,1,2,3,2,16,15,2,0,0,1,1,0,3,0,0,1
21405,1,2,3,2,16,15,3,0,0,2,2,0,3,0,0,1
21406,1,2,3,2,16,15,4,0,0,2,2,0,3,0,0,1
21407,1,2,3,2,16,15,5,0,0,1,1,0,3,0,0,1
21408,1,2,3,2,16,15,6,0,0,1,1,0,3,0,0,1
21409,1,2,3,2,16,15,7,1,1,,,9,3,1,0,1
21410,1,2,3,2,16,16,0,1,1,,,9,3,1,0,1
21411,1,2,3,2,16,16,1,0,0,1,1,0,3,0,0,1
21412,1,2,3,2,16,16,2,0,0,1,1,0,3,0,0,1
21413,1,2,3,2,16,16,3,0,0,2,2,0,3,0,0,1
21414,1,2,3,2,16,16,4,0,0,2,2,0,3,0,0,1
21415,1,2,3,2,16,16,5,0,0,1,1,0,3,0,0,1
21416,1,2,3,2,16,16,6,0,0,1,1,0,3,0,0,1
21417,1,2,3,2,16,16,7,1,1,,,9,3,1,0,1
21418,1,2,3,2,16,17,0,1,1,,,9,3,1,0,1
21419,1,2,3,2,16,17,1,0,0,1,1,0,3,0,0,1
21420,1,2,3,2,16,17,2,0,0,1,1,0,3,0,0,1
21421,1,2,3,2,16,17,3,0,0,2,2,0,3,0,0,1
21422,1,2,3,2,16,17,4,0,0,2,2,0,3,0,0,1
21423,1,2,3,2,16,17,5,0,0,1,1,0,3,0,0,1
21424,1,2,3,2,16,17,6,0,0,1,1,0,3,0,0,1
21425,1,2,3,2,16,17,7,1,1,,,9,3,1,0,1
21426,1,2,3,2,16,18,0,1,1,,,9,3,1,0,1
21427,1,2,3,2,16,18,1,0,0,1,1,0,3,0,0,1
21428,1,2,3,2,16,18,2,0,0,1,1,0,3,0,0,1
21429,1,2,3,2,16,18,3,0,0,2,2,0,3,0,0,1
21430,1,2,3,2,16,18,4,0,0,2,2,0,3,0,0,1
21431,1,2,3,2,16,18,5,0,0,1,1,0,3,0,0,1
21432,1,2,3,2,16,18,6,0,0,1,1,0,3,0,0,1
21433,1,2,3,2,16,18,7,1,1,,,9,3,1,0,1
21434,1,2,3,2,16,19,0,1,1,,,9,3,1,0,1
21435,1,2,3,2,16,19,1,0,0,1,1,0,3,0,0,1
21436,1,2,3,2,16,19,2,0,0,1,1,0,3,0,0,1
21437,1,2,3,2,16,19,3,0,0,2,2,0,3,0,0,1
21438,1,2,3,2,16,19,4,0,0,2,2,0,3,0,0,1
21439,1,2,3,2,16,19,5,0,0,1,1,0,3,0,0,1
21440,1,2,3,2,16,19,6,0,0,1,1,0,3,0,0,1
21441,1,2,3,2,16,19,7,1,1,,,9,3,1,0,1
21442,1,2,3,2,16,20,0,1,1,,,9,3,1,0,1
21443,1,2,3,2,16,20,1,0,0,1,1,0,3,0,0,1
21444,1,2,3,2,16,20,2,0,0,1,1,0,3,0,0,1
21445,1,2,3,2,16,20,3,0,0,2,2,0,3,0,0,1
21446,1,2,3,2,16,20,4,0,0,2,2,0,3,0,0,1
21447,1,2,3,2,16,20,5,0,0,1,1,0,3,0,0,1
21448,1,2,3,2,16,20,6,0,0,1,1,0,3,0,0,1
21449,1,2,3,2,16,20,7,1,1,,,9,3,1,0,1
21450,1,2,3,2,16,21,0,1,1,,,9,3,1,0,1
21451,1,2,3,2,16,21,1,0,0,1,1,0,3,0,0,1
21452,1,2,3,2,16,21,2,0,0,1,1,0,3,0,0,1
21453,1,2,3,2,16,21,3,0,0,2,2,0,3,0,0,1
21454,1,2,3,2,16,21,4,0,0,2,2,0,3,0,0,1
21455,1,2,3,2,16,21,5,0,0,1,1,0,3,0,0,1
21456,1,2,3,2,16,21,6,0,0,1,1,0,3,0,0,1
21457,1,2,3,2,16,21,7,1,1,,,9,3,1,0,1
21458,1,2,3,2,16,22,0,1,1,,,9,3,1,0,1
21459,1,2,3,2,16,22,1,0,0,1,1,0,3,0,0,1
21460,1,2,3,2,16,22,2,0,0,1,1,0,3,0,0,1
21461,1,2,3,2,16,22,3,0,0,2,2,0,3,0,0,1
21462,1,2,3,2,16,22,4,0,0,2,2,0,3,0,0,1
21463,1,2,3,2,16,22,5,0,0,1,1,0,3,0,0,1
21464,1,2,3,2,16,22,6,0,0,1,1,0,3,0,0,1
21465,1,2,3,2,16,22,7,1,1,,,9,3,1,0,1
21466,1,2,3,2,16,23,0,1,1,,,9,3,1,0,1
21467,1,2,3,2,16,23,1,0,0,1,1,0,3,0,0,1
21468,1,2,3,2,16,23,2,0,0,1,1,0,3,0,0,1
21469,1,2,3,2,16,23,3,0,0,2,2,0,3,0,0,1
21470,1,2,3,2,16,23,4,0,0,2,2,0,3,0,0,1
21471,1,2,3,2,16,23,5,0,0,1,1,0,3,0,0,1
21472,1,2,3,2,16,23,6,0,0,1,1,0,3,0,0,1
21473,1,2,3,2,16,23,7,1,1,,,9,3,1,0,1
21474,1,2,3,2,16,24,0,1,1,,,9,3,1,0,1
21475,1,2,3,2,16,24,1,0,0,1,1,0,3,0,0,1
21476,1,2,3,2,16,24,2,0,0,1,1,0,3,0,0,1
21477,1,2,3,2,16,24,3,0,0,2,2,0,3,0,0,1
21478,1,2,3,2,16,24,4,0,0,2,2,0,3,0,0,1
21479,1,2,3,2,16,24,5,0,0,1,1,0,3,0,0,1
21480,1,2,3,2,16,24,6,0,0,1,1,0,3,0,0,1
21481,1,2,3,2,16,24,7,1,1,,,9,3,1,0,1
21482,1,2,3,2,16,25,0,1,1,,,9,3,1,0,1
21483,1,2,3,2,16,25,1,0,0,1,1,0,3,0,0,1
21484,1,2,3,2,16,25,2,0,0,1,1,0,3,0,0,1
21485,1,2,3,2,16,25,3,0,0,2,2,0,3,0,0,1
21486,1,2,3,2,16,25,4,0,0,2,2,0,3,0,0,1
21487,1,2,3,2,16,25,5,0,0,1,1,0,3,0,0,1
21488,1,2,3,2,16,25,6,0,0,1,1,0,3,0,0,1
21489,1,2,3,2,16,25,7,1,1,,,9,3,1,0,1
21490,1,2,3,2,16,26,0,1,1,,,9,3,1,0,1
21491,1,2,3,2,16,26,1,0,0,1,1,0,3,0,0,1
21492,1,2,3,2,16,26,2,0,0,1,1,0,3,0,0,1
21493,1,2,3,2,16,26,3,0,0,2,2,0,3,0,0,1
21494,1,2,3,2,16,26,4,0,0,2,2,0,3,0,0,1
21495,1,2,3,2,16,26,5,0,0,1,1,0,3,0,0,1
21496,1,2,3,2,16,26,6,0,0,1,1,0,3,0,0,1
21497,1,2,3,2,16,26,7,1,1,,,9,3,1,0,1
21498,1,2,3,2,17,0,0,1,1,,,9,3,1,0,1
21499,1,2,3,2,17,0,1,0,0,1,1,0,3,0,0,1
21500,1,2,3,2,17,0,2,0,0,2,2,0,3,0,0,1
21501,1,2,3,2,17,0,3,0,0,1,1,0,3,0,0,1
21502,1,2,3,2,17,0,4,0,0,1,1,0,3,0,0,1
21503,1,2,3,2,17,0,5,0,0,2,2,0,3,0,0,1
21504,1,2,3,2,17,0,6,0,0,1,1,0,3,0,0,1
21505,1,2,3,2,17,0,7,1,1,,,9,3,1,0,1
21506,1,2,3,2,17,1,0,1,1,,,9,3,1,0,1
21507,1,2,3,2,17,1,1,0,0,1,1,0,3,0,0,1
21508,1,2,3,2,17,1,2,0,0,2,2,0,3,0,0,1
21509,1,2,3,2,17,1,3,0,0,1,1,0,3,0,0,1
21510,1,2,3,2,17,1,4,0,0,1,1,0,3,0,0,1
21511,1,2,3,2,17,1,5,0,0,2,2,0,3,0,0,1
21512,1,2,3,2,17,1,6,0,0,1,1,0,3,0,0,1
21513,1,2,3,2,17,1,7,1,1,,,9,3,1,0,1
21514,1,2,3,2,17,2,0,1,1,,,9,3,1,0,1
21515,1,2,3,2,17,2,1,0,0,1,1,0,3,0,0,1
21516,1,2,3,2,17,2,2,0,0,2,2,0,3,0,0,1
21517,1,2,3,2,17,2,3,0,0,1,1,0,3,0,0,1
21518,1,2,3,2,17,2,4,0,0,1,1,0,3,0,0,1
21519,1,2,3,2,17,2,5,0,0,2,2,0,3,0,0,1
21520,1,2,3,2,17,2,6,0,0,1,1,0,3,0,0,1
21521,1,2,3,2,17,2,7,1,1,,,9,3,1,0,1
21522,1,2,3,2,17,3,0,1,1,,,9,3,1,0,1
21523,1,2,3,2,17,3,1,0,0,1,1,0,3,0,0,1
21524,1,2,3,2,17,3,2,0,0,2,2,0,3,0,0,1
21525,1,2,3,2,17,3,3,0,0,1,1,0,3,0,0,1
21526,1,2,3,2,17,3,4,0,0,1,1,0,3,0,0,1
21527,1,2,3,2,17,3,5,0,0,2,2,0,3,0,0,1
21528,1,2,3,2,17,3,6,0,0,1,1,0,3,0,0,1
21529,1,2,3,2,17,3,7,1,1,,,9,3,1,0,1
21530,1,2,3,2,17,4,0,1,1,,,9,3,1,0,1
21531,1,2,3,2,17,4,1,0,0,1,1,0,3,0,0,1
21532,1,2,3,2,17,4,2,0,0,2,2,0,3,0,0,1
21533,1,2,3,2,17,4,3,0,0,1,1,0,3,0,0,1
21534,1,2,3,2,17,4,4,0,0,1,1,0,3,0,0,1
21535,1,2,3,2,17,4,5,0,0,2,2,0,3,0,0,1
21536,1,2,3,2,17,4,6,0,0,1,1,0,3,0,0,1
21537,1,2,3,2,17,4,7,1,1,,,9,3,1,0,1
21538,1,2,3,2,17,5,0,1,1,,,9,3,1,0,1
21539,1,2,3,2,17,5,1,0,0,1,1,0,3,0,0,1
21540,1,2,3,2,17,5,2,0,0,2,2,0,3,0,0,1
21541,1,2,3,2,17,5,3,0,0,1,1,0,3,0,0,1
21542,1,2,3,2,17,5,4,0,0,1,1,0,3,0,0,1
21543,1,2,3,2,17,5,5,0,0,2,2,0,3,0,0,1
21544,1,2,3,2,17,5,6,0,0,1,1,0,3,0,0,1
21545,1,2,3,2,17,5,7,1,1,,,9,3,1,0,1
21546,1,2,3,2,17,6,0,1,1,,,9,3,1,0,1
21547,1,2,3,2,17,6,1,0,0,1,1,0,3,0,0,1
21548,1,2,3,2,17,6,2,0,0,2,2,0,3,0,0,1
21549,1,2,3,2,17,6,3,0,0,1,1,0,3,0,0,1
21550,1,2,3,2,17,6,4,0,0,1,1,0,3,0,0,1
21551,1,2,3,2,17,6,5,0,0,2,2,0,3,0,0,1
21552,1,2,3,2,17,6,6,0,0,1,1,0,3,0,0,1
21553,1,2,3,2,17,6,7,1,1,,,9,3,1,0,1
21554,1,2,3,2,17,7,0,1,1,,,9,3,1,0,1
21555,1,2,3,2,17,7,1,0,0,1,1,0,3,0,0,1
21556,1,2,3,2,17,7,2,0,0,2,2,0,3,0,0,1
21557,1,2,3,2,17,7,3,0,0,1,1,0,3,0,0,1
21558,1,2,3,2,17,7,4,0,0,1,1,0,3,0,0,1
21559,1,2,3,2,17,7,5,0,0,2,2,0,3,0,0,1
21560,1,2,3,2,17,7,6,0,0,1,1,0,3,0,0,1
21561,1,2,3,2,17,7,7,1,1,,,9,3,1,0,1
21562,1,2,3,2,17,8,0,1,1,,,9,3,1,0,1
21563,1,2,3,2,17,8,1,0,0,1,1,0,3,0,0,1
21564,1,2,3,2,17,8,2,0,0,2,2,0,3,0,0,1
21565,1,2,3,2,17,8,3,0,0,1,1,0,3,0,0,1
21566,1,2,3,2,17,8,4,0,0,1,1,0,3,0,0,1
21567,1,2,3,2,17,8,5,0,0,2,2,0,3,0,0,1
21568,1,2,3,2,17,8,6,0,0,1,1,0,3,0,0,1
21569,1,2,3,2,17,8,7,1,1,,,9,3,1,0,1
21570,1,2,3,2,17,9,0,1,1,,,9,3,1,0,1
21571,1,2,3,2,17,9,1,0,0,1,1,0,3,0,0,1
21572,1,2,3,2,17,9,2,0,0,2,2,0,3,0,0,1
21573,1,2,3,2,17,9,3,0,0,1,1,0,3,0,0,1
21574,1,2,3,2,17,9,4,0,0,1,1,0,3,0,0,1
21575,1,2,3,2,17,9,5,0,0,2,2,0,3,0,0,1
21576,1,2,3,2,17,9,6,0,0,1,1,0,3,0,0,1
21577,1,2,3,2,17,9,7,1,1,,,9,3,1,0,1
21578,1,2,3,2,17,10,0,1,1,,,9,3,1,0,1
21579,1,2,3,2,17,10,1,0,0,1,1,0,3,0,0,1
21580,1,2,3,2,17,10,2,0,0,2,2,0,3,0,0,1
21581,1,2,3,2,17,10,3,0,0,1,1,0,3,0,0,1
21582,1,2,3,2,17,10,4,0,0,1,1,0,3,0,0,1
21583,1,2,3,2,17,10,5,0,0,2,2,0,3,0,0,1
21584,1,2,3,2,17,10,6,0,0,1,1,0,3,0,0,1
21585,1,2,3,2,17,10,7,1,1,,,9,3,1,0,1
21586,1,2,3,2,17,11,0,1,1,,,9,3,1,0,1
21587,1,2,3,2,17,11,1,0,0,1,1,0,3,0,0,1
21588,1,2,3,2,17,11,2,0,0,2,2,0,3,0,0,1
21589,1,2,3,2,17,11,3,0,0,1,1,0,3,0,0,1
21590,1,2,3,2,17,11,4,0,0,1,1,0,3,0,0,1
21591,1,2,3,2,17,11,5,0,0,2,2,0,3,0,0,1
21592,1,2,3,2,17,11,6,0,0,1,1,0,3,0,0,1
21593,1,2,3,2,17,11,7,1,1,,,9,3,1,0,1
21594,1,2,3,2,17,12,0,1,1,,,9,3,1,0,1
21595,1,2,3,2,17,12,1,0,0,1,1,0,3,0,0,1
21596,1,2,3,2,17,12,2,0,0,2,2,0,3,0,0,1
21597,1,2,3,2,17,12,3,0,0,1,1,0,3,0,0,1
21598,1,2,3,2,17,12,4,0,0,1,1,0,3,0,0,1
21599,1,2,3,2,17,12,5,0,0,2,2,0,3,0,0,1
21600,1,2,3,2,17,12,6,0,0,1,1,0,3,0,0,1
21601,1,2,3,2,17,12,7,1,1,,,9,3,1,0,1
21602,1,2,3,2,17,13,0,1,1,,,9,3,1,0,1
21603,1,2,3,2,17,13,1,0,0,1,1,0,3,0,0,1
21604,1,2,3,2,17,13,2,0,0,2,2,0,3,0,0,1
21605,1,2,3,2,17,13,3,0,0,1,1,0,3,0,0,1
21606,1,2,3,2,17,13,4,0,0,1,1,0,3,0,0,1
21607,1,2,3,2,17,13,5,0,0,2,2,0,3,0,0,1
21608,1,2,3,2,17,13,6,0,0,1,1,0,3,0,0,1
21609,1,2,3,2,17,13,7,1,1,,,9,3,1,0,1
21610,1,2,3,2,17,14,0,1,1,,,9,3,1,0,1
21611,1,2,3,2,17,14,1,0,0,1,1,0,3,0,0,1
21612,1,2,3,2,17,14,2,0,0,2,2,0,3,0,0,1
21613,1,2,3,2,17,14,3,0,0,1,1,0,3,0,0,1
21614,1,2,3,2,17,14,4,0,0,1,1,0,3,0,0,1
21615,1,2,3,2,17,14,5,0,0,2,2,0,3,0,0,1
21616,1,2,3,2,17,14,6,0,0,1,1,0,3,0,0,1
21617,1,2,3,2,17,14,7,1,1,,,9,3,1,0,1
21618,1,2,3,2,17,15,0,1,1,,,9,3,1,0,1
21619,1,2,3,2,17,15,1,0,0,1,1,0,3,0,0,1
21620,1,2,3,2,17,15,2,0,0,2,2,0,3,0,0,1
21621,1,2,3,2,17,15,3,0,0,1,1,0,3,0,0,1
21622,1,2,3,2,17,15,4,0,0,1,1,0,3,0,0,1
21623,1,2,3,2,17,15,5,0,0,2,2,0,3,0,0,1
21624,1,2,3,2,17,15,6,0,0,1,1,0,3,0,0,1
21625,1,2,3,2,17,15,7,1,1,,,9,3,1,0,1
21626,1,2,3,2,17,16,0,1,1,,,9,3,1,0,1
21627,1,2,3,2,17,16,1,0,0,1,1,0,3,0,0,1
21628,1,2,3,2,17,16,2,0,0,2,2,0,3,0,0,1
21629,1,2,3,2,17,16,3,0,0,1,1,0,3,0,0,1
21630,1,2,3,2,17,16,4,0,0,1,1,0,3,0,0,1
21631,1,2,3,2,17,16,5,0,0,2,2,0,3,0,0,1
21632,1,2,3,2,17,16,6,0,0,1,1,0,3,0,0,1
21633,1,2,3,2,17,16,7,1,1,,,9,3,1,0,1
21634,1,2,3,2,17,17,0,1,1,,,9,3,1,0,1
21635,1,2,3,2,17,17,1,0,0,1,1,0,3,0,0,1
21636,1,2,3,2,17,17,2,0,0,2,2,0,3,0,0,1
21637,1,2,3,2,17,17,3,0,0,1,1,0,3,0,0,1
21638,1,2,3,2,17,17,4,0,0,1,1,0,3,0,0,1
21639,1,2,3,2,17,17,5,0,0,2,2,0,3,0,0,1
21640,1,2,3,2,17,17,6,0,0,1,1,0,3,0,0,1
21641,1,2,3,2,17,17,7,1,1,,,9,3,1,0,1
21642,1,2,3,2,17,18,0,1,1,,,9,3,1,0,1
21643,1,2,3,2,17,18,1,0,0,1,1,0,3,0,0,1
21644,1,2,3,2,17,18,2,0,0,2,2,0,3,0,0,1
21645,1,2,3,2,17,18,3,0,0,1,1,0,3,0,0,1
21646,1,2,3,2,17,18,4,0,0,1,1,0,3,0,0,1
21647,1,2,3,2,17,18,5,0,0,2,2,0,3,0,0,1
21648,1,2,3,2,17,18,6,0,0,1,1,0,3,0,0,1
21649,1,2,3,2,17,18,7,1,1,,,9,3,1,0,1
21650,1,2,3,2,17,19,0,1,1,,,9,3,1,0,1
21651,1,2,3,2,17,19,1,0,0,1,1,0,3,0,0,1
21652,1,2,3,2,17,19,2,0,0,2,2,0,3,0,0,1
21653,1,2,3,2,17,19,3,0,0,1,1,0,3,0,0,1
21654,1,2,3,2,17,19,4,0,0,1,1,0,3,0,0,1
21655,1,2,3,2,17,19,5,0,0,2,2,0,3,0,0,1
21656,1,2,3,2,17,19,6,0,0,1,1,0,3,0,0,1
21657,1,2,3,2,17,19,7,1,1,,,9,3,1,0,1
21658,1,2,3,2,17,20,0,1,1,,,9,3,1,0,1
21659,1,2,3,2,17,20,1,0,0,1,1,0,3,0,0,1
21660,1,2,3,2,17,20,2,0,0,2,2,0,3,0,0,1
21661,1,2,3,2,17,20,3,0,0,1,1,0,3,0,0,1
21662,1,2,3,2,17,20,4,0,0,1,1,0,3,0,0,1
21663,1,2,3,2,17,20,5,0,0,2,2,0,3,0,0,1
21664,1,2,3,2,17,20,6,0,0,1,1,0,3,0,0,1
21665,1,2,3,2,17,20,7,1,1,,,9,3,1,0,1
21666,1,2,3,2,17,21,0,1,1,,,9,3,1,0,1
21667,1,2,3,2,17,21,1,0,0,1,1,0,3,0,0,1
21668,1,2,3,2,17,21,2,0,0,2,2,0,3,0,0,1
21669,1,2,3,2,17,21,3,0,0,1,1,0,3,0,0,1
21670,1,2,3,2,17,21,4,0,0,1,1,0,3,0,0,1
21671,1,2,3,2,17,21,5,0,0,2,2,0,3,0,0,1
21672,1,2,3,2,17,21,6,0,0,1,1,0,3,0,0,1
21673,1,2,3,2,17,21,7,1,1,,,9,3,1,0,1
21674,1,2,3,2,17,22,0,1,1,,,9,3,1,0,1
21675,1,2,3,2,17,22,1,0,0,1,1,0,3,0,0,1
21676,1,2,3,2,17,22,2,0,0,2,2,0,3,0,0,1
21677,1,2,3,2,17,22,3,0,0,1,1,0,3,0,0,1
21678,1,2,3,2,17,22,4,0,0,1,1,0,3,0,0,1
21679,1,2,3,2,17,22,5,0,0,2,2,0,3,0,0,1
21680,1,2,3,2,17,22,6,0,0,1,1,0,3,0,0,1
21681,1,2,3,2,17,22,7,1,1,,,9,3,1,0,1
21682,1,2,3,2,17,23,0,1,1,,,9,3,1,0,1
21683,1,2,3,2,17,23,1,0,0,1,1,0,3,0,0,1
21684,1,2,3,2,17,23,2,0,0,2,2,0,3,0,0,1
21685,1,2,3,2,17,23,3,0,0,1,1,0,3,0,0,1
21686,1,2,3,2,17,23,4,0,0,1,1,0,3,0,0,1
21687,1,2,3,2,17,23,5,0,0,2,2,0,3,0,0,1
21688,1,2,3,2,17,23,6,0,0,1,1,0,3,0,0,1
21689,1,2,3,2,17,23,7,1,1,,,9,3,1,0,1
21690,1,2,3,2,17,24,0,1,1,,,9,3,1,0,1
21691,1,2,3,2,17,24,1,0,0,1,1,0,3,0,0,1
21692,1,2,3,2,17,24,2,0,0,2,2,0,3,0,0,1
21693,1,2,3,2,17,24,3,0,0,1,1,0,3,0,0,1
21694,1,2,3,2,17,24,4,0,0,1,1,0,3,0,0,1
21695,1,2,3,2,17,24,5,0,0,2,2,0,3,0,0,1
21696,1,2,3,2,17,24,6,0,0,1,1,0,3,0,0,1
21697,1,2,3,2,17,24,7,1,1,,,9,3,1,0,1
21698,1,2,3,2,17,25,0,1,1,,,9,3,1,0,1
21699,1,2,3,2,17,25,1,0,0,1,1,0,3,0,0,1
21700,1,2,3,2,17,25,2,0,0,2,2,0,3,0,0,1
21701,1,2,3,2,17,25,3,0,0,1,1,0,3,0,0,1
21702,1,2,3,2,17,25,4,0,0,1,1,0,3,0,0,1
21703,1,2,3,2,17,25,5,0,0,2,2,0,3,0,0,1
21704,1,2,3,2,17,25,6,0,0,1,1,0,3,0,0,1
21705,1,2,3,2,17,25,7,1,1,,,9,3,1,0,1
21706,1,2,3,2,17,26,0,1,1,,,9,3,1,0,1
21707,1,2,3,2,17,26,1,0,0,1,1,0,3,0,0,1
21708,1,2,3,2,17,26,2,0,0,2,2,0,3,0,0,1
21709,1,2,3,2,17,26,3,0,0,1,1,0,3,0,0,1
21710,1,2,3,2,17,26,4,0,0,1,1,0,3,0,0,1
21711,1,2,3,2,17,26,5,0,0,2,2,0,3,0,0,1
21712,1,2,3,2,17,26,6,0,0,1,1,0,3,0,0,1
21713,1,2,3,2,17,26,7,1,1,,,9,3,1,0,1
21714,1,2,3,2,18,0,0,1,1,,,9,1,1,1,1
21715,1,2,3,2,18,0,1,1,1,,,3,1,1,1,1
21716,1,2,3,2,18,0,2,1,1,,,6,1,1,1,1
21717,1,2,3,2,18,0,3,1,1,,,6,1,1,1,1
21718,1,2,3,2,18,0,4,1,1,,,6,1,1,1,1
21719,1,2,3,2,18,0,5,1,1,,,6,1,1,1,1
21720,1,2,3,2,18,0,6,1,1,,,3,1,1,1,1
21721,1,2,3,2,18,0,7,1,1,,,9,1,1,1,1
21722,1,2,3,2,18,1,0,1,1,,,9,1,1,1,1
21723,1,2,3,2,18,1,1,1,1,,,3,1,1,1,1
21724,1,2,3,2,18,1,2,1,1,,,3,1,1,1,1
21725,1,2,3,2,18,1,3,1,1,,,6,1,1,1,1
21726,1,2,3,2,18,1,4,1,1,,,6,1,1,1,1
21727,1,2,3,2,18,1,5,1,1,,,3,1,1,1,1
21728,1,2,3,2,18,1,6,1,1,,,3,1,1,1,1
21729,1,2,3,2,18,1,7,1,1,,,9,1,1,1,1
21730,1,2,3,2,18,2,0,1,1,,,9,1,1,1,1
21731,1,2,3,2,18,2,1,1,1,,,3,1,1,1,1
21732,1,2,3,2,18,2,2,1,1,,,6,1,1,1,1
21733,1,2,3,2,18,2,3,1,1,,,3,1,1,1,1
21734,1,2,3,2,18,2,4,1,1,,,3,1,1,1,1
21735,1,2,3,2,18,2,5,1,1,,,6,1,1,1,1
21736,1,2,3,2,18,2,6,1,1,,,3,1,1,1,1
21737,1,2,3,2,18,2,7,1,1,,,9,1,1,1,1
21738,1,2,3,2,18,3,0,1,1,,,9,1,1,1,1
21739,1,2,3,2,18,3,1,1,1,,,3,1,1,1,1
21740,1,2,3,2,18,3,2,1,1,,,6,1,1,1,1
21741,1,2,3,2,18,3,3,1,1,,,6,1,1,1,1
21742,1,2,3,2,18,3,4,1,1,,,6,1,1,1,1
21743,1,2,3,2,18,3,5,1,1,,,6,1,1,1,1
21744,1,2,3,2,18,3,6,1,1,,,3,1,1,1,1
21745,1,2,3,2,18,3,7,1,1,,,9,1,1,1,1
21746,1,2,3,2,18,4,0,1,1,,,9,1,1,1,1
21747,1,2,3,2,18,4,1,1,1,,,3,1,1,1,1
21748,1,2,3,2,18,4,2,1,1,,,3,1,1,1,1
21749,1,2,3,2,18,4,3,1,1,,,6,1,1,1,1
21750,1,2,3,2,18,4,4,1,1,,,6,1,1,1,1
21751,1,2,3,2,18,4,5,1,1,,,3,1,1,1,1
21752,1,2,3,2,18,4,6,1,1,,,3,1,1,1,1
21753,1,2,3,2,18,4,7,1,1,,,9,1,1,1,1
21754,1,2,3,2,18,5,0,1,1,,,9,1,1,1,1
21755,1,2,3,2,18,5,1,1,1,,,3,1,1,1,1
21756,1,2,3,2,18,5,2,1,1,,,6,1,1,1,1
21757,1,2,3,2,18,5,3,1,1,,,3,1,1,1,1
21758,1,2,3,2,18,5,4,1,1,,,3,1,1,1,1
21759,1,2,3,2,18,5,5,1,1,,,6,1,1,1,1
21760,1,2,3,2,18,5,6,1,1,,,3,1,1,1,1
21761,1,2,3,2,18,5,7,1,1,,,9,1,1,1,1
21762,1,2,3,2,18,6,0,1,1,,,9,1,1,1,1
21763,1,2,3,2,18,6,1,1,1,,,3,1,1,1,1
21764,1,2,3,2,18,6,2,1,1,,,6,1,1,1,1
21765,1,2,3,2,18,6,3,1,1,,,3,1,1,1,1
21766,1,2,3,2,18,6,4,1,1,,,3,1,1,1,1
21767,1,2,3,2,18,6,5,1,1,,,6,1,1,1,1
21768,1,2,3,2,18,6,6,1,1,,,3,1,1,1,1
21769,1,2,3,2,18,6,7,1,1,,,9,1,1,1,1
21770,1,2,3,2,18,7,0,1,1,,,9,1,1,1,1
21771,1,2,3,2,18,7,1,1,1,,,3,1,1,1,1
21772,1,2,3,2,18,7,2,1,1,,,3,1,1,1,1
21773,1,2,3,2,18,7,3,1,1,,,3,1,1,1,1
21774,1,2,3,2,18,7,4,1,1,,,3,1,1,1,1
21775,1,2,3,2,18,7,5,1,1,,,3,1,1,1,1
21776,1,2,3,2,18,7,6,1,1,,,3,1,1,1,1
21777,1,2,3,2,18,7,7,1,1,,,9,1,1,1,1
21778,1,2,3,2,18,8,0,1,1,,,9,1,1,1,1
21779,1,2,3,2,18,8,1,1,1,,,3,1,1,1,1
21780,1,2,3,2,18,8,2,1,1,,,6,1,1,1,1
21781,1,2,3,2,18,8,3,1,1,,,6,1,1,1,1
21782,1,2,3,2,18,8,4,1,1,,,6,1,1,1,1
21783,1,2,3,2,18,8,5,1,1,,,6,1,1,1,1
21784,1,2,3,2,18,8,6,1,1,,,3,1,1,1,1
21785,1,2,3,2,18,8,7,1,1,,,9,1,1,1,1
21786,1,2,3,2,18,9,0,1,1,,,9,1,1,1,1
21787,1,2,3,2,18,9,1,1,1,,,3,1,1,1,1
21788,1,2,3,2,18,9,2,1,1,,,3,1,1,1,1
21789,1,2,3,2,18,9,3,1,1,,,6,1,1,1,1
21790,1,2,3,2,18,9,4,1,1,,,6,1,1,1,1
21791,1,2,3,2,18,9,5,1,1,,,3,1,1,1,1
21792,1,2,3,2,18,9,6,1,1,,,3,1,1,1,1
21793,1,2,3,2,18,9,7,1,1,,,9,1,1,1,1
21794,1,2,3,2,18,10,0,1,1,,,9,1,1,1,1
21795,1,2,3,2,18,10,1,1,1,,,3,1,1,1,1
21796,1,2,3,2,18,10,2,1,1,,,6,1,1,1,1
21797,1,2,3,2,18,10,3,1,1,,,6,1,1,1,1
21798,1,2,3,2,18,10,4,1,1,,,6,1,1,1,1
21799,1,2,3,2,18,10,5,1,1,,,6,1,1,1,1
21800,1,2,3,2,18,10,6,1,1,,,3,1,1,1,1
21801,1,2,3,2,18,10,7,1,1,,,9,1,1,1,1
21802,1,2,3,2,18,11,0,1,1,,,9,1,1,1,1
21803,1,2,3,2,18,11,1,1,1,,,3,1,1,1,1
21804,1,2,3,2,18,11,2,1,1,,,3,1,1,1,1
21805,1,2,3,2,18,11,3,1,1,,,3,1,1,1,1
21806,1,2,3,2,18,11,4,1,1,,,3,1,1,1,1
21807,1,2,3,2,18,11,5,1,1,,,3,1,1,1,1
21808,1,2,3,2,18,11,6,1,1,,,3,1,1,1,1
21809,1,2,3,2,18,11,7,1,1,,,9,1,1,1,1
21810,1,2,3,2,18,12,0,1,1,,,9,1,1,1,1
21811,1,2,3,2,18,12,1,1,1,,,3,1,1,1,1
21812,1,2,3,2,18,12,2,1,1,,,3,1,1,1,1
21813,1,2,3,2,18,12,3,1,1,,,6,1,1,1,1
21814,1,2,3,2,18,12,4,1,1,,,6,1,1,1,1
21815,1,2,3,2,18,12,5,1,1,,,3,1,1,1,1
21816,1,2,3,2,18,12,6,1,1,,,3,1,1,1,1
21817,1,2,3,2,18,12,7,1,1,,,9,1,1,1,1
21818,1,2,3,2,18,13,0,1,1,,,9,1,1,1,1
21819,1,2,3,2,18,13,1,1,1,,,3,1,1,1,1
21820,1,2,3,2,18,13,2,1,1,,,6,1,1,1,1
21821,1,2,3,2,18,13,3,1,1,,,6,1,1,1,1
21822,1,2,3,2,18,13,4,1,1,,,6,1,1,1,1
21823,1,2,3,2,18,13,5,1,1,,,6,1,1,1,1
21824,1,2,3,2,18,13,6,1,1,,,3,1,1,1,1
21825,1,2,3,2,18,13,7,1,1,,,9,1,1,1,1
21826,1,2,3,2,18,14,0,1,1,,,9,1,1,1,1
21827,1,2,3,2,18,14,1,1,1,,,3,1,1,1,1
21828,1,2,3,2,18,14,2,1,1,,,3,1,1,1,1
21829,1,2,3,2,18,14,3,1,1,,,3,1,1,1,1
21830,1,2,3,2,18,14,4,1,1,,,3,1,1,1,1
21831,1,2,3,2,18,14,5,1,1,,,3,1,1,1,1
21832,1,2,3,2,18,14,6,1,1,,,3,1,1,1,1
21833,1,2,3,2,18,14,7,1,1,,,9,1,1,1,1
21834,1,2,3,2,18,15,0,1,1,,,9,1,1,1,1
21835,1,2,3,2,18,15,1,1,1,,,3,1,1,1,1
21836,1,2,3,2,18,15,2,1,1,,,3,1,1,1,1
21837,1,2,3,2,18,15,3,1,1,,,3,1,1,1,1
21838,1,2,3,2,18,15,4,1,1,,,3,1,1,1,1
21839,1,2,3,2,18,15,5,1,1,,,3,1,1,1,1
21840,1,2,3,2,18,15,6,1,1,,,3,1,1,1,1
21841,1,2,3,2,18,15,7,1,1,,,9,1,1,1,1
21842,1,2,3,2,18,16,0,1,1,,,9,1,1,1,1
21843,1,2,3,2,18,16,1,1,1,,,3,1,1,1,1
21844,1,2,3,2,18,16,2,1,1,,,6,1,1,1,1
21845,1,2,3,2,18,16,3,1,1,,,3,1,1,1,1
21846,1,2,3,2,18,16,4,1,1,,,3,1,1,1,1
21847,1,2,3,2,18,16,5,1,1,,,6,1,1,1,1
21848,1,2,3,2,18,16,6,1,1,,,3,1,1,1,1
21849,1,2,3,2,18,16,7,1,1,,,9,1,1,1,1
21850,1,2,3,2,18,17,0,1,1,,,9,1,1,1,1
21851,1,2,3,2,18,17,1,1,1,,,3,1,1,1,1
21852,1,2,3,2,18,17,2,1,1,,,3,1,1,1,1
21853,1,2,3,2,18,17,3,1,1,,,6,1,1,1,1
21854,1,2,3,2,18,17,4,1,1,,,6,1,1,1,1
21855,1,2,3,2,18,17,5,1,1,,,3,1,1,1,1
21856,1,2,3,2,18,17,6,1,1,,,3,1,1,1,1
21857,1,2,3,2,18,17,7,1,1,,,9,1,1,1,1
21858,1,2,3,2,18,18,0,1,1,,,9,1,1,1,1
21859,1,2,3,2,18,18,1,1,1,,,3,1,1,1,1
21860,1,2,3,2,18,18,2,1,1,,,6,1,1,1,1
21861,1,2,3,2,18,18,3,1,1,,,6,1,1,1,1
21862,1,2,3,2,18,18,4,1,1,,,6,1,1,1,1
21863,1,2,3,2,18,18,5,1,1,,,6,1,1,1,1
21864,1,2,3,2,18,18,6,1,1,,,3,1,1,1,1
21865,1,2,3,2,18,18,7,1,1,,,9,1,1,1,1
21866,1,2,3,2,18,19,0,1,1,,,9,1,1,1,1
21867,1,2,3,2,18,19,1,1,1,,,3,1,1,1,1
21868,1,2,3,2,18,19,2,1,1,,,3,1,1,1,1
21869,1,2,3,2,18,19,3,1,1,,,6,1,1,1,1
21870,1,2,3,2,18,19,4,1,1,,,6,1,1,1,1
21871,1,2,3,2,18,19,5,1,1,,,3,1,1,1,1
21872,1,2,3,2,18,19,6,1,1,,,3,1,1,1,1
21873,1,2,3,2,18,19,7,1,1,,,9,1,1,1,1
21874,1,2,3,2,18,20,0,1,1,,,9,1,1,1,1
21875,1,2,3,2,18,20,1,1,1,,,3,1,1,1,1
21876,1,2,3,2,18,20,2,1,1,,,6,1,1,1,1
21877,1,2,3,2,18,20,3,1,1,,,3,1,1,1,1
21878,1,2,3,2,18,20,4,1,1,,,3,1,1,1,1
21879,1,2,3,2,18,20,5,1,1,,,6,1,1,1,1
21880,1,2,3,2,18,20,6,1,1,,,3,1,1,1,1
21881,1,2,3,2,18,20,7,1,1,,,9,1,1,1,1
21882,1,2,3,2,18,21,0,1,1,,,9,1,1,1,1
21883,1,2,3,2,18,21,1,1,1,,,3,1,1,1,1
21884,1,2,3,2,18,21,2,1,1,,,6,1,1,1,1
21885,1,2,3,2,18,21,3,1,1,,,6,1,1,1,1
21886,1,2,3,2,18,21,4,1,1,,,6,1,1,1,1
21887,1,2,3,2,18,21,5,1,1,,,6,1,1,1,1
21888,1,2,3,2,18,21,6,1,1,,,3,1,1,1,1
21889,1,2,3,2,18,21,7,1,1,,,9,1,1,1,1
21890,1,2,3,2,18,22,0,1,1,,,9,1,1,1,1
21891,1,2,3,2,18,22,1,1,1,,,3,1,1,1,1
21892,1,2,3,2,18,22,2,1,1,,,3,1,1,1,1
21893,1,2,3,2,18,22,3,1,1,,,6,1,1,1,1
21894,1,2,3,2,18,22,4,1,1,,,6,1,1,1,1
21895,1,2,3,2,18,22,5,1,1,,,3,1,1,1,1
21896,1,2,3,2,18,22,6,1,1,,,3,1,1,1,1
21897,1,2,3,2,18,22,7,1,1,,,9,1,1,1,1
21898,1,2,3,2,18,23,0,1,1,,,9,1,1,1,1
21899,1,2,3,2,18,23,1,1,1,,,3,1,1,1,1
21900,1,2,3,2,18,23,2,1,1,,,6,1,1,1,1
21901,1,2,3,2,18,23,3,1,1,,,3,1,1,1,1
21902,1,2,3,2,18,23,4,1,1,,,3,1,1,1,1
21903,1,2,3,2,18,23,5,1,1,,,6,1,1,1,1
21904,1,2,3,2,18,23,6,1,1,,,3,1,1,1,1
21905,1,2,3,2,18,23,7,1,1,,,9,1,1,1,1
21906,1,2,3,2,18,24,0,1,1,,,9,1,1,1,1
21907,1,2,3,2,18,24,1,1,1,,,3,1,1,1,1
21908,1,2,3,2,18,24,2,1,1,,,6,1,1,1,1
21909,1,2,3,2,18,24,3,1,1,,,3,1,1,1,1
21910,1,2,3,2,18,24,4,1,1,,,3,1,1,1,1
21911,1,2,3,2,18,24,5,1,1,,,6,1,1,1,1
21912,1,2,3,2,18,24,6,1,1,,,3,1,1,1,1
21913,1,2,3,2,18,24,7,1,1,,,9,1,1,1,1
21914,1,2,3,2,18,25,0,1,1,,,9,1,1,1,1
21915,1,2,3,2,18,25,1,1,1,,,3,1,1,1,1
21916,1,2,3,2,18,25,2,1,1,,,3,1,1,1,1
21917,1,2,3,2,18,25,3,1,1,,,3,1,1,1,1
21918,1,2,3,2,18,25,4,1,1,,,3,1,1,1,1
21919,1,2,3,2,18,25,5,1,1,,,3,1,1,1,1
21920,1,2,3,2,18,25,6,1,1,,,3,1,1,1,1
21921,1,2,3,2,18,25,7,1,1,,,9,1,1,1,1
21922,1,2,3,2,18,26,0,1,1,,,9,1,1,1,1
21923,1,2,3,2,18,26,1,1,1,,,3,1,1,1,1
21924,1,2,3,2,18,26,2,1,1,,,6,1,1,1,1
21925,1,2,3,2,18,26,3,1,1,,,6,1,1,1,1
21926,1,2,3,2,18,26,4,1,1,,,6,1,1,1,1
21927,1,2,3,2,18,26,5,1,1,,,6,1,1,1,1
21928,1,2,3,2,18,26,6,1,1,,,3,1,1,1,1
21929,1,2,3,2,18,26,7,1,1,,,9,1,1,1,1
21930,1,2,3,2,19,0,0,1,1,,,9,2,1,0,1
21931,1,2,3,2,19,0,1,0,0,1,1,0,2,0,0,1
21932,1,2,3,2,19,0,2,0,0,1,1,0,2,0,0,1
21933,1,2,3,2,19,0,3,1,1,,,6,2,1,0,1
21934,1,2,3,2,19,0,4,1,1,,,6,2,1,0,1
21935,1,2,3,2,19,0,5,0,0,1,1,0,2,0,0,1
21936,1,2,3,2,19,0,6,0,0,1,1,0,2,0,0,1
21937,1,2,3,2,19,0,7,1,1,,,9,2,1,0,1
21938,1,2,3,2,19,1,0,1,1,,,9,2,1,0,1
21939,1,2,3,2,19,1,1,0,0,1,1,0,2,0,0,1
21940,1,2,3,2,19,1,2,0,0,1,1,0,2,0,0,1
21941,1,2,3,2,19,1,3,1,1,,,6,2,1,0,1
21942,1,2,3,2,19,1,4,1,1,,,6,2,1,0,1
21943,1,2,3,2,19,1,5,0,0,1,1,0,2,0,0,1
21944,1,2,3,2,19,1,6,0,0,1,1,0,2,0,0,1
21945,1,2,3,2,19,1,7,1,1,,,9,2,1,0,1
21946,1,2,3,2,19,2,0,1,1,,,9,2,1,0,1
21947,1,2,3,2,19,2,1,0,0,1,1,0,2,0,0,1
21948,1,2,3,2,19,2,2,0,0,1,1,0,2,0,0,1
21949,1,2,3,2,19,2,3,0,0,2,2,0,2,1,0,1
21950,1,2,3,2,19,2,4,0,0,2,2,0,2,1,0,1
21951,1,2,3,2,19,2,5,0,0,1,1,0,2,0,0,1
21952,1,2,3,2,19,2,6,0,0,1,1,0,2,0,0,1
21953,1,2,3,2,19,2,7,1,1,,,9,2,1,0,1
21954,1,2,3,2,19,3,0,1,1,,,9,2,1,0,1
21955,1,2,3,2,19,3,1,0,0,1,1,0,2,0,0,1
21956,1,2,3,2,19,3,2,0,0,1,1,0,2,0,0,1
21957,1,2,3,2,19,3,3,1,1,,,6,2,1,0,1
21958,1,2,3,2,19,3,4,1,1,,,6,2,1,0,1
21959,1,2,3,2,19,3,5,0,0,1,1,0,2,0,0,1
21960,1,2,3,2,19,3,6,0,0,1,1,0,2,0,0,1
21961,1,2,3,2,19,3,7,1,1,,,9,2,1,0,1
21962,1,2,3,2,19,4,0,1,1,,,9,2,1,0,1
21963,1,2,3,2,19,4,1,0,0,1,1,0,2,0,0,1
21964,1,2,3,2,19,4,2,0,0,1,1,0,2,0,0,1
21965,1,2,3,2,19,4,3,1,1,,,6,2,1,0,1
21966,1,2,3,2,19,4,4,1,1,,,6,2,1,0,1
21967,1,2,3,2,19,4,5,0,0,1,1,0,2,0,0,1
21968,1,2,3,2,19,4,6,0,0,1,1,0,2,0,0,1
21969,1,2,3,2,19,4,7,1,1,,,9,2,1,0,1
21970,1,2,3,2,19,5,0,1,1,,,9,2,1,0,1
21971,1,2,3,2,19,5,1,0,0,1,1,0,2,0,0,1
21972,1,2,3,2,19,5,2,0,0,1,1,0,2,0,0,1
21973,1,2,3,2,19,5,3,0,0,2,2,0,2,1,0,1
21974,1,2,3,2,19,5,4,0,0,2,2,0,2,1,0,1
21975,1,2,3,2,19,5,5,0,0,1,1,0,2,0,0,1
21976,1,2,3,2,19,5,6,0,0,1,1,0,2,0,0,1
21977,1,2,3,2,19,5,7,1,1,,,9,2,1,0,1
21978,1,2,3,2,19,6,0,1,1,,,9,2,1,0,1
21979,1,2,3,2,19,6,1,0,0,1,1,0,2,0,0,1
21980,1,2,3,2,19,6,2,0,0,1,1,0,2,0,0,1
21981,1,2,3,2,19,6,3,0,0,2,2,0,2,1,0,1
21982,1,2,3,2,19,6,4,0,0,2,2,0,2,1,0,1
21983,1,2,3,2,19,6,5,0,0,1,1,0,2,0,0,1
21984,1,2,3,2,19,6,6,0,0,1,1,0,2,0,0,1
21985,1,2,3,2,19,6,7,1,1,,,9,2,1,0,1
21986,1,2,3,2,19,7,0,1,1,,,9,2,1,0,1
21987,1,2,3,2,19,7,1,0,0,1,1,0,2,0,0,1
21988,1,2,3,2,19,7,2,0,0,1,1,0,2,0,0,1
21989,1,2,3,2,19,7,3,0,0,2,2,0,2,1,0,1
21990,1,2,3,2,19,7,4,0,0,2,2,0,2,1,0,1
21991,1,2,3,2,19,7,5,0,0,1,1,0,2,0,0,1
21992,1,2,3,2,19,7,6,0,0,1,1,0,2,0,0,1
21993,1,2,3,2,19,7,7,1,1,,,9,2,1,0,1
21994,1,2,3,2,19,8,0,1,1,,,9,2,1,0,1
21995,1,2,3,2,19,8,1,0,0,1,1,0,2,0,0,1
21996,1,2,3,2,19,8,2,0,0,1,1,0,2,0,0,1
21997,1,2,3,2,19,8,3,1,1,,,6,2,1,0,1
21998,1,2,3,2,19,8,4,1,1,,,6,2,1,0,1
21999,1,2,3,2,19,8,5,0,0,1,1,0,2,0,0,1
22000,1,2,3,2,19,8,6,0,0,1,1,0,2,0,0,1
22001,1,2,3,2,19,8,7,1,1,,,9,2,1,0,1
22002,1,2,3,2,19,9,0,1,1,,,9,2,1,0,1
22003,1,2,3,2,19,9,1,0,0,1,1,0,2,0,0,1
22004,1,2,3,2,19,9,2,0,0,1,1,0,2,0,0,1
22005,1,2,3,2,19,9,3,1,1,,,6,2,1,0,1
22006,1,2,3,2,19,9,4,1,1,,,6,2,1,0,1
22007,1,2,3,2,19,9,5,0,0,1,1,0,2,0,0,1
22008,1,2,3,2,19,9,6,0,0,1,1,0,2,0,0,1
22009,1,2,3,2,19,9,7,1,1,,,9,2,1,0,1
22010,1,2,3,2,19,10,0,1,1,,,9,2,1,0,1
22011,1,2,3,2,19,10,1,0,0,1,1,0,2,0,0,1
22012,1,2,3,2,19,10,2,0,0,1,1,0,2,0,0,1
22013,1,2,3,2,19,10,3,1,1,,,6,2,1,0,1
22014,1,2,3,2,19,10,4,1,1,,,6,2,1,0,1
22015,1,2,3,2,19,10,5,0,0,1,1,0,2,0,0,1
22016,1,2,3,2,19,10,6,0,0,1,1,0,2,0,0,1
22017,1,2,3,2,19,10,7,1,1,,,9,2,1,0,1
22018,1,2,3,2,19,11,0,1,1,,,9,2,1,0,1
22019,1,2,3,2,19,11,1,0,0,1,1,0,2,0,0,1
22020,1,2,3,2,19,11,2,0,0,1,1,0,2,0,0,1
22021,1,2,3,2,19,11,3,0,0,2,2,0,2,1,0,1
22022,1,2,3,2,19,11,4,0,0,2,2,0,2,1,0,1
22023,1,2,3,2,19,11,5,0,0,1,1,0,2,0,0,1
22024,1,2,3,2,19,11,6,0,0,1,1,0,2,0,0,1
22025,1,2,3,2,19,11,7,1,1,,,9,2,1,0,1
22026,1,2,3,2,19,12,0,1,1,,,9,2,1,0,1
22027,1,2,3,2,19,12,1,0,0,1,1,0,2,0,0,1
22028,1,2,3,2,19,12,2,0,0,1,1,0,2,0,0,1
22029,1,2,3,2,19,12,3,1,1,,,6,2,1,0,1
22030,1,2,3,2,19,12,4,1,1,,,6,2,1,0,1
22031,1,2,3,2,19,12,5,0,0,1,1,0,2,0,0,1
22032,1,2,3,2,19,12,6,0,0,1,1,0,2,0,0,1
22033,1,2,3,2,19,12,7,1,1,,,9,2,1,0,1
22034,1,2,3,2,19,13,0,1,1,,,9,2,1,0,1
22035,1,2,3,2,19,13,1,0,0,1,1,0,2,0,0,1
22036,1,2,3,2,19,13,2,0,0,1,1,0,2,0,0,1
22037,1,2,3,2,19,13,3,1,1,,,6,2,1,0,1
22038,1,2,3,2,19,13,4,1,1,,,6,2,1,0,1
22039,1,2,3,2,19,13,5,0,0,1,1,0,2,0,0,1
22040,1,2,3,2,19,13,6,0,0,1,1,0,2,0,0,1
22041,1,2,3,2,19,13,7,1,1,,,9,2,1,0,1
22042,1,2,3,2,19,14,0,1,1,,,9,2,1,0,1
22043,1,2,3,2,19,14,1,0,0,1,1,0,2,0,0,1
22044,1,2,3,2,19,14,2,0,0,1,1,0,2,0,0,1
22045,1,2,3,2,19,14,3,0,0,2,2,0,2,1,0,1
22046,1,2,3,2,19,14,4,0,0,2,2,0,2,1,0,1
22047,1,2,3,2,19,14,5,0,0,1,1,0,2,0,0,1
22048,1,2,3,2,19,14,6,0,0,1,1,0,2,0,0,1
22049,1,2,3,2,19,14,7,1,1,,,9,2,1,0,1
22050,1,2,3,2,19,15,0,1,1,,,9,2,1,0,1
22051,1,2,3,2,19,15,1,0,0,1,1,0,2,0,0,1
22052,1,2,3,2,19,15,2,0,0,1,1,0,2,0,0,1
22053,1,2,3,2,19,15,3,0,0,2,2,0,2,1,0,1
22054,1,2,3,2,19,15,4,0,0,2,2,0,2,1,0,1
22055,1,2,3,2,19,15,5,0,0,1,1,0,2,0,0,1
22056,1,2,3,2,19,15,6,0,0,1,1,0,2,0,0,1
22057,1,2,3,2,19,15,7,1,1,,,9,2,1,0,1
22058,1,2,3,2,19,16,0,1,1,,,9,2,1,0,1
22059,1,2,3,2,19,16,1,0,0,1,1,0,2,0,0,1
22060,1,2,3,2,19,16,2,0,0,1,1,0,2,0,0,1
22061,1,2,3,2,19,16,3,0,0,2,2,0,2,1,0,1
22062,1,2,3,2,19,16,4,0,0,2,2,0,2,1,0,1
22063,1,2,3,2,19,16,5,0,0,1,1,0,2,0,0,1
22064,1,2,3,2,19,16,6,0,0,1,1,0,2,0,0,1
22065,1,2,3,2,19,16,7,1,1,,,9,2,1,0,1
22066,1,2,3,2,19,17,0,1,1,,,9,2,1,0,1
22067,1,2,3,2,19,17,1,0,0,1,1,0,2,0,0,1
22068,1,2,3,2,19,17,2,0,0,1,1,0,2,0,0,1
22069,1,2,3,2,19,17,3,1,1,,,6,2,1,0,1
22070,1,2,3,2,19,17,4,1,1,,,6,2,1,0,1
22071,1,2,3,2,19,17,5,0,0,1,1,0,2,0,0,1
22072,1,2,3,2,19,17,6,0,0,1,1,0,2,0,0,1
22073,1,2,3,2,19,17,7,1,1,,,9,2,1,0,1
22074,1,2,3,2,19,18,0,1,1,,,9,2,1,0,1
22075,1,2,3,2,19,18,1,0,0,1,1,0,2,0,0,1
22076,1,2,3,2,19,18,2,0,0,1,1,0,2,0,0,1
22077,1,2,3,2,19,18,3,1,1,,,6,2,1,0,1
22078,1,2,3,2,19,18,4,1,1,,,6,2,1,0,1
22079,1,2,3,2,19,18,5,0,0,1,1,0,2,0,0,1
22080,1,2,3,2,19,18,6,0,0,1,1,0,2,0,0,1
22081,1,2,3,2,19,18,7,1,1,,,9,2,1,0,1
22082,1,2,3,2,19,19,0,1,1,,,9,2,1,0,1
22083,1,2,3,2,19,19,1,0,0,1,1,0,2,0,0,1
22084,1,2,3,2,19,19,2,0,0,1,1,0,2,0,0,1
22085,1,2,3,2,19,19,3,1,1,,,6,2,1,0,1
22086,1,2,3,2,19,19,4,1,1,,,6,2,1,0,1
22087,1,2,3,2,19,19,5,0,0,1,1,0,2,0,0,1
22088,1,2,3,2,19,19,6,0,0,1,1,0,2,0,0,1
22089,1,2,3,2,19,19,7,1,1,,,9,2,1,0,1
22090,1,2,3,2,19,20,0,1,1,,,9,2,1,0,1
22091,1,2,3,2,19,20,1,0,0,1,1,0,2,0,0,1
22092,1,2,3,2,19,20,2,0,0,1,1,0,2,0,0,1
22093,1,2,3,2,19,20,3,0,0,2,2,0,2,1,0,1
22094,1,2,3,2,19,20,4,0,0,2,2,0,2,1,0,1
22095,1,2,3,2,19,20,5,0,0,1,1,0,2,0,0,1
22096,1,2,3,2,19,20,6,0,0,1,1,0,2,0,0,1
22097,1,2,3,2,19,20,7,1,1,,,9,2,1,0,1
22098,1,2,3,2,19,21,0,1,1,,,9,2,1,0,1
22099,1,2,3,2,19,21,1,0,0,1,1,0,2,0,0,1
22100,1,2,3,2,19,21,2,0,0,1,1,0,2,0,0,1
22101,1,2,3,2,19,21,3,1,1,,,6,2,1,0,1
22102,1,2,3,2,19,21,4,1,1,,,6,2,1,0,1
22103,1,2,3,2,19,21,5,0,0,1,1,0,2,0,0,1
22104,1,2,3,2,19,21,6,0,0,1,1,0,2,0,0,1
22105,1,2,3,2,19,21,7,1,1,,,9,2,1,0,1
22106,1,2,3,2,19,22,0,1,1,,,9,2,1,0,1
22107,1,2,3,2,19,22,1,0,0,1,1,0,2,0,0,1
22108,1,2,3,2,19,22,2,0,0,1,1,0,2,0,0,1
22109,1,2,3,2,19,22,3,1,1,,,6,2,1,0,1
22110,1,2,3,2,19,22,4,1,1,,,6,2,1,0,1
22111,1,2,3,2,19,22,5,0,0,1,1,0,2,0,0,1
22112,1,2,3,2,19,22,6,0,0,1,1,0,2,0,0,1
22113,1,2,3,2,19,22,7,1,1,,,9,2,1,0,1
22114,1,2,3,2,19,23,0,1,1,,,9,2,1,0,1
22115,1,2,3,2,19,23,1,0,0,1,1,0,2,0,0,1
22116,1,2,3,2,19,23,2,0,0,1,1,0,2,0,0,1
22117,1,2,3,2,19,23,3,0,0,2,2,0,2,1,0,1
22118,1,2,3,2,19,23,4,0,0,2,2,0,2,1,0,1
22119,1,2,3,2,19,23,5,0,0,1,1,0,2,0,0,1
22120,1,2,3,2,19,23,6,0,0,1,1,0,2,0,0,1
22121,1,2,3,2,19,23,7,1,1,,,9,2,1,0,1
22122,1,2,3,2,19,24,0,1,1,,,9,2,1,0,1
22123,1,2,3,2,19,24,1,0,0,1,1,0,2,0,0,1
22124,1,2,3,2,19,24,2,0,0,1,1,0,2,0,0,1
22125,1,2,3,2,19,24,3,0,0,2,2,0,2,1,0,1
22126,1,2,3,2,19,24,4,0,0,2,2,0,2,1,0,1
22127,1,2,3,2,19,24,5,0,0,1,1,0,2,0,0,1
22128,1,2,3,2,19,24,6,0,0,1,1,0,2,0,0,1
22129,1,2,3,2,19,24,7,1,1,,,9,2,1,0,1
22130,1,2,3,2,19,25,0,1,1,,,9,2,1,0,1
22131,1,2,3,2,19,25,1,0,0,1,1,0,2,0,0,1
22132,1,2,3,2,19,25,2,0,0,1,1,0,2,0,0,1
22133,1,2,3,2,19,25,3,0,0,2,2,0,2,1,0,1
22134,1,2,3,2,19,25,4,0,0,2,2,0,2,1,0,1
22135,1,2,3,2,19,25,5,0,0,1,1,0,2,0,0,1
22136,1,2,3,2,19,25,6,0,0,1,1,0,2,0,0,1
22137,1,2,3,2,19,25,7,1,1,,,9,2,1,0,1
22138,1,2,3,2,19,26,0,1,1,,,9,2,1,0,1
22139,1,2,3,2,19,26,1,0,0,1,1,0,2,0,0,1
22140,1,2,3,2,19,26,2,0,0,1,1,0,2,0,0,1
22141,1,2,3,2,19,26,3,1,1,,,6,2,1,0,1
22142,1,2,3,2,19,26,4,1,1,,,6,2,1,0,1
22143,1,2,3,2,19,26,5,0,0,1,1,0,2,0,0,1
22144,1,2,3,2,19,26,6,0,0,1,1,0,2,0,0,1
22145,1,2,3,2,19,26,7,1,1,,,9,2,1,0,1
22146,1,2,3,2,20,0,0,1,1,,,9,2,1,0,1
22147,1,2,3,2,20,0,1,0,0,1,1,0,2,0,0,1
22148,1,2,3,2,20,0,2,1,1,,,6,2,1,0,1
22149,1,2,3,2,20,0,3,0,0,1,1,0,2,0,0,1
22150,1,2,3,2,20,0,4,0,0,1,1,0,2,0,0,1
22151,1,2,3,2,20,0,5,1,1,,,6,2,1,0,1
22152,1,2,3,2,20,0,6,0,0,1,1,0,2,0,0,1
22153,1,2,3,2,20,0,7,1,1,,,9,2,1,0,1
22154,1,2,3,2,20,1,0,1,1,,,9,2,1,0,1
22155,1,2,3,2,20,1,1,0,0,1,1,0,2,0,0,1
22156,1,2,3,2,20,1,2,0,0,2,2,0,2,1,0,1
22157,1,2,3,2,20,1,3,0,0,1,1,0,2,0,0,1
22158,1,2,3,2,20,1,4,0,0,1,1,0,2,0,0,1
22159,1,2,3,2,20,1,5,0,0,2,2,0,2,1,0,1
22160,1,2,3,2,20,1,6,0,0,1,1,0,2,0,0,1
22161,1,2,3,2,20,1,7,1,1,,,9,2,1,0,1
22162,1,2,3,2,20,2,0,1,1,,,9,2,1,0,1
22163,1,2,3,2,20,2,1,0,0,1,1,0,2,0,0,1
22164,1,2,3,2,20,2,2,1,1,,,6,2,1,0,1
22165,1,2,3,2,20,2,3,0,0,1,1,0,2,0,0,1
22166,1,2,3,2,20,2,4,0,0,1,1,0,2,0,0,1
22167,1,2,3,2,20,2,5,1,1,,,6,2,1,0,1
22168,1,2,3,2,20,2,6,0,0,1,1,0,2,0,0,1
22169,1,2,3,2,20,2,7,1,1,,,9,2,1,0,1
22170,1,2,3,2,20,3,0,1,1,,,9,2,1,0,1
22171,1,2,3,2,20,3,1,0,0,1,1,0,2,0,0,1
22172,1,2,3,2,20,3,2,1,1,,,6,2,1,0,1
22173,1,2,3,2,20,3,3,0,0,1,1,0,2,0,0,1
22174,1,2,3,2,20,3,4,0,0,1,1,0,2,0,0,1
22175,1,2,3,2,20,3,5,1,1,,,6,2,1,0,1
22176,1,2,3,2,20,3,6,0,0,1,1,0,2,0,0,1
22177,1,2,3,2,20,3,7,1,1,,,9,2,1,0,1
22178,1,2,3,2,20,4,0,1,1,,,9,2,1,0,1
22179,1,2,3,2,20,4,1,0,0,1,1,0,2,0,0,1
22180,1,2,3,2,20,4,2,0,0,2,2,0,2,1,0,1
22181,1,2,3,2,20,4,3,0,0,1,1,0,2,0,0,1
22182,1,2,3,2,20,4,4,0,0,1,1,0,2,0,0,1
22183,1,2,3,2,20,4,5,0,0,2,2,0,2,1,0,1
22184,1,2,3,2,20,4,6,0,0,1,1,0,2,0,0,1
22185,1,2,3,2,20,4,7,1,1,,,9,2,1,0,1
22186,1,2,3,2,20,5,0,1,1,,,9,2,1,0,1
22187,1,2,3,2,20,5,1,0,0,1,1,0,2,0,0,1
22188,1,2,3,2,20,5,2,1,1,,,6,2,1,0,1
22189,1,2,3,2,20,5,3,0,0,1,1,0,2,0,0,1
22190,1,2,3,2,20,5,4,0,0,1,1,0,2,0,0,1
22191,1,2,3,2,20,5,5,1,1,,,6,2,1,0,1
22192,1,2,3,2,20,5,6,0,0,1,1,0,2,0,0,1
22193,1,2,3,2,20,5,7,1,1,,,9,2,1,0,1
22194,1,2,3,2,20,6,0,1,1,,,9,2,1,0,1
22195,1,2,3,2,20,6,1,0,0,1,1,0,2,0,0,1
22196,1,2,3,2,20,6,2,1,1,,,6,2,1,0,1
22197,1,2,3,2,20,6,3,0,0,1,1,0,2,0,0,1
22198,1,2,3,2,20,6,4,0,0,1,1,0,2,0,0,1
22199,1,2,3,2,20,6,5,1,1,,,6,2,1,0,1
22200,1,2,3,2,20,6,6,0,0,1,1,0,2,0,0,1
22201,1,2,3,2,20,6,7,1,1,,,9,2,1,0,1
22202,1,2,3,2,20,7,0,1,1,,,9,2,1,0,1
22203,1,2,3,2,20,7,1,0,0,1,1,0,2,0,0,1
22204,1,2,3,2,20,7,2,0,0,2,2,0,2,1,0,1
22205,1,2,3,2,20,7,3,0,0,1,1,0,2,0,0,1
22206,1,2,3,2,20,7,4,0,0,1,1,0,2,0,0,1
22207,1,2,3,2,20,7,5,0,0,2,2,0,2,1,0,1
22208,1,2,3,2,20,7,6,0,0,1,1,0,2,0,0,1
22209,1,2,3,2,20,7,7,1,1,,,9,2,1,0,1
22210,1,2,3,2,20,8,0,1,1,,,9,2,1,0,1
22211,1,2,3,2,20,8,1,0,0,1,1,0,2,0,0,1
22212,1,2,3,2,20,8,2,1,1,,,6,2,1,0,1
22213,1,2,3,2,20,8,3,0,0,1,1,0,2,0,0,1
22214,1,2,3,2,20,8,4,0,0,1,1,0,2,0,0,1
22215,1,2,3,2,20,8,5,1,1,,,6,2,1,0,1
22216,1,2,3,2,20,8,6,0,0,1,1,0,2,0,0,1
22217,1,2,3,2,20,8,7,1,1,,,9,2,1,0,1
22218,1,2,3,2,20,9,0,1,1,,,9,2,1,0,1
22219,1,2,3,2,20,9,1,0,0,1,1,0,2,0,0,1
22220,1,2,3,2,20,9,2,0,0,2,2,0,2,1,0,1
22221,1,2,3,2,20,9,3,0,0,1,1,0,2,0,0,1
22222,1,2,3,2,20,9,4,0,0,1,1,0,2,0,0,1
22223,1,2,3,2,20,9,5,0,0,2,2,0,2,1,0,1
22224,1,2,3,2,20,9,6,0,0,1,1,0,2,0,0,1
22225,1,2,3,2,20,9,7,1,1,,,9,2,1,0,1
22226,1,2,3,2,20,10,0,1,1,,,9,2,1,0,1
22227,1,2,3,2,20,10,1,0,0,1,1,0,2,0,0,1
22228,1,2,3,2,20,10,2,1,1,,,6,2,1,0,1
22229,1,2,3,2,20,10,3,0,0,1,1,0,2,0,0,1
22230,1,2,3,2,20,10,4,0,0,1,1,0,2,0,0,1
22231,1,2,3,2,20,10,5,1,1,,,6,2,1,0,1
22232,1,2,3,2,20,10,6,0,0,1,1,0,2,0,0,1
22233,1,2,3,2,20,10,7,1,1,,,9,2,1,0,1
22234,1,2,3,2,20,11,0,1,1,,,9,2,1,0,1
22235,1,2,3,2,20,11,1,0,0,1,1,0,2,0,0,1
22236,1,2,3,2,20,11,2,0,0,2,2,0,2,1,0,1
22237,1,2,3,2,20,11,3,0,0,1,1,0,2,0,0,1
22238,1,2,3,2,20,11,4,0,0,1,1,0,2,0,0,1
22239,1,2,3,2,20,11,5,0,0,2,2,0,2,1,0,1
22240,1,2,3,2,20,11,6,0,0,1,1,0,2,0,0,1
22241,1,2,3,2,20,11,7,1,1,,,9,2,1,0,1
22242,1,2,3,2,20,12,0,1,1,,,9,2,1,0,1
22243,1,2,3,2,20,12,1,0,0,1,1,0,2,0,0,1
22244,1,2,3,2,20,12,2,0,0,2,2,0,2,1,0,1
22245,1,2,3,2,20,12,3,0,0,1,1,0,2,0,0,1
22246,1,2,3,2,20,12,4,0,0,1,1,0,2,0,0,1
22247,1,2,3,2,20,12,5,0,0,2,2,0,2,1,0,1
22248,1,2,3,2,20,12,6,0,0,1,1,0,2,0,0,1
22249,1,2,3,2,20,12,7,1,1,,,9,2,1,0,1
22250,1,2,3,2,20,13,0,1,1,,,9,2,1,0,1
22251,1,2,3,2,20,13,1,0,0,1,1,0,2,0,0,1
22252,1,2,3,2,20,13,2,1,1,,,6,2,1,0,1
22253,1,2,3,2,20,13,3,0,0,1,1,0,2,0,0,1
22254,1,2,3,2,20,13,4,0,0,1,1,0,2,0,0,1
22255,1,2,3,2,20,13,5,1,1,,,6,2,1,0,1
22256,1,2,3,2,20,13,6,0,0,1,1,0,2,0,0,1
22257,1,2,3,2,20,13,7,1,1,,,9,2,1,0,1
22258,1,2,3,2,20,14,0,1,1,,,9,2,1,0,1
22259,1,2,3,2,20,14,1,0,0,1,1,0,2,0,0,1
22260,1,2,3,2,20,14,2,0,0,2,2,0,2,1,0,1
22261,1,2,3,2,20,14,3,0,0,1,1,0,2,0,0,1
22262,1,2,3,2,20,14,4,0,0,1,1,0,2,0,0,1
22263,1,2,3,2,20,14,5,0,0,2,2,0,2,1,0,1
22264,1,2,3,2,20,14,6,0,0,1,1,0,2,0,0,1
22265,1,2,3,2,20,14,7,1,1,,,9,2,1,0,1
22266,1,2,3,2,20,15,0,1,1,,,9,2,1,0,1
22267,1,2,3,2,20,15,1,0,0,1,1,0,2,0,0,1
22268,1,2,3,2,20,15,2,0,0,2,2,0,2,1,0,1
22269,1,2,3,2,20,15,3,0,0,1,1,0,2,0,0,1
22270,1,2,3,2,20,15,4,0,0,1,1,0,2,0,0,1
22271,1,2,3,2,20,15,5,0,0,2,2,0,2,1,0,1
22272,1,2,3,2,20,15,6,0,0,1,1,0,2,0,0,1
22273,1,2,3,2,20,15,7,1,1,,,9,2,1,0,1
22274,1,2,3,2,20,16,0,1,1,,,9,2,1,0,1
22275,1,2,3,2,20,16,1,0,0,1,1,0,2,0,0,1
22276,1,2,3,2,20,16,2,1,1,,,6,2,1,0,1
22277,1,2,3,2,20,16,3,0,0,1,1,0,2,0,0,1
22278,1,2,3,2,20,16,4,0,0,1,1,0,2,0,0,1
22279,1,2,3,2,20,16,5,1,1,,,6,2,1,0,1
22280,1,2,3,2,20,16,6,0,0,1,1,0,2,0,0,1
22281,1,2,3,2,20,16,7,1,1,,,9,2,1,0,1
22282,1,2,3,2,20,17,0,1,1,,,9,2,1,0,1
22283,1,2,3,2,20,17,1,0,0,1,1,0,2,0,0,1
22284,1,2,3,2,20,17,2,0,0,2,2,0,2,1,0,1
22285,1,2,3,2,20,17,3,0,0,1,1,0,2,0,0,1
22286,1,2,3,2,20,17,4,0,0,1,1,0,2,0,0,1
22287,1,2,3,2,20,17,5,0,0,2,2,0,2,1,0,1
22288,1,2,3,2,20,17,6,0,0,1,1,0,2,0,0,1
22289,1,2,3,2,20,17,7,1,1,,,9,2,1,0,1
22290,1,2,3,2,20,18,0,1,1,,,9,2,1,0,1
22291,1,2,3,2,20,18,1,0,0,1,1,0,2,0,0,1
22292,1,2,3,2,20,18,2,1,1,,,6,2,1,0,1
22293,1,2,3,2,20,18,3,0,0,1,1,0,2,0,0,1
22294,1,2,3,2,20,18,4,0,0,1,1,0,2,0,0,1
22295,1,2,3,2,20,18,5,1,1,,,6,2,1,0,1
22296,1,2,3,2,20,18,6,0,0,1,1,0,2,0,0,1
22297,1,2,3,2,20,18,7,1,1,,,9,2,1,0,1
22298,1,2,3,2,20,19,0,1,1,,,9,2,1,0,1
22299,1,2,3,2,20,19,1,0,0,1,1,0,2,0,0,1
22300,1,2,3,2,20,19,2,0,0,2,2,0,2,1,0,1
22301,1,2,3,2,20,19,3,0,0,1,1,0,2,0,0,1
22302,1,2,3,2,20,19,4,0,0,1,1,0,2,0,0,1
22303,1,2,3,2,20,19,5,0,0,2,2,0,2,1,0,1
22304,1,2,3,2,20,19,6,0,0,1,1,0,2,0,0,1
22305,1,2,3,2,20,19,7,1,1,,,9,2,1,0,1
22306,1,2,3,2,20,20,0,1,1,,,9,2,1,0,1
22307,1,2,3,2,20,20,1,0,0,1,1,0,2,0,0,1
22308,1,2,3,2,20,20,2,1,1,,,6,2,1,0,1
22309,1,2,3,2,20,20,3,0,0,1,1,0,2,0,0,1
22310,1,2,3,2,20,20,4,0,0,1,1,0,2,0,0,1
22311,1,2,3,2,20,20,5,1,1,,,6,2,1,0,1
22312,1,2,3,2,20,20,6,0,0,1,1,0,2,0,0,1
22313,1,2,3,2,20,20,7,1,1,,,9,2,1,0,1
22314,1,2,3,2,20,21,0,1,1,,,9,2,1,0,1
22315,1,2,3,2,20,21,1,0,0,1,1,0,2,0,0,1
22316,1,2,3,2,20,21,2,1,1,,,6,2,1,0,1
22317,1,2,3,2,20,21,3,0,0,1,1,0,2,0,0,1
22318,1,2,3,2,20,21,4,0,0,1,1,0,2,0,0,1
22319,1,2,3,2,20,21,5,1,1,,,6,2,1,0,1
22320,1,2,3,2,20,21,6,0,0,1,1,0,2,0,0,1
22321,1,2,3,2,20,21,7,1,1,,,9,2,1,0,1
22322,1,2,3,2,20,22,0,1,1,,,9,2,1,0,1
22323,1,2,3,2,20,22,1,0,0,1,1,0,2,0,0,1
22324,1,2,3,2,20,22,2,0,0,2,2,0,2,1,0,1
22325,1,2,3,2,20,22,3,0,0,1,1,0,2,0,0,1
22326,1,2,3,2,20,22,4,0,0,1,1,0,2,0,0,1
22327,1,2,3,2,20,22,5,0,0,2,2,0,2,1,0,1
22328,1,2,3,2,20,22,6,0,0,1,1,0,2,0,0,1
22329,1,2,3,2,20,22,7,1,1,,,9,2,1,0,1
22330,1,2,3,2,20,23,0,1,1,,,9,2,1,0,1
22331,1,2,3,2,20,23,1,0,0,1,1,0,2,0,0,1
22332,1,2,3,2,20,23,2,1,1,,,6,2,1,0,1
22333,1,2,3,2,20,23,3,0,0,1,1,0,2,0,0,1
22334,1,2,3,2,20,23,4,0,0,1,1,0,2,0,0,1
22335,1,2,3,2,20,23,5,1,1,,,6,2,1,0,1
22336,1,2,3,2,20,23,6,0,0,1,1,0,2,0,0,1
22337,1,2,3,2,20,23,7,1,1,,,9,2,1,0,1
22338,1,2,3,2,20,24,0,1,1,,,9,2,1,0,1
22339,1,2,3,2,20,24,1,0,0,1,1,0,2,0,0,1
22340,1,2,3,2,20,24,2,1,1,,,6,2,1,0,1
22341,1,2,3,2,20,24,3,0,0,1,1,0,2,0,0,1
22342,1,2,3,2,20,24,4,0,0,1,1,0,2,0,0,1
22343,1,2,3,2,20,24,5,1,1,,,6,2,1,0,1
22344,1,2,3,2,20,24,6,0,0,1,1,0,2,0,0,1
22345,1,2,3,2,20,24,7,1,1,,,9,2,1,0,1
22346,1,2,3,2,20,25,0,1,1,,,9,2,1,0,1
22347,1,2,3,2,20,25,1,0,0,1,1,0,2,0,0,1
22348,1,2,3,2,20,25,2,0,0,2,2,0,2,1,0,1
22349,1,2,3,2,20,25,3,0,0,1,1,0,2,0,0,1
22350,1,2,3,2,20,25,4,0,0,1,1,0,2,0,0,1
22351,1,2,3,2,20,25,5,0,0,2,2,0,2,1,0,1
22352,1,2,3,2,20,25,6,0,0,1,1,0,2,0,0,1
22353,1,2,3,2,20,25,7,1,1,,,9,2,1,0,1
22354,1,2,3,2,20,26,0,1,1,,,9,2,1,0,1
22355,1,2,3,2,20,26,1,0,0,1,1,0,2,0,0,1
22356,1,2,3,2,20,26,2,1,1,,,6,2,1,0,1
22357,1,2,3,2,20,26,3,0,0,1,1,0,2,0,0,1
22358,1,2,3,2,20,26,4,0,0,1,1,0,2,0,0,1
22359,1,2,3,2,20,26,5,1,1,,,6,2,1,0,1
22360,1,2,3,2,20,26,6,0,0,1,1,0,2,0,0,1
22361,1,2,3,2,20,26,7,1,1,,,9,2,1,0,1
22362,1,2,3,2,21,0,0,1,1,,,9,1,1,1,1
22363,1,2,3,2,21,0,1,1,1,,,3,1,1,1,1
22364,1,2,3,2,21,0,2,1,1,,,6,1,1,1,1
22365,1,2,3,2,21,0,3,1,1,,,6,1,1,1,1
22366,1,2,3,2,21,0,4,1,1,,,6,1,1,1,1
22367,1,2,3,2,21,0,5,1,1,,,6,1,1,1,1
22368,1,2,3,2,21,0,6,1,1,,,3,1,1,1,1
22369,1,2,3,2,21,0,7,1,1,,,9,1,1,1,1
22370,1,2,3,2,21,1,0,1,1,,,9,1,1,1,1
22371,1,2,3,2,21,1,1,1,1,,,3,1,1,1,1
22372,1,2,3,2,21,1,2,1,1,,,3,1,1,1,1
22373,1,2,3,2,21,1,3,1,1,,,6,1,1,1,1
22374,1,2,3,2,21,1,4,1,1,,,6,1,1,1,1
22375,1,2,3,2,21,1,5,1,1,,,3,1,1,1,1
22376,1,2,3,2,21,1,6,1,1,,,3,1,1,1,1
22377,1,2,3,2,21,1,7,1,1,,,9,1,1,1,1
22378,1,2,3,2,21,2,0,1,1,,,9,1,1,1,1
22379,1,2,3,2,21,2,1,1,1,,,3,1,1,1,1
22380,1,2,3,2,21,2,2,1,1,,,6,1,1,1,1
22381,1,2,3,2,21,2,3,1,1,,,3,1,1,1,1
22382,1,2,3,2,21,2,4,1,1,,,3,1,1,1,1
22383,1,2,3,2,21,2,5,1,1,,,6,1,1,1,1
22384,1,2,3,2,21,2,6,1,1,,,3,1,1,1,1
22385,1,2,3,2,21,2,7,1,1,,,9,1,1,1,1
22386,1,2,3,2,21,3,0,1,1,,,9,1,1,1,1
22387,1,2,3,2,21,3,1,1,1,,,3,1,1,1,1
22388,1,2,3,2,21,3,2,1,1,,,6,1,1,1,1
22389,1,2,3,2,21,3,3,1,1,,,6,1,1,1,1
22390,1,2,3,2,21,3,4,1,1,,,6,1,1,1,1
22391,1,2,3,2,21,3,5,1,1,,,6,1,1,1,1
22392,1,2,3,2,21,3,6,1,1,,,3,1,1,1,1
22393,1,2,3,2,21,3,7,1,1,,,9,1,1,1,1
22394,1,2,3,2,21,4,0,1,1,,,9,1,1,1,1
22395,1,2,3,2,21,4,1,1,1,,,3,1,1,1,1
22396,1,2,3,2,21,4,2,1,1,,,3,1,1,1,1
22397,1,2,3,2,21,4,3,1,1,,,6,1,1,1,1
22398,1,2,3,2,21,4,4,1,1,,,6,1,1,1,1
22399,1,2,3,2,21,4,5,1,1,,,3,1,1,1,1
22400,1,2,3,2,21,4,6,1,1,,,3,1,1,1,1
22401,1,2,3,2,21,4,7,1,1,,,9,1,1,1,1
22402,1,2,3,2,21,5,0,1,1,,,9,1,1,1,1
22403,1,2,3,2,21,5,1,1,1,,,3,1,1,1,1
22404,1,2,3,2,21,5,2,1,1,,,6,1,1,1,1
22405,1,2,3,2,21,5,3,1,1,,,3,1,1,1,1
22406,1,2,3,2,21,5,4,1,1,,,3,1,1,1,1
22407,1,2,3,2,21,5,5,1,1,,,6,1,1,1,1
22408,1,2,3,2,21,5,6,1,1,,,3,1,1,1,1
22409,1,2,3,2,21,5,7,1,1,,,9,1,1,1,1
22410,1,2,3,2,21,6,0,1,1,,,9,1,1,1,1
22411,1,2,3,2,21,6,1,1,1,,,3,1,1,1,1
22412,1,2,3,2,21,6,2,1,1,,,6,1,1,1,1
22413,1,2,3,2,21,6,3,1,1,,,3,1,1,1,1
22414,1,2,3,2,21,6,4,1,1,,,3,1,1,1,1
22415,1,2,3,2,21,6,5,1,1,,,6,1,1,1,1
22416,1,2,3,2,21,6,6,1,1,,,3,1,1,1,1
22417,1,2,3,2,21,6,7,1,1,,,9,1,1,1,1
22418,1,2,3,2,21,7,0,1,1,,,9,1,1,1,1
22419,1,2,3,2,21,7,1,1,1,,,3,1,1,1,1
22420,1,2,3,2,21,7,2,1,1,,,3,1,1,1,1
22421,1,2,3,2,21,7,3,1,1,,,3,1,1,1,1
22422,1,2,3,2,21,7,4,1,1,,,3,1,1,1,1
22423,1,2,3,2,21,7,5,1,1,,,3,1,1,1,1
22424,1,2,3,2,21,7,6,1,1,,,3,1,1,1,1
22425,1,2,3,2,21,7,7,1,1,,,9,1,1,1,1
22426,1,2,3,2,21,8,0,1,1,,,9,1,1,1,1
22427,1,2,3,2,21,8,1,1,1,,,3,1,1,1,1
22428,1,2,3,2,21,8,2,1,1,,,6,1,1,1,1
22429,1,2,3,2,21,8,3,1,1,,,6,1,1,1,1
22430,1,2,3,2,21,8,4,1,1,,,6,1,1,1,1
22431,1,2,3,2,21,8,5,1,1,,,6,1,1,1,1
22432,1,2,3,2,21,8,6,1,1,,,3,1,1,1,1
22433,1,2,3,2,21,8,7,1,1,,,9,1,1,1,1
22434,1,2,3,2,21,9,0,1,1,,,9,1,1,1,1
22435,1,2,3,2,21,9,1,1,1,,,3,1,1,1,1
22436,1,2,3,2,21,9,2,1,1,,,3,1,1,1,1
22437,1,2,3,2,21,9,3,1,1,,,6,1,1,1,1
22438,1,2,3,2,21,9,4,1,1,,,6,1,1,1,1
22439,1,2,3,2,21,9,5,1,1,,,3,1,1,1,1
22440,1,2,3,2,21,9,6,1,1,,,3,1,1,1,1
22441,1,2,3,2,21,9,7,1,1,,,9,1,1,1,1
22442,1,2,3,2,21,10,0,1,1,,,9,1,1,1,1
22443,1,2,3,2,21,10,1,1,1,,,3,1,1,1,1
22444,1,2,3,2,21,10,2,1,1,,,6,1,1,1,1
22445,1,2,3,2,21,10,3,1,1,,,6,1,1,1,1
22446,1,2,3,2,21,10,4,1,1,,,6,1,1,1,1
22447,1,2,3,2,21,10,5,1,1,,,6,1,1,1,1
22448,1,2,3,2,21,10,6,1,1,,,3,1,1,1,1
22449,1,2,3,2,21,10,7,1,1,,,9,1,1,1,1
22450,1,2,3,2,21,11,0,1,1,,,9,1,1,1,1
22451,1,2,3,2,21,11,1,1,1,,,3,1,1,1,1
22452,1,2,3,2,21,11,2,1,1,,,3,1,1,1,1
22453,1,2,3,2,21,11,3,1,1,,,3,1,1,1,1
22454,1,2,3,2,21,11,4,1,1,,,3,1,1,1,1
22455,1,2,3,2,21,11,5,1,1,,,3,1,1,1,1
22456,1,2,3,2,21,11,6,1,1,,,3,1,1,1,1
22457,1,2,3,2,21,11,7,1,1,,,9,1,1,1,1
22458,1,2,3,2,21,12,0,1,1,,,9,1,1,1,1
22459,1,2,3,2,21,12,1,1,1,,,3,1,1,1,1
22460,1,2,3,2,21,12,2,1,1,,,3,1,1,1,1
22461,1,2,3,2,21,12,3,1,1,,,6,1,1,1,1
22462,1,2,3,2,21,12,4,1,1,,,6,1,1,1,1
22463,1,2,3,2,21,12,5,1,1,,,3,1,1,1,1
22464,1,2,3,2,21,12,6,1,1,,,3,1,1,1,1
22465,1,2,3,2,21,12,7,1,1,,,9,1,1,1,1
22466,1,2,3,2,21,13,0,1,1,,,9,1,1,1,1
22467,1,2,3,2,21,13,1,1,1,,,3,1,1,1,1
22468,1,2,3,2,21,13,2,1,1,,,6,1,1,1,1
22469,1,2,3,2,21,13,3,1,1,,,6,1,1,1,1
22470,1,2,3,2,21,13,4,1,1,,,6,1,1,1,1
22471,1,2,3,2,21,13,5,1,1,,,6,1,1,1,1
22472,1,2,3,2,21,13,6,1,1,,,3,1,1,1,1
22473,1,2,3,2,21,13,7,1,1,,,9,1,1,1,1
22474,1,2,3,2,21,14,0,1,1,,,9,1,1,1,1
22475,1,2,3,2,21,14,1,1,1,,,3,1,1,1,1
22476,1,2,3,2,21,14,2,1,1,,,3,1,1,1,1
22477,1,2,3,2,21,14,3,1,1,,,3,1,1,1,1
22478,1,2,3,2,21,14,4,1,1,,,3,1,1,1,1
22479,1,2,3,2,21,14,5,1,1,,,3,1,1,1,1
22480,1,2,3,2,21,14,6,1,1,,,3,1,1,1,1
22481,1,2,3,2,21,14,7,1,1,,,9,1,1,1,1
22482,1,2,3,2,21,15,0,1,1,,,9,1,1,1,1
22483,1,2,3,2,21,15,1,1,1,,,3,1,1,1,1
22484,1,2,3,2,21,15,2,1,1,,,3,1,1,1,1
22485,1,2,3,2,21,15,3,1,1,,,3,1,1,1,1
22486,1,2,3,2,21,15,4,1,1,,,3,1,1,1,1
22487,1,2,3,2,21,15,5,1,1,,,3,1,1,1,1
22488,1,2,3,2,21,15,6,1,1,,,3,1,1,1,1
22489,1,2,3,2,21,15,7,1,1,,,9,1,1,1,1
22490,1,2,3,2,21,16,0,1,1,,,9,1,1,1,1
22491,1,2,3,2,21,16,1,1,1,,,3,1,1,1,1
22492,1,2,3,2,21,16,2,1,1,,,6,1,1,1,1
22493,1,2,3,2,21,16,3,1,1,,,3,1,1,1,1
22494,1,2,3,2,21,16,4,1,1,,,3,1,1,1,1
22495,1,2,3,2,21,16,5,1,1,,,6,1,1,1,1
22496,1,2,3,2,21,16,6,1,1,,,3,1,1,1,1
22497,1,2,3,2,21,16,7,1,1,,,9,1,1,1,1
22498,1,2,3,2,21,17,0,1,1,,,9,1,1,1,1
22499,1,2,3,2,21,17,1,1,1,,,3,1,1,1,1
22500,1,2,3,2,21,17,2,1,1,,,3,1,1,1,1
22501,1,2,3,2,21,17,3,1,1,,,6,1,1,1,1
22502,1,2,3,2,21,17,4,1,1,,,6,1,1,1,1
22503,1,2,3,2,21,17,5,1,1,,,3,1,1,1,1
22504,1,2,3,2,21,17,6,1,1,,,3,1,1,1,1
22505,1,2,3,2,21,17,7,1,1,,,9,1,1,1,1
22506,1,2,3,2,21,18,0,1,1,,,9,1,1,1,1
22507,1,2,3,2,21,18,1,1,1,,,3,1,1,1,1
22508,1,2,3,2,21,18,2,1,1,,,6,1,1,1,1
22509,1,2,3,2,21,18,3,1,1,,,6,1,1,1,1
22510,1,2,3,2,21,18,4,1,1,,,6,1,1,1,1
22511,1,2,3,2,21,18,5,1,1,,,6,1,1,1,1
22512,1,2,3,2,21,18,6,1,1,,,3,1,1,1,1
22513,1,2,3,2,21,18,7,1,1,,,9,1,1,1,1
22514,1,2,3,2,21,19,0,1,1,,,9,1,1,1,1
22515,1,2,3,2,21,19,1,1,1,,,3,1,1,1,1
22516,1,2,3,2,21,19,2,1,1,,,3,1,1,1,1
22517,1,2,3,2,21,19,3,1,1,,,6,1,1,1,1
22518,1,2,3,2,21,19,4,1,1,,,6,1,1,1,1
22519,1,2,3,2,21,19,5,1,1,,,3,1,1,1,1
22520,1,2,3,2,21,19,6,1,1,,,3,1,1,1,1
22521,1,2,3,2,21,19,7,1,1,,,9,1,1,1,1
22522,1,2,3,2,21,20,0,1,1,,,9,1,1,1,1
22523,1,2,3,2,21,20,1,1,1,,,3,1,1,1,1
22524,1,2,3,2,21,20,2,1,1,,,6,1,1,1,1
22525,1,2,3,2,21,20,3,1,1,,,3,1,1,1,1
22526,1,2,3,2,21,20,4,1,1,,,3,1,1,1,1
22527,1,2,3,2,21,20,5,1,1,,,6,1,1,1,1
22528,1,2,3,2,21,20,6,1,1,,,3,1,1,1,1
22529,1,2,3,2,21,20,7,1,1,,,9,1,1,1,1
22530,1,2,3,2,21,21,0,1,1,,,9,1,1,1,1
22531,1,2,3,2,21,21,1,1,1,,,3,1,1,1,1
22532,1,2,3,2,21,21,2,1,1,,,6,1,1,1,1
22533,1,2,3,2,21,21,3,1,1,,,6,1,1,1,1
22534,1,2,3,2,21,21,4,1,1,,,6,1,1,1,1
22535,1,2,3,2,21,21,5,1,1,,,6,1,1,1,1
22536,1,2,3,2,21,21,6,1,1,,,3,1,1,1,1
22537,1,2,3,2,21,21,7,1,1,,,9,1,1,1,1
22538,1,2,3,2,21,22,0,1,1,,,9,1,1,1,1
22539,1,2,3,2,21,22,1,1,1,,,3,1,1,1,1
22540,1,2,3,2,21,22,2,1,1,,,3,1,1,1,1
22541,1,2,3,2,21,22,3,1,1,,,6,1,1,1,1
22542,1,2,3,2,21,22,4,1,1,,,6,1,1,1,1
22543,1,2,3,2,21,22,5,1,1,,,3,1,1,1,1
22544,1,2,3,2,21,22,6,1,1,,,3,1,1,1,1
22545,1,2,3,2,21,22,7,1,1,,,9,1,1,1,1
22546,1,2,3,2,21,23,0,1,1,,,9,1,1,1,1
22547,1,2,3,2,21,23,1,1,1,,,3,1,1,1,1
22548,1,2,3,2,21,23,2,1,1,,,6,1,1,1,1
22549,1,2,3,2,21,23,3,1,1,,,3,1,1,1,1
22550,1,2,3,2,21,23,4,1,1,,,3,1,1,1,1
22551,1,2,3,2,21,23,5,1,1,,,6,1,1,1,1
22552,1,2,3,2,21,23,6,1,1,,,3,1,1,1,1
22553,1,2,3,2,21,23,7,1,1,,,9,1,1,1,1
22554,1,2,3,2,21,24,0,1,1,,,9,1,1,1,1
22555,1,2,3,2,21,24,1,1,1,,,3,1,1,1,1
22556,1,2,3,2,21,24,2,1,1,,,6,1,1,1,1
22557,1,2,3,2,21,24,3,1,1,,,3,1,1,1,1
22558,1,2,3,2,21,24,4,1,1,,,3,1,1,1,1
22559,1,2,3,2,21,24,5,1,1,,,6,1,1,1,1
22560,1,2,3,2,21,24,6,1,1,,,3,1,1,1,1
22561,1,2,3,2,21,24,7,1,1,,,9,1,1,1,1
22562,1,2,3,2,21,25,0,1,1,,,9,1,1,1,1
22563,1,2,3,2,21,25,1,1,1,,,3,1,1,1,1
22564,1,2,3,2,21,25,2,1,1,,,3,1,1,1,1
22565,1,2,3,2,21,25,3,1,1,,,3,1,1,1,1
22566,1,2,3,2,21,25,4,1,1,,,3,1,1,1,1
22567,1,2,3,2,21,25,5,1,1,,,3,1,1,1,1
22568,1,2,3,2,21,25,6,1,1,,,3,1,1,1,1
22569,1,2,3,2,21,25,7,1,1,,,9,1,1,1,1
22570,1,2,3,2,21,26,0,1,1,,,9,1,1,1,1
22571,1,2,3,2,21,26,1,1,1,,,3,1,1,1,1
22572,1,2,3,2,21,26,2,1,1,,,6,1,1,1,1
22573,1,2,3,2,21,26,3,1,1,,,6,1,1,1,1
22574,1,2,3,2,21,26,4,1,1,,,6,1,1,1,1
22575,1,2,3,2,21,26,5,1,1,,,6,1,1,1,1
22576,1,2,3,2,21,26,6,1,1,,,3,1,1,1,1
22577,1,2,3,2,21,26,7,1,1,,,9,1,1,1,1
22578,1,2,3,2,22,0,0,1,1,,,9,2,1,0,1
22579,1,2,3,2,22,0,1,0,0,1,1,0,2,0,0,1
22580,1,2,3,2,22,0,2,0,0,1,1,0,2,0,0,1
22581,1,2,3,2,22,0,3,1,1,,,6,2,1,0,1
22582,1,2,3,2,22,0,4,1,1,,,6,2,1,0,1
22583,1,2,3,2,22,0,5,0,0,1,1,0,2,0,0,1
22584,1,2,3,2,22,0,6,0,0,1,1,0,2,0,0,1
22585,1,2,3,2,22,0,7,1,1,,,9,2,1,0,1
22586,1,2,3,2,22,1,0,1,1,,,9,2,1,0,1
22587,1,2,3,2,22,1,1,0,0,1,1,0,2,0,0,1
22588,1,2,3,2,22,1,2,0,0,1,1,0,2,0,0,1
22589,1,2,3,2,22,1,3,1,1,,,6,2,1,0,1
22590,1,2,3,2,22,1,4,1,1,,,6,2,1,0,1
22591,1,2,3,2,22,1,5,0,0,1,1,0,2,0,0,1
22592,1,2,3,2,22,1,6,0,0,1,1,0,2,0,0,1
22593,1,2,3,2,22,1,7,1,1,,,9,2,1,0,1
22594,1,2,3,2,22,2,0,1,1,,,9,2,1,0,1
22595,1,2,3,2,22,2,1,0,0,1,1,0,2,0,0,1
22596,1,2,3,2,22,2,2,0,0,1,1,0,2,0,0,1
22597,1,2,3,2,22,2,3,0,0,2,2,0,2,1,0,1
22598,1,2,3,2,22,2,4,0,0,2,2,0,2,1,0,1
22599,1,2,3,2,22,2,5,0,0,1,1,0,2,0,0,1
22600,1,2,3,2,22,2,6,0,0,1,1,0,2,0,0,1
22601,1,2,3,2,22,2,7,1,1,,,9,2,1,0,1
22602,1,2,3,2,22,3,0,1,1,,,9,2,1,0,1
22603,1,2,3,2,22,3,1,0,0,1,1,0,2,0,0,1
22604,1,2,3,2,22,3,2,0,0,1,1,0,2,0,0,1
22605,1,2,3,2,22,3,3,1,1,,,6,2,1,0,1
22606,1,2,3,2,22,3,4,1,1,,,6,2,1,0,1
22607,1,2,3,2,22,3,5,0,0,1,1,0,2,0,0,1
22608,1,2,3,2,22,3,6,0,0,1,1,0,2,0,0,1
22609,1,2,3,2,22,3,7,1,1,,,9,2,1,0,1
22610,1,2,3,2,22,4,0,1,1,,,9,2,1,0,1
22611,1,2,3,2,22,4,1,0,0,1,1,0,2,0,0,1
22612,1,2,3,2,22,4,2,0,0,1,1,0,2,0,0,1
22613,1,2,3,2,22,4,3,1,1,,,6,2,1,0,1
22614,1,2,3,2,22,4,4,1,1,,,6,2,1,0,1
22615,1,2,3,2,22,4,5,0,0,1,1,0,2,0,0,1
22616,1,2,3,2,22,4,6,0,0,1,1,0,2,0,0,1
22617,1,2,3,2,22,4,7,1,1,,,9,2,1,0,1
22618,1,2,3,2,22,5,0,1,1,,,9,2,1,0,1
22619,1,2,3,2,22,5,1,0,0,1,1,0,2,0,0,1
22620,1,2,3,2,22,5,2,0,0,1,1,0,2,0,0,1
22621,1,2,3,2,22,5,3,0,0,2,2,0,2,1,0,1
22622,1,2,3,2,22,5,4,0,0,2,2,0,2,1,0,1
22623,1,2,3,2,22,5,5,0,0,1,1,0,2,0,0,1
22624,1,2,3,2,22,5,6,0,0,1,1,0,2,0,0,1
22625,1,2,3,2,22,5,7,1,1,,,9,2,1,0,1
22626,1,2,3,2,22,6,0,1,1,,,9,2,1,0,1
22627,1,2,3,2,22,6,1,0,0,1,1,0,2,0,0,1
22628,1,2,3,2,22,6,2,0,0,1,1,0,2,0,0,1
22629,1,2,3,2,22,6,3,0,0,2,2,0,2,1,0,1
22630,1,2,3,2,22,6,4,0,0,2,2,0,2,1,0,1
22631,1,2,3,2,22,6,5,0,0,1,1,0,2,0,0,1
22632,1,2,3,2,22,6,6,0,0,1,1,0,2,0,0,1
22633,1,2,3,2,22,6,7,1,1,,,9,2,1,0,1
22634,1,2,3,2,22,7,0,1,1,,,9,2,1,0,1
22635,1,2,3,2,22,7,1,0,0,1,1,0,2,0,0,1
22636,1,2,3,2,22,7,2,0,0,1,1,0,2,0,0,1
22637,1,2,3,2,22,7,3,0,0,2,2,0,2,1,0,1
22638,1,2,3,2,22,7,4,0,0,2,2,0,2,1,0,1
22639,1,2,3,2,22,7,5,0,0,1,1,0,2,0,0,1
22640,1,2,3,2,22,7,6,0,0,1,1,0,2,0,0,1
22641,1,2,3,2,22,7,7,1,1,,,9,2,1,0,1
22642,1,2,3,2,22,8,0,1,1,,,9,2,1,0,1
22643,1,2,3,2,22,8,1,0,0,1,1,0,2,0,0,1
22644,1,2,3,2,22,8,2,0,0,1,1,0,2,0,0,1
22645,1,2,3,2,22,8,3,1,1,,,6,2,1,0,1
22646,1,2,3,2,22,8,4,1,1,,,6,2,1,0,1
22647,1,2,3,2,22,8,5,0,0,1,1,0,2,0,0,1
22648,1,2,3,2,22,8,6,0,0,1,1,0,2,0,0,1
22649,1,2,3,2,22,8,7,1,1,,,9,2,1,0,1
22650,1,2,3,2,22,9,0,1,1,,,9,2,1,0,1
22651,1,2,3,2,22,9,1,0,0,1,1,0,2,0,0,1
22652,1,2,3,2,22,9,2,0,0,1,1,0,2,0,0,1
22653,1,2,3,2,22,9,3,1,1,,,6,2,1,0,1
22654,1,2,3,2,22,9,4,1,1,,,6,2,1,0,1
22655,1,2,3,2,22,9,5,0,0,1,1,0,2,0,0,1
22656,1,2,3,2,22,9,6,0,0,1,1,0,2,0,0,1
22657,1,2,3,2,22,9,7,1,1,,,9,2,1,0,1
22658,1,2,3,2,22,10,0,1,1,,,9,2,1,0,1
22659,1,2,3,2,22,10,1,0,0,1,1,0,2,0,0,1
22660,1,2,3,2,22,10,2,0,0,1,1,0,2,0,0,1
22661,1,2,3,2,22,10,3,1,1,,,6,2,1,0,1
22662,1,2,3,2,22,10,4,1,1,,,6,2,1,0,1
22663,1,2,3,2,22,10,5,0,0,1,1,0,2,0,0,1
22664,1,2,3,2,22,10,6,0,0,1,1,0,2,0,0,1
22665,1,2,3,2,22,10,7,1,1,,,9,2,1,0,1
22666,1,2,3,2,22,11,0,1,1,,,9,2,1,0,1
22667,1,2,3,2,22,11,1,0,0,1,1,0,2,0,0,1
22668,1,2,3,2,22,11,2,0,0,1,1,0,2,0,0,1
22669,1,2,3,2,22,11,3,0,0,2,2,0,2,1,0,1
22670,1,2,3,2,22,11,4,0,0,2,2,0,2,1,0,1
22671,1,2,3,2,22,11,5,0,0,1,1,0,2,0,0,1
22672,1,2,3,2,22,11,6,0,0,1,1,0,2,0,0,1
22673,1,2,3,2,22,11,7,1,1,,,9,2,1,0,1
22674,1,2,3,2,22,12,0,1,1,,,9,2,1,0,1
22675,1,2,3,2,22,12,1,0,0,1,1,0,2,0,0,1
22676,1,2,3,2,22,12,2,0,0,1,1,0,2,0,0,1
22677,1,2,3,2,22,12,3,1,1,,,6,2,1,0,1
22678,1,2,3,2,22,12,4,1,1,,,6,2,1,0,1
22679,1,2,3,2,22,12,5,0,0,1,1,0,2,0,0,1
22680,1,2,3,2,22,12,6,0,0,1,1,0,2,0,0,1
22681,1,2,3,2,22,12,7,1,1,,,9,2,1,0,1
22682,1,2,3,2,22,13,0,1,1,,,9,2,1,0,1
22683,1,2,3,2,22,13,1,0,0,1,1,0,2,0,0,1
22684,1,2,3,2,22,13,2,0,0,1,1,0,2,0,0,1
22685,1,2,3,2,22,13,3,1,1,,,6,2,1,0,1
22686,1,2,3,2,22,13,4,1,1,,,6,2,1,0,1
22687,1,2,3,2,22,13,5,0,0,1,1,0,2,0,0,1
22688,1,2,3,2,22,13,6,0,0,1,1,0,2,0,0,1
22689,1,2,3,2,22,13,7,1,1,,,9,2,1,0,1
22690,1,2,3,2,22,14,0,1,1,,,9,2,1,0,1
22691,1,2,3,2,22,14,1,0,0,1,1,0,2,0,0,1
22692,1,2,3,2,22,14,2,0,0,1,1,0,2,0,0,1
22693,1,2,3,2,22,14,3,0,0,2,2,0,2,1,0,1
22694,1,2,3,2,22,14,4,0,0,2,2,0,2,1,0,1
22695,1,2,3,2,22,14,5,0,0,1,1,0,2,0,0,1
22696,1,2,3,2,22,14,6,0,0,1,1,0,2,0,0,1
22697,1,2,3,2,22,14,7,1,1,,,9,2,1,0,1
22698,1,2,3,2,22,15,0,1,1,,,9,2,1,0,1
22699,1,2,3,2,22,15,1,0,0,1,1,0,2,0,0,1
22700,1,2,3,2,22,15,2,0,0,1,1,0,2,0,0,1
22701,1,2,3,2,22,15,3,0,0,2,2,0,2,1,0,1
22702,1,2,3,2,22,15,4,0,0,2,2,0,2,1,0,1
22703,1,2,3,2,22,15,5,0,0,1,1,0,2,0,0,1
22704,1,2,3,2,22,15,6,0,0,1,1,0,2,0,0,1
22705,1,2,3,2,22,15,7,1,1,,,9,2,1,0,1
22706,1,2,3,2,22,16,0,1,1,,,9,2,1,0,1
22707,1,2,3,2,22,16,1,0,0,1,1,0,2,0,0,1
22708,1,2,3,2,22,16,2,0,0,1,1,0,2,0,0,1
22709,1,2,3,2,22,16,3,0,0,2,2,0,2,1,0,1
22710,1,2,3,2,22,16,4,0,0,2,2,0,2,1,0,1
22711,1,2,3,2,22,16,5,0,0,1,1,0,2,0,0,1
22712,1,2,3,2,22,16,6,0,0,1,1,0,2,0,0,1
22713,1,2,3,2,22,16,7,1,1,,,9,2,1,0,1
22714,1,2,3,2,22,17,0,1,1,,,9,2,1,0,1
22715,1,2,3,2,22,17,1,0,0,1,1,0,2,0,0,1
22716,1,2,3,2,22,17,2,0,0,1,1,0,2,0,0,1
22717,1,2,3,2,22,17,3,1,1,,,6,2,1,0,1
22718,1,2,3,2,22,17,4,1,1,,,6,2,1,0,1
22719,1,2,3,2,22,17,5,0,0,1,1,0,2,0,0,1
22720,1,2,3,2,22,17,6,0,0,1,1,0,2,0,0,1
22721,1,2,3,2,22,17,7,1,1,,,9,2,1,0,1
22722,1,2,3,2,22,18,0,1,1,,,9,2,1,0,1
22723,1,2,3,2,22,18,1,0,0,1,1,0,2,0,0,1
22724,1,2,3,2,22,18,2,0,0,1,1,0,2,0,0,1
22725,1,2,3,2,22,18,3,1,1,,,6,2,1,0,1
22726,1,2,3,2,22,18,4,1,1,,,6,2,1,0,1
22727,1,2,3,2,22,18,5,0,0,1,1,0,2,0,0,1
22728,1,2,3,2,22,18,6,0,0,1,1,0,2,0,0,1
22729,1,2,3,2,22,18,7,1,1,,,9,2,1,0,1
22730,1,2,3,2,22,19,0,1,1,,,9,2,1,0,1
22731,1,2,3,2,22,19,1,0,0,1,1,0,2,0,0,1
22732,1,2,3,2,22,19,2,0,0,1,1,0,2,0,0,1
22733,1,2,3,2,22,19,3,1,1,,,6,2,1,0,1
22734,1,2,3,2,22,19,4,1,1,,,6,2,1,0,1
22735,1,2,3,2,22,19,5,0,0,1,1,0,2,0,0,1
22736,1,2,3,2,22,19,6,0,0,1,1,0,2,0,0,1
22737,1,2,3,2,22,19,7,1,1,,,9,2,1,0,1
22738,1,2,3,2,22,20,0,1,1,,,9,2,1,0,1
22739,1,2,3,2,22,20,1,0,0,1,1,0,2,0,0,1
22740,1,2,3,2,22,20,2,0,0,1,1,0,2,0,0,1
22741,1,2,3,2,22,20,3,0,0,2,2,0,2,1,0,1
22742,1,2,3,2,22,20,4,0,0,2,2,0,2,1,0,1
22743,1,2,3,2,22,20,5,0,0,1,1,0,2,0,0,1
22744,1,2,3,2,22,20,6,0,0,1,1,0,2,0,0,1
22745,1,2,3,2,22,20,7,1,1,,,9,2,1,0,1
22746,1,2,3,2,22,21,0,1,1,,,9,2,1,0,1
22747,1,2,3,2,22,21,1,0,0,1,1,0,2,0,0,1
22748,1,2,3,2,22,21,2,0,0,1,1,0,2,0,0,1
22749,1,2,3,2,22,21,3,1,1,,,6,2,1,0,1
22750,1,2,3,2,22,21,4,1,1,,,6,2,1,0,1
22751,1,2,3,2,22,21,5,0,0,1,1,0,2,0,0,1
22752,1,2,3,2,22,21,6,0,0,1,1,0,2,0,0,1
22753,1,2,3,2,22,21,7,1,1,,,9,2,1,0,1
22754,1,2,3,2,22,22,0,1,1,,,9,2,1,0,1
22755,1,2,3,2,22,22,1,0,0,1,1,0,2,0,0,1
22756,1,2,3,2,22,22,2,0,0,1,1,0,2,0,0,1
22757,1,2,3,2,22,22,3,1,1,,,6,2,1,0,1
22758,1,2,3,2,22,22,4,1,1,,,6,2,1,0,1
22759,1,2,3,2,22,22,5,0,0,1,1,0,2,0,0,1
22760,1,2,3,2,22,22,6,0,0,1,1,0,2,0,0,1
22761,1,2,3,2,22,22,7,1,1,,,9,2,1,0,1
22762,1,2,3,2,22,23,0,1,1,,,9,2,1,0,1
22763,1,2,3,2,22,23,1,0,0,1,1,0,2,0,0,1
22764,1,2,3,2,22,23,2,0,0,1,1,0,2,0,0,1
22765,1,2,3,2,22,23,3,0,0,2,2,0,2,1,0,1
22766,1,2,3,2,22,23,4,0,0,2,2,0,2,1,0,1
22767,1,2,3,2,22,23,5,0,0,1,1,0,2,0,0,1
22768,1,2,3,2,22,23,6,0,0,1,1,0,2,0,0,1
22769,1,2,3,2,22,23,7,1,1,,,9,2,1,0,1
22770,1,2,3,2,22,24,0,1,1,,,9,2,1,0,1
22771,1,2,3,2,22,24,1,0,0,1,1,0,2,0,0,1
22772,1,2,3,2,22,24,2,0,0,1,1,0,2,0,0,1
22773,1,2,3,2,22,24,3,0,0,2,2,0,2,1,0,1
22774,1,2,3,2,22,24,4,0,0,2,2,0,2,1,0,1
22775,1,2,3,2,22,24,5,0,0,1,1,0,2,0,0,1
22776,1,2,3,2,22,24,6,0,0,1,1,0,2,0,0,1
22777,1,2,3,2,22,24,7,1,1,,,9,2,1,0,1
22778,1,2,3,2,22,25,0,1,1,,,9,2,1,0,1
22779,1,2,3,2,22,25,1,0,0,1,1,0,2,0,0,1
22780,1,2,3,2,22,25,2,0,0,1,1,0,2,0,0,1
22781,1,2,3,2,22,25,3,0,0,2,2,0,2,1,0,1
22782,1,2,3,2,22,25,4,0,0,2,2,0,2,1,0,1
22783,1,2,3,2,22,25,5,0,0,1,1,0,2,0,0,1
22784,1,2,3,2,22,25,6,0,0,1,1,0,2,0,0,1
22785,1,2,3,2,22,25,7,1,1,,,9,2,1,0,1
22786,1,2,3,2,22,26,0,1,1,,,9,2,1,0,1
22787,1,2,3,2,22,26,1,0,0,1,1,0,2,0,0,1
22788,1,2,3,2,22,26,2,0,0,1,1,0,2,0,0,1
22789,1,2,3,2,22,26,3,1,1,,,6,2,1,0,1
22790,1,2,3,2,22,26,4,1,1,,,6,2,1,0,1
22791,1,2,3,2,22,26,5,0,0,1,1,0,2,0,0,1
22792,1,2,3,2,22,26,6,0,0,1,1,0,2,0,0,1
22793,1,2,3,2,22,26,7,1,1,,,9,2,1,0,1
22794,1,2,3,2,23,0,0,1,1,,,9,2,1,0,1
22795,1,2,3,2,23,0,1,0,0,1,1,0,2,0,0,1
22796,1,2,3,2,23,0,2,1,1,,,6,2,1,0,1
22797,1,2,3,2,23,0,3,0,0,1,1,0,2,0,0,1
22798,1,2,3,2,23,0,4,0,0,1,1,0,2,0,0,1
22799,1,2,3,2,23,0,5,1,1,,,6,2,1,0,1
22800,1,2,3,2,23,0,6,0,0,1,1,0,2,0,0,1
22801,1,2,3,2,23,0,7,1,1,,,9,2,1,0,1
22802,1,2,3,2,23,1,0,1,1,,,9,2,1,0,1
22803,1,2,3,2,23,1,1,0,0,1,1,0,2,0,0,1
22804,1,2,3,2,23,1,2,0,0,2,2,0,2,1,0,1
22805,1,2,3,2,23,1,3,0,0,1,1,0,2,0,0,1
22806,1,2,3,2,23,1,4,0,0,1,1,0,2,0,0,1
22807,1,2,3,2,23,1,5,0,0,2,2,0,2,1,0,1
22808,1,2,3,2,23,1,6,0,0,1,1,0,2,0,0,1
22809,1,2,3,2,23,1,7,1,1,,,9,2,1,0,1
22810,1,2,3,2,23,2,0,1,1,,,9,2,1,0,1
22811,1,2,3,2,23,2,1,0,0,1,1,0,2,0,0,1
22812,1,2,3,2,23,2,2,1,1,,,6,2,1,0,1
22813,1,2,3,2,23,2,3,0,0,1,1,0,2,0,0,1
22814,1,2,3,2,23,2,4,0,0,1,1,0,2,0,0,1
22815,1,2,3,2,23,2,5,1,1,,,6,2,1,0,1
22816,1,2,3,2,23,2,6,0,0,1,1,0,2,0,0,1
22817,1,2,3,2,23,2,7,1,1,,,9,2,1,0,1
22818,1,2,3,2,23,3,0,1,1,,,9,2,1,0,1
22819,1,2,3,2,23,3,1,0,0,1,1,0,2,0,0,1
22820,1,2,3,2,23,3,2,1,1,,,6,2,1,0,1
22821,1,2,3,2,23,3,3,0,0,1,1,0,2,0,0,1
22822,1,2,3,2,23,3,4,0,0,1,1,0,2,0,0,1
22823,1,2,3,2,23,3,5,1,1,,,6,2,1,0,1
22824,1,2,3,2,23,3,6,0,0,1,1,0,2,0,0,1
22825,1,2,3,2,23,3,7,1,1,,,9,2,1,0,1
22826,1,2,3,2,23,4,0,1,1,,,9,2,1,0,1
22827,1,2,3,2,23,4,1,0,0,1,1,0,2,0,0,1
22828,1,2,3,2,23,4,2,0,0,2,2,0,2,1,0,1
22829,1,2,3,2,23,4,3,0,0,1,1,0,2,0,0,1
22830,1,2,3,2,23,4,4,0,0,1,1,0,2,0,0,1
22831,1,2,3,2,23,4,5,0,0,2,2,0,2,1,0,1
22832,1,2,3,2,23,4,6,0,0,1,1,0,2,0,0,1
22833,1,2,3,2,23,4,7,1,1,,,9,2,1,0,1
22834,1,2,3,2,23,5,0,1,1,,,9,2,1,0,1
22835,1,2,3,2,23,5,1,0,0,1,1,0,2,0,0,1
22836,1,2,3,2,23,5,2,1,1,,,6,2,1,0,1
22837,1,2,3,2,23,5,3,0,0,1,1,0,2,0,0,1
22838,1,2,3,2,23,5,4,0,0,1,1,0,2,0,0,1
22839,1,2,3,2,23,5,5,1,1,,,6,2,1,0,1
22840,1,2,3,2,23,5,6,0,0,1,1,0,2,0,0,1
22841,1,2,3,2,23,5,7,1,1,,,9,2,1,0,1
22842,1,2,3,2,23,6,0,1,1,,,9,2,1,0,1
22843,1,2,3,2,23,6,1,0,0,1,1,0,2,0,0,1
22844,1,2,3,2,23,6,2,1,1,,,6,2,1,0,1
22845,1,2,3,2,23,6,3,0,0,1,1,0,2,0,0,1
22846,1,2,3,2,23,6,4,0,0,1,1,0,2,0,0,1
22847,1,2,3,2,23,6,5,1,1,,,6,2,1,0,1
22848,1,2,3,2,23,6,6,0,0,1,1,0,2,0,0,1
22849,1,2,3,2,23,6,7,1,1,,,9,2,1,0,1
22850,1,2,3,2,23,7,0,1,1,,,9,2,1,0,1
22851,1,2,3,2,23,7,1,0,0,1,1,0,2,0,0,1
22852,1,2,3,2,23,7,2,0,0,2,2,0,2,1,0,1
22853,1,2,3,2,23,7,3,0,0,1,1,0,2,0,0,1
22854,1,2,3,2,23,7,4,0,0,1,1,0,2,0,0,1
22855,1,2,3,2,23,7,5,0,0,2,2,0,2,1,0,1
22856,1,2,3,2,23,7,6,0,0,1,1,0,2,0,0,1
22857,1,2,3,2,23,7,7,1,1,,,9,2,1,0,1
22858,1,2,3,2,23,8,0,1,1,,,9,2,1,0,1
22859,1,2,3,2,23,8,1,0,0,1,1,0,2,0,0,1
22860,1,2,3,2,23,8,2,1,1,,,6,2,1,0,1
22861,1,2,3,2,23,8,3,0,0,1,1,0,2,0,0,1
22862,1,2,3,2,23,8,4,0,0,1,1,0,2,0,0,1
22863,1,2,3,2,23,8,5,1,1,,,6,2,1,0,1
22864,1,2,3,2,23,8,6,0,0,1,1,0,2,0,0,1
22865,1,2,3,2,23,8,7,1,1,,,9,2,1,0,1
22866,1,2,3,2,23,9,0,1,1,,,9,2,1,0,1
22867,1,2,3,2,23,9,1,0,0,1,1,0,2,0,0,1
22868,1,2,3,2,23,9,2,0,0,2,2,0,2,1,0,1
22869,1,2,3,2,23,9,3,0,0,1,1,0,2,0,0,1
22870,1,2,3,2,23,9,4,0,0,1,1,0,2,0,0,1
22871,1,2,3,2,23,9,5,0,0,2,2,0,2,1,0,1
22872,1,2,3,2,23,9,6,0,0,1,1,0,2,0,0,1
22873,1,2,3,2,23,9,7,1,1,,,9,2,1,0,1
22874,1,2,3,2,23,10,0,1,1,,,9,2,1,0,1
22875,1,2,3,2,23,10,1,0,0,1,1,0,2,0,0,1
22876,1,2,3,2,23,10,2,1,1,,,6,2,1,0,1
22877,1,2,3,2,23,10,3,0,0,1,1,0,2,0,0,1
22878,1,2,3,2,23,10,4,0,0,1,1,0,2,0,0,1
22879,1,2,3,2,23,10,5,1,1,,,6,2,1,0,1
22880,1,2,3,2,23,10,6,0,0,1,1,0,2,0,0,1
22881,1,2,3,2,23,10,7,1,1,,,9,2,1,0,1
22882,1,2,3,2,23,11,0,1,1,,,9,2,1,0,1
22883,1,2,3,2,23,11,1,0,0,1,1,0,2,0,0,1
22884,1,2,3,2,23,11,2,0,0,2,2,0,2,1,0,1
22885,1,2,3,2,23,11,3,0,0,1,1,0,2,0,0,1
22886,1,2,3,2,23,11,4,0,0,1,1,0,2,0,0,1
22887,1,2,3,2,23,11,5,0,0,2,2,0,2,1,0,1
22888,1,2,3,2,23,11,6,0,0,1,1,0,2,0,0,1
22889,1,2,3,2,23,11,7,1,1,,,9,2,1,0,1
22890,1,2,3,2,23,12,0,1,1,,,9,2,1,0,1
22891,1,2,3,2,23,12,1,0,0,1,1,0,2,0,0,1
22892,1,2,3,2,23,12,2,0,0,2,2,0,2,1,0,1
22893,1,2,3,2,23,12,3,0,0,1,1,0,2,0,0,1
22894,1,2,3,2,23,12,4,0,0,1,1,0,2,0,0,1
22895,1,2,3,2,23,12,5,0,0,2,2,0,2,1,0,1
22896,1,2,3,2,23,12,6,0,0,1,1,0,2,0,0,1
22897,1,2,3,2,23,12,7,1,1,,,9,2,1,0,1
22898,1,2,3,2,23,13,0,1,1,,,9,2,1,0,1
22899,1,2,3,2,23,13,1,0,0,1,1,0,2,0,0,1
22900,1,2,3,2,23,13,2,1,1,,,6,2,1,0,1
22901,1,2,3,2,23,13,3,0,0,1,1,0,2,0,0,1
22902,1,2,3,2,23,13,4,0,0,1,1,0,2,0,0,1
22903,1,2,3,2,23,13,5,1,1,,,6,2,1,0,1
22904,1,2,3,2,23,13,6,0,0,1,1,0,2,0,0,1
22905,1,2,3,2,23,13,7,1,1,,,9,2,1,0,1
22906,1,2,3,2,23,14,0,1,1,,,9,2,1,0,1
22907,1,2,3,2,23,14,1,0,0,1,1,0,2,0,0,1
22908,1,2,3,2,23,14,2,0,0,2,2,0,2,1,0,1
22909,1,2,3,2,23,14,3,0,0,1,1,0,2,0,0,1
22910,1,2,3,2,23,14,4,0,0,1,1,0,2,0,0,1
22911,1,2,3,2,23,14,5,0,0,2,2,0,2,1,0,1
22912,1,2,3,2,23,14,6,0,0,1,1,0,2,0,0,1
22913,1,2,3,2,23,14,7,1,1,,,9,2,1,0,1
22914,1,2,3,2,23,15,0,1,1,,,9,2,1,0,1
22915,1,2,3,2,23,15,1,0,0,1,1,0,2,0,0,1
22916,1,2,3,2,23,15,2,0,0,2,2,0,2,1,0,1
22917,1,2,3,2,23,15,3,0,0,1,1,0,2,0,0,1
22918,1,2,3,2,23,15,4,0,0,1,1,0,2,0,0,1
22919,1,2,3,2,23,15,5,0,0,2,2,0,2,1,0,1
22920,1,2,3,2,23,15,6,0,0,1,1,0,2,0,0,1
22921,1,2,3,2,23,15,7,1,1,,,9,2,1,0,1
22922,1,2,3,2,23,16,0,1,1,,,9,2,1,0,1
22923,1,2,3,2,23,16,1,0,0,1,1,0,2,0,0,1
22924,1,2,3,2,23,16,2,1,1,,,6,2,1,0,1
22925,1,2,3,2,23,16,3,0,0,1,1,0,2,0,0,1
22926,1,2,3,2,23,16,4,0,0,1,1,0,2,0,0,1
22927,1,2,3,2,23,16,5,1,1,,,6,2,1,0,1
22928,1,2,3,2,23,16,6,0,0,1,1,0,2,0,0,1
22929,1,2,3,2,23,16,7,1,1,,,9,2,1,0,1
22930,1,2,3,2,23,17,0,1,1,,,9,2,1,0,1
22931,1,2,3,2,23,17,1,0,0,1,1,0,2,0,0,1
22932,1,2,3,2,23,17,2,0,0,2,2,0,2,1,0,1
22933,1,2,3,2,23,17,3,0,0,1,1,0,2,0,0,1
22934,1,2,3,2,23,17,4,0,0,1,1,0,2,0,0,1
22935,1,2,3,2,23,17,5,0,0,2,2,0,2,1,0,1
22936,1,2,3,2,23,17,6,0,0,1,1,0,2,0,0,1
22937,1,2,3,2,23,17,7,1,1,,,9,2,1,0,1
22938,1,2,3,2,23,18,0,1,1,,,9,2,1,0,1
22939,1,2,3,2,23,18,1,0,0,1,1,0,2,0,0,1
22940,1,2,3,2,23,18,2,1,1,,,6,2,1,0,1
22941,1,2,3,2,23,18,3,0,0,1,1,0,2,0,0,1
22942,1,2,3,2,23,18,4,0,0,1,1,0,2,0,0,1
22943,1,2,3,2,23,18,5,1,1,,,6,2,1,0,1
22944,1,2,3,2,23,18,6,0,0,1,1,0,2,0,0,1
22945,1,2,3,2,23,18,7,1,1,,,9,2,1,0,1
22946,1,2,3,2,23,19,0,1,1,,,9,2,1,0,1
22947,1,2,3,2,23,19,1,0,0,1,1,0,2,0,0,1
22948,1,2,3,2,23,19,2,0,0,2,2,0,2,1,0,1
22949,1,2,3,2,23,19,3,0,0,1,1,0,2,0,0,1
22950,1,2,3,2,23,19,4,0,0,1,1,0,2,0,0,1
22951,1,2,3,2,23,19,5,0,0,2,2,0,2,1,0,1
22952,1,2,3,2,23,19,6,0,0,1,1,0,2,0,0,1
22953,1,2,3,2,23,19,7,1,1,,,9,2,1,0,1
22954,1,2,3,2,23,20,0,1,1,,,9,2,1,0,1
22955,1,2,3,2,23,20,1,0,0,1,1,0,2,0,0,1
22956,1,2,3,2,23,20,2,1,1,,,6,2,1,0,1
22957,1,2,3,2,23,20,3,0,0,1,1,0,2,0,0,1
22958,1,2,3,2,23,20,4,0,0,1,1,0,2,0,0,1
22959,1,2,3,2,23,20,5,1,1,,,6,2,1,0,1
22960,1,2,3,2,23,20,6,0,0,1,1,0,2,0,0,1
22961,1,2,3,2,23,20,7,1,1,,,9,2,1,0,1
22962,1,2,3,2,23,21,0,1,1,,,9,2,1,0,1
22963,1,2,3,2,23,21,1,0,0,1,1,0,2,0,0,1
22964,1,2,3,2,23,21,2,1,1,,,6,2,1,0,1
22965,1,2,3,2,23,21,3,0,0,1,1,0,2,0,0,1
22966,1,2,3,2,23,21,4,0,0,1,1,0,2,0,0,1
22967,1,2,3,2,23,21,5,1,1,,,6,2,1,0,1
22968,1,2,3,2,23,21,6,0,0,1,1,0,2,0,0,1
22969,1,2,3,2,23,21,7,1,1,,,9,2,1,0,1
22970,1,2,3,2,23,22,0,1,1,,,9,2,1,0,1
22971,1,2,3,2,23,22,1,0,0,1,1,0,2,0,0,1
22972,1,2,3,2,23,22,2,0,0,2,2,0,2,1,0,1
22973,1,2,3,2,23,22,3,0,0,1,1,0,2,0,0,1
22974,1,2,3,2,23,22,4,0,0,1,1,0,2,0,0,1
22975,1,2,3,2,23,22,5,0,0,2,2,0,2,1,0,1
22976,1,2,3,2,23,22,6,0,0,1,1,0,2,0,0,1
22977,1,2,3,2,23,22,7,1,1,,,9,2,1,0,1
22978,1,2,3,2,23,23,0,1,1,,,9,2,1,0,1
22979,1,2,3,2,23,23,1,0,0,1,1,0,2,0,0,1
22980,1,2,3,2,23,23,2,1,1,,,6,2,1,0,1
22981,1,2,3,2,23,23,3,0,0,1,1,0,2,0,0,1
22982,1,2,3,2,23,23,4,0,0,1,1,0,2,0,0,1
22983,1,2,3,2,23,23,5,1,1,,,6,2,1,0,1
22984,1,2,3,2,23,23,6,0,0,1,1,0,2,0,0,1
22985,1,2,3,2,23,23,7,1,1,,,9,2,1,0,1
22986,1,2,3,2,23,24,0,1,1,,,9,2,1,0,1
22987,1,2,3,2,23,24,1,0,0,1,1,0,2,0,0,1
22988,1,2,3,2,23,24,2,1,1,,,6,2,1,0,1
22989,1,2,3,2,23,24,3,0,0,1,1,0,2,0,0,1
22990,1,2,3,2,23,24,4,0,0,1,1,0,2,0,0,1
22991,1,2,3,2,23,24,5,1,1,,,6,2,1,0,1
22992,1,2,3,2,23,24,6,0,0,1,1,0,2,0,0,1
22993,1,2,3,2,23,24,7,1,1,,,9,2,1,0,1
22994,1,2,3,2,23,25,0,1,1,,,9,2,1,0,1
22995,1,2,3,2,23,25,1,0,0,1,1,0,2,0,0,1
22996,1,2,3,2,23,25,2,0,0,2,2,0,2,1,0,1
22997,1,2,3,2,23,25,3,0,0,1,1,0,2,0,0,1
22998,1,2,3,2,23,25,4,0,0,1,1,0,2,0,0,1
22999,1,2,3,2,23,25,5,0,0,2,2,0,2,1,0,1
23000,1,2,3,2,23,25,6,0,0,1,1,0,2,0,0,1
23001,1,2,3,2,23,25,7,1,1,,,9,2,1,0,1
23002,1,2,3,2,23,26,0,1,1,,,9,2,1,0,1
23003,1,2,3,2,23,26,1,0,0,1,1,0,2,0,0,1
23004,1,2,3,2,23,26,2,1,1,,,6,2,1,0,1
23005,1,2,3,2,23,26,3,0,0,1,1,0,2,0,0,1
23006,1,2,3,2,23,26,4,0,0,1,1,0,2,0,0,1
23007,1,2,3,2,23,26,5,1,1,,,6,2,1,0,1
23008,1,2,3,2,23,26,6,0,0,1,1,0,2,0,0,1
23009,1,2,3,2,23,26,7,1,1,,,9,2,1,0,1
23010,1,2,3,2,24,0,0,1,1,,,9,1,1,1,1
23011,1,2,3,2,24,0,1,1,1,,,3,1,1,1,1
23012,1,2,3,2,24,0,2,1,1,,,6,1,1,1,1
23013,1,2,3,2,24,0,3,1,1,,,6,1,1,1,1
23014,1,2,3,2,24,0,4,1,1,,,6,1,1,1,1
23015,1,2,3,2,24,0,5,1,1,,,6,1,1,1,1
23016,1,2,3,2,24,0,6,1,1,,,3,1,1,1,1
23017,1,2,3,2,24,0,7,1,1,,,9,1,1,1,1
23018,1,2,3,2,24,1,0,1,1,,,9,1,1,1,1
23019,1,2,3,2,24,1,1,1,1,,,3,1,1,1,1
23020,1,2,3,2,24,1,2,1,1,,,3,1,1,1,1
23021,1,2,3,2,24,1,3,1,1,,,6,1,1,1,1
23022,1,2,3,2,24,1,4,1,1,,,6,1,1,1,1
23023,1,2,3,2,24,1,5,1,1,,,3,1,1,1,1
23024,1,2,3,2,24,1,6,1,1,,,3,1,1,1,1
23025,1,2,3,2,24,1,7,1,1,,,9,1,1,1,1
23026,1,2,3,2,24,2,0,1,1,,,9,1,1,1,1
23027,1,2,3,2,24,2,1,1,1,,,3,1,1,1,1
23028,1,2,3,2,24,2,2,1,1,,,6,1,1,1,1
23029,1,2,3,2,24,2,3,1,1,,,3,1,1,1,1
23030,1,2,3,2,24,2,4,1,1,,,3,1,1,1,1
23031,1,2,3,2,24,2,5,1,1,,,6,1,1,1,1
23032,1,2,3,2,24,2,6,1,1,,,3,1,1,1,1
23033,1,2,3,2,24,2,7,1,1,,,9,1,1,1,1
23034,1,2,3,2,24,3,0,1,1,,,9,1,1,1,1
23035,1,2,3,2,24,3,1,1,1,,,3,1,1,1,1
23036,1,2,3,2,24,3,2,1,1,,,6,1,1,1,1
23037,1,2,3,2,24,3,3,1,1,,,6,1,1,1,1
23038,1,2,3,2,24,3,4,1,1,,,6,1,1,1,1
23039,1,2,3,2,24,3,5,1,1,,,6,1,1,1,1
23040,1,2,3,2,24,3,6,1,1,,,3,1,1,1,1
23041,1,2,3,2,24,3,7,1,1,,,9,1,1,1,1
23042,1,2,3,2,24,4,0,1,1,,,9,1,1,1,1
23043,1,2,3,2,24,4,1,1,1,,,3,1,1,1,1
23044,1,2,3,2,24,4,2,1,1,,,3,1,1,1,1
23045,1,2,3,2,24,4,3,1,1,,,6,1,1,1,1
23046,1,2,3,2,24,4,4,1,1,,,6,1,1,1,1
23047,1,2,3,2,24,4,5,1,1,,,3,1,1,1,1
23048,1,2,3,2,24,4,6,1,1,,,3,1,1,1,1
23049,1,2,3,2,24,4,7,1,1,,,9,1,1,1,1
23050,1,2,3,2,24,5,0,1,1,,,9,1,1,1,1
23051,1,2,3,2,24,5,1,1,1,,,3,1,1,1,1
23052,1,2,3,2,24,5,2,1,1,,,6,1,1,1,1
23053,1,2,3,2,24,5,3,1,1,,,3,1,1,1,1
23054,1,2,3,2,24,5,4,1,1,,,3,1,1,1,1
23055,1,2,3,2,24,5,5,1,1,,,6,1,1,1,1
23056,1,2,3,2,24,5,6,1,1,,,3,1,1,1,1
23057,1,2,3,2,24,5,7,1,1,,,9,1,1,1,1
23058,1,2,3,2,24,6,0,1,1,,,9,1,1,1,1
23059,1,2,3,2,24,6,1,1,1,,,3,1,1,1,1
23060,1,2,3,2,24,6,2,1,1,,,6,1,1,1,1
23061,1,2,3,2,24,6,3,1,1,,,3,1,1,1,1
23062,1,2,3,2,24,6,4,1,1,,,3,1,1,1,1
23063,1,2,3,2,24,6,5,1,1,,,6,1,1,1,1
23064,1,2,3,2,24,6,6,1,1,,,3,1,1,1,1
23065,1,2,3,2,24,6,7,1,1,,,9,1,1,1,1
23066,1,2,3,2,24,7,0,1,1,,,9,1,1,1,1
23067,1,2,3,2,24,7,1,1,1,,,3,1,1,1,1
23068,1,2,3,2,24,7,2,1,1,,,3,1,1,1,1
23069,1,2,3,2,24,7,3,1,1,,,3,1,1,1,1
23070,1,2,3,2,24,7,4,1,1,,,3,1,1,1,1
23071,1,2,3,2,24,7,5,1,1,,,3,1,1,1,1
23072,1,2,3,2,24,7,6,1,1,,,3,1,1,1,1
23073,1,2,3,2,24,7,7,1,1,,,9,1,1,1,1
23074,1,2,3,2,24,8,0,1,1,,,9,1,1,1,1
23075,1,2,3,2,24,8,1,1,1,,,3,1,1,1,1
23076,1,2,3,2,24,8,2,1,1,,,6,1,1,1,1
23077,1,2,3,2,24,8,3,1,1,,,6,1,1,1,1
23078,1,2,3,2,24,8,4,1,1,,,6,1,1,1,1
23079,1,2,3,2,24,8,5,1,1,,,6,1,1,1,1
23080,1,2,3,2,24,8,6,1,1,,,3,1,1,1,1
23081,1,2,3,2,24,8,7,1,1,,,9,1,1,1,1
23082,1,2,3,2,24,9,0,1,1,,,9,1,1,1,1
23083,1,2,3,2,24,9,1,1,1,,,3,1,1,1,1
23084,1,2,3,2,24,9,2,1,1,,,3,1,1,1,1
23085,1,2,3,2,24,9,3,1,1,,,6,1,1,1,1
23086,1,2,3,2,24,9,4,1,1,,,6,1,1,1,1
23087,1,2,3,2,24,9,5,1,1,,,3,1,1,1,1
23088,1,2,3,2,24,9,6,1,1,,,3,1,1,1,1
23089,1,2,3,2,24,9,7,1,1,,,9,1,1,1,1
23090,1,2,3,2,24,10,0,1,1,,,9,1,1,1,1
23091,1,2,3,2,24,10,1,1,1,,,3,1,1,1,1
23092,1,2,3,2,24,10,2,1,1,,,6,1,1,1,1
23093,1,2,3,2,24,10,3,1,1,,,6,1,1,1,1
23094,1,2,3,2,24,10,4,1,1,,,6,1,1,1,1
23095,1,2,3,2,24,10,5,1,1,,,6,1,1,1,1
23096,1,2,3,2,24,10,6,1,1,,,3,1,1,1,1
23097,1,2,3,2,24,10,7,1,1,,,9,1,1,1,1
23098,1,2,3,2,24,11,0,1,1,,,9,1,1,1,1
23099,1,2,3,2,24,11,1,1,1,,,3,1,1,1,1
23100,1,2,3,2,24,11,2,1,1,,,3,1,1,1,1
23101,1,2,3,2,24,11,3,1,1,,,3,1,1,1,1
23102,1,2,3,2,24,11,4,1,1,,,3,1,1,1,1
23103,1,2,3,2,24,11,5,1,1,,,3,1,1,1,1
23104,1,2,3,2,24,11,6,1,1,,,3,1,1,1,1
23105,1,2,3,2,24,11,7,1,1,,,9,1,1,1,1
23106,1,2,3,2,24,12,0,1,1,,,9,1,1,1,1
23107,1,2,3,2,24,12,1,1,1,,,3,1,1,1,1
23108,1,2,3,2,24,12,2,1,1,,,3,1,1,1,1
23109,1,2,3,2,24,12,3,1,1,,,6,1,1,1,1
23110,1,2,3,2,24,12,4,1,1,,,6,1,1,1,1
23111,1,2,3,2,24,12,5,1,1,,,3,1,1,1,1
23112,1,2,3,2,24,12,6,1,1,,,3,1,1,1,1
23113,1,2,3,2,24,12,7,1,1,,,9,1,1,1,1
23114,1,2,3,2,24,13,0,1,1,,,9,1,1,1,1
23115,1,2,3,2,24,13,1,1,1,,,3,1,1,1,1
23116,1,2,3,2,24,13,2,1,1,,,6,1,1,1,1
23117,1,2,3,2,24,13,3,1,1,,,6,1,1,1,1
23118,1,2,3,2,24,13,4,1,1,,,6,1,1,1,1
23119,1,2,3,2,24,13,5,1,1,,,6,1,1,1,1
23120,1,2,3,2,24,13,6,1,1,,,3,1,1,1,1
23121,1,2,3,2,24,13,7,1,1,,,9,1,1,1,1
23122,1,2,3,2,24,14,0,1,1,,,9,1,1,1,1
23123,1,2,3,2,24,14,1,1,1,,,3,1,1,1,1
23124,1,2,3,2,24,14,2,1,1,,,3,1,1,1,1
23125,1,2,3,2,24,14,3,1,1,,,3,1,1,1,1
23126,1,2,3,2,24,14,4,1,1,,,3,1,1,1,1
23127,1,2,3,2,24,14,5,1,1,,,3,1,1,1,1
23128,1,2,3,2,24,14,6,1,1,,,3,1,1,1,1
23129,1,2,3,2,24,14,7,1,1,,,9,1,1,1,1
23130,1,2,3,2,24,15,0,1,1,,,9,1,1,1,1
23131,1,2,3,2,24,15,1,1,1,,,3,1,1,1,1
23132,1,2,3,2,24,15,2,1,1,,,3,1,1,1,1
23133,1,2,3,2,24,15,3,1,1,,,3,1,1,1,1
23134,1,2,3,2,24,15,4,1,1,,,3,1,1,1,1
23135,1,2,3,2,24,15,5,1,1,,,3,1,1,1,1
23136,1,2,3,2,24,15,6,1,1,,,3,1,1,1,1
23137,1,2,3,2,24,15,7,1,1,,,9,1,1,1,1
23138,1,2,3,2,24,16,0,1,1,,,9,1,1,1,1
23139,1,2,3,2,24,16,1,1,1,,,3,1,1,1,1
23140,1,2,3,2,24,16,2,1,1,,,6,1,1,1,1
23141,1,2,3,2,24,16,3,1,1,,,3,1,1,1,1
23142,1,2,3,2,24,16,4,1,1,,,3,1,1,1,1
23143,1,2,3,2,24,16,5,1,1,,,6,1,1,1,1
23144,1,2,3,2,24,16,6,1,1,,,3,1,1,1,1
23145,1,2,3,2,24,16,7,1,1,,,9,1,1,1,1
23146,1,2,3,2,24,17,0,1,1,,,9,1,1,1,1
23147,1,2,3,2,24,17,1,1,1,,,3,1,1,1,1
23148,1,2,3,2,24,17,2,1,1,,,3,1,1,1,1
23149,1,2,3,2,24,17,3,1,1,,,6,1,1,1,1
23150,1,2,3,2,24,17,4,1,1,,,6,1,1,1,1
23151,1,2,3,2,24,17,5,1,1,,,3,1,1,1,1
23152,1,2,3,2,24,17,6,1,1,,,3,1,1,1,1
23153,1,2,3,2,24,17,7,1,1,,,9,1,1,1,1
23154,1,2,3,2,24,18,0,1,1,,,9,1,1,1,1
23155,1,2,3,2,24,18,1,1,1,,,3,1,1,1,1
23156,1,2,3,2,24,18,2,1,1,,,6,1,1,1,1
23157,1,2,3,2,24,18,3,1,1,,,6,1,1,1,1
23158,1,2,3,2,24,18,4,1,1,,,6,1,1,1,1
23159,1,2,3,2,24,18,5,1,1,,,6,1,1,1,1
23160,1,2,3,2,24,18,6,1,1,,,3,1,1,1,1
23161,1,2,3,2,24,18,7,1,1,,,9,1,1,1,1
23162,1,2,3,2,24,19,0,1,1,,,9,1,1,1,1
23163,1,2,3,2,24,19,1,1,1,,,3,1,1,1,1
23164,1,2,3,2,24,19,2,1,1,,,3,1,1,1,1
23165,1,2,3,2,24,19,3,1,1,,,6,1,1,1,1
23166,1,2,3,2,24,19,4,1,1,,,6,1,1,1,1
23167,1,2,3,2,24,19,5,1,1,,,3,1,1,1,1
23168,1,2,3,2,24,19,6,1,1,,,3,1,1,1,1
23169,1,2,3,2,24,19,7,1,1,,,9,1,1,1,1
23170,1,2,3,2,24,20,0,1,1,,,9,1,1,1,1
23171,1,2,3,2,24,20,1,1,1,,,3,1,1,1,1
23172,1,2,3,2,24,20,2,1,1,,,6,1,1,1,1
23173,1,2,3,2,24,20,3,1,1,,,3,1,1,1,1
23174,1,2,3,2,24,20,4,1,1,,,3,1,1,1,1
23175,1,2,3,2,24,20,5,1,1,,,6,1,1,1,1
23176,1,2,3,2,24,20,6,1,1,,,3,1,1,1,1
23177,1,2,3,2,24,20,7,1,1,,,9,1,1,1,1
23178,1,2,3,2,24,21,0,1,1,,,9,1,1,1,1
23179,1,2,3,2,24,21,1,1,1,,,3,1,1,1,1
23180,1,2,3,2,24,21,2,1,1,,,6,1,1,1,1
23181,1,2,3,2,24,21,3,1,1,,,6,1,1,1,1
23182,1,2,3,2,24,21,4,1,1,,,6,1,1,1,1
23183,1,2,3,2,24,21,5,1,1,,,6,1,1,1,1
23184,1,2,3,2,24,21,6,1,1,,,3,1,1,1,1
23185,1,2,3,2,24,21,7,1,1,,,9,1,1,1,1
23186,1,2,3,2,24,22,0,1,1,,,9,1,1,1,1
23187,1,2,3,2,24,22,1,1,1,,,3,1,1,1,1
23188,1,2,3,2,24,22,2,1,1,,,3,1,1,1,1
23189,1,2,3,2,24,22,3,1,1,,,6,1,1,1,1
23190,1,2,3,2,24,22,4,1,1,,,6,1,1,1,1
23191,1,2,3,2,24,22,5,1,1,,,3,1,1,1,1
23192,1,2,3,2,24,22,6,1,1,,,3,1,1,1,1
23193,1,2,3,2,24,22,7,1,1,,,9,1,1,1,1
23194,1,2,3,2,24,23,0,1,1,,,9,1,1,1,1
23195,1,2,3,2,24,23,1,1,1,,,3,1,1,1,1
23196,1,2,3,2,24,23,2,1,1,,,6,1,1,1,1
23197,1,2,3,2,24,23,3,1,1,,,3,1,1,1,1
23198,1,2,3,2,24,23,4,1,1,,,3,1,1,1,1
23199,1,2,3,2,24,23,5,1,1,,,6,1,1,1,1
23200,1,2,3,2,24,23,6,1,1,,,3,1,1,1,1
23201,1,2,3,2,24,23,7,1,1,,,9,1,1,1,1
23202,1,2,3,2,24,24,0,1,1,,,9,1,1,1,1
23203,1,2,3,2,24,24,1,1,1,,,3,1,1,1,1
23204,1,2,3,2,24,24,2,1,1,,,6,1,1,1,1
23205,1,2,3,2,24,24,3,1,1,,,3,1,1,1,1
23206,1,2,3,2,24,24,4,1,1,,,3,1,1,1,1
23207,1,2,3,2,24,24,5,1,1,,,6,1,1,1,1
23208,1,2,3,2,24,24,6,1,1,,,3,1,1,1,1
23209,1,2,3,2,24,24,7,1,1,,,9,1,1,1,1
23210,1,2,3,2,24,25,0,1,1,,,9,1,1,1,1
23211,1,2,3,2,24,25,1,1,1,,,3,1,1,1,1
23212,1,2,3,2,24,25,2,1,1,,,3,1,1,1,1
23213,1,2,3,2,24,25,3,1,1,,,3,1,1,1,1
23214,1,2,3,2,24,25,4,1,1,,,3,1,1,1,1
23215,1,2,3,2,24,25,5,1,1,,,3,1,1,1,1
23216,1,2,3,2,24,25,6,1,1,,,3,1,1,1,1
23217,1,2,3,2,24,25,7,1,1,,,9,1,1,1,1
23218,1,2,3,2,24,26,0,1,1,,,9,1,1,1,1
23219,1,2,3,2,24,26,1,1,1,,,3,1,1,1,1
23220,1,2,3,2,24,26,2,1,1,,,6,1,1,1,1
23221,1,2,3,2,24,26,3,1,1,,,6,1,1,1,1
23222,1,2,3,2,24,26,4,1,1,,,6,1,1,1,1
23223,1,2,3,2,24,26,5,1,1,,,6,1,1,1,1
23224,1,2,3,2,24,26,6,1,1,,,3,1,1,1,1
23225,1,2,3,2,24,26,7,1,1,,,9,1,1,1,1
23226,1,2,3,2,25,0,0,1,1,,,9,3,1,0,1
23227,1,2,3,2,25,0,1,0,0,1,1,0,3,0,0,1
23228,1,2,3,2,25,0,2,0,0,1,1,0,3,0,0,1
23229,1,2,3,2,25,0,3,0,0,2,2,0,3,0,0,1
23230,1,2,3,2,25,0,4,0,0,2,2,0,3,0,0,1
23231,1,2,3,2,25,0,5,0,0,1,1,0,3,0,0,1
23232,1,2,3,2,25,0,6,0,0,1,1,0,3,0,0,1
23233,1,2,3,2,25,0,7,1,1,,,9,3,1,0,1
23234,1,2,3,2,25,1,0,1,1,,,9,3,1,0,1
23235,1,2,3,2,25,1,1,0,0,1,1,0,3,0,0,1
23236,1,2,3,2,25,1,2,0,0,1,1,0,3,0,0,1
23237,1,2,3,2,25,1,3,0,0,2,2,0,3,0,0,1
23238,1,2,3,2,25,1,4,0,0,2,2,0,3,0,0,1
23239,1,2,3,2,25,1,5,0,0,1,1,0,3,0,0,1
23240,1,2,3,2,25,1,6,0,0,1,1,0,3,0,0,1
23241,1,2,3,2,25,1,7,1,1,,,9,3,1,0,1
23242,1,2,3,2,25,2,0,1,1,,,9,3,1,0,1
23243,1,2,3,2,25,2,1,0,0,1,1,0,3,0,0,1
23244,1,2,3,2,25,2,2,0,0,1,1,0,3,0,0,1
23245,1,2,3,2,25,2,3,0,0,2,2,0,3,0,0,1
23246,1,2,3,2,25,2,4,0,0,2,2,0,3,0,0,1
23247,1,2,3,2,25,2,5,0,0,1,1,0,3,0,0,1
23248,1,2,3,2,25,2,6,0,0,1,1,0,3,0,0,1
23249,1,2,3,2,25,2,7,1,1,,,9,3,1,0,1
23250,1,2,3,2,25,3,0,1,1,,,9,3,1,0,1
23251,1,2,3,2,25,3,1,0,0,1,1,0,3,0,0,1
23252,1,2,3,2,25,3,2,0,0,1,1,0,3,0,0,1
23253,1,2,3,2,25,3,3,0,0,2,2,0,3,0,0,1
23254,1,2,3,2,25,3,4,0,0,2,2,0,3,0,0,1
23255,1,2,3,2,25,3,5,0,0,1,1,0,3,0,0,1
23256,1,2,3,2,25,3,6,0,0,1,1,0,3,0,0,1
23257,1,2,3,2,25,3,7,1,1,,,9,3,1,0,1
23258,1,2,3,2,25,4,0,1,1,,,9,3,1,0,1
23259,1,2,3,2,25,4,1,0,0,1,1,0,3,0,0,1
23260,1,2,3,2,25,4,2,0,0,1,1,0,3,0,0,1
23261,1,2,3,2,25,4,3,0,0,2,2,0,3,0,0,1
23262,1,2,3,2,25,4,4,0,0,2,2,0,3,0,0,1
23263,1,2,3,2,25,4,5,0,0,1,1,0,3,0,0,1
23264,1,2,3,2,25,4,6,0,0,1,1,0,3,0,0,1
23265,1,2,3,2,25,4,7,1,1,,,9,3,1,0,1
23266,1,2,3,2,25,5,0,1,1,,,9,3,1,0,1
23267,1,2,3,2,25,5,1,0,0,1,1,0,3,0,0,1
23268,1,2,3,2,25,5,2,0,0,1,1,0,3,0,0,1
23269,1,2,3,2,25,5,3,0,0,2,2,0,3,0,0,1
23270,1,2,3,2,25,5,4,0,0,2,2,0,3,0,0,1
23271,1,2,3,2,25,5,5,0,0,1,1,0,3,0,0,1
23272,1,2,3,2,25,5,6,0,0,1,1,0,3,0,0,1
23273,1,2,3,2,25,5,7,1,1,,,9,3,1,0,1
23274,1,2,3,2,25,6,0,1,1,,,9,3,1,0,1
23275,1,2,3,2,25,6,1,0,0,1,1,0,3,0,0,1
23276,1,2,3,2,25,6,2,0,0,1,1,0,3,0,0,1
23277,1,2,3,2,25,6,3,0,0,2,2,0,3,0,0,1
23278,1,2,3,2,25,6,4,0,0,2,2,0,3,0,0,1
23279,1,2,3,2,25,6,5,0,0,1,1,0,3,0,0,1
23280,1,2,3,2,25,6,6,0,0,1,1,0,3,0,0,1
23281,1,2,3,2,25,6,7,1,1,,,9,3,1,0,1
23282,1,2,3,2,25,7,0,1,1,,,9,3,1,0,1
23283,1,2,3,2,25,7,1,0,0,1,1,0,3,0,0,1
23284,1,2,3,2,25,7,2,0,0,1,1,0,3,0,0,1
23285,1,2,3,2,25,7,3,0,0,2,2,0,3,0,0,1
23286,1,2,3,2,25,7,4,0,0,2,2,0,3,0,0,1
23287,1,2,3,2,25,7,5,0,0,1,1,0,3,0,0,1
23288,1,2,3,2,25,7,6,0,0,1,1,0,3,0,0,1
23289,1,2,3,2,25,7,7,1,1,,,9,3,1,0,1
23290,1,2,3,2,25,8,0,1,1,,,9,3,1,0,1
23291,1,2,3,2,25,8,1,0,0,1,1,0,3,0,0,1
23292,1,2,3,2,25,8,2,0,0,1,1,0,3,0,0,1
23293,1,2,3,2,25,8,3,0,0,2,2,0,3,0,0,1
23294,1,2,3,2,25,8,4,0,0,2,2,0,3,0,0,1
23295,1,2,3,2,25,8,5,0,0,1,1,0,3,0,0,1
23296,1,2,3,2,25,8,6,0,0,1,1,0,3,0,0,1
23297,1,2,3,2,25,8,7,1,1,,,9,3,1,0,1
23298,1,2,3,2,25,9,0,1,1,,,9,3,1,0,1
23299,1,2,3,2,25,9,1,0,0,1,1,0,3,0,0,1
23300,1,2,3,2,25,9,2,0,0,1,1,0,3,0,0,1
23301,1,2,3,2,25,9,3,0,0,2,2,0,3,0,0,1
23302,1,2,3,2,25,9,4,0,0,2,2,0,3,0,0,1
23303,1,2,3,2,25,9,5,0,0,1,1,0,3,0,0,1
23304,1,2,3,2,25,9,6,0,0,1,1,0,3,0,0,1
23305,1,2,3,2,25,9,7,1,1,,,9,3,1,0,1
23306,1,2,3,2,25,10,0,1,1,,,9,3,1,0,1
23307,1,2,3,2,25,10,1,0,0,1,1,0,3,0,0,1
23308,1,2,3,2,25,10,2,0,0,1,1,0,3,0,0,1
23309,1,2,3,2,25,10,3,0,0,2,2,0,3,0,0,1
23310,1,2,3,2,25,10,4,0,0,2,2,0,3,0,0,1
23311,1,2,3,2,25,10,5,0,0,1,1,0,3,0,0,1
23312,1,2,3,2,25,10,6,0,0,1,1,0,3,0,0,1
23313,1,2,3,2,25,10,7,1,1,,,9,3,1,0,1
23314,1,2,3,2,25,11,0,1,1,,,9,3,1,0,1
23315,1,2,3,2,25,11,1,0,0,1,1,0,3,0,0,1
23316,1,2,3,2,25,11,2,0,0,1,1,0,3,0,0,1
23317,1,2,3,2,25,11,3,0,0,2,2,0,3,0,0,1
23318,1,2,3,2,25,11,4,0,0,2,2,0,3,0,0,1
23319,1,2,3,2,25,11,5,0,0,1,1,0,3,0,0,1
23320,1,2,3,2,25,11,6,0,0,1,1,0,3,0,0,1
23321,1,2,3,2,25,11,7,1,1,,,9,3,1,0,1
23322,1,2,3,2,25,12,0,1,1,,,9,3,1,0,1
23323,1,2,3,2,25,12,1,0,0,1,1,0,3,0,0,1
23324,1,2,3,2,25,12,2,0,0,1,1,0,3,0,0,1
23325,1,2,3,2,25,12,3,0,0,2,2,0,3,0,0,1
23326,1,2,3,2,25,12,4,0,0,2,2,0,3,0,0,1
23327,1,2,3,2,25,12,5,0,0,1,1,0,3,0,0,1
23328,1,2,3,2,25,12,6,0,0,1,1,0,3,0,0,1
23329,1,2,3,2,25,12,7,1,1,,,9,3,1,0,1
23330,1,2,3,2,25,13,0,1,1,,,9,3,1,0,1
23331,1,2,3,2,25,13,1,0,0,1,1,0,3,0,0,1
23332,1,2,3,2,25,13,2,0,0,1,1,0,3,0,0,1
23333,1,2,3,2,25,13,3,0,0,2,2,0,3,0,0,1
23334,1,2,3,2,25,13,4,0,0,2,2,0,3,0,0,1
23335,1,2,3,2,25,13,5,0,0,1,1,0,3,0,0,1
23336,1,2,3,2,25,13,6,0,0,1,1,0,3,0,0,1
23337,1,2,3,2,25,13,7,1,1,,,9,3,1,0,1
23338,1,2,3,2,25,14,0,1,1,,,9,3,1,0,1
23339,1,2,3,2,25,14,1,0,0,1,1,0,3,0,0,1
23340,1,2,3,2,25,14,2,0,0,1,1,0,3,0,0,1
23341,1,2,3,2,25,14,3,0,0,2,2,0,3,0,0,1
23342,1,2,3,2,25,14,4,0,0,2,2,0,3,0,0,1
23343,1,2,3,2,25,14,5,0,0,1,1,0,3,0,0,1
23344,1,2,3,2,25,14,6,0,0,1,1,0,3,0,0,1
23345,1,2,3,2,25,14,7,1,1,,,9,3,1,0,1
23346,1,2,3,2,25,15,0,1,1,,,9,3,1,0,1
23347,1,2,3,2,25,15,1,0,0,1,1,0,3,0,0,1
23348,1,2,3,2,25,15,2,0,0,1,1,0,3,0,0,1
23349,1,2,3,2,25,15,3,0,0,2,2,0,3,0,0,1
23350,1,2,3,2,25,15,4,0,0,2,2,0,3,0,0,1
23351,1,2,3,2,25,15,5,0,0,1,1,0,3,0,0,1
23352,1,2,3,2,25,15,6,0,0,1,1,0,3,0,0,1
23353,1,2,3,2,25,15,7,1,1,,,9,3,1,0,1
23354,1,2,3,2,25,16,0,1,1,,,9,3,1,0,1
23355,1,2,3,2,25,16,1,0,0,1,1,0,3,0,0,1
23356,1,2,3,2,25,16,2,0,0,1,1,0,3,0,0,1
23357,1,2,3,2,25,16,3,0,0,2,2,0,3,0,0,1
23358,1,2,3,2,25,16,4,0,0,2,2,0,3,0,0,1
23359,1,2,3,2,25,16,5,0,0,1,1,0,3,0,0,1
23360,1,2,3,2,25,16,6,0,0,1,1,0,3,0,0,1
23361,1,2,3,2,25,16,7,1,1,,,9,3,1,0,1
23362,1,2,3,2,25,17,0,1,1,,,9,3,1,0,1
23363,1,2,3,2,25,17,1,0,0,1,1,0,3,0,0,1
23364,1,2,3,2,25,17,2,0,0,1,1,0,3,0,0,1
23365,1,2,3,2,25,17,3,0,0,2,2,0,3,0,0,1
23366,1,2,3,2,25,17,4,0,0,2,2,0,3,0,0,1
23367,1,2,3,2,25,17,5,0,0,1,1,0,3,0,0,1
23368,1,2,3,2,25,17,6,0,0,1,1,0,3,0,0,1
23369,1,2,3,2,25,17,7,1,1,,,9,3,1,0,1
23370,1,2,3,2,25,18,0,1,1,,,9,3,1,0,1
23371,1,2,3,2,25,18,1,0,0,1,1,0,3,0,0,1
23372,1,2,3,2,25,18,2,0,0,1,1,0,3,0,0,1
23373,1,2,3,2,25,18,3,0,0,2,2,0,3,0,0,1
23374,1,2,3,2,25,18,4,0,0,2,2,0,3,0,0,1
23375,1,2,3,2,25,18,5,0,0,1,1,0,3,0,0,1
23376,1,2,3,2,25,18,6,0,0,1,1,0,3,0,0,1
23377,1,2,3,2,25,18,7,1,1,,,9,3,1,0,1
23378,1,2,3,2,25,19,0,1,1,,,9,3,1,0,1
23379,1,2,3,2,25,19,1,0,0,1,1,0,3,0,0,1
23380,1,2,3,2,25,19,2,0,0,1,1,0,3,0,0,1
23381,1,2,3,2,25,19,3,0,0,2,2,0,3,0,0,1
23382,1,2,3,2,25,19,4,0,0,2,2,0,3,0,0,1
23383,1,2,3,2,25,19,5,0,0,1,1,0,3,0,0,1
23384,1,2,3,2,25,19,6,0,0,1,1,0,3,0,0,1
23385,1,2,3,2,25,19,7,1,1,,,9,3,1,0,1
23386,1,2,3,2,25,20,0,1,1,,,9,3,1,0,1
23387,1,2,3,2,25,20,1,0,0,1,1,0,3,0,0,1
23388,1,2,3,2,25,20,2,0,0,1,1,0,3,0,0,1
23389,1,2,3,2,25,20,3,0,0,2,2,0,3,0,0,1
23390,1,2,3,2,25,20,4,0,0,2,2,0,3,0,0,1
23391,1,2,3,2,25,20,5,0,0,1,1,0,3,0,0,1
23392,1,2,3,2,25,20,6,0,0,1,1,0,3,0,0,1
23393,1,2,3,2,25,20,7,1,1,,,9,3,1,0,1
23394,1,2,3,2,25,21,0,1,1,,,9,3,1,0,1
23395,1,2,3,2,25,21,1,0,0,1,1,0,3,0,0,1
23396,1,2,3,2,25,21,2,0,0,1,1,0,3,0,0,1
23397,1,2,3,2,25,21,3,0,0,2,2,0,3,0,0,1
23398,1,2,3,2,25,21,4,0,0,2,2,0,3,0,0,1
23399,1,2,3,2,25,21,5,0,0,1,1,0,3,0,0,1
23400,1,2,3,2,25,21,6,0,0,1,1,0,3,0,0,1
23401,1,2,3,2,25,21,7,1,1,,,9,3,1,0,1
23402,1,2,3,2,25,22,0,1,1,,,9,3,1,0,1
23403,1,2,3,2,25,22,1,0,0,1,1,0,3,0,0,1
23404,1,2,3,2,25,22,2,0,0,1,1,0,3,0,0,1
23405,1,2,3,2,25,22,3,0,0,2,2,0,3,0,0,1
23406,1,2,3,2,25,22,4,0,0,2,2,0,3,0,0,1
23407,1,2,3,2,25,22,5,0,0,1,1,0,3,0,0,1
23408,1,2,3,2,25,22,6,0,0,1,1,0,3,0,0,1
23409,1,2,3,2,25,22,7,1,1,,,9,3,1,0,1
23410,1,2,3,2,25,23,0,1,1,,,9,3,1,0,1
23411,1,2,3,2,25,23,1,0,0,1,1,0,3,0,0,1
23412,1,2,3,2,25,23,2,0,0,1,1,0,3,0,0,1
23413,1,2,3,2,25,23,3,0,0,2,2,0,3,0,0,1
23414,1,2,3,2,25,23,4,0,0,2,2,0,3,0,0,1
23415,1,2,3,2,25,23,5,0,0,1,1,0,3,0,0,1
23416,1,2,3,2,25,23,6,0,0,1,1,0,3,0,0,1
23417,1,2,3,2,25,23,7,1,1,,,9,3,1,0,1
23418,1,2,3,2,25,24,0,1,1,,,9,3,1,0,1
23419,1,2,3,2,25,24,1,0,0,1,1,0,3,0,0,1
23420,1,2,3,2,25,24,2,0,0,1,1,0,3,0,0,1
23421,1,2,3,2,25,24,3,0,0,2,2,0,3,0,0,1
23422,1,2,3,2,25,24,4,0,0,2,2,0,3,0,0,1
23423,1,2,3,2,25,24,5,0,0,1,1,0,3,0,0,1
23424,1,2,3,2,25,24,6,0,0,1,1,0,3,0,0,1
23425,1,2,3,2,25,24,7,1,1,,,9,3,1,0,1
23426,1,2,3,2,25,25,0,1,1,,,9,3,1,0,1
23427,1,2,3,2,25,25,1,0,0,1,1,0,3,0,0,1
23428,1,2,3,2,25,25,2,0,0,1,1,0,3,0,0,1
23429,1,2,3,2,25,25,3,0,0,2,2,0,3,0,0,1
23430,1,2,3,2,25,25,4,0,0,2,2,0,3,0,0,1
23431,1,2,3,2,25,25,5,0,0,1,1,0,3,0,0,1
23432,1,2,3,2,25,25,6,0,0,1,1,0,3,0,0,1
23433,1,2,3,2,25,25,7,1,1,,,9,3,1,0,1
23434,1,2,3,2,25,26,0,1,1,,,9,3,1,0,1
23435,1,2,3,2,25,26,1,0,0,1,1,0,3,0,0,1
23436,1,2,3,2,25,26,2,0,0,1,1,0,3,0,0,1
23437,1,2,3,2,25,26,3,0,0,2,2,0,3,0,0,1
23438,1,2,3,2,25,26,4,0,0,2,2,0,3,0,0,1
23439,1,2,3,2,25,26,5,0,0,1,1,0,3,0,0,1
23440,1,2,3,2,25,26,6,0,0,1,1,0,3,0,0,1
23441,1,2,3,2,25,26,7,1,1,,,9,3,1,0,1
23442,1,2,3,2,26,0,0,1,1,,,9,2,1,0,1
23443,1,2,3,2,26,0,1,0,0,1,1,0,2,0,0,1
23444,1,2,3,2,26,0,2,1,1,,,6,2,1,0,1
23445,1,2,3,2,26,0,3,0,0,1,1,0,2,0,0,1
23446,1,2,3,2,26,0,4,0,0,1,1,0,2,0,0,1
23447,1,2,3,2,26,0,5,1,1,,,6,2,1,0,1
23448,1,2,3,2,26,0,6,0,0,1,1,0,2,0,0,1
23449,1,2,3,2,26,0,7,1,1,,,9,2,1,0,1
23450,1,2,3,2,26,1,0,1,1,,,9,2,1,0,1
23451,1,2,3,2,26,1,1,0,0,1,1,0,2,0,0,1
23452,1,2,3,2,26,1,2,0,0,2,2,0,2,1,0,1
23453,1,2,3,2,26,1,3,0,0,1,1,0,2,0,0,1
23454,1,2,3,2,26,1,4,0,0,1,1,0,2,0,0,1
23455,1,2,3,2,26,1,5,0,0,2,2,0,2,1,0,1
23456,1,2,3,2,26,1,6,0,0,1,1,0,2,0,0,1
23457,1,2,3,2,26,1,7,1,1,,,9,2,1,0,1
23458,1,2,3,2,26,2,0,1,1,,,9,2,1,0,1
23459,1,2,3,2,26,2,1,0,0,1,1,0,2,0,0,1
23460,1,2,3,2,26,2,2,1,1,,,6,2,1,0,1
23461,1,2,3,2,26,2,3,0,0,1,1,0,2,0,0,1
23462,1,2,3,2,26,2,4,0,0,1,1,0,2,0,0,1
23463,1,2,3,2,26,2,5,1,1,,,6,2,1,0,1
23464,1,2,3,2,26,2,6,0,0,1,1,0,2,0,0,1
23465,1,2,3,2,26,2,7,1,1,,,9,2,1,0,1
23466,1,2,3,2,26,3,0,1,1,,,9,2,1,0,1
23467,1,2,3,2,26,3,1,0,0,1,1,0,2,0,0,1
23468,1,2,3,2,26,3,2,1,1,,,6,2,1,0,1
23469,1,2,3,2,26,3,3,0,0,1,1,0,2,0,0,1
23470,1,2,3,2,26,3,4,0,0,1,1,0,2,0,0,1
23471,1,2,3,2,26,3,5,1,1,,,6,2,1,0,1
23472,1,2,3,2,26,3,6,0,0,1,1,0,2,0,0,1
23473,1,2,3,2,26,3,7,1,1,,,9,2,1,0,1
23474,1,2,3,2,26,4,0,1,1,,,9,2,1,0,1
23475,1,2,3,2,26,4,1,0,0,1,1,0,2,0,0,1
23476,1,2,3,2,26,4,2,0,0,2,2,0,2,1,0,1
23477,1,2,3,2,26,4,3,0,0,1,1,0,2,0,0,1
23478,1,2,3,2,26,4,4,0,0,1,1,0,2,0,0,1
23479,1,2,3,2,26,4,5,0,0,2,2,0,2,1,0,1
23480,1,2,3,2,26,4,6,0,0,1,1,0,2,0,0,1
23481,1,2,3,2,26,4,7,1,1,,,9,2,1,0,1
23482,1,2,3,2,26,5,0,1,1,,,9,2,1,0,1
23483,1,2,3,2,26,5,1,0,0,1,1,0,2,0,0,1
23484,1,2,3,2,26,5,2,1,1,,,6,2,1,0,1
23485,1,2,3,2,26,5,3,0,0,1,1,0,2,0,0,1
23486,1,2,3,2,26,5,4,0,0,1,1,0,2,0,0,1
23487,1,2,3,2,26,5,5,1,1,,,6,2,1,0,1
23488,1,2,3,2,26,5,6,0,0,1,1,0,2,0,0,1
23489,1,2,3,2,26,5,7,1,1,,,9,2,1,0,1
23490,1,2,3,2,26,6,0,1,1,,,9,2,1,0,1
23491,1,2,3,2,26,6,1,0,0,1,1,0,2,0,0,1
23492,1,2,3,2,26,6,2,1,1,,,6,2,1,0,1
23493,1,2,3,2,26,6,3,0,0,1,1,0,2,0,0,1
23494,1,2,3,2,26,6,4,0,0,1,1,0,2,0,0,1
23495,1,2,3,2,26,6,5,1,1,,,6,2,1,0,1
23496,1,2,3,2,26,6,6,0,0,1,1,0,2,0,0,1
23497,1,2,3,2,26,6,7,1,1,,,9,2,1,0,1
23498,1,2,3,2,26,7,0,1,1,,,9,2,1,0,1
23499,1,2,3,2,26,7,1,0,0,1,1,0,2,0,0,1
23500,1,2,3,2,26,7,2,0,0,2,2,0,2,1,0,1
23501,1,2,3,2,26,7,3,0,0,1,1,0,2,0,0,1
23502,1,2,3,2,26,7,4,0,0,1,1,0,2,0,0,1
23503,1,2,3,2,26,7,5,0,0,2,2,0,2,1,0,1
23504,1,2,3,2,26,7,6,0,0,1,1,0,2,0,0,1
23505,1,2,3,2,26,7,7,1,1,,,9,2,1,0,1
23506,1,2,3,2,26,8,0,1,1,,,9,2,1,0,1
23507,1,2,3,2,26,8,1,0,0,1,1,0,2,0,0,1
23508,1,2,3,2,26,8,2,1,1,,,6,2,1,0,1
23509,1,2,3,2,26,8,3,0,0,1,1,0,2,0,0,1
23510,1,2,3,2,26,8,4,0,0,1,1,0,2,0,0,1
23511,1,2,3,2,26,8,5,1,1,,,6,2,1,0,1
23512,1,2,3,2,26,8,6,0,0,1,1,0,2,0,0,1
23513,1,2,3,2,26,8,7,1,1,,,9,2,1,0,1
23514,1,2,3,2,26,9,0,1,1,,,9,2,1,0,1
23515,1,2,3,2,26,9,1,0,0,1,1,0,2,0,0,1
23516,1,2,3,2,26,9,2,0,0,2,2,0,2,1,0,1
23517,1,2,3,2,26,9,3,0,0,1,1,0,2,0,0,1
23518,1,2,3,2,26,9,4,0,0,1,1,0,2,0,0,1
23519,1,2,3,2,26,9,5,0,0,2,2,0,2,1,0,1
23520,1,2,3,2,26,9,6,0,0,1,1,0,2,0,0,1
23521,1,2,3,2,26,9,7,1,1,,,9,2,1,0,1
23522,1,2,3,2,26,10,0,1,1,,,9,2,1,0,1
23523,1,2,3,2,26,10,1,0,0,1,1,0,2,0,0,1
23524,1,2,3,2,26,10,2,1,1,,,6,2,1,0,1
23525,1,2,3,2,26,10,3,0,0,1,1,0,2,0,0,1
23526,1,2,3,2,26,10,4,0,0,1,1,0,2,0,0,1
23527,1,2,3,2,26,10,5,1,1,,,6,2,1,0,1
23528,1,2,3,2,26,10,6,0,0,1,1,0,2,0,0,1
23529,1,2,3,2,26,10,7,1,1,,,9,2,1,0,1
23530,1,2,3,2,26,11,0,1,1,,,9,2,1,0,1
23531,1,2,3,2,26,11,1,0,0,1,1,0,2,0,0,1
23532,1,2,3,2,26,11,2,0,0,2,2,0,2,1,0,1
23533,1,2,3,2,26,11,3,0,0,1,1,0,2,0,0,1
23534,1,2,3,2,26,11,4,0,0,1,1,0,2,0,0,1
23535,1,2,3,2,26,11,5,0,0,2,2,0,2,1,0,1
23536,1,2,3,2,26,11,6,0,0,1,1,0,2,0,0,1
23537,1,2,3,2,26,11,7,1,1,,,9,2,1,0,1
23538,1,2,3,2,26,12,0,1,1,,,9,2,1,0,1
23539,1,2,3,2,26,12,1,0,0,1,1,0,2,0,0,1
23540,1,2,3,2,26,12,2,0,0,2,2,0,2,1,0,1
23541,1,2,3,2,26,12,3,0,0,1,1,0,2,0,0,1
23542,1,2,3,2,26,12,4,0,0,1,1,0,2,0,0,1
23543,1,2,3,2,26,12,5,0,0,2,2,0,2,1,0,1
23544,1,2,3,2,26,12,6,0,0,1,1,0,2,0,0,1
23545,1,2,3,2,26,12,7,1,1,,,9,2,1,0,1
23546,1,2,3,2,26,13,0,1,1,,,9,2,1,0,1
23547,1,2,3,2,26,13,1,0,0,1,1,0,2,0,0,1
23548,1,2,3,2,26,13,2,1,1,,,6,2,1,0,1
23549,1,2,3,2,26,13,3,0,0,1,1,0,2,0,0,1
23550,1,2,3,2,26,13,4,0,0,1,1,0,2,0,0,1
23551,1,2,3,2,26,13,5,1,1,,,6,2,1,0,1
23552,1,2,3,2,26,13,6,0,0,1,1,0,2,0,0,1
23553,1,2,3,2,26,13,7,1,1,,,9,2,1,0,1
23554,1,2,3,2,26,14,0,1,1,,,9,2,1,0,1
23555,1,2,3,2,26,14,1,0,0,1,1,0,2,0,0,1
23556,1,2,3,2,26,14,2,0,0,2,2,0,2,1,0,1
23557,1,2,3,2,26,14,3,0,0,1,1,0,2,0,0,1
23558,1,2,3,2,26,14,4,0,0,1,1,0,2,0,0,1
23559,1,2,3,2,26,14,5,0,0,2,2,0,2,1,0,1
23560,1,2,3,2,26,14,6,0,0,1,1,0,2,0,0,1
23561,1,2,3,2,26,14,7,1,1,,,9,2,1,0,1
23562,1,2,3,2,26,15,0,1,1,,,9,2,1,0,1
23563,1,2,3,2,26,15,1,0,0,1,1,0,2,0,0,1
23564,1,2,3,2,26,15,2,0,0,2,2,0,2,1,0,1
23565,1,2,3,2,26,15,3,0,0,1,1,0,2,0,0,1
23566,1,2,3,2,26,15,4,0,0,1,1,0,2,0,0,1
23567,1,2,3,2,26,15,5,0,0,2,2,0,2,1,0,1
23568,1,2,3,2,26,15,6,0,0,1,1,0,2,0,0,1
23569,1,2,3,2,26,15,7,1,1,,,9,2,1,0,1
23570,1,2,3,2,26,16,0,1,1,,,9,2,1,0,1
23571,1,2,3,2,26,16,1,0,0,1,1,0,2,0,0,1
23572,1,2,3,2,26,16,2,1,1,,,6,2,1,0,1
23573,1,2,3,2,26,16,3,0,0,1,1,0,2,0,0,1
23574,1,2,3,2,26,16,4,0,0,1,1,0,2,0,0,1
23575,1,2,3,2,26,16,5,1,1,,,6,2,1,0,1
23576,1,2,3,2,26,16,6,0,0,1,1,0,2,0,0,1
23577,1,2,3,2,26,16,7,1,1,,,9,2,1,0,1
23578,1,2,3,2,26,17,0,1,1,,,9,2,1,0,1
23579,1,2,3,2,26,17,1,0,0,1,1,0,2,0,0,1
23580,1,2,3,2,26,17,2,0,0,2,2,0,2,1,0,1
23581,1,2,3,2,26,17,3,0,0,1,1,0,2,0,0,1
23582,1,2,3,2,26,17,4,0,0,1,1,0,2,0,0,1
23583,1,2,3,2,26,17,5,0,0,2,2,0,2,1,0,1
23584,1,2,3,2,26,17,6,0,0,1,1,0,2,0,0,1
23585,1,2,3,2,26,17,7,1,1,,,9,2,1,0,1
23586,1,2,3,2,26,18,0,1,1,,,9,2,1,0,1
23587,1,2,3,2,26,18,1,0,0,1,1,0,2,0,0,1
23588,1,2,3,2,26,18,2,1,1,,,6,2,1,0,1
23589,1,2,3,2,26,18,3,0,0,1,1,0,2,0,0,1
23590,1,2,3,2,26,18,4,0,0,1,1,0,2,0,0,1
23591,1,2,3,2,26,18,5,1,1,,,6,2,1,0,1
23592,1,2,3,2,26,18,6,0,0,1,1,0,2,0,0,1
23593,1,2,3,2,26,18,7,1,1,,,9,2,1,0,1
23594,1,2,3,2,26,19,0,1,1,,,9,2,1,0,1
23595,1,2,3,2,26,19,1,0,0,1,1,0,2,0,0,1
23596,1,2,3,2,26,19,2,0,0,2,2,0,2,1,0,1
23597,1,2,3,2,26,19,3,0,0,1,1,0,2,0,0,1
23598,1,2,3,2,26,19,4,0,0,1,1,0,2,0,0,1
23599,1,2,3,2,26,19,5,0,0,2,2,0,2,1,0,1
23600,1,2,3,2,26,19,6,0,0,1,1,0,2,0,0,1
23601,1,2,3,2,26,19,7,1,1,,,9,2,1,0,1
23602,1,2,3,2,26,20,0,1,1,,,9,2,1,0,1
23603,1,2,3,2,26,20,1,0,0,1,1,0,2,0,0,1
23604,1,2,3,2,26,20,2,1,1,,,6,2,1,0,1
23605,1,2,3,2,26,20,3,0,0,1,1,0,2,0,0,1
23606,1,2,3,2,26,20,4,0,0,1,1,0,2,0,0,1
23607,1,2,3,2,26,20,5,1,1,,,6,2,1,0,1
23608,1,2,3,2,26,20,6,0,0,1,1,0,2,0,0,1
23609,1,2,3,2,26,20,7,1,1,,,9,2,1,0,1
23610,1,2,3,2,26,21,0,1,1,,,9,2,1,0,1
23611,1,2,3,2,26,21,1,0,0,1,1,0,2,0,0,1
23612,1,2,3,2,26,21,2,1,1,,,6,2,1,0,1
23613,1,2,3,2,26,21,3,0,0,1,1,0,2,0,0,1
23614,1,2,3,2,26,21,4,0,0,1,1,0,2,0,0,1
23615,1,2,3,2,26,21,5,1,1,,,6,2,1,0,1
23616,1,2,3,2,26,21,6,0,0,1,1,0,2,0,0,1
23617,1,2,3,2,26,21,7,1,1,,,9,2,1,0,1
23618,1,2,3,2,26,22,0,1,1,,,9,2,1,0,1
23619,1,2,3,2,26,22,1,0,0,1,1,0,2,0,0,1
23620,1,2,3,2,26,22,2,0,0,2,2,0,2,1,0,1
23621,1,2,3,2,26,22,3,0,0,1,1,0,2,0,0,1
23622,1,2,3,2,26,22,4,0,0,1,1,0,2,0,0,1
23623,1,2,3,2,26,22,5,0,0,2,2,0,2,1,0,1
23624,1,2,3,2,26,22,6,0,0,1,1,0,2,0,0,1
23625,1,2,3,2,26,22,7,1,1,,,9,2,1,0,1
23626,1,2,3,2,26,23,0,1,1,,,9,2,1,0,1
23627,1,2,3,2,26,23,1,0,0,1,1,0,2,0,0,1
23628,1,2,3,2,26,23,2,1,1,,,6,2,1,0,1
23629,1,2,3,2,26,23,3,0,0,1,1,0,2,0,0,1
23630,1,2,3,2,26,23,4,0,0,1,1,0,2,0,0,1
23631,1,2,3,2,26,23,5,1,1,,,6,2,1,0,1
23632,1,2,3,2,26,23,6,0,0,1,1,0,2,0,0,1
23633,1,2,3,2,26,23,7,1,1,,,9,2,1,0,1
23634,1,2,3,2,26,24,0,1,1,,,9,2,1,0,1
23635,1,2,3,2,26,24,1,0,0,1,1,0,2,0,0,1
23636,1,2,3,2,26,24,2,1,1,,,6,2,1,0,1
23637,1,2,3,2,26,24,3,0,0,1,1,0,2,0,0,1
23638,1,2,3,2,26,24,4,0,0,1,1,0,2,0,0,1
23639,1,2,3,2,26,24,5,1,1,,,6,2,1,0,1
23640,1,2,3,2,26,24,6,0,0,1,1,0,2,0,0,1
23641,1,2,3,2,26,24,7,1,1,,,9,2,1,0,1
23642,1,2,3,2,26,25,0,1,1,,,9,2,1,0,1
23643,1,2,3,2,26,25,1,0,0,1,1,0,2,0,0,1
23644,1,2,3,2,26,25,2,0,0,2,2,0,2,1,0,1
23645,1,2,3,2,26,25,3,0,0,1,1,0,2,0,0,1
23646,1,2,3,2,26,25,4,0,0,1,1,0,2,0,0,1
23647,1,2,3,2,26,25,5,0,0,2,2,0,2,1,0,1
23648,1,2,3,2,26,25,6,0,0,1,1,0,2,0,0,1
23649,1,2,3,2,26,25,7,1,1,,,9,2,1,0,1
23650,1,2,3,2,26,26,0,1,1,,,9,2,1,0,1
23651,1,2,3,2,26,26,1,0,0,1,1,0,2,0,0,1
23652,1,2,3,2,26,26,2,1,1,,,6,2,1,0,1
23653,1,2,3,2,26,26,3,0,0,1,1,0,2,0,0,1
23654,1,2,3,2,26,26,4,0,0,1,1,0,2,0,0,1
23655,1,2,3,2,26,26,5,1,1,,,6,2,1,0,1
23656,1,2,3,2,26,26,6,0,0,1,1,0,2,0,0,1
23657,1,2,3,2,26,26,7,1,1,,,9,2,1,0,1
23658,1,2,3,3,0,0,0,1,1,,,9,2,1,1,1
23659,1,2,3,3,0,0,1,1,1,,,1,2,1,1,1
23660,1,2,3,3,0,0,2,1,1,,,4,2,1,1,1
23661,1,2,3,3,0,0,3,1,1,,,4,2,1,1,1
23662,1,2,3,3,0,0,4,1,1,,,4,2,1,1,1
23663,1,2,3,3,0,0,5,1,1,,,4,2,1,1,1
23664,1,2,3,3,0,0,6,1,1,,,1,2,1,1,1
23665,1,2,3,3,0,0,7,1,1,,,9,2,1,1,1
23666,1,2,3,3,0,1,0,1,1,,,9,2,1,1,1
23667,1,2,3,3,0,1,1,1,1,,,1,2,1,1,1
23668,1,2,3,3,0,1,2,1,1,,,1,2,1,1,1
23669,1,2,3,3,0,1,3,1,1,,,4,2,1,1,1
23670,1,2,3,3,0,1,4,1,1,,,4,2,1,1,1
23671,1,2,3,3,0,1,5,1,1,,,1,2,1,1,1
23672,1,2,3,3,0,1,6,1,1,,,1,2,1,1,1
23673,1,2,3,3,0,1,7,1,1,,,9,2,1,1,1
23674,1,2,3,3,0,2,0,1,1,,,9,2,1,1,1
23675,1,2,3,3,0,2,1,1,1,,,1,2,1,1,1
23676,1,2,3,3,0,2,2,1,1,,,4,2,1,1,1
23677,1,2,3,3,0,2,3,1,1,,,1,2,1,1,1
23678,1,2,3,3,0,2,4,1,1,,,1,2,1,1,1
23679,1,2,3,3,0,2,5,1,1,,,4,2,1,1,1
23680,1,2,3,3,0,2,6,1,1,,,1,2,1,1,1
23681,1,2,3,3,0,2,7,1,1,,,9,2,1,1,1
23682,1,2,3,3,0,3,0,1,1,,,9,2,1,1,1
23683,1,2,3,3,0,3,1,1,1,,,1,2,1,1,1
23684,1,2,3,3,0,3,2,1,1,,,4,2,1,1,1
23685,1,2,3,3,0,3,3,1,1,,,4,2,1,1,1
23686,1,2,3,3,0,3,4,1,1,,,4,2,1,1,1
23687,1,2,3,3,0,3,5,1,1,,,4,2,1,1,1
23688,1,2,3,3,0,3,6,1,1,,,1,2,1,1,1
23689,1,2,3,3,0,3,7,1,1,,,9,2,1,1,1
23690,1,2,3,3,0,4,0,1,1,,,9,2,1,1,1
23691,1,2,3,3,0,4,1,1,1,,,1,2,1,1,1
23692,1,2,3,3,0,4,2,1,1,,,1,2,1,1,1
23693,1,2,3,3,0,4,3,1,1,,,4,2,1,1,1
23694,1,2,3,3,0,4,4,1,1,,,4,2,1,1,1
23695,1,2,3,3,0,4,5,1,1,,,1,2,1,1,1
23696,1,2,3,3,0,4,6,1,1,,,1,2,1,1,1
23697,1,2,3,3,0,4,7,1,1,,,9,2,1,1,1
23698,1,2,3,3,0,5,0,1,1,,,9,2,1,1,1
23699,1,2,3,3,0,5,1,1,1,,,1,2,1,1,1
23700,1,2,3,3,0,5,2,1,1,,,4,2,1,1,1
23701,1,2,3,3,0,5,3,1,1,,,1,2,1,1,1
23702,1,2,3,3,0,5,4,1,1,,,1,2,1,1,1
23703,1,2,3,3,0,5,5,1,1,,,4,2,1,1,1
23704,1,2,3,3,0,5,6,1,1,,,1,2,1,1,1
23705,1,2,3,3,0,5,7,1,1,,,9,2,1,1,1
23706,1,2,3,3,0,6,0,1,1,,,9,2,1,1,1
23707,1,2,3,3,0,6,1,1,1,,,1,2,1,1,1
23708,1,2,3,3,0,6,2,1,1,,,4,2,1,1,1
23709,1,2,3,3,0,6,3,1,1,,,1,2,1,1,1
23710,1,2,3,3,0,6,4,1,1,,,1,2,1,1,1
23711,1,2,3,3,0,6,5,1,1,,,4,2,1,1,1
23712,1,2,3,3,0,6,6,1,1,,,1,2,1,1,1
23713,1,2,3,3,0,6,7,1,1,,,9,2,1,1,1
23714,1,2,3,3,0,7,0,1,1,,,9,2,1,1,1
23715,1,2,3,3,0,7,1,1,1,,,1,2,1,1,1
23716,1,2,3,3,0,7,2,1,1,,,1,2,1,1,1
23717,1,2,3,3,0,7,3,1,1,,,1,2,1,1,1
23718,1,2,3,3,0,7,4,1,1,,,1,2,1,1,1
23719,1,2,3,3,0,7,5,1,1,,,1,2,1,1,1
23720,1,2,3,3,0,7,6,1,1,,,1,2,1,1,1
23721,1,2,3,3,0,7,7,1,1,,,9,2,1,1,1
23722,1,2,3,3,0,8,0,1,1,,,9,2,1,1,1
23723,1,2,3,3,0,8,1,1,1,,,1,2,1,1,1
23724,1,2,3,3,0,8,2,1,1,,,4,2,1,1,1
23725,1,2,3,3,0,8,3,1,1,,,4,2,1,1,1
23726,1,2,3,3,0,8,4,1,1,,,4,2,1,1,1
23727,1,2,3,3,0,8,5,1,1,,,4,2,1,1,1
23728,1,2,3,3,0,8,6,1,1,,,1,2,1,1,1
23729,1,2,3,3,0,8,7,1,1,,,9,2,1,1,1
23730,1,2,3,3,0,9,0,1,1,,,9,2,1,1,1
23731,1,2,3,3,0,9,1,1,1,,,1,2,1,1,1
23732,1,2,3,3,0,9,2,1,1,,,1,2,1,1,1
23733,1,2,3,3,0,9,3,1,1,,,4,2,1,1,1
23734,1,2,3,3,0,9,4,1,1,,,4,2,1,1,1
23735,1,2,3,3,0,9,5,1,1,,,1,2,1,1,1
23736,1,2,3,3,0,9,6,1,1,,,1,2,1,1,1
23737,1,2,3,3,0,9,7,1,1,,,9,2,1,1,1
23738,1,2,3,3,0,10,0,1,1,,,9,2,1,1,1
23739,1,2,3,3,0,10,1,1,1,,,1,2,1,1,1
23740,1,2,3,3,0,10,2,1,1,,,4,2,1,1,1
23741,1,2,3,3,0,10,3,1,1,,,4,2,1,1,1
23742,1,2,3,3,0,10,4,1,1,,,4,2,1,1,1
23743,1,2,3,3,0,10,5,1,1,,,4,2,1,1,1
23744,1,2,3,3,0,10,6,1,1,,,1,2,1,1,1
23745,1,2,3,3,0,10,7,1,1,,,9,2,1,1,1
23746,1,2,3,3,0,11,0,1,1,,,9,2,1,1,1
23747,1,2,3,3,0,11,1,1,1,,,1,2,1,1,1
23748,1,2,3,3,0,11,2,1,1,,,1,2,1,1,1
23749,1,2,3,3,0,11,3,1,1,,,1,2,1,1,1
23750,1,2,3,3,0,11,4,1,1,,,1,2,1,1,1
23751,1,2,3,3,0,11,5,1,1,,,1,2,1,1,1
23752,1,2,3,3,0,11,6,1,1,,,1,2,1,1,1
23753,1,2,3,3,0,11,7,1,1,,,9,2,1,1,1
23754,1,2,3,3,0,12,0,1,1,,,9,2,1,1,1
23755,1,2,3,3,0,12,1,1,1,,,1,2,1,1,1
23756,1,2,3,3,0,12,2,1,1,,,1,2,1,1,1
23757,1,2,3,3,0,12,3,1,1,,,4,2,1,1,1
23758,1,2,3,3,0,12,4,1,1,,,4,2,1,1,1
23759,1,2,3,3,0,12,5,1,1,,,1,2,1,1,1
23760,1,2,3,3,0,12,6,1,1,,,1,2,1,1,1
23761,1,2,3,3,0,12,7,1,1,,,9,2,1,1,1
23762,1,2,3,3,0,13,0,1,1,,,9,2,1,1,1
23763,1,2,3,3,0,13,1,1,1,,,1,2,1,1,1
23764,1,2,3,3,0,13,2,1,1,,,4,2,1,1,1
23765,1,2,3,3,0,13,3,1,1,,,4,2,1,1,1
23766,1,2,3,3,0,13,4,1,1,,,4,2,1,1,1
23767,1,2,3,3,0,13,5,1,1,,,4,2,1,1,1
23768,1,2,3,3,0,13,6,1,1,,,1,2,1,1,1
23769,1,2,3,3,0,13,7,1,1,,,9,2,1,1,1
23770,1,2,3,3,0,14,0,1,1,,,9,2,1,1,1
23771,1,2,3,3,0,14,1,1,1,,,1,2,1,1,1
23772,1,2,3,3,0,14,2,1,1,,,1,2,1,1,1
23773,1,2,3,3,0,14,3,1,1,,,1,2,1,1,1
23774,1,2,3,3,0,14,4,1,1,,,1,2,1,1,1
23775,1,2,3,3,0,14,5,1,1,,,1,2,1,1,1
23776,1,2,3,3,0,14,6,1,1,,,1,2,1,1,1
23777,1,2,3,3,0,14,7,1,1,,,9,2,1,1,1
23778,1,2,3,3,0,15,0,1,1,,,9,2,1,1,1
23779,1,2,3,3,0,15,1,1,1,,,1,2,1,1,1
23780,1,2,3,3,0,15,2,1,1,,,1,2,1,1,1
23781,1,2,3,3,0,15,3,1,1,,,1,2,1,1,1
23782,1,2,3,3,0,15,4,1,1,,,1,2,1,1,1
23783,1,2,3,3,0,15,5,1,1,,,1,2,1,1,1
23784,1,2,3,3,0,15,6,1,1,,,1,2,1,1,1
23785,1,2,3,3,0,15,7,1,1,,,9,2,1,1,1
23786,1,2,3,3,0,16,0,1,1,,,9,2,1,1,1
23787,1,2,3,3,0,16,1,1,1,,,1,2,1,1,1
23788,1,2,3,3,0,16,2,1,1,,,4,2,1,1,1
23789,1,2,3,3,0,16,3,1,1,,,1,2,1,1,1
23790,1,2,3,3,0,16,4,1,1,,,1,2,1,1,1
23791,1,2,3,3,0,16,5,1,1,,,4,2,1,1,1
23792,1,2,3,3,0,16,6,1,1,,,1,2,1,1,1
23793,1,2,3,3,0,16,7,1,1,,,9,2,1,1,1
23794,1,2,3,3,0,17,0,1,1,,,9,2,1,1,1
23795,1,2,3,3,0,17,1,1,1,,,1,2,1,1,1
23796,1,2,3,3,0,17,2,1,1,,,1,2,1,1,1
23797,1,2,3,3,0,17,3,1,1,,,4,2,1,1,1
23798,1,2,3,3,0,17,4,1,1,,,4,2,1,1,1
23799,1,2,3,3,0,17,5,1,1,,,1,2,1,1,1
23800,1,2,3,3,0,17,6,1,1,,,1,2,1,1,1
23801,1,2,3,3,0,17,7,1,1,,,9,2,1,1,1
23802,1,2,3,3,0,18,0,1,1,,,9,2,1,1,1
23803,1,2,3,3,0,18,1,1,1,,,1,2,1,1,1
23804,1,2,3,3,0,18,2,1,1,,,4,2,1,1,1
23805,1,2,3,3,0,18,3,1,1,,,4,2,1,1,1
23806,1,2,3,3,0,18,4,1,1,,,4,2,1,1,1
23807,1,2,3,3,0,18,5,1,1,,,4,2,1,1,1
23808,1,2,3,3,0,18,6,1,1,,,1,2,1,1,1
23809,1,2,3,3,0,18,7,1,1,,,9,2,1,1,1
23810,1,2,3,3,0,19,0,1,1,,,9,2,1,1,1
23811,1,2,3,3,0,19,1,1,1,,,1,2,1,1,1
23812,1,2,3,3,0,19,2,1,1,,,1,2,1,1,1
23813,1,2,3,3,0,19,3,1,1,,,4,2,1,1,1
23814,1,2,3,3,0,19,4,1,1,,,4,2,1,1,1
23815,1,2,3,3,0,19,5,1,1,,,1,2,1,1,1
23816,1,2,3,3,0,19,6,1,1,,,1,2,1,1,1
23817,1,2,3,3,0,19,7,1,1,,,9,2,1,1,1
23818,1,2,3,3,0,20,0,1,1,,,9,2,1,1,1
23819,1,2,3,3,0,20,1,1,1,,,1,2,1,1,1
23820,1,2,3,3,0,20,2,1,1,,,4,2,1,1,1
23821,1,2,3,3,0,20,3,1,1,,,1,2,1,1,1
23822,1,2,3,3,0,20,4,1,1,,,1,2,1,1,1
23823,1,2,3,3,0,20,5,1,1,,,4,2,1,1,1
23824,1,2,3,3,0,20,6,1,1,,,1,2,1,1,1
23825,1,2,3,3,0,20,7,1,1,,,9,2,1,1,1
23826,1,2,3,3,0,21,0,1,1,,,9,2,1,1,1
23827,1,2,3,3,0,21,1,1,1,,,1,2,1,1,1
23828,1,2,3,3,0,21,2,1,1,,,4,2,1,1,1
23829,1,2,3,3,0,21,3,1,1,,,4,2,1,1,1
23830,1,2,3,3,0,21,4,1,1,,,4,2,1,1,1
23831,1,2,3,3,0,21,5,1,1,,,4,2,1,1,1
23832,1,2,3,3,0,21,6,1,1,,,1,2,1,1,1
23833,1,2,3,3,0,21,7,1,1,,,9,2,1,1,1
23834,1,2,3,3,0,22,0,1,1,,,9,2,1,1,1
23835,1,2,3,3,0,22,1,1,1,,,1,2,1,1,1
23836,1,2,3,3,0,22,2,1,1,,,1,2,1,1,1
23837,1,2,3,3,0,22,3,1,1,,,4,2,1,1,1
23838,1,2,3,3,0,22,4,1,1,,,4,2,1,1,1
23839,1,2,3,3,0,22,5,1,1,,,1,2,1,1,1
23840,1,2,3,3,0,22,6,1,1,,,1,2,1,1,1
23841,1,2,3,3,0,22,7,1,1,,,9,2,1,1,1
23842,1,2,3,3,0,23,0,1,1,,,9,2,1,1,1
23843,1,2,3,3,0,23,1,1,1,,,1,2,1,1,1
23844,1,2,3,3,0,23,2,1,1,,,4,2,1,1,1
23845,1,2,3,3,0,23,3,1,1,,,1,2,1,1,1
23846,1,2,3,3,0,23,4,1,1,,,1,2,1,1,1
23847,1,2,3,3,0,23,5,1,1,,,4,2,1,1,1
23848,1,2,3,3,0,23,6,1,1,,,1,2,1,1,1
23849,1,2,3,3,0,23,7,1,1,,,9,2,1,1,1
23850,1,2,3,3,0,24,0,1,1,,,9,2,1,1,1
23851,1,2,3,3,0,24,1,1,1,,,1,2,1,1,1
23852,1,2,3,3,0,24,2,1,1,,,4,2,1,1,1
23853,1,2,3,3,0,24,3,1,1,,,1,2,1,1,1
23854,1,2,3,3,0,24,4,1,1,,,1,2,1,1,1
23855,1,2,3,3,0,24,5,1,1,,,4,2,1,1,1
23856,1,2,3,3,0,24,6,1,1,,,1,2,1,1,1
23857,1,2,3,3,0,24,7,1,1,,,9,2,1,1,1
23858,1,2,3,3,0,25,0,1,1,,,9,2,1,1,1
23859,1,2,3,3,0,25,1,1,1,,,1,2,1,1,1
23860,1,2,3,3,0,25,2,1,1,,,1,2,1,1,1
23861,1,2,3,3,0,25,3,1,1,,,1,2,1,1,1
23862,1,2,3,3,0,25,4,1,1,,,1,2,1,1,1
23863,1,2,3,3,0,25,5,1,1,,,1,2,1,1,1
23864,1,2,3,3,0,25,6,1,1,,,1,2,1,1,1
23865,1,2,3,3,0,25,7,1,1,,,9,2,1,1,1
23866,1,2,3,3,0,26,0,1,1,,,9,2,1,1,1
23867,1,2,3,3,0,26,1,1,1,,,1,2,1,1,1
23868,1,2,3,3,0,26,2,1,1,,,4,2,1,1,1
23869,1,2,3,3,0,26,3,1,1,,,4,2,1,1,1
23870,1,2,3,3,0,26,4,1,1,,,4,2,1,1,1
23871,1,2,3,3,0,26,5,1,1,,,4,2,1,1,1
23872,1,2,3,3,0,26,6,1,1,,,1,2,1,1,1
23873,1,2,3,3,0,26,7,1,1,,,9,2,1,1,1
23874,1,2,3,3,1,0,0,1,1,,,9,3,1,0,1
23875,1,2,3,3,1,0,1,0,0,3,3,0,3,0,0,1
23876,1,2,3,3,1,0,2,0,0,3,3,0,3,0,0,1
23877,1,2,3,3,1,0,3,1,1,,,4,3,1,0,1
23878,1,2,3,3,1,0,4,1,1,,,4,3,1,0,1
23879,1,2,3,3,1,0,5,0,0,3,3,0,3,0,0,1
23880,1,2,3,3,1,0,6,0,0,3,3,0,3,0,0,1
23881,1,2,3,3,1,0,7,1,1,,,9,3,1,0,1
23882,1,2,3,3,1,1,0,1,1,,,9,3,1,0,1
23883,1,2,3,3,1,1,1,0,0,3,3,0,3,0,0,1
23884,1,2,3,3,1,1,2,0,0,3,3,0,3,0,0,1
23885,1,2,3,3,1,1,3,1,1,,,4,3,1,0,1
23886,1,2,3,3,1,1,4,1,1,,,4,3,1,0,1
23887,1,2,3,3,1,1,5,0,0,3,3,0,3,0,0,1
23888,1,2,3,3,1,1,6,0,0,3,3,0,3,0,0,1
23889,1,2,3,3,1,1,7,1,1,,,9,3,1,0,1
23890,1,2,3,3,1,2,0,1,1,,,9,3,1,0,1
23891,1,2,3,3,1,2,1,0,0,3,3,0,3,0,0,1
23892,1,2,3,3,1,2,2,0,0,3,3,0,3,0,0,1
23893,1,2,3,3,1,2,3,0,0,4,4,0,3,1,0,1
23894,1,2,3,3,1,2,4,0,0,4,4,0,3,1,0,1
23895,1,2,3,3,1,2,5,0,0,3,3,0,3,0,0,1
23896,1,2,3,3,1,2,6,0,0,3,3,0,3,0,0,1
23897,1,2,3,3,1,2,7,1,1,,,9,3,1,0,1
23898,1,2,3,3,1,3,0,1,1,,,9,3,1,0,1
23899,1,2,3,3,1,3,1,0,0,3,3,0,3,0,0,1
23900,1,2,3,3,1,3,2,0,0,3,3,0,3,0,0,1
23901,1,2,3,3,1,3,3,1,1,,,4,3,1,0,1
23902,1,2,3,3,1,3,4,1,1,,,4,3,1,0,1
23903,1,2,3,3,1,3,5,0,0,3,3,0,3,0,0,1
23904,1,2,3,3,1,3,6,0,0,3,3,0,3,0,0,1
23905,1,2,3,3,1,3,7,1,1,,,9,3,1,0,1
23906,1,2,3,3,1,4,0,1,1,,,9,3,1,0,1
23907,1,2,3,3,1,4,1,0,0,3,3,0,3,0,0,1
23908,1,2,3,3,1,4,2,0,0,3,3,0,3,0,0,1
23909,1,2,3,3,1,4,3,1,1,,,4,3,1,0,1
23910,1,2,3,3,1,4,4,1,1,,,4,3,1,0,1
23911,1,2,3,3,1,4,5,0,0,3,3,0,3,0,0,1
23912,1,2,3,3,1,4,6,0,0,3,3,0,3,0,0,1
23913,1,2,3,3,1,4,7,1,1,,,9,3,1,0,1
23914,1,2,3,3,1,5,0,1,1,,,9,3,1,0,1
23915,1,2,3,3,1,5,1,0,0,3,3,0,3,0,0,1
23916,1,2,3,3,1,5,2,0,0,3,3,0,3,0,0,1
23917,1,2,3,3,1,5,3,0,0,4,4,0,3,1,0,1
23918,1,2,3,3,1,5,4,0,0,4,4,0,3,1,0,1
23919,1,2,3,3,1,5,5,0,0,3,3,0,3,0,0,1
23920,1,2,3,3,1,5,6,0,0,3,3,0,3,0,0,1
23921,1,2,3,3,1,5,7,1,1,,,9,3,1,0,1
23922,1,2,3,3,1,6,0,1,1,,,9,3,1,0,1
23923,1,2,3,3,1,6,1,0,0,3,3,0,3,0,0,1
23924,1,2,3,3,1,6,2,0,0,3,3,0,3,0,0,1
23925,1,2,3,3,1,6,3,0,0,4,4,0,3,1,0,1
23926,1,2,3,3,1,6,4,0,0,4,4,0,3,1,0,1
23927,1,2,3,3,1,6,5,0,0,3,3,0,3,0,0,1
23928,1,2,3,3,1,6,6,0,0,3,3,0,3,0,0,1
23929,1,2,3,3,1,6,7,1,1,,,9,3,1,0,1
23930,1,2,3,3,1,7,0,1,1,,,9,3,1,0,1
23931,1,2,3,3,1,7,1,0,0,3,3,0,3,0,0,1
23932,1,2,3,3,1,7,2,0,0,3,3,0,3,0,0,1
23933,1,2,3,3,1,7,3,0,0,4,4,0,3,1,0,1
23934,1,2,3,3,1,7,4,0,0,4,4,0,3,1,0,1
23935,1,2,3,3,1,7,5,0,0,3,3,0,3,0,0,1
23936,1,2,3,3,1,7,6,0,0,3,3,0,3,0,0,1
23937,1,2,3,3,1,7,7,1,1,,,9,3,1,0,1
23938,1,2,3,3,1,8,0,1,1,,,9,3,1,0,1
23939,1,2,3,3,1,8,1,0,0,3,3,0,3,0,0,1
23940,1,2,3,3,1,8,2,0,0,3,3,0,3,0,0,1
23941,1,2,3,3,1,8,3,1,1,,,4,3,1,0,1
23942,1,2,3,3,1,8,4,1,1,,,4,3,1,0,1
23943,1,2,3,3,1,8,5,0,0,3,3,0,3,0,0,1
23944,1,2,3,3,1,8,6,0,0,3,3,0,3,0,0,1
23945,1,2,3,3,1,8,7,1,1,,,9,3,1,0,1
23946,1,2,3,3,1,9,0,1,1,,,9,3,1,0,1
23947,1,2,3,3,1,9,1,0,0,3,3,0,3,0,0,1
23948,1,2,3,3,1,9,2,0,0,3,3,0,3,0,0,1
23949,1,2,3,3,1,9,3,1,1,,,4,3,1,0,1
23950,1,2,3,3,1,9,4,1,1,,,4,3,1,0,1
23951,1,2,3,3,1,9,5,0,0,3,3,0,3,0,0,1
23952,1,2,3,3,1,9,6,0,0,3,3,0,3,0,0,1
23953,1,2,3,3,1,9,7,1,1,,,9,3,1,0,1
23954,1,2,3,3,1,10,0,1,1,,,9,3,1,0,1
23955,1,2,3,3,1,10,1,0,0,3,3,0,3,0,0,1
23956,1,2,3,3,1,10,2,0,0,3,3,0,3,0,0,1
23957,1,2,3,3,1,10,3,1,1,,,4,3,1,0,1
23958,1,2,3,3,1,10,4,1,1,,,4,3,1,0,1
23959,1,2,3,3,1,10,5,0,0,3,3,0,3,0,0,1
23960,1,2,3,3,1,10,6,0,0,3,3,0,3,0,0,1
23961,1,2,3,3,1,10,7,1,1,,,9,3,1,0,1
23962,1,2,3,3,1,11,0,1,1,,,9,3,1,0,1
23963,1,2,3,3,1,11,1,0,0,3,3,0,3,0,0,1
23964,1,2,3,3,1,11,2,0,0,3,3,0,3,0,0,1
23965,1,2,3,3,1,11,3,0,0,4,4,0,3,1,0,1
23966,1,2,3,3,1,11,4,0,0,4,4,0,3,1,0,1
23967,1,2,3,3,1,11,5,0,0,3,3,0,3,0,0,1
23968,1,2,3,3,1,11,6,0,0,3,3,0,3,0,0,1
23969,1,2,3,3,1,11,7,1,1,,,9,3,1,0,1
23970,1,2,3,3,1,12,0,1,1,,,9,3,1,0,1
23971,1,2,3,3,1,12,1,0,0,3,3,0,3,0,0,1
23972,1,2,3,3,1,12,2,0,0,3,3,0,3,0,0,1
23973,1,2,3,3,1,12,3,1,1,,,4,3,1,0,1
23974,1,2,3,3,1,12,4,1,1,,,4,3,1,0,1
23975,1,2,3,3,1,12,5,0,0,3,3,0,3,0,0,1
23976,1,2,3,3,1,12,6,0,0,3,3,0,3,0,0,1
23977,1,2,3,3,1,12,7,1,1,,,9,3,1,0,1
23978,1,2,3,3,1,13,0,1,1,,,9,3,1,0,1
23979,1,2,3,3,1,13,1,0,0,3,3,0,3,0,0,1
23980,1,2,3,3,1,13,2,0,0,3,3,0,3,0,0,1
23981,1,2,3,3,1,13,3,1,1,,,4,3,1,0,1
23982,1,2,3,3,1,13,4,1,1,,,4,3,1,0,1
23983,1,2,3,3,1,13,5,0,0,3,3,0,3,0,0,1
23984,1,2,3,3,1,13,6,0,0,3,3,0,3,0,0,1
23985,1,2,3,3,1,13,7,1,1,,,9,3,1,0,1
23986,1,2,3,3,1,14,0,1,1,,,9,3,1,0,1
23987,1,2,3,3,1,14,1,0,0,3,3,0,3,0,0,1
23988,1,2,3,3,1,14,2,0,0,3,3,0,3,0,0,1
23989,1,2,3,3,1,14,3,0,0,4,4,0,3,1,0,1
23990,1,2,3,3,1,14,4,0,0,4,4,0,3,1,0,1
23991,1,2,3,3,1,14,5,0,0,3,3,0,3,0,0,1
23992,1,2,3,3,1,14,6,0,0,3,3,0,3,0,0,1
23993,1,2,3,3,1,14,7,1,1,,,9,3,1,0,1
23994,1,2,3,3,1,15,0,1,1,,,9,3,1,0,1
23995,1,2,3,3,1,15,1,0,0,3,3,0,3,0,0,1
23996,1,2,3,3,1,15,2,0,0,3,3,0,3,0,0,1
23997,1,2,3,3,1,15,3,0,0,4,4,0,3,1,0,1
23998,1,2,3,3,1,15,4,0,0,4,4,0,3,1,0,1
23999,1,2,3,3,1,15,5,0,0,3,3,0,3,0,0,1
