case,alphabet,retained_states,target_states,retained_table,history_table,future_table,output_code,admissible,oracle_admissible,minimum_cost,oracle_minimum_cost,oracle_migration_maps,reachable_pairs,current_only,state_equality,certificate_valid
42000,2,2,2,11,2,15,0,1,1,,,4,3,1,0,1
42001,2,2,2,11,2,15,1,0,0,2,2,0,3,0,0,1
42002,2,2,2,11,2,15,2,0,0,2,2,0,3,0,0,1
42003,2,2,2,11,2,15,3,1,1,,,4,3,1,0,1
42004,2,2,2,11,3,0,0,1,1,,,4,4,1,0,1
42005,2,2,2,11,3,0,1,0,0,3,3,0,4,0,0,1
42006,2,2,2,11,3,0,2,0,0,3,3,0,4,0,0,1
42007,2,2,2,11,3,0,3,1,1,,,4,4,1,0,1
42008,2,2,2,11,3,1,0,1,1,,,4,4,1,0,1
42009,2,2,2,11,3,1,1,0,0,3,3,0,4,0,0,1
42010,2,2,2,11,3,1,2,0,0,3,3,0,4,0,0,1
42011,2,2,2,11,3,1,3,1,1,,,4,4,1,0,1
42012,2,2,2,11,3,2,0,1,1,,,4,4,1,0,1
42013,2,2,2,11,3,2,1,0,0,3,3,0,4,0,0,1
42014,2,2,2,11,3,2,2,0,0,3,3,0,4,0,0,1
42015,2,2,2,11,3,2,3,1,1,,,4,4,1,0,1
42016,2,2,2,11,3,3,0,1,1,,,4,4,1,0,1
42017,2,2,2,11,3,3,1,0,0,3,3,0,4,0,0,1
42018,2,2,2,11,3,3,2,0,0,3,3,0,4,0,0,1
42019,2,2,2,11,3,3,3,1,1,,,4,4,1,0,1
42020,2,2,2,11,3,4,0,1,1,,,4,4,1,0,1
42021,2,2,2,11,3,4,1,0,0,3,3,0,4,0,0,1
42022,2,2,2,11,3,4,2,0,0,3,3,0,4,0,0,1
42023,2,2,2,11,3,4,3,1,1,,,4,4,1,0,1
42024,2,2,2,11,3,5,0,1,1,,,4,4,1,0,1
42025,2,2,2,11,3,5,1,0,0,3,3,0,4,0,0,1
42026,2,2,2,11,3,5,2,0,0,3,3,0,4,0,0,1
42027,2,2,2,11,3,5,3,1,1,,,4,4,1,0,1
42028,2,2,2,11,3,6,0,1,1,,,4,4,1,0,1
42029,2,2,2,11,3,6,1,0,0,3,3,0,4,0,0,1
42030,2,2,2,11,3,6,2,0,0,3,3,0,4,0,0,1
42031,2,2,2,11,3,6,3,1,1,,,4,4,1,0,1
42032,2,2,2,11,3,7,0,1,1,,,4,4,1,0,1
42033,2,2,2,11,3,7,1,0,0,3,3,0,4,0,0,1
42034,2,2,2,11,3,7,2,0,0,3,3,0,4,0,0,1
42035,2,2,2,11,3,7,3,1,1,,,4,4,1,0,1
42036,2,2,2,11,3,8,0,1,1,,,4,4,1,0,1
42037,2,2,2,11,3,8,1,0,0,3,3,0,4,0,0,1
42038,2,2,2,11,3,8,2,0,0,3,3,0,4,0,0,1
42039,2,2,2,11,3,8,3,1,1,,,4,4,1,0,1
42040,2,2,2,11,3,9,0,1,1,,,4,4,1,0,1
42041,2,2,2,11,3,9,1,0,0,3,3,0,4,0,0,1
42042,2,2,2,11,3,9,2,0,0,3,3,0,4,0,0,1
42043,2,2,2,11,3,9,3,1,1,,,4,4,1,0,1
42044,2,2,2,11,3,10,0,1,1,,,4,4,1,0,1
42045,2,2,2,11,3,10,1,0,0,3,3,0,4,0,0,1
42046,2,2,2,11,3,10,2,0,0,3,3,0,4,0,0,1
42047,2,2,2,11,3,10,3,1,1,,,4,4,1,0,1
42048,2,2,2,11,3,11,0,1,1,,,4,4,1,0,1
42049,2,2,2,11,3,11,1,0,0,3,3,0,4,0,0,1
42050,2,2,2,11,3,11,2,0,0,3,3,0,4,0,0,1
42051,2,2,2,11,3,11,3,1,1,,,4,4,1,0,1
42052,2,2,2,11,3,12,0,1,1,,,4,4,1,0,1
42053,2,2,2,11,3,12,1,0,0,3,3,0,4,0,0,1
42054,2,2,2,11,3,12,2,0,0,3,3,0,4,0,0,1
42055,2,2,2,11,3,12,3,1,1,,,4,4,1,0,1
42056,2,2,2,11,3,13,0,1,1,,,4,4,1,0,1
42057,2,2,2,11,3,13,1,0,0,3,3,0,4,0,0,1
42058,2,2,2,11,3,13,2,0,0,3,3,0,4,0,0,1
42059,2,2,2,11,3,13,3,1,1,,,4,4,1,0,1
42060,2,2,2,11,3,14,0,1,1,,,4,4,1,0,1
42061,2,2,2,11,3,14,1,0,0,3,3,0,4,0,0,1
42062,2,2,2,11,3,14,2,0,0,3,3,0,4,0,0,1
42063,2,2,2,11,3,14,3,1,1,,,4,4,1,0,1
42064,2,2,2,11,3,15,0,1,1,,,4,4,1,0,1
42065,2,2,2,11,3,15,1,0,0,3,3,0,4,0,0,1
42066,2,2,2,11,3,15,2,0,0,3,3,0,4,0,0,1
42067,2,2,2,11,3,15,3,1,1,,,4,4,1,0,1
42068,2,2,2,11,4,0,0,1,1,,,4,2,1,1,1
42069,2,2,2,11,4,0,1,1,1,,,1,2,1,1,1
42070,2,2,2,11,4,0,2,1,1,,,1,2,1,1,1
42071,2,2,2,11,4,0,3,1,1,,,4,2,1,1,1
42072,2,2,2,11,4,1,0,1,1,,,4,2,1,1,1
42073,2,2,2,11,4,1,1,1,1,,,1,2,1,1,1
42074,2,2,2,11,4,1,2,1,1,,,1,2,1,1,1
42075,2,2,2,11,4,1,3,1,1,,,4,2,1,1,1
42076,2,2,2,11,4,2,0,1,1,,,4,2,1,1,1
42077,2,2,2,11,4,2,1,1,1,,,1,2,1,1,1
42078,2,2,2,11,4,2,2,1,1,,,1,2,1,1,1
42079,2,2,2,11,4,2,3,1,1,,,4,2,1,1,1
42080,2,2,2,11,4,3,0,1,1,,,4,2,1,1,1
42081,2,2,2,11,4,3,1,1,1,,,1,2,1,1,1
42082,2,2,2,11,4,3,2,1,1,,,1,2,1,1,1
42083,2,2,2,11,4,3,3,1,1,,,4,2,1,1,1
42084,2,2,2,11,4,4,0,1,1,,,4,2,1,1,1
42085,2,2,2,11,4,4,1,1,1,,,1,2,1,1,1
42086,2,2,2,11,4,4,2,1,1,,,1,2,1,1,1
42087,2,2,2,11,4,4,3,1,1,,,4,2,1,1,1
42088,2,2,2,11,4,5,0,1,1,,,4,2,1,1,1
42089,2,2,2,11,4,5,1,1,1,,,1,2,1,1,1
42090,2,2,2,11,4,5,2,1,1,,,1,2,1,1,1
42091,2,2,2,11,4,5,3,1,1,,,4,2,1,1,1
42092,2,2,2,11,4,6,0,1,1,,,4,2,1,1,1
42093,2,2,2,11,4,6,1,1,1,,,1,2,1,1,1
42094,2,2,2,11,4,6,2,1,1,,,1,2,1,1,1
42095,2,2,2,11,4,6,3,1,1,,,4,2,1,1,1
42096,2,2,2,11,4,7,0,1,1,,,4,2,1,1,1
42097,2,2,2,11,4,7,1,1,1,,,1,2,1,1,1
42098,2,2,2,11,4,7,2,1,1,,,1,2,1,1,1
42099,2,2,2,11,4,7,3,1,1,,,4,2,1,1,1
42100,2,2,2,11,4,8,0,1,1,,,4,2,1,1,1
42101,2,2,2,11,4,8,1,1,1,,,1,2,1,1,1
42102,2,2,2,11,4,8,2,1,1,,,1,2,1,1,1
42103,2,2,2,11,4,8,3,1,1,,,4,2,1,1,1
42104,2,2,2,11,4,9,0,1,1,,,4,2,1,1,1
42105,2,2,2,11,4,9,1,1,1,,,1,2,1,1,1
42106,2,2,2,11,4,9,2,1,1,,,1,2,1,1,1
42107,2,2,2,11,4,9,3,1,1,,,4,2,1,1,1
42108,2,2,2,11,4,10,0,1,1,,,4,2,1,1,1
42109,2,2,2,11,4,10,1,1,1,,,1,2,1,1,1
42110,2,2,2,11,4,10,2,1,1,,,1,2,1,1,1
42111,2,2,2,11,4,10,3,1,1,,,4,2,1,1,1
42112,2,2,2,11,4,11,0,1,1,,,4,2,1,1,1
42113,2,2,2,11,4,11,1,1,1,,,1,2,1,1,1
42114,2,2,2,11,4,11,2,1,1,,,1,2,1,1,1
42115,2,2,2,11,4,11,3,1,1,,,4,2,1,1,1
42116,2,2,2,11,4,12,0,1,1,,,4,2,1,1,1
42117,2,2,2,11,4,12,1,1,1,,,1,2,1,1,1
42118,2,2,2,11,4,12,2,1,1,,,1,2,1,1,1
42119,2,2,2,11,4,12,3,1,1,,,4,2,1,1,1
42120,2,2,2,11,4,13,0,1,1,,,4,2,1,1,1
42121,2,2,2,11,4,13,1,1,1,,,1,2,1,1,1
42122,2,2,2,11,4,13,2,1,1,,,1,2,1,1,1
42123,2,2,2,11,4,13,3,1,1,,,4,2,1,1,1
42124,2,2,2,11,4,14,0,1,1,,,4,2,1,1,1
42125,2,2,2,11,4,14,1,1,1,,,1,2,1,1,1
42126,2,2,2,11,4,14,2,1,1,,,1,2,1,1,1
42127,2,2,2,11,4,14,3,1,1,,,4,2,1,1,1
42128,2,2,2,11,4,15,0,1,1,,,4,2,1,1,1
42129,2,2,2,11,4,15,1,1,1,,,1,2,1,1,1
42130,2,2,2,11,4,15,2,1,1,,,1,2,1,1,1
42131,2,2,2,11,4,15,3,1,1,,,4,2,1,1,1
42132,2,2,2,11,5,0,0,1,1,,,4,4,1,0,1
42133,2,2,2,11,5,0,1,0,0,2,2,0,4,0,0,1
42134,2,2,2,11,5,0,2,0,0,2,2,0,4,0,0,1
42135,2,2,2,11,5,0,3,1,1,,,4,4,1,0,1
42136,2,2,2,11,5,1,0,1,1,,,4,4,1,0,1
42137,2,2,2,11,5,1,1,0,0,2,2,0,4,0,0,1
42138,2,2,2,11,5,1,2,0,0,2,2,0,4,0,0,1
42139,2,2,2,11,5,1,3,1,1,,,4,4,1,0,1
42140,2,2,2,11,5,2,0,1,1,,,4,4,1,0,1
42141,2,2,2,11,5,2,1,0,0,2,2,0,4,0,0,1
42142,2,2,2,11,5,2,2,0,0,2,2,0,4,0,0,1
42143,2,2,2,11,5,2,3,1,1,,,4,4,1,0,1
42144,2,2,2,11,5,3,0,1,1,,,4,4,1,0,1
42145,2,2,2,11,5,3,1,0,0,2,2,0,4,0,0,1
42146,2,2,2,11,5,3,2,0,0,2,2,0,4,0,0,1
42147,2,2,2,11,5,3,3,1,1,,,4,4,1,0,1
42148,2,2,2,11,5,4,0,1,1,,,4,4,1,0,1
42149,2,2,2,11,5,4,1,0,0,2,2,0,4,0,0,1
42150,2,2,2,11,5,4,2,0,0,2,2,0,4,0,0,1
42151,2,2,2,11,5,4,3,1,1,,,4,4,1,0,1
42152,2,2,2,11,5,5,0,1,1,,,4,4,1,0,1
42153,2,2,2,11,5,5,1,0,0,2,2,0,4,0,0,1
42154,2,2,2,11,5,5,2,0,0,2,2,0,4,0,0,1
42155,2,2,2,11,5,5,3,1,1,,,4,4,1,0,1
42156,2,2,2,11,5,6,0,1,1,,,4,4,1,0,1
42157,2,2,2,11,5,6,1,0,0,2,2,0,4,0,0,1
42158,2,2,2,11,5,6,2,0,0,2,2,0,4,0,0,1
42159,2,2,2,11,5,6,3,1,1,,,4,4,1,0,1
42160,2,2,2,11,5,7,0,1,1,,,4,4,1,0,1
42161,2,2,2,11,5,7,1,0,0,2,2,0,4,0,0,1
42162,2,2,2,11,5,7,2,0,0,2,2,0,4,0,0,1
42163,2,2,2,11,5,7,3,1,1,,,4,4,1,0,1
42164,2,2,2,11,5,8,0,1,1,,,4,4,1,0,1
42165,2,2,2,11,5,8,1,0,0,2,2,0,4,0,0,1
42166,2,2,2,11,5,8,2,0,0,2,2,0,4,0,0,1
42167,2,2,2,11,5,8,3,1,1,,,4,4,1,0,1
42168,2,2,2,11,5,9,0,1,1,,,4,4,1,0,1
42169,2,2,2,11,5,9,1,0,0,2,2,0,4,0,0,1
42170,2,2,2,11,5,9,2,0,0,2,2,0,4,0,0,1
42171,2,2,2,11,5,9,3,1,1,,,4,4,1,0,1
42172,2,2,2,11,5,10,0,1,1,,,4,4,1,0,1
42173,2,2,2,11,5,10,1,0,0,2,2,0,4,0,0,1
42174,2,2,2,11,5,10,2,0,0,2,2,0,4,0,0,1
42175,2,2,2,11,5,10,3,1,1,,,4,4,1,0,1
42176,2,2,2,11,5,11,0,1,1,,,4,4,1,0,1
42177,2,2,2,11,5,11,1,0,0,2,2,0,4,0,0,1
42178,2,2,2,11,5,11,2,0,0,2,2,0,4,0,0,1
42179,2,2,2,11,5,11,3,1,1,,,4,4,1,0,1
42180,2,2,2,11,5,12,0,1,1,,,4,4,1,0,1
42181,2,2,2,11,5,12,1,0,0,2,2,0,4,0,0,1
42182,2,2,2,11,5,12,2,0,0,2,2,0,4,0,0,1
42183,2,2,2,11,5,12,3,1,1,,,4,4,1,0,1
42184,2,2,2,11,5,13,0,1,1,,,4,4,1,0,1
42185,2,2,2,11,5,13,1,0,0,2,2,0,4,0,0,1
42186,2,2,2,11,5,13,2,0,0,2,2,0,4,0,0,1
42187,2,2,2,11,5,13,3,1,1,,,4,4,1,0,1
42188,2,2,2,11,5,14,0,1,1,,,4,4,1,0,1
42189,2,2,2,11,5,14,1,0,0,2,2,0,4,0,0,1
42190,2,2,2,11,5,14,2,0,0,2,2,0,4,0,0,1
42191,2,2,2,11,5,14,3,1,1,,,4,4,1,0,1
42192,2,2,2,11,5,15,0,1,1,,,4,4,1,0,1
42193,2,2,2,11,5,15,1,0,0,2,2,0,4,0,0,1
42194,2,2,2,11,5,15,2,0,0,2,2,0,4,0,0,1
42195,2,2,2,11,5,15,3,1,1,,,4,4,1,0,1
42196,2,2,2,11,6,0,0,1,1,,,4,4,1,0,1
42197,2,2,2,11,6,0,1,0,0,2,2,0,4,0,0,1
42198,2,2,2,11,6,0,2,0,0,2,2,0,4,0,0,1
42199,2,2,2,11,6,0,3,1,1,,,4,4,1,0,1
42200,2,2,2,11,6,1,0,1,1,,,4,4,1,0,1
42201,2,2,2,11,6,1,1,0,0,2,2,0,4,0,0,1
42202,2,2,2,11,6,1,2,0,0,2,2,0,4,0,0,1
42203,2,2,2,11,6,1,3,1,1,,,4,4,1,0,1
42204,2,2,2,11,6,2,0,1,1,,,4,4,1,0,1
42205,2,2,2,11,6,2,1,0,0,2,2,0,4,0,0,1
42206,2,2,2,11,6,2,2,0,0,2,2,0,4,0,0,1
42207,2,2,2,11,6,2,3,1,1,,,4,4,1,0,1
42208,2,2,2,11,6,3,0,1,1,,,4,4,1,0,1
42209,2,2,2,11,6,3,1,0,0,2,2,0,4,0,0,1
42210,2,2,2,11,6,3,2,0,0,2,2,0,4,0,0,1
42211,2,2,2,11,6,3,3,1,1,,,4,4,1,0,1
42212,2,2,2,11,6,4,0,1,1,,,4,4,1,0,1
42213,2,2,2,11,6,4,1,0,0,2,2,0,4,0,0,1
42214,2,2,2,11,6,4,2,0,0,2,2,0,4,0,0,1
42215,2,2,2,11,6,4,3,1,1,,,4,4,1,0,1
42216,2,2,2,11,6,5,0,1,1,,,4,4,1,0,1
42217,2,2,2,11,6,5,1,0,0,2,2,0,4,0,0,1
42218,2,2,2,11,6,5,2,0,0,2,2,0,4,0,0,1
42219,2,2,2,11,6,5,3,1,1,,,4,4,1,0,1
42220,2,2,2,11,6,6,0,1,1,,,4,4,1,0,1
42221,2,2,2,11,6,6,1,0,0,2,2,0,4,0,0,1
42222,2,2,2,11,6,6,2,0,0,2,2,0,4,0,0,1
42223,2,2,2,11,6,6,3,1,1,,,4,4,1,0,1
42224,2,2,2,11,6,7,0,1,1,,,4,4,1,0,1
42225,2,2,2,11,6,7,1,0,0,2,2,0,4,0,0,1
42226,2,2,2,11,6,7,2,0,0,2,2,0,4,0,0,1
42227,2,2,2,11,6,7,3,1,1,,,4,4,1,0,1
42228,2,2,2,11,6,8,0,1,1,,,4,4,1,0,1
42229,2,2,2,11,6,8,1,0,0,2,2,0,4,0,0,1
42230,2,2,2,11,6,8,2,0,0,2,2,0,4,0,0,1
42231,2,2,2,11,6,8,3,1,1,,,4,4,1,0,1
42232,2,2,2,11,6,9,0,1,1,,,4,4,1,0,1
42233,2,2,2,11,6,9,1,0,0,2,2,0,4,0,0,1
42234,2,2,2,11,6,9,2,0,0,2,2,0,4,0,0,1
42235,2,2,2,11,6,9,3,1,1,,,4,4,1,0,1
42236,2,2,2,11,6,10,0,1,1,,,4,4,1,0,1
42237,2,2,2,11,6,10,1,0,0,2,2,0,4,0,0,1
42238,2,2,2,11,6,10,2,0,0,2,2,0,4,0,0,1
42239,2,2,2,11,6,10,3,1,1,,,4,4,1,0,1
42240,2,2,2,11,6,11,0,1,1,,,4,4,1,0,1
42241,2,2,2,11,6,11,1,0,0,2,2,0,4,0,0,1
42242,2,2,2,11,6,11,2,0,0,2,2,0,4,0,0,1
42243,2,2,2,11,6,11,3,1,1,,,4,4,1,0,1
42244,2,2,2,11,6,12,0,1,1,,,4,4,1,0,1
42245,2,2,2,11,6,12,1,0,0,2,2,0,4,0,0,1
42246,2,2,2,11,6,12,2,0,0,2,2,0,4,0,0,1
42247,2,2,2,11,6,12,3,1,1,,,4,4,1,0,1
42248,2,2,2,11,6,13,0,1,1,,,4,4,1,0,1
42249,2,2,2,11,6,13,1,0,0,2,2,0,4,0,0,1
42250,2,2,2,11,6,13,2,0,0,2,2,0,4,0,0,1
42251,2,2,2,11,6,13,3,1,1,,,4,4,1,0,1
42252,2,2,2,11,6,14,0,1,1,,,4,4,1,0,1
42253,2,2,2,11,6,14,1,0,0,2,2,0,4,0,0,1
42254,2,2,2,11,6,14,2,0,0,2,2,0,4,0,0,1
42255,2,2,2,11,6,14,3,1,1,,,4,4,1,0,1
42256,2,2,2,11,6,15,0,1,1,,,4,4,1,0,1
42257,2,2,2,11,6,15,1,0,0,2,2,0,4,0,0,1
42258,2,2,2,11,6,15,2,0,0,2,2,0,4,0,0,1
42259,2,2,2,11,6,15,3,1,1,,,4,4,1,0,1
42260,2,2,2,11,7,0,0,1,1,,,4,4,1,0,1
42261,2,2,2,11,7,0,1,0,0,2,2,0,4,0,0,1
42262,2,2,2,11,7,0,2,0,0,2,2,0,4,0,0,1
42263,2,2,2,11,7,0,3,1,1,,,4,4,1,0,1
42264,2,2,2,11,7,1,0,1,1,,,4,4,1,0,1
42265,2,2,2,11,7,1,1,0,0,2,2,0,4,0,0,1
42266,2,2,2,11,7,1,2,0,0,2,2,0,4,0,0,1
42267,2,2,2,11,7,1,3,1,1,,,4,4,1,0,1
42268,2,2,2,11,7,2,0,1,1,,,4,4,1,0,1
42269,2,2,2,11,7,2,1,0,0,2,2,0,4,0,0,1
42270,2,2,2,11,7,2,2,0,0,2,2,0,4,0,0,1
42271,2,2,2,11,7,2,3,1,1,,,4,4,1,0,1
42272,2,2,2,11,7,3,0,1,1,,,4,4,1,0,1
42273,2,2,2,11,7,3,1,0,0,2,2,0,4,0,0,1
42274,2,2,2,11,7,3,2,0,0,2,2,0,4,0,0,1
42275,2,2,2,11,7,3,3,1,1,,,4,4,1,0,1
42276,2,2,2,11,7,4,0,1,1,,,4,4,1,0,1
42277,2,2,2,11,7,4,1,0,0,2,2,0,4,0,0,1
42278,2,2,2,11,7,4,2,0,0,2,2,0,4,0,0,1
42279,2,2,2,11,7,4,3,1,1,,,4,4,1,0,1
42280,2,2,2,11,7,5,0,1,1,,,4,4,1,0,1
42281,2,2,2,11,7,5,1,0,0,2,2,0,4,0,0,1
42282,2,2,2,11,7,5,2,0,0,2,2,0,4,0,0,1
42283,2,2,2,11,7,5,3,1,1,,,4,4,1,0,1
42284,2,2,2,11,7,6,0,1,1,,,4,4,1,0,1
42285,2,2,2,11,7,6,1,0,0,2,2,0,4,0,0,1
42286,2,2,2,11,7,6,2,0,0,2,2,0,4,0,0,1
42287,2,2,2,11,7,6,3,1,1,,,4,4,1,0,1
42288,2,2,2,11,7,7,0,1,1,,,4,4,1,0,1
42289,2,2,2,11,7,7,1,0,0,2,2,0,4,0,0,1
42290,2,2,2,11,7,7,2,0,0,2,2,0,4,0,0,1
42291,2,2,2,11,7,7,3,1,1,,,4,4,1,0,1
42292,2,2,2,11,7,8,0,1,1,,,4,4,1,0,1
42293,2,2,2,11,7,8,1,0,0,2,2,0,4,0,0,1
42294,2,2,2,11,7,8,2,0,0,2,2,0,4,0,0,1
42295,2,2,2,11,7,8,3,1,1,,,4,4,1,0,1
42296,2,2,2,11,7,9,0,1,1,,,4,4,1,0,1
42297,2,2,2,11,7,9,1,0,0,2,2,0,4,0,0,1
42298,2,2,2,11,7,9,2,0,0,2,2,0,4,0,0,1
42299,2,2,2,11,7,9,3,1,1,,,4,4,1,0,1
42300,2,2,2,11,7,10,0,1,1,,,4,4,1,0,1
42301,2,2,2,11,7,10,1,0,0,2,2,0,4,0,0,1
42302,2,2,2,11,7,10,2,0,0,2,2,0,4,0,0,1
42303,2,2,2,11,7,10,3,1,1,,,4,4,1,0,1
42304,2,2,2,11,7,11,0,1,1,,,4,4,1,0,1
42305,2,2,2,11,7,11,1,0,0,2,2,0,4,0,0,1
42306,2,2,2,11,7,11,2,0,0,2,2,0,4,0,0,1
42307,2,2,2,11,7,11,3,1,1,,,4,4,1,0,1
42308,2,2,2,11,7,12,0,1,1,,,4,4,1,0,1
42309,2,2,2,11,7,12,1,0,0,2,2,0,4,0,0,1
42310,2,2,2,11,7,12,2,0,0,2,2,0,4,0,0,1
42311,2,2,2,11,7,12,3,1,1,,,4,4,1,0,1
42312,2,2,2,11,7,13,0,1,1,,,4,4,1,0,1
42313,2,2,2,11,7,13,1,0,0,2,2,0,4,0,0,1
42314,2,2,2,11,7,13,2,0,0,2,2,0,4,0,0,1
42315,2,2,2,11,7,13,3,1,1,,,4,4,1,0,1
42316,2,2,2,11,7,14,0,1,1,,,4,4,1,0,1
42317,2,2,2,11,7,14,1,0,0,2,2,0,4,0,0,1
42318,2,2,2,11,7,14,2,0,0,2,2,0,4,0,0,1
42319,2,2,2,11,7,14,3,1,1,,,4,4,1,0,1
42320,2,2,2,11,7,15,0,1,1,,,4,4,1,0,1
42321,2,2,2,11,7,15,1,0,0,2,2,0,4,0,0,1
42322,2,2,2,11,7,15,2,0,0,2,2,0,4,0,0,1
42323,2,2,2,11,7,15,3,1,1,,,4,4,1,0,1
42324,2,2,2,11,8,0,0,1,1,,,4,2,1,1,1
42325,2,2,2,11,8,0,1,1,1,,,1,2,1,1,1
42326,2,2,2,11,8,0,2,1,1,,,1,2,1,1,1
42327,2,2,2,11,8,0,3,1,1,,,4,2,1,1,1
42328,2,2,2,11,8,1,0,1,1,,,4,2,1,1,1
42329,2,2,2,11,8,1,1,1,1,,,1,2,1,1,1
42330,2,2,2,11,8,1,2,1,1,,,1,2,1,1,1
42331,2,2,2,11,8,1,3,1,1,,,4,2,1,1,1
42332,2,2,2,11,8,2,0,1,1,,,4,2,1,1,1
42333,2,2,2,11,8,2,1,1,1,,,1,2,1,1,1
42334,2,2,2,11,8,2,2,1,1,,,1,2,1,1,1
42335,2,2,2,11,8,2,3,1,1,,,4,2,1,1,1
42336,2,2,2,11,8,3,0,1,1,,,4,2,1,1,1
42337,2,2,2,11,8,3,1,1,1,,,1,2,1,1,1
42338,2,2,2,11,8,3,2,1,1,,,1,2,1,1,1
42339,2,2,2,11,8,3,3,1,1,,,4,2,1,1,1
42340,2,2,2,11,8,4,0,1,1,,,4,2,1,1,1
42341,2,2,2,11,8,4,1,1,1,,,1,2,1,1,1
42342,2,2,2,11,8,4,2,1,1,,,1,2,1,1,1
42343,2,2,2,11,8,4,3,1,1,,,4,2,1,1,1
42344,2,2,2,11,8,5,0,1,1,,,4,2,1,1,1
42345,2,2,2,11,8,5,1,1,1,,,1,2,1,1,1
42346,2,2,2,11,8,5,2,1,1,,,1,2,1,1,1
42347,2,2,2,11,8,5,3,1,1,,,4,2,1,1,1
42348,2,2,2,11,8,6,0,1,1,,,4,2,1,1,1
42349,2,2,2,11,8,6,1,1,1,,,1,2,1,1,1
42350,2,2,2,11,8,6,2,1,1,,,1,2,1,1,1
42351,2,2,2,11,8,6,3,1,1,,,4,2,1,1,1
42352,2,2,2,11,8,7,0,1,1,,,4,2,1,1,1
42353,2,2,2,11,8,7,1,1,1,,,1,2,1,1,1
42354,2,2,2,11,8,7,2,1,1,,,1,2,1,1,1
42355,2,2,2,11,8,7,3,1,1,,,4,2,1,1,1
42356,2,2,2,11,8,8,0,1,1,,,4,2,1,1,1
42357,2,2,2,11,8,8,1,1,1,,,1,2,1,1,1
42358,2,2,2,11,8,8,2,1,1,,,1,2,1,1,1
42359,2,2,2,11,8,8,3,1,1,,,4,2,1,1,1
42360,2,2,2,11,8,9,0,1,1,,,4,2,1,1,1
42361,2,2,2,11,8,9,1,1,1,,,1,2,1,1,1
42362,2,2,2,11,8,9,2,1,1,,,1,2,1,1,1
42363,2,2,2,11,8,9,3,1,1,,,4,2,1,1,1
42364,2,2,2,11,8,10,0,1,1,,,4,2,1,1,1
42365,2,2,2,11,8,10,1,1,1,,,1,2,1,1,1
42366,2,2,2,11,8,10,2,1,1,,,1,2,1,1,1
42367,2,2,2,11,8,10,3,1,1,,,4,2,1,1,1
42368,2,2,2,11,8,11,0,1,1,,,4,2,1,1,1
42369,2,2,2,11,8,11,1,1,1,,,1,2,1,1,1
42370,2,2,2,11,8,11,2,1,1,,,1,2,1,1,1
42371,2,2,2,11,8,11,3,1,1,,,4,2,1,1,1
42372,2,2,2,11,8,12,0,1,1,,,4,2,1,1,1
42373,2,2,2,11,8,12,1,1,1,,,1,2,1,1,1
42374,2,2,2,11,8,12,2,1,1,,,1,2,1,1,1
42375,2,2,2,11,8,12,3,1,1,,,4,2,1,1,1
42376,2,2,2,11,8,13,0,1,1,,,4,2,1,1,1
42377,2,2,2,11,8,13,1,1,1,,,1,2,1,1,1
42378,2,2,2,11,8,13,2,1,1,,,1,2,1,1,1
42379,2,2,2,11,8,13,3,1,1,,,4,2,1,1,1
42380,2,2,2,11,8,14,0,1,1,,,4,2,1,1,1
42381,2,2,2,11,8,14,1,1,1,,,1,2,1,1,1
42382,2,2,2,11,8,14,2,1,1,,,1,2,1,1,1
42383,2,2,2,11,8,14,3,1,1,,,4,2,1,1,1
42384,2,2,2,11,8,15,0,1,1,,,4,2,1,1,1
42385,2,2,2,11,8,15,1,1,1,,,1,2,1,1,1
42386,2,2,2,11,8,15,2,1,1,,,1,2,1,1,1
42387,2,2,2,11,8,15,3,1,1,,,4,2,1,1,1
42388,2,2,2,11,9,0,0,1,1,,,4,4,1,0,1
42389,2,2,2,11,9,0,1,0,0,2,2,0,4,0,0,1
42390,2,2,2,11,9,0,2,0,0,2,2,0,4,0,0,1
42391,2,2,2,11,9,0,3,1,1,,,4,4,1,0,1
42392,2,2,2,11,9,1,0,1,1,,,4,4,1,0,1
42393,2,2,2,11,9,1,1,0,0,2,2,0,4,0,0,1
42394,2,2,2,11,9,1,2,0,0,2,2,0,4,0,0,1
42395,2,2,2,11,9,1,3,1,1,,,4,4,1,0,1
42396,2,2,2,11,9,2,0,1,1,,,4,4,1,0,1
42397,2,2,2,11,9,2,1,0,0,2,2,0,4,0,0,1
42398,2,2,2,11,9,2,2,0,0,2,2,0,4,0,0,1
42399,2,2,2,11,9,2,3,1,1,,,4,4,1,0,1
42400,2,2,2,11,9,3,0,1,1,,,4,4,1,0,1
42401,2,2,2,11,9,3,1,0,0,2,2,0,4,0,0,1
42402,2,2,2,11,9,3,2,0,0,2,2,0,4,0,0,1
42403,2,2,2,11,9,3,3,1,1,,,4,4,1,0,1
42404,2,2,2,11,9,4,0,1,1,,,4,4,1,0,1
42405,2,2,2,11,9,4,1,0,0,2,2,0,4,0,0,1
42406,2,2,2,11,9,4,2,0,0,2,2,0,4,0,0,1
42407,2,2,2,11,9,4,3,1,1,,,4,4,1,0,1
42408,2,2,2,11,9,5,0,1,1,,,4,4,1,0,1
42409,2,2,2,11,9,5,1,0,0,2,2,0,4,0,0,1
42410,2,2,2,11,9,5,2,0,0,2,2,0,4,0,0,1
42411,2,2,2,11,9,5,3,1,1,,,4,4,1,0,1
42412,2,2,2,11,9,6,0,1,1,,,4,4,1,0,1
42413,2,2,2,11,9,6,1,0,0,2,2,0,4,0,0,1
42414,2,2,2,11,9,6,2,0,0,2,2,0,4,0,0,1
42415,2,2,2,11,9,6,3,1,1,,,4,4,1,0,1
42416,2,2,2,11,9,7,0,1,1,,,4,4,1,0,1
42417,2,2,2,11,9,7,1,0,0,2,2,0,4,0,0,1
42418,2,2,2,11,9,7,2,0,0,2,2,0,4,0,0,1
42419,2,2,2,11,9,7,3,1,1,,,4,4,1,0,1
42420,2,2,2,11,9,8,0,1,1,,,4,4,1,0,1
42421,2,2,2,11,9,8,1,0,0,2,2,0,4,0,0,1
42422,2,2,2,11,9,8,2,0,0,2,2,0,4,0,0,1
42423,2,2,2,11,9,8,3,1,1,,,4,4,1,0,1
42424,2,2,2,11,9,9,0,1,1,,,4,4,1,0,1
42425,2,2,2,11,9,9,1,0,0,2,2,0,4,0,0,1
42426,2,2,2,11,9,9,2,0,0,2,2,0,4,0,0,1
42427,2,2,2,11,9,9,3,1,1,,,4,4,1,0,1
42428,2,2,2,11,9,10,0,1,1,,,4,4,1,0,1
42429,2,2,2,11,9,10,1,0,0,2,2,0,4,0,0,1
42430,2,2,2,11,9,10,2,0,0,2,2,0,4,0,0,1
42431,2,2,2,11,9,10,3,1,1,,,4,4,1,0,1
42432,2,2,2,11,9,11,0,1,1,,,4,4,1,0,1
42433,2,2,2,11,9,11,1,0,0,2,2,0,4,0,0,1
42434,2,2,2,11,9,11,2,0,0,2,2,0,4,0,0,1
42435,2,2,2,11,9,11,3,1,1,,,4,4,1,0,1
42436,2,2,2,11,9,12,0,1,1,,,4,4,1,0,1
42437,2,2,2,11,9,12,1,0,0,2,2,0,4,0,0,1
42438,2,2,2,11,9,12,2,0,0,2,2,0,4,0,0,1
42439,2,2,2,11,9,12,3,1,1,,,4,4,1,0,1
42440,2,2,2,11,9,13,0,1,1,,,4,4,1,0,1
42441,2,2,2,11,9,13,1,0,0,2,2,0,4,0,0,1
42442,2,2,2,11,9,13,2,0,0,2,2,0,4,0,0,1
42443,2,2,2,11,9,13,3,1,1,,,4,4,1,0,1
42444,2,2,2,11,9,14,0,1,1,,,4,4,1,0,1
42445,2,2,2,11,9,14,1,0,0,2,2,0,4,0,0,1
42446,2,2,2,11,9,14,2,0,0,2,2,0,4,0,0,1
42447,2,2,2,11,9,14,3,1,1,,,4,4,1,0,1
42448,2,2,2,11,9,15,0,1,1,,,4,4,1,0,1
42449,2,2,2,11,9,15,1,0,0,2,2,0,4,0,0,1
42450,2,2,2,11,9,15,2,0,0,2,2,0,4,0,0,1
42451,2,2,2,11,9,15,3,1,1,,,4,4,1,0,1
42452,2,2,2,11,10,0,0,1,1,,,4,3,1,0,1
42453,2,2,2,11,10,0,1,0,0,2,2,0,3,0,0,1
42454,2,2,2,11,10,0,2,0,0,2,2,0,3,0,0,1
42455,2,2,2,11,10,0,3,1,1,,,4,3,1,0,1
42456,2,2,2,11,10,1,0,1,1,,,4,3,1,0,1
42457,2,2,2,11,10,1,1,0,0,2,2,0,3,0,0,1
42458,2,2,2,11,10,1,2,0,0,2,2,0,3,0,0,1
42459,2,2,2,11,10,1,3,1,1,,,4,3,1,0,1
42460,2,2,2,11,10,2,0,1,1,,,4,3,1,0,1
42461,2,2,2,11,10,2,1,0,0,2,2,0,3,0,0,1
42462,2,2,2,11,10,2,2,0,0,2,2,0,3,0,0,1
42463,2,2,2,11,10,2,3,1,1,,,4,3,1,0,1
42464,2,2,2,11,10,3,0,1,1,,,4,3,1,0,1
42465,2,2,2,11,10,3,1,0,0,2,2,0,3,0,0,1
42466,2,2,2,11,10,3,2,0,0,2,2,0,3,0,0,1
42467,2,2,2,11,10,3,3,1,1,,,4,3,1,0,1
42468,2,2,2,11,10,4,0,1,1,,,4,3,1,0,1
42469,2,2,2,11,10,4,1,0,0,2,2,0,3,0,0,1
42470,2,2,2,11,10,4,2,0,0,2,2,0,3,0,0,1
42471,2,2,2,11,10,4,3,1,1,,,4,3,1,0,1
42472,2,2,2,11,10,5,0,1,1,,,4,3,1,0,1
42473,2,2,2,11,10,5,1,0,0,2,2,0,3,0,0,1
42474,2,2,2,11,10,5,2,0,0,2,2,0,3,0,0,1
42475,2,2,2,11,10,5,3,1,1,,,4,3,1,0,1
42476,2,2,2,11,10,6,0,1,1,,,4,3,1,0,1
42477,2,2,2,11,10,6,1,0,0,2,2,0,3,0,0,1
42478,2,2,2,11,10,6,2,0,0,2,2,0,3,0,0,1
42479,2,2,2,11,10,6,3,1,1,,,4,3,1,0,1
42480,2,2,2,11,10,7,0,1,1,,,4,3,1,0,1
42481,2,2,2,11,10,7,1,0,0,2,2,0,3,0,0,1
42482,2,2,2,11,10,7,2,0,0,2,2,0,3,0,0,1
42483,2,2,2,11,10,7,3,1,1,,,4,3,1,0,1
42484,2,2,2,11,10,8,0,1,1,,,4,3,1,0,1
42485,2,2,2,11,10,8,1,0,0,2,2,0,3,0,0,1
42486,2,2,2,11,10,8,2,0,0,2,2,0,3,0,0,1
42487,2,2,2,11,10,8,3,1,1,,,4,3,1,0,1
42488,2,2,2,11,10,9,0,1,1,,,4,3,1,0,1
42489,2,2,2,11,10,9,1,0,0,2,2,0,3,0,0,1
42490,2,2,2,11,10,9,2,0,0,2,2,0,3,0,0,1
42491,2,2,2,11,10,9,3,1,1,,,4,3,1,0,1
42492,2,2,2,11,10,10,0,1,1,,,4,3,1,0,1
42493,2,2,2,11,10,10,1,0,0,2,2,0,3,0,0,1
42494,2,2,2,11,10,10,2,0,0,2,2,0,3,0,0,1
42495,2,2,2,11,10,10,3,1,1,,,4,3,1,0,1
42496,2,2,2,11,10,11,0,1,1,,,4,3,1,0,1
42497,2,2,2,11,10,11,1,0,0,2,2,0,3,0,0,1
42498,2,2,2,11,10,11,2,0,0,2,2,0,3,0,0,1
42499,2,2,2,11,10,11,3,1,1,,,4,3,1,0,1
42500,2,2,2,11,10,12,0,1,1,,,4,3,1,0,1
42501,2,2,2,11,10,12,1,0,0,2,2,0,3,0,0,1
42502,2,2,2,11,10,12,2,0,0,2,2,0,3,0,0,1
42503,2,2,2,11,10,12,3,1,1,,,4,3,1,0,1
42504,2,2,2,11,10,13,0,1,1,,,4,3,1,0,1
42505,2,2,2,11,10,13,1,0,0,2,2,0,3,0,0,1
42506,2,2,2,11,10,13,2,0,0,2,2,0,3,0,0,1
42507,2,2,2,11,10,13,3,1,1,,,4,3,1,0,1
42508,2,2,2,11,10,14,0,1,1,,,4,3,1,0,1
42509,2,2,2,11,10,14,1,0,0,2,2,0,3,0,0,1
42510,2,2,2,11,10,14,2,0,0,2,2,0,3,0,0,1
42511,2,2,2,11,10,14,3,1,1,,,4,3,1,0,1
42512,2,2,2,11,10,15,0,1,1,,,4,3,1,0,1
42513,2,2,2,11,10,15,1,0,0,2,2,0,3,0,0,1
42514,2,2,2,11,10,15,2,0,0,2,2,0,3,0,0,1
42515,2,2,2,11,10,15,3,1,1,,,4,3,1,0,1
42516,2,2,2,11,11,0,0,1,1,,,4,2,1,1,1
42517,2,2,2,11,11,0,1,1,1,,,1,2,1,1,1
42518,2,2,2,11,11,0,2,1,1,,,1,2,1,1,1
42519,2,2,2,11,11,0,3,1,1,,,4,2,1,1,1
42520,2,2,2,11,11,1,0,1,1,,,4,2,1,1,1
42521,2,2,2,11,11,1,1,1,1,,,1,2,1,1,1
42522,2,2,2,11,11,1,2,1,1,,,1,2,1,1,1
42523,2,2,2,11,11,1,3,1,1,,,4,2,1,1,1
42524,2,2,2,11,11,2,0,1,1,,,4,2,1,1,1
42525,2,2,2,11,11,2,1,1,1,,,1,2,1,1,1
42526,2,2,2,11,11,2,2,1,1,,,1,2,1,1,1
42527,2,2,2,11,11,2,3,1,1,,,4,2,1,1,1
42528,2,2,2,11,11,3,0,1,1,,,4,2,1,1,1
42529,2,2,2,11,11,3,1,1,1,,,1,2,1,1,1
42530,2,2,2,11,11,3,2,1,1,,,1,2,1,1,1
42531,2,2,2,11,11,3,3,1,1,,,4,2,1,1,1
42532,2,2,2,11,11,4,0,1,1,,,4,2,1,1,1
42533,2,2,2,11,11,4,1,1,1,,,1,2,1,1,1
42534,2,2,2,11,11,4,2,1,1,,,1,2,1,1,1
42535,2,2,2,11,11,4,3,1,1,,,4,2,1,1,1
42536,2,2,2,11,11,5,0,1,1,,,4,2,1,1,1
42537,2,2,2,11,11,5,1,1,1,,,1,2,1,1,1
42538,2,2,2,11,11,5,2,1,1,,,1,2,1,1,1
42539,2,2,2,11,11,5,3,1,1,,,4,2,1,1,1
42540,2,2,2,11,11,6,0,1,1,,,4,2,1,1,1
42541,2,2,2,11,11,6,1,1,1,,,1,2,1,1,1
42542,2,2,2,11,11,6,2,1,1,,,1,2,1,1,1
42543,2,2,2,11,11,6,3,1,1,,,4,2,1,1,1
42544,2,2,2,11,11,7,0,1,1,,,4,2,1,1,1
42545,2,2,2,11,11,7,1,1,1,,,1,2,1,1,1
42546,2,2,2,11,11,7,2,1,1,,,1,2,1,1,1
42547,2,2,2,11,11,7,3,1,1,,,4,2,1,1,1
42548,2,2,2,11,11,8,0,1,1,,,4,2,1,1,1
42549,2,2,2,11,11,8,1,1,1,,,1,2,1,1,1
42550,2,2,2,11,11,8,2,1,1,,,1,2,1,1,1
42551,2,2,2,11,11,8,3,1,1,,,4,2,1,1,1
42552,2,2,2,11,11,9,0,1,1,,,4,2,1,1,1
42553,2,2,2,11,11,9,1,1,1,,,1,2,1,1,1
42554,2,2,2,11,11,9,2,1,1,,,1,2,1,1,1
42555,2,2,2,11,11,9,3,1,1,,,4,2,1,1,1
42556,2,2,2,11,11,10,0,1,1,,,4,2,1,1,1
42557,2,2,2,11,11,10,1,1,1,,,1,2,1,1,1
42558,2,2,2,11,11,10,2,1,1,,,1,2,1,1,1
42559,2,2,2,11,11,10,3,1,1,,,4,2,1,1,1
42560,2,2,2,11,11,11,0,1,1,,,4,2,1,1,1
42561,2,2,2,11,11,11,1,1,1,,,1,2,1,1,1
42562,2,2,2,11,11,11,2,1,1,,,1,2,1,1,1
42563,2,2,2,11,11,11,3,1,1,,,4,2,1,1,1
42564,2,2,2,11,11,12,0,1,1,,,4,2,1,1,1
42565,2,2,2,11,11,12,1,1,1,,,1,2,1,1,1
42566,2,2,2,11,11,12,2,1,1,,,1,2,1,1,1
42567,2,2,2,11,11,12,3,1,1,,,4,2,1,1,1
42568,2,2,2,11,11,13,0,1,1,,,4,2,1,1,1
42569,2,2,2,11,11,13,1,1,1,,,1,2,1,1,1
42570,2,2,2,11,11,13,2,1,1,,,1,2,1,1,1
42571,2,2,2,11,11,13,3,1,1,,,4,2,1,1,1
42572,2,2,2,11,11,14,0,1,1,,,4,2,1,1,1
42573,2,2,2,11,11,14,1,1,1,,,1,2,1,1,1
42574,2,2,2,11,11,14,2,1,1,,,1,2,1,1,1
42575,2,2,2,11,11,14,3,1,1,,,4,2,1,1,1
42576,2,2,2,11,11,15,0,1,1,,,4,2,1,1,1
42577,2,2,2,11,11,15,1,1,1,,,1,2,1,1,1
42578,2,2,2,11,11,15,2,1,1,,,1,2,1,1,1
42579,2,2,2,11,11,15,3,1,1,,,4,2,1,1,1
42580,2,2,2,11,12,0,0,1,1,,,4,2,1,1,1
42581,2,2,2,11,12,0,1,1,1,,,1,2,1,1,1
42582,2,2,2,11,12,0,2,1,1,,,1,2,1,1,1
42583,2,2,2,11,12,0,3,1,1,,,4,2,1,1,1
42584,2,2,2,11,12,1,0,1,1,,,4,2,1,1,1
42585,2,2,2,11,12,1,1,1,1,,,1,2,1,1,1
42586,2,2,2,11,12,1,2,1,1,,,1,2,1,1,1
42587,2,2,2,11,12,1,3,1,1,,,4,2,1,1,1
42588,2,2,2,11,12,2,0,1,1,,,4,2,1,1,1
42589,2,2,2,11,12,2,1,1,1,,,1,2,1,1,1
42590,2,2,2,11,12,2,2,1,1,,,1,2,1,1,1
42591,2,2,2,11,12,2,3,1,1,,,4,2,1,1,1
42592,2,2,2,11,12,3,0,1,1,,,4,2,1,1,1
42593,2,2,2,11,12,3,1,1,1,,,1,2,1,1,1
42594,2,2,2,11,12,3,2,1,1,,,1,2,1,1,1
42595,2,2,2,11,12,3,3,1,1,,,4,2,1,1,1
42596,2,2,2,11,12,4,0,1,1,,,4,2,1,1,1
42597,2,2,2,11,12,4,1,1,1,,,1,2,1,1,1
42598,2,2,2,11,12,4,2,1,1,,,1,2,1,1,1
42599,2,2,2,11,12,4,3,1,1,,,4,2,1,1,1
42600,2,2,2,11,12,5,0,1,1,,,4,2,1,1,1
42601,2,2,2,11,12,5,1,1,1,,,1,2,1,1,1
42602,2,2,2,11,12,5,2,1,1,,,1,2,1,1,1
42603,2,2,2,11,12,5,3,1,1,,,4,2,1,1,1
42604,2,2,2,11,12,6,0,1,1,,,4,2,1,1,1
42605,2,2,2,11,12,6,1,1,1,,,1,2,1,1,1
42606,2,2,2,11,12,6,2,1,1,,,1,2,1,1,1
42607,2,2,2,11,12,6,3,1,1,,,4,2,1,1,1
42608,2,2,2,11,12,7,0,1,1,,,4,2,1,1,1
42609,2,2,2,11,12,7,1,1,1,,,1,2,1,1,1
42610,2,2,2,11,12,7,2,1,1,,,1,2,1,1,1
42611,2,2,2,11,12,7,3,1,1,,,4,2,1,1,1
42612,2,2,2,11,12,8,0,1,1,,,4,2,1,1,1
42613,2,2,2,11,12,8,1,1,1,,,1,2,1,1,1
42614,2,2,2,11,12,8,2,1,1,,,1,2,1,1,1
42615,2,2,2,11,12,8,3,1,1,,,4,2,1,1,1
42616,2,2,2,11,12,9,0,1,1,,,4,2,1,1,1
42617,2,2,2,11,12,9,1,1,1,,,1,2,1,1,1
42618,2,2,2,11,12,9,2,1,1,,,1,2,1,1,1
42619,2,2,2,11,12,9,3,1,1,,,4,2,1,1,1
42620,2,2,2,11,12,10,0,1,1,,,4,2,1,1,1
42621,2,2,2,11,12,10,1,1,1,,,1,2,1,1,1
42622,2,2,2,11,12,10,2,1,1,,,1,2,1,1,1
42623,2,2,2,11,12,10,3,1,1,,,4,2,1,1,1
42624,2,2,2,11,12,11,0,1,1,,,4,2,1,1,1
42625,2,2,2,11,12,11,1,1,1,,,1,2,1,1,1
42626,2,2,2,11,12,11,2,1,1,,,1,2,1,1,1
42627,2,2,2,11,12,11,3,1,1,,,4,2,1,1,1
42628,2,2,2,11,12,12,0,1,1,,,4,2,1,1,1
42629,2,2,2,11,12,12,1,1,1,,,1,2,1,1,1
42630,2,2,2,11,12,12,2,1,1,,,1,2,1,1,1
42631,2,2,2,11,12,12,3,1,1,,,4,2,1,1,1
42632,2,2,2,11,12,13,0,1,1,,,4,2,1,1,1
42633,2,2,2,11,12,13,1,1,1,,,1,2,1,1,1
42634,2,2,2,11,12,13,2,1,1,,,1,2,1,1,1
42635,2,2,2,11,12,13,3,1,1,,,4,2,1,1,1
42636,2,2,2,11,12,14,0,1,1,,,4,2,1,1,1
42637,2,2,2,11,12,14,1,1,1,,,1,2,1,1,1
42638,2,2,2,11,12,14,2,1,1,,,1,2,1,1,1
42639,2,2,2,11,12,14,3,1,1,,,4,2,1,1,1
42640,2,2,2,11,12,15,0,1,1,,,4,2,1,1,1
42641,2,2,2,11,12,15,1,1,1,,,1,2,1,1,1
42642,2,2,2,11,12,15,2,1,1,,,1,2,1,1,1
42643,2,2,2,11,12,15,3,1,1,,,4,2,1,1,1
42644,2,2,2,11,13,0,0,1,1,,,4,4,1,0,1
42645,2,2,2,11,13,0,1,0,0,2,2,0,4,0,0,1
42646,2,2,2,11,13,0,2,0,0,2,2,0,4,0,0,1
42647,2,2,2,11,13,0,3,1,1,,,4,4,1,0,1
42648,2,2,2,11,13,1,0,1,1,,,4,4,1,0,1
42649,2,2,2,11,13,1,1,0,0,2,2,0,4,0,0,1
42650,2,2,2,11,13,1,2,0,0,2,2,0,4,0,0,1
42651,2,2,2,11,13,1,3,1,1,,,4,4,1,0,1
42652,2,2,2,11,13,2,0,1,1,,,4,4,1,0,1
42653,2,2,2,11,13,2,1,0,0,2,2,0,4,0,0,1
42654,2,2,2,11,13,2,2,0,0,2,2,0,4,0,0,1
42655,2,2,2,11,13,2,3,1,1,,,4,4,1,0,1
42656,2,2,2,11,13,3,0,1,1,,,4,4,1,0,1
42657,2,2,2,11,13,3,1,0,0,2,2,0,4,0,0,1
42658,2,2,2,11,13,3,2,0,0,2,2,0,4,0,0,1
42659,2,2,2,11,13,3,3,1,1,,,4,4,1,0,1
42660,2,2,2,11,13,4,0,1,1,,,4,4,1,0,1
42661,2,2,2,11,13,4,1,0,0,2,2,0,4,0,0,1
42662,2,2,2,11,13,4,2,0,0,2,2,0,4,0,0,1
42663,2,2,2,11,13,4,3,1,1,,,4,4,1,0,1
42664,2,2,2,11,13,5,0,1,1,,,4,4,1,0,1
42665,2,2,2,11,13,5,1,0,0,2,2,0,4,0,0,1
42666,2,2,2,11,13,5,2,0,0,2,2,0,4,0,0,1
42667,2,2,2,11,13,5,3,1,1,,,4,4,1,0,1
42668,2,2,2,11,13,6,0,1,1,,,4,4,1,0,1
42669,2,2,2,11,13,6,1,0,0,2,2,0,4,0,0,1
42670,2,2,2,11,13,6,2,0,0,2,2,0,4,0,0,1
42671,2,2,2,11,13,6,3,1,1,,,4,4,1,0,1
42672,2,2,2,11,13,7,0,1,1,,,4,4,1,0,1
42673,2,2,2,11,13,7,1,0,0,2,2,0,4,0,0,1
42674,2,2,2,11,13,7,2,0,0,2,2,0,4,0,0,1
42675,2,2,2,11,13,7,3,1,1,,,4,4,1,0,1
42676,2,2,2,11,13,8,0,1,1,,,4,4,1,0,1
42677,2,2,2,11,13,8,1,0,0,2,2,0,4,0,0,1
42678,2,2,2,11,13,8,2,0,0,2,2,0,4,0,0,1
42679,2,2,2,11,13,8,3,1,1,,,4,4,1,0,1
42680,2,2,2,11,13,9,0,1,1,,,4,4,1,0,1
42681,2,2,2,11,13,9,1,0,0,2,2,0,4,0,0,1
42682,2,2,2,11,13,9,2,0,0,2,2,0,4,0,0,1
42683,2,2,2,11,13,9,3,1,1,,,4,4,1,0,1
42684,2,2,2,11,13,10,0,1,1,,,4,4,1,0,1
42685,2,2,2,11,13,10,1,0,0,2,2,0,4,0,0,1
42686,2,2,2,11,13,10,2,0,0,2,2,0,4,0,0,1
42687,2,2,2,11,13,10,3,1,1,,,4,4,1,0,1
42688,2,2,2,11,13,11,0,1,1,,,4,4,1,0,1
42689,2,2,2,11,13,11,1,0,0,2,2,0,4,0,0,1
42690,2,2,2,11,13,11,2,0,0,2,2,0,4,0,0,1
42691,2,2,2,11,13,11,3,1,1,,,4,4,1,0,1
42692,2,2,2,11,13,12,0,1,1,,,4,4,1,0,1
42693,2,2,2,11,13,12,1,0,0,2,2,0,4,0,0,1
42694,2,2,2,11,13,12,2,0,0,2,2,0,4,0,0,1
42695,2,2,2,11,13,12,3,1,1,,,4,4,1,0,1
42696,2,2,2,11,13,13,0,1,1,,,4,4,1,0,1
42697,2,2,2,11,13,13,1,0,0,2,2,0,4,0,0,1
42698,2,2,2,11,13,13,2,0,0,2,2,0,4,0,0,1
42699,2,2,2,11,13,13,3,1,1,,,4,4,1,0,1
42700,2,2,2,11,13,14,0,1,1,,,4,4,1,0,1
42701,2,2,2,11,13,14,1,0,0,2,2,0,4,0,0,1
42702,2,2,2,11,13,14,2,0,0,2,2,0,4,0,0,1
42703,2,2,2,11,13,14,3,1,1,,,4,4,1,0,1
42704,2,2,2,11,13,15,0,1,1,,,4,4,1,0,1
42705,2,2,2,11,13,15,1,0,0,2,2,0,4,0,0,1
42706,2,2,2,11,13,15,2,0,0,2,2,0,4,0,0,1
42707,2,2,2,11,13,15,3,1,1,,,4,4,1,0,1
42708,2,2,2,11,14,0,0,1,1,,,4,4,1,0,1
42709,2,2,2,11,14,0,1,0,0,2,2,0,4,0,0,1
42710,2,2,2,11,14,0,2,0,0,2,2,0,4,0,0,1
42711,2,2,2,11,14,0,3,1,1,,,4,4,1,0,1
42712,2,2,2,11,14,1,0,1,1,,,4,4,1,0,1
42713,2,2,2,11,14,1,1,0,0,2,2,0,4,0,0,1
42714,2,2,2,11,14,1,2,0,0,2,2,0,4,0,0,1
42715,2,2,2,11,14,1,3,1,1,,,4,4,1,0,1
42716,2,2,2,11,14,2,0,1,1,,,4,4,1,0,1
42717,2,2,2,11,14,2,1,0,0,2,2,0,4,0,0,1
42718,2,2,2,11,14,2,2,0,0,2,2,0,4,0,0,1
42719,2,2,2,11,14,2,3,1,1,,,4,4,1,0,1
42720,2,2,2,11,14,3,0,1,1,,,4,4,1,0,1
42721,2,2,2,11,14,3,1,0,0,2,2,0,4,0,0,1
42722,2,2,2,11,14,3,2,0,0,2,2,0,4,0,0,1
42723,2,2,2,11,14,3,3,1,1,,,4,4,1,0,1
42724,2,2,2,11,14,4,0,1,1,,,4,4,1,0,1
42725,2,2,2,11,14,4,1,0,0,2,2,0,4,0,0,1
42726,2,2,2,11,14,4,2,0,0,2,2,0,4,0,0,1
42727,2,2,2,11,14,4,3,1,1,,,4,4,1,0,1
42728,2,2,2,11,14,5,0,1,1,,,4,4,1,0,1
42729,2,2,2,11,14,5,1,0,0,2,2,0,4,0,0,1
42730,2,2,2,11,14,5,2,0,0,2,2,0,4,0,0,1
42731,2,2,2,11,14,5,3,1,1,,,4,4,1,0,1
42732,2,2,2,11,14,6,0,1,1,,,4,4,1,0,1
42733,2,2,2,11,14,6,1,0,0,2,2,0,4,0,0,1
42734,2,2,2,11,14,6,2,0,0,2,2,0,4,0,0,1
42735,2,2,2,11,14,6,3,1,1,,,4,4,1,0,1
42736,2,2,2,11,14,7,0,1,1,,,4,4,1,0,1
42737,2,2,2,11,14,7,1,0,0,2,2,0,4,0,0,1
42738,2,2,2,11,14,7,2,0,0,2,2,0,4,0,0,1
42739,2,2,2,11,14,7,3,1,1,,,4,4,1,0,1
42740,2,2,2,11,14,8,0,1,1,,,4,4,1,0,1
42741,2,2,2,11,14,8,1,0,0,2,2,0,4,0,0,1
42742,2,2,2,11,14,8,2,0,0,2,2,0,4,0,0,1
42743,2,2,2,11,14,8,3,1,1,,,4,4,1,0,1
42744,2,2,2,11,14,9,0,1,1,,,4,4,1,0,1
42745,2,2,2,11,14,9,1,0,0,2,2,0,4,0,0,1
42746,2,2,2,11,14,9,2,0,0,2,2,0,4,0,0,1
42747,2,2,2,11,14,9,3,1,1,,,4,4,1,0,1
42748,2,2,2,11,14,10,0,1,1,,,4,4,1,0,1
42749,2,2,2,11,14,10,1,0,0,2,2,0,4,0,0,1
42750,2,2,2,11,14,10,2,0,0,2,2,0,4,0,0,1
42751,2,2,2,11,14,10,3,1,1,,,4,4,1,0,1
42752,2,2,2,11,14,11,0,1,1,,,4,4,1,0,1
42753,2,2,2,11,14,11,1,0,0,2,2,0,4,0,0,1
42754,2,2,2,11,14,11,2,0,0,2,2,0,4,0,0,1
42755,2,2,2,11,14,11,3,1,1,,,4,4,1,0,1
42756,2,2,2,11,14,12,0,1,1,,,4,4,1,0,1
42757,2,2,2,11,14,12,1,0,0,2,2,0,4,0,0,1
42758,2,2,2,11,14,12,2,0,0,2,2,0,4,0,0,1
42759,2,2,2,11,14,12,3,1,1,,,4,4,1,0,1
42760,2,2,2,11,14,13,0,1,1,,,4,4,1,0,1
42761,2,2,2,11,14,13,1,0,0,2,2,0,4,0,0,1
42762,2,2,2,11,14,13,2,0,0,2,2,0,4,0,0,1
42763,2,2,2,11,14,13,3,1,1,,,4,4,1,0,1
42764,2,2,2,11,14,14,0,1,1,,,4,4,1,0,1
42765,2,2,2,11,14,14,1,0,0,2,2,0,4,0,0,1
42766,2,2,2,11,14,14,2,0,0,2,2,0,4,0,0,1
42767,2,2,2,11,14,14,3,1,1,,,4,4,1,0,1
42768,2,2,2,11,14,15,0,1,1,,,4,4,1,0,1
42769,2,2,2,11,14,15,1,0,0,2,2,0,4,0,0,1
42770,2,2,2,11,14,15,2,0,0,2,2,0,4,0,0,1
42771,2,2,2,11,14,15,3,1,1,,,4,4,1,0,1
42772,2,2,2,11,15,0,0,1,1,,,4,3,1,0,1
42773,2,2,2,11,15,0,1,0,0,2,2,0,3,0,0,1
42774,2,2,2,11,15,0,2,0,0,2,2,0,3,0,0,1
42775,2,2,2,11,15,0,3,1,1,,,4,3,1,0,1
42776,2,2,2,11,15,1,0,1,1,,,4,3,1,0,1
42777,2,2,2,11,15,1,1,0,0,2,2,0,3,0,0,1
42778,2,2,2,11,15,1,2,0,0,2,2,0,3,0,0,1
42779,2,2,2,11,15,1,3,1,1,,,4,3,1,0,1
42780,2,2,2,11,15,2,0,1,1,,,4,3,1,0,1
42781,2,2,2,11,15,2,1,0,0,2,2,0,3,0,0,1
42782,2,2,2,11,15,2,2,0,0,2,2,0,3,0,0,1
42783,2,2,2,11,15,2,3,1,1,,,4,3,1,0,1
42784,2,2,2,11,15,3,0,1,1,,,4,3,1,0,1
42785,2,2,2,11,15,3,1,0,0,2,2,0,3,0,0,1
42786,2,2,2,11,15,3,2,0,0,2,2,0,3,0,0,1
42787,2,2,2,11,15,3,3,1,1,,,4,3,1,0,1
42788,2,2,2,11,15,4,0,1,1,,,4,3,1,0,1
42789,2,2,2,11,15,4,1,0,0,2,2,0,3,0,0,1
42790,2,2,2,11,15,4,2,0,0,2,2,0,3,0,0,1
42791,2,2,2,11,15,4,3,1,1,,,4,3,1,0,1
42792,2,2,2,11,15,5,0,1,1,,,4,3,1,0,1
42793,2,2,2,11,15,5,1,0,0,2,2,0,3,0,0,1
42794,2,2,2,11,15,5,2,0,0,2,2,0,3,0,0,1
42795,2,2,2,11,15,5,3,1,1,,,4,3,1,0,1
42796,2,2,2,11,15,6,0,1,1,,,4,3,1,0,1
42797,2,2,2,11,15,6,1,0,0,2,2,0,3,0,0,1
42798,2,2,2,11,15,6,2,0,0,2,2,0,3,0,0,1
42799,2,2,2,11,15,6,3,1,1,,,4,3,1,0,1
42800,2,2,2,11,15,7,0,1,1,,,4,3,1,0,1
42801,2,2,2,11,15,7,1,0,0,2,2,0,3,0,0,1
42802,2,2,2,11,15,7,2,0,0,2,2,0,3,0,0,1
42803,2,2,2,11,15,7,3,1,1,,,4,3,1,0,1
42804,2,2,2,11,15,8,0,1,1,,,4,3,1,0,1
42805,2,2,2,11,15,8,1,0,0,2,2,0,3,0,0,1
42806,2,2,2,11,15,8,2,0,0,2,2,0,3,0,0,1
42807,2,2,2,11,15,8,3,1,1,,,4,3,1,0,1
42808,2,2,2,11,15,9,0,1,1,,,4,3,1,0,1
42809,2,2,2,11,15,9,1,0,0,2,2,0,3,0,0,1
42810,2,2,2,11,15,9,2,0,0,2,2,0,3,0,0,1
42811,2,2,2,11,15,9,3,1,1,,,4,3,1,0,1
42812,2,2,2,11,15,10,0,1,1,,,4,3,1,0,1
42813,2,2,2,11,15,10,1,0,0,2,2,0,3,0,0,1
42814,2,2,2,11,15,10,2,0,0,2,2,0,3,0,0,1
42815,2,2,2,11,15,10,3,1,1,,,4,3,1,0,1
42816,2,2,2,11,15,11,0,1,1,,,4,3,1,0,1
42817,2,2,2,11,15,11,1,0,0,2,2,0,3,0,0,1
42818,2,2,2,11,15,11,2,0,0,2,2,0,3,0,0,1
42819,2,2,2,11,15,11,3,1,1,,,4,3,1,0,1
42820,2,2,2,11,15,12,0,1,1,,,4,3,1,0,1
42821,2,2,2,11,15,12,1,0,0,2,2,0,3,0,0,1
42822,2,2,2,11,15,12,2,0,0,2,2,0,3,0,0,1
42823,2,2,2,11,15,12,3,1,1,,,4,3,1,0,1
42824,2,2,2,11,15,13,0,1,1,,,4,3,1,0,1
42825,2,2,2,11,15,13,1,0,0,2,2,0,3,0,0,1
42826,2,2,2,11,15,13,2,0,0,2,2,0,3,0,0,1
42827,2,2,2,11,15,13,3,1,1,,,4,3,1,0,1
42828,2,2,2,11,15,14,0,1,1,,,4,3,1,0,1
42829,2,2,2,11,15,14,1,0,0,2,2,0,3,0,0,1
42830,2,2,2,11,15,14,2,0,0,2,2,0,3,0,0,1
42831,2,2,2,11,15,14,3,1,1,,,4,3,1,0,1
42832,2,2,2,11,15,15,0,1,1,,,4,3,1,0,1
42833,2,2,2,11,15,15,1,0,0,2,2,0,3,0,0,1
42834,2,2,2,11,15,15,2,0,0,2,2,0,3,0,0,1
42835,2,2,2,11,15,15,3,1,1,,,4,3,1,0,1
42836,2,2,2,12,0,0,0,1,1,,,4,1,1,1,1
42837,2,2,2,12,0,0,1,1,1,,,2,1,1,1,1
42838,2,2,2,12,0,0,2,1,1,,,2,1,1,1,1
42839,2,2,2,12,0,0,3,1,1,,,4,1,1,1,1
42840,2,2,2,12,0,1,0,1,1,,,4,1,1,1,1
42841,2,2,2,12,0,1,1,1,1,,,2,1,1,1,1
42842,2,2,2,12,0,1,2,1,1,,,2,1,1,1,1
42843,2,2,2,12,0,1,3,1,1,,,4,1,1,1,1
42844,2,2,2,12,0,2,0,1,1,,,4,1,1,1,1
42845,2,2,2,12,0,2,1,1,1,,,2,1,1,1,1
42846,2,2,2,12,0,2,2,1,1,,,2,1,1,1,1
42847,2,2,2,12,0,2,3,1,1,,,4,1,1,1,1
42848,2,2,2,12,0,3,0,1,1,,,4,1,1,1,1
42849,2,2,2,12,0,3,1,1,1,,,2,1,1,1,1
42850,2,2,2,12,0,3,2,1,1,,,2,1,1,1,1
42851,2,2,2,12,0,3,3,1,1,,,4,1,1,1,1
42852,2,2,2,12,0,4,0,1,1,,,4,1,1,1,1
42853,2,2,2,12,0,4,1,1,1,,,2,1,1,1,1
42854,2,2,2,12,0,4,2,1,1,,,2,1,1,1,1
42855,2,2,2,12,0,4,3,1,1,,,4,1,1,1,1
42856,2,2,2,12,0,5,0,1,1,,,4,1,1,1,1
42857,2,2,2,12,0,5,1,1,1,,,2,1,1,1,1
42858,2,2,2,12,0,5,2,1,1,,,2,1,1,1,1
42859,2,2,2,12,0,5,3,1,1,,,4,1,1,1,1
42860,2,2,2,12,0,6,0,1,1,,,4,1,1,1,1
42861,2,2,2,12,0,6,1,1,1,,,2,1,1,1,1
42862,2,2,2,12,0,6,2,1,1,,,2,1,1,1,1
42863,2,2,2,12,0,6,3,1,1,,,4,1,1,1,1
42864,2,2,2,12,0,7,0,1,1,,,4,1,1,1,1
42865,2,2,2,12,0,7,1,1,1,,,2,1,1,1,1
42866,2,2,2,12,0,7,2,1,1,,,2,1,1,1,1
42867,2,2,2,12,0,7,3,1,1,,,4,1,1,1,1
42868,2,2,2,12,0,8,0,1,1,,,4,1,1,1,1
42869,2,2,2,12,0,8,1,1,1,,,2,1,1,1,1
42870,2,2,2,12,0,8,2,1,1,,,2,1,1,1,1
42871,2,2,2,12,0,8,3,1,1,,,4,1,1,1,1
42872,2,2,2,12,0,9,0,1,1,,,4,1,1,1,1
42873,2,2,2,12,0,9,1,1,1,,,2,1,1,1,1
42874,2,2,2,12,0,9,2,1,1,,,2,1,1,1,1
42875,2,2,2,12,0,9,3,1,1,,,4,1,1,1,1
42876,2,2,2,12,0,10,0,1,1,,,4,1,1,1,1
42877,2,2,2,12,0,10,1,1,1,,,2,1,1,1,1
42878,2,2,2,12,0,10,2,1,1,,,2,1,1,1,1
42879,2,2,2,12,0,10,3,1,1,,,4,1,1,1,1
42880,2,2,2,12,0,11,0,1,1,,,4,1,1,1,1
42881,2,2,2,12,0,11,1,1,1,,,2,1,1,1,1
42882,2,2,2,12,0,11,2,1,1,,,2,1,1,1,1
42883,2,2,2,12,0,11,3,1,1,,,4,1,1,1,1
42884,2,2,2,12,0,12,0,1,1,,,4,1,1,1,1
42885,2,2,2,12,0,12,1,1,1,,,2,1,1,1,1
42886,2,2,2,12,0,12,2,1,1,,,2,1,1,1,1
42887,2,2,2,12,0,12,3,1,1,,,4,1,1,1,1
42888,2,2,2,12,0,13,0,1,1,,,4,1,1,1,1
42889,2,2,2,12,0,13,1,1,1,,,2,1,1,1,1
42890,2,2,2,12,0,13,2,1,1,,,2,1,1,1,1
42891,2,2,2,12,0,13,3,1,1,,,4,1,1,1,1
42892,2,2,2,12,0,14,0,1,1,,,4,1,1,1,1
42893,2,2,2,12,0,14,1,1,1,,,2,1,1,1,1
42894,2,2,2,12,0,14,2,1,1,,,2,1,1,1,1
42895,2,2,2,12,0,14,3,1,1,,,4,1,1,1,1
42896,2,2,2,12,0,15,0,1,1,,,4,1,1,1,1
42897,2,2,2,12,0,15,1,1,1,,,2,1,1,1,1
42898,2,2,2,12,0,15,2,1,1,,,2,1,1,1,1
42899,2,2,2,12,0,15,3,1,1,,,4,1,1,1,1
42900,2,2,2,12,1,0,0,1,1,,,4,2,1,0,1
42901,2,2,2,12,1,0,1,0,0,1,1,0,2,0,0,1
42902,2,2,2,12,1,0,2,0,0,1,1,0,2,0,0,1
42903,2,2,2,12,1,0,3,1,1,,,4,2,1,0,1
42904,2,2,2,12,1,1,0,1,1,,,4,2,1,0,1
42905,2,2,2,12,1,1,1,0,0,1,1,0,2,0,0,1
42906,2,2,2,12,1,1,2,0,0,1,1,0,2,0,0,1
42907,2,2,2,12,1,1,3,1,1,,,4,2,1,0,1
42908,2,2,2,12,1,2,0,1,1,,,4,2,1,0,1
42909,2,2,2,12,1,2,1,0,0,1,1,0,2,0,0,1
42910,2,2,2,12,1,2,2,0,0,1,1,0,2,0,0,1
42911,2,2,2,12,1,2,3,1,1,,,4,2,1,0,1
42912,2,2,2,12,1,3,0,1,1,,,4,2,1,0,1
42913,2,2,2,12,1,3,1,0,0,1,1,0,2,0,0,1
42914,2,2,2,12,1,3,2,0,0,1,1,0,2,0,0,1
42915,2,2,2,12,1,3,3,1,1,,,4,2,1,0,1
42916,2,2,2,12,1,4,0,1,1,,,4,2,1,0,1
42917,2,2,2,12,1,4,1,0,0,1,1,0,2,0,0,1
42918,2,2,2,12,1,4,2,0,0,1,1,0,2,0,0,1
42919,2,2,2,12,1,4,3,1,1,,,4,2,1,0,1
42920,2,2,2,12,1,5,0,1,1,,,4,2,1,0,1
42921,2,2,2,12,1,5,1,0,0,1,1,0,2,0,0,1
42922,2,2,2,12,1,5,2,0,0,1,1,0,2,0,0,1
42923,2,2,2,12,1,5,3,1,1,,,4,2,1,0,1
42924,2,2,2,12,1,6,0,1,1,,,4,2,1,0,1
42925,2,2,2,12,1,6,1,0,0,1,1,0,2,0,0,1
42926,2,2,2,12,1,6,2,0,0,1,1,0,2,0,0,1
42927,2,2,2,12,1,6,3,1,1,,,4,2,1,0,1
42928,2,2,2,12,1,7,0,1,1,,,4,2,1,0,1
42929,2,2,2,12,1,7,1,0,0,1,1,0,2,0,0,1
42930,2,2,2,12,1,7,2,0,0,1,1,0,2,0,0,1
42931,2,2,2,12,1,7,3,1,1,,,4,2,1,0,1
42932,2,2,2,12,1,8,0,1,1,,,4,2,1,0,1
42933,2,2,2,12,1,8,1,0,0,1,1,0,2,0,0,1
42934,2,2,2,12,1,8,2,0,0,1,1,0,2,0,0,1
42935,2,2,2,12,1,8,3,1,1,,,4,2,1,0,1
42936,2,2,2,12,1,9,0,1,1,,,4,2,1,0,1
42937,2,2,2,12,1,9,1,0,0,1,1,0,2,0,0,1
42938,2,2,2,12,1,9,2,0,0,1,1,0,2,0,0,1
42939,2,2,2,12,1,9,3,1,1,,,4,2,1,0,1
42940,2,2,2,12,1,10,0,1,1,,,4,2,1,0,1
42941,2,2,2,12,1,10,1,0,0,1,1,0,2,0,0,1
42942,2,2,2,12,1,10,2,0,0,1,1,0,2,0,0,1
42943,2,2,2,12,1,10,3,1,1,,,4,2,1,0,1
42944,2,2,2,12,1,11,0,1,1,,,4,2,1,0,1
42945,2,2,2,12,1,11,1,0,0,1,1,0,2,0,0,1
42946,2,2,2,12,1,11,2,0,0,1,1,0,2,0,0,1
42947,2,2,2,12,1,11,3,1,1,,,4,2,1,0,1
42948,2,2,2,12,1,12,0,1,1,,,4,2,1,0,1
42949,2,2,2,12,1,12,1,0,0,1,1,0,2,0,0,1
42950,2,2,2,12,1,12,2,0,0,1,1,0,2,0,0,1
42951,2,2,2,12,1,12,3,1,1,,,4,2,1,0,1
42952,2,2,2,12,1,13,0,1,1,,,4,2,1,0,1
42953,2,2,2,12,1,13,1,0,0,1,1,0,2,0,0,1
42954,2,2,2,12,1,13,2,0,0,1,1,0,2,0,0,1
42955,2,2,2,12,1,13,3,1,1,,,4,2,1,0,1
42956,2,2,2,12,1,14,0,1,1,,,4,2,1,0,1
42957,2,2,2,12,1,14,1,0,0,1,1,0,2,0,0,1
42958,2,2,2,12,1,14,2,0,0,1,1,0,2,0,0,1
42959,2,2,2,12,1,14,3,1,1,,,4,2,1,0,1
42960,2,2,2,12,1,15,0,1,1,,,4,2,1,0,1
42961,2,2,2,12,1,15,1,0,0,1,1,0,2,0,0,1
42962,2,2,2,12,1,15,2,0,0,1,1,0,2,0,0,1
42963,2,2,2,12,1,15,3,1,1,,,4,2,1,0,1
42964,2,2,2,12,2,0,0,1,1,,,4,2,1,0,1
42965,2,2,2,12,2,0,1,0,0,1,1,0,2,0,0,1
42966,2,2,2,12,2,0,2,0,0,1,1,0,2,0,0,1
42967,2,2,2,12,2,0,3,1,1,,,4,2,1,0,1
42968,2,2,2,12,2,1,0,1,1,,,4,2,1,0,1
42969,2,2,2,12,2,1,1,0,0,1,1,0,2,0,0,1
42970,2,2,2,12,2,1,2,0,0,1,1,0,2,0,0,1
42971,2,2,2,12,2,1,3,1,1,,,4,2,1,0,1
42972,2,2,2,12,2,2,0,1,1,,,4,2,1,0,1
42973,2,2,2,12,2,2,1,0,0,1,1,0,2,0,0,1
42974,2,2,2,12,2,2,2,0,0,1,1,0,2,0,0,1
42975,2,2,2,12,2,2,3,1,1,,,4,2,1,0,1
42976,2,2,2,12,2,3,0,1,1,,,4,2,1,0,1
42977,2,2,2,12,2,3,1,0,0,1,1,0,2,0,0,1
42978,2,2,2,12,2,3,2,0,0,1,1,0,2,0,0,1
42979,2,2,2,12,2,3,3,1,1,,,4,2,1,0,1
42980,2,2,2,12,2,4,0,1,1,,,4,2,1,0,1
42981,2,2,2,12,2,4,1,0,0,1,1,0,2,0,0,1
42982,2,2,2,12,2,4,2,0,0,1,1,0,2,0,0,1
42983,2,2,2,12,2,4,3,1,1,,,4,2,1,0,1
42984,2,2,2,12,2,5,0,1,1,,,4,2,1,0,1
42985,2,2,2,12,2,5,1,0,0,1,1,0,2,0,0,1
42986,2,2,2,12,2,5,2,0,0,1,1,0,2,0,0,1
42987,2,2,2,12,2,5,3,1,1,,,4,2,1,0,1
42988,2,2,2,12,2,6,0,1,1,,,4,2,1,0,1
42989,2,2,2,12,2,6,1,0,0,1,1,0,2,0,0,1
42990,2,2,2,12,2,6,2,0,0,1,1,0,2,0,0,1
42991,2,2,2,12,2,6,3,1,1,,,4,2,1,0,1
42992,2,2,2,12,2,7,0,1,1,,,4,2,1,0,1
42993,2,2,2,12,2,7,1,0,0,1,1,0,2,0,0,1
42994,2,2,2,12,2,7,2,0,0,1,1,0,2,0,0,1
42995,2,2,2,12,2,7,3,1,1,,,4,2,1,0,1
42996,2,2,2,12,2,8,0,1,1,,,4,2,1,0,1
42997,2,2,2,12,2,8,1,0,0,1,1,0,2,0,0,1
42998,2,2,2,12,2,8,2,0,0,1,1,0,2,0,0,1
42999,2,2,2,12,2,8,3,1,1,,,4,2,1,0,1
43000,2,2,2,12,2,9,0,1,1,,,4,2,1,0,1
43001,2,2,2,12,2,9,1,0,0,1,1,0,2,0,0,1
43002,2,2,2,12,2,9,2,0,0,1,1,0,2,0,0,1
43003,2,2,2,12,2,9,3,1,1,,,4,2,1,0,1
43004,2,2,2,12,2,10,0,1,1,,,4,2,1,0,1
43005,2,2,2,12,2,10,1,0,0,1,1,0,2,0,0,1
43006,2,2,2,12,2,10,2,0,0,1,1,0,2,0,0,1
43007,2,2,2,12,2,10,3,1,1,,,4,2,1,0,1
43008,2,2,2,12,2,11,0,1,1,,,4,2,1,0,1
43009,2,2,2,12,2,11,1,0,0,1,1,0,2,0,0,1
43010,2,2,2,12,2,11,2,0,0,1,1,0,2,0,0,1
43011,2,2,2,12,2,11,3,1,1,,,4,2,1,0,1
43012,2,2,2,12,2,12,0,1,1,,,4,2,1,0,1
43013,2,2,2,12,2,12,1,0,0,1,1,0,2,0,0,1
43014,2,2,2,12,2,12,2,0,0,1,1,0,2,0,0,1
43015,2,2,2,12,2,12,3,1,1,,,4,2,1,0,1
43016,2,2,2,12,2,13,0,1,1,,,4,2,1,0,1
43017,2,2,2,12,2,13,1,0,0,1,1,0,2,0,0,1
43018,2,2,2,12,2,13,2,0,0,1,1,0,2,0,0,1
43019,2,2,2,12,2,13,3,1,1,,,4,2,1,0,1
43020,2,2,2,12,2,14,0,1,1,,,4,2,1,0,1
43021,2,2,2,12,2,14,1,0,0,1,1,0,2,0,0,1
43022,2,2,2,12,2,14,2,0,0,1,1,0,2,0,0,1
43023,2,2,2,12,2,14,3,1,1,,,4,2,1,0,1
43024,2,2,2,12,2,15,0,1,1,,,4,2,1,0,1
43025,2,2,2,12,2,15,1,0,0,1,1,0,2,0,0,1
43026,2,2,2,12,2,15,2,0,0,1,1,0,2,0,0,1
43027,2,2,2,12,2,15,3,1,1,,,4,2,1,0,1
43028,2,2,2,12,3,0,0,1,1,,,4,2,1,0,1
43029,2,2,2,12,3,0,1,0,0,1,1,0,2,0,0,1
43030,2,2,2,12,3,0,2,0,0,1,1,0,2,0,0,1
43031,2,2,2,12,3,0,3,1,1,,,4,2,1,0,1
43032,2,2,2,12,3,1,0,1,1,,,4,2,1,0,1
43033,2,2,2,12,3,1,1,0,0,1,1,0,2,0,0,1
43034,2,2,2,12,3,1,2,0,0,1,1,0,2,0,0,1
43035,2,2,2,12,3,1,3,1,1,,,4,2,1,0,1
43036,2,2,2,12,3,2,0,1,1,,,4,2,1,0,1
43037,2,2,2,12,3,2,1,0,0,1,1,0,2,0,0,1
43038,2,2,2,12,3,2,2,0,0,1,1,0,2,0,0,1
43039,2,2,2,12,3,2,3,1,1,,,4,2,1,0,1
43040,2,2,2,12,3,3,0,1,1,,,4,2,1,0,1
43041,2,2,2,12,3,3,1,0,0,1,1,0,2,0,0,1
43042,2,2,2,12,3,3,2,0,0,1,1,0,2,0,0,1
43043,2,2,2,12,3,3,3,1,1,,,4,2,1,0,1
43044,2,2,2,12,3,4,0,1,1,,,4,2,1,0,1
43045,2,2,2,12,3,4,1,0,0,1,1,0,2,0,0,1
43046,2,2,2,12,3,4,2,0,0,1,1,0,2,0,0,1
43047,2,2,2,12,3,4,3,1,1,,,4,2,1,0,1
43048,2,2,2,12,3,5,0,1,1,,,4,2,1,0,1
43049,2,2,2,12,3,5,1,0,0,1,1,0,2,0,0,1
43050,2,2,2,12,3,5,2,0,0,1,1,0,2,0,0,1
43051,2,2,2,12,3,5,3,1,1,,,4,2,1,0,1
43052,2,2,2,12,3,6,0,1,1,,,4,2,1,0,1
43053,2,2,2,12,3,6,1,0,0,1,1,0,2,0,0,1
43054,2,2,2,12,3,6,2,0,0,1,1,0,2,0,0,1
43055,2,2,2,12,3,6,3,1,1,,,4,2,1,0,1
43056,2,2,2,12,3,7,0,1,1,,,4,2,1,0,1
43057,2,2,2,12,3,7,1,0,0,1,1,0,2,0,0,1
43058,2,2,2,12,3,7,2,0,0,1,1,0,2,0,0,1
43059,2,2,2,12,3,7,3,1,1,,,4,2,1,0,1
43060,2,2,2,12,3,8,0,1,1,,,4,2,1,0,1
43061,2,2,2,12,3,8,1,0,0,1,1,0,2,0,0,1
43062,2,2,2,12,3,8,2,0,0,1,1,0,2,0,0,1
43063,2,2,2,12,3,8,3,1,1,,,4,2,1,0,1
43064,2,2,2,12,3,9,0,1,1,,,4,2,1,0,1
43065,2,2,2,12,3,9,1,0,0,1,1,0,2,0,0,1
43066,2,2,2,12,3,9,2,0,0,1,1,0,2,0,0,1
43067,2,2,2,12,3,9,3,1,1,,,4,2,1,0,1
43068,2,2,2,12,3,10,0,1,1,,,4,2,1,0,1
43069,2,2,2,12,3,10,1,0,0,1,1,0,2,0,0,1
43070,2,2,2,12,3,10,2,0,0,1,1,0,2,0,0,1
43071,2,2,2,12,3,10,3,1,1,,,4,2,1,0,1
43072,2,2,2,12,3,11,0,1,1,,,4,2,1,0,1
43073,2,2,2,12,3,11,1,0,0,1,1,0,2,0,0,1
43074,2,2,2,12,3,11,2,0,0,1,1,0,2,0,0,1
43075,2,2,2,12,3,11,3,1,1,,,4,2,1,0,1
43076,2,2,2,12,3,12,0,1,1,,,4,2,1,0,1
43077,2,2,2,12,3,12,1,0,0,1,1,0,2,0,0,1
43078,2,2,2,12,3,12,2,0,0,1,1,0,2,0,0,1
43079,2,2,2,12,3,12,3,1,1,,,4,2,1,0,1
43080,2,2,2,12,3,13,0,1,1,,,4,2,1,0,1
43081,2,2,2,12,3,13,1,0,0,1,1,0,2,0,0,1
43082,2,2,2,12,3,13,2,0,0,1,1,0,2,0,0,1
43083,2,2,2,12,3,13,3,1,1,,,4,2,1,0,1
43084,2,2,2,12,3,14,0,1,1,,,4,2,1,0,1
43085,2,2,2,12,3,14,1,0,0,1,1,0,2,0,0,1
43086,2,2,2,12,3,14,2,0,0,1,1,0,2,0,0,1
43087,2,2,2,12,3,14,3,1,1,,,4,2,1,0,1
43088,2,2,2,12,3,15,0,1,1,,,4,2,1,0,1
43089,2,2,2,12,3,15,1,0,0,1,1,0,2,0,0,1
43090,2,2,2,12,3,15,2,0,0,1,1,0,2,0,0,1
43091,2,2,2,12,3,15,3,1,1,,,4,2,1,0,1
43092,2,2,2,12,4,0,0,1,1,,,4,1,1,1,1
43093,2,2,2,12,4,0,1,1,1,,,2,1,1,1,1
43094,2,2,2,12,4,0,2,1,1,,,2,1,1,1,1
43095,2,2,2,12,4,0,3,1,1,,,4,1,1,1,1
43096,2,2,2,12,4,1,0,1,1,,,4,1,1,1,1
43097,2,2,2,12,4,1,1,1,1,,,2,1,1,1,1
43098,2,2,2,12,4,1,2,1,1,,,2,1,1,1,1
43099,2,2,2,12,4,1,3,1,1,,,4,1,1,1,1
43100,2,2,2,12,4,2,0,1,1,,,4,1,1,1,1
43101,2,2,2,12,4,2,1,1,1,,,2,1,1,1,1
43102,2,2,2,12,4,2,2,1,1,,,2,1,1,1,1
43103,2,2,2,12,4,2,3,1,1,,,4,1,1,1,1
43104,2,2,2,12,4,3,0,1,1,,,4,1,1,1,1
43105,2,2,2,12,4,3,1,1,1,,,2,1,1,1,1
43106,2,2,2,12,4,3,2,1,1,,,2,1,1,1,1
43107,2,2,2,12,4,3,3,1,1,,,4,1,1,1,1
43108,2,2,2,12,4,4,0,1,1,,,4,1,1,1,1
43109,2,2,2,12,4,4,1,1,1,,,2,1,1,1,1
43110,2,2,2,12,4,4,2,1,1,,,2,1,1,1,1
43111,2,2,2,12,4,4,3,1,1,,,4,1,1,1,1
43112,2,2,2,12,4,5,0,1,1,,,4,1,1,1,1
43113,2,2,2,12,4,5,1,1,1,,,2,1,1,1,1
43114,2,2,2,12,4,5,2,1,1,,,2,1,1,1,1
43115,2,2,2,12,4,5,3,1,1,,,4,1,1,1,1
43116,2,2,2,12,4,6,0,1,1,,,4,1,1,1,1
43117,2,2,2,12,4,6,1,1,1,,,2,1,1,1,1
43118,2,2,2,12,4,6,2,1,1,,,2,1,1,1,1
43119,2,2,2,12,4,6,3,1,1,,,4,1,1,1,1
43120,2,2,2,12,4,7,0,1,1,,,4,1,1,1,1
43121,2,2,2,12,4,7,1,1,1,,,2,1,1,1,1
43122,2,2,2,12,4,7,2,1,1,,,2,1,1,1,1
43123,2,2,2,12,4,7,3,1,1,,,4,1,1,1,1
43124,2,2,2,12,4,8,0,1,1,,,4,1,1,1,1
43125,2,2,2,12,4,8,1,1,1,,,2,1,1,1,1
43126,2,2,2,12,4,8,2,1,1,,,2,1,1,1,1
43127,2,2,2,12,4,8,3,1,1,,,4,1,1,1,1
43128,2,2,2,12,4,9,0,1,1,,,4,1,1,1,1
43129,2,2,2,12,4,9,1,1,1,,,2,1,1,1,1
43130,2,2,2,12,4,9,2,1,1,,,2,1,1,1,1
43131,2,2,2,12,4,9,3,1,1,,,4,1,1,1,1
43132,2,2,2,12,4,10,0,1,1,,,4,1,1,1,1
43133,2,2,2,12,4,10,1,1,1,,,2,1,1,1,1
43134,2,2,2,12,4,10,2,1,1,,,2,1,1,1,1
43135,2,2,2,12,4,10,3,1,1,,,4,1,1,1,1
43136,2,2,2,12,4,11,0,1,1,,,4,1,1,1,1
43137,2,2,2,12,4,11,1,1,1,,,2,1,1,1,1
43138,2,2,2,12,4,11,2,1,1,,,2,1,1,1,1
43139,2,2,2,12,4,11,3,1,1,,,4,1,1,1,1
43140,2,2,2,12,4,12,0,1,1,,,4,1,1,1,1
43141,2,2,2,12,4,12,1,1,1,,,2,1,1,1,1
43142,2,2,2,12,4,12,2,1,1,,,2,1,1,1,1
43143,2,2,2,12,4,12,3,1,1,,,4,1,1,1,1
43144,2,2,2,12,4,13,0,1,1,,,4,1,1,1,1
43145,2,2,2,12,4,13,1,1,1,,,2,1,1,1,1
43146,2,2,2,12,4,13,2,1,1,,,2,1,1,1,1
43147,2,2,2,12,4,13,3,1,1,,,4,1,1,1,1
43148,2,2,2,12,4,14,0,1,1,,,4,1,1,1,1
43149,2,2,2,12,4,14,1,1,1,,,2,1,1,1,1
43150,2,2,2,12,4,14,2,1,1,,,2,1,1,1,1
43151,2,2,2,12,4,14,3,1,1,,,4,1,1,1,1
43152,2,2,2,12,4,15,0,1,1,,,4,1,1,1,1
43153,2,2,2,12,4,15,1,1,1,,,2,1,1,1,1
43154,2,2,2,12,4,15,2,1,1,,,2,1,1,1,1
43155,2,2,2,12,4,15,3,1,1,,,4,1,1,1,1
43156,2,2,2,12,5,0,0,1,1,,,4,2,1,0,1
43157,2,2,2,12,5,0,1,0,0,1,1,0,2,0,0,1
43158,2,2,2,12,5,0,2,0,0,1,1,0,2,0,0,1
43159,2,2,2,12,5,0,3,1,1,,,4,2,1,0,1
43160,2,2,2,12,5,1,0,1,1,,,4,2,1,0,1
43161,2,2,2,12,5,1,1,0,0,1,1,0,2,0,0,1
43162,2,2,2,12,5,1,2,0,0,1,1,0,2,0,0,1
43163,2,2,2,12,5,1,3,1,1,,,4,2,1,0,1
43164,2,2,2,12,5,2,0,1,1,,,4,2,1,0,1
43165,2,2,2,12,5,2,1,0,0,1,1,0,2,0,0,1
43166,2,2,2,12,5,2,2,0,0,1,1,0,2,0,0,1
43167,2,2,2,12,5,2,3,1,1,,,4,2,1,0,1
43168,2,2,2,12,5,3,0,1,1,,,4,2,1,0,1
43169,2,2,2,12,5,3,1,0,0,1,1,0,2,0,0,1
43170,2,2,2,12,5,3,2,0,0,1,1,0,2,0,0,1
43171,2,2,2,12,5,3,3,1,1,,,4,2,1,0,1
43172,2,2,2,12,5,4,0,1,1,,,4,2,1,0,1
43173,2,2,2,12,5,4,1,0,0,1,1,0,2,0,0,1
43174,2,2,2,12,5,4,2,0,0,1,1,0,2,0,0,1
43175,2,2,2,12,5,4,3,1,1,,,4,2,1,0,1
43176,2,2,2,12,5,5,0,1,1,,,4,2,1,0,1
43177,2,2,2,12,5,5,1,0,0,1,1,0,2,0,0,1
43178,2,2,2,12,5,5,2,0,0,1,1,0,2,0,0,1
43179,2,2,2,12,5,5,3,1,1,,,4,2,1,0,1
43180,2,2,2,12,5,6,0,1,1,,,4,2,1,0,1
43181,2,2,2,12,5,6,1,0,0,1,1,0,2,0,0,1
43182,2,2,2,12,5,6,2,0,0,1,1,0,2,0,0,1
43183,2,2,2,12,5,6,3,1,1,,,4,2,1,0,1
43184,2,2,2,12,5,7,0,1,1,,,4,2,1,0,1
43185,2,2,2,12,5,7,1,0,0,1,1,0,2,0,0,1
43186,2,2,2,12,5,7,2,0,0,1,1,0,2,0,0,1
43187,2,2,2,12,5,7,3,1,1,,,4,2,1,0,1
43188,2,2,2,12,5,8,0,1,1,,,4,2,1,0,1
43189,2,2,2,12,5,8,1,0,0,1,1,0,2,0,0,1
43190,2,2,2,12,5,8,2,0,0,1,1,0,2,0,0,1
43191,2,2,2,12,5,8,3,1,1,,,4,2,1,0,1
43192,2,2,2,12,5,9,0,1,1,,,4,2,1,0,1
43193,2,2,2,12,5,9,1,0,0,1,1,0,2,0,0,1
43194,2,2,2,12,5,9,2,0,0,1,1,0,2,0,0,1
43195,2,2,2,12,5,9,3,1,1,,,4,2,1,0,1
43196,2,2,2,12,5,10,0,1,1,,,4,2,1,0,1
43197,2,2,2,12,5,10,1,0,0,1,1,0,2,0,0,1
43198,2,2,2,12,5,10,2,0,0,1,1,0,2,0,0,1
43199,2,2,2,12,5,10,3,1,1,,,4,2,1,0,1
43200,2,2,2,12,5,11,0,1,1,,,4,2,1,0,1
43201,2,2,2,12,5,11,1,0,0,1,1,0,2,0,0,1
43202,2,2,2,12,5,11,2,0,0,1,1,0,2,0,0,1
43203,2,2,2,12,5,11,3,1,1,,,4,2,1,0,1
43204,2,2,2,12,5,12,0,1,1,,,4,2,1,0,1
43205,2,2,2,12,5,12,1,0,0,1,1,0,2,0,0,1
43206,2,2,2,12,5,12,2,0,0,1,1,0,2,0,0,1
43207,2,2,2,12,5,12,3,1,1,,,4,2,1,0,1
43208,2,2,2,12,5,13,0,1,1,,,4,2,1,0,1
43209,2,2,2,12,5,13,1,0,0,1,1,0,2,0,0,1
43210,2,2,2,12,5,13,2,0,0,1,1,0,2,0,0,1
43211,2,2,2,12,5,13,3,1,1,,,4,2,1,0,1
43212,2,2,2,12,5,14,0,1,1,,,4,2,1,0,1
43213,2,2,2,12,5,14,1,0,0,1,1,0,2,0,0,1
43214,2,2,2,12,5,14,2,0,0,1,1,0,2,0,0,1
43215,2,2,2,12,5,14,3,1,1,,,4,2,1,0,1
43216,2,2,2,12,5,15,0,1,1,,,4,2,1,0,1
43217,2,2,2,12,5,15,1,0,0,1,1,0,2,0,0,1
43218,2,2,2,12,5,15,2,0,0,1,1,0,2,0,0,1
43219,2,2,2,12,5,15,3,1,1,,,4,2,1,0,1
43220,2,2,2,12,6,0,0,1,1,,,4,2,1,0,1
43221,2,2,2,12,6,0,1,0,0,1,1,0,2,0,0,1
43222,2,2,2,12,6,0,2,0,0,1,1,0,2,0,0,1
43223,2,2,2,12,6,0,3,1,1,,,4,2,1,0,1
43224,2,2,2,12,6,1,0,1,1,,,4,2,1,0,1
43225,2,2,2,12,6,1,1,0,0,1,1,0,2,0,0,1
43226,2,2,2,12,6,1,2,0,0,1,1,0,2,0,0,1
43227,2,2,2,12,6,1,3,1,1,,,4,2,1,0,1
43228,2,2,2,12,6,2,0,1,1,,,4,2,1,0,1
43229,2,2,2,12,6,2,1,0,0,1,1,0,2,0,0,1
43230,2,2,2,12,6,2,2,0,0,1,1,0,2,0,0,1
43231,2,2,2,12,6,2,3,1,1,,,4,2,1,0,1
43232,2,2,2,12,6,3,0,1,1,,,4,2,1,0,1
43233,2,2,2,12,6,3,1,0,0,1,1,0,2,0,0,1
43234,2,2,2,12,6,3,2,0,0,1,1,0,2,0,0,1
43235,2,2,2,12,6,3,3,1,1,,,4,2,1,0,1
43236,2,2,2,12,6,4,0,1,1,,,4,2,1,0,1
43237,2,2,2,12,6,4,1,0,0,1,1,0,2,0,0,1
43238,2,2,2,12,6,4,2,0,0,1,1,0,2,0,0,1
43239,2,2,2,12,6,4,3,1,1,,,4,2,1,0,1
43240,2,2,2,12,6,5,0,1,1,,,4,2,1,0,1
43241,2,2,2,12,6,5,1,0,0,1,1,0,2,0,0,1
43242,2,2,2,12,6,5,2,0,0,1,1,0,2,0,0,1
43243,2,2,2,12,6,5,3,1,1,,,4,2,1,0,1
43244,2,2,2,12,6,6,0,1,1,,,4,2,1,0,1
43245,2,2,2,12,6,6,1,0,0,1,1,0,2,0,0,1
43246,2,2,2,12,6,6,2,0,0,1,1,0,2,0,0,1
43247,2,2,2,12,6,6,3,1,1,,,4,2,1,0,1
43248,2,2,2,12,6,7,0,1,1,,,4,2,1,0,1
43249,2,2,2,12,6,7,1,0,0,1,1,0,2,0,0,1
43250,2,2,2,12,6,7,2,0,0,1,1,0,2,0,0,1
43251,2,2,2,12,6,7,3,1,1,,,4,2,1,0,1
43252,2,2,2,12,6,8,0,1,1,,,4,2,1,0,1
43253,2,2,2,12,6,8,1,0,0,1,1,0,2,0,0,1
43254,2,2,2,12,6,8,2,0,0,1,1,0,2,0,0,1
43255,2,2,2,12,6,8,3,1,1,,,4,2,1,0,1
43256,2,2,2,12,6,9,0,1,1,,,4,2,1,0,1
43257,2,2,2,12,6,9,1,0,0,1,1,0,2,0,0,1
43258,2,2,2,12,6,9,2,0,0,1,1,0,2,0,0,1
43259,2,2,2,12,6,9,3,1,1,,,4,2,1,0,1
43260,2,2,2,12,6,10,0,1,1,,,4,2,1,0,1
43261,2,2,2,12,6,10,1,0,0,1,1,0,2,0,0,1
43262,2,2,2,12,6,10,2,0,0,1,1,0,2,0,0,1
43263,2,2,2,12,6,10,3,1,1,,,4,2,1,0,1
43264,2,2,2,12,6,11,0,1,1,,,4,2,1,0,1
43265,2,2,2,12,6,11,1,0,0,1,1,0,2,0,0,1
43266,2,2,2,12,6,11,2,0,0,1,1,0,2,0,0,1
43267,2,2,2,12,6,11,3,1,1,,,4,2,1,0,1
43268,2,2,2,12,6,12,0,1,1,,,4,2,1,0,1
43269,2,2,2,12,6,12,1,0,0,1,1,0,2,0,0,1
43270,2,2,2,12,6,12,2,0,0,1,1,0,2,0,0,1
43271,2,2,2,12,6,12,3,1,1,,,4,2,1,0,1
43272,2,2,2,12,6,13,0,1,1,,,4,2,1,0,1
43273,2,2,2,12,6,13,1,0,0,1,1,0,2,0,0,1
43274,2,2,2,12,6,13,2,0,0,1,1,0,2,0,0,1
43275,2,2,2,12,6,13,3,1,1,,,4,2,1,0,1
43276,2,2,2,12,6,14,0,1,1,,,4,2,1,0,1
43277,2,2,2,12,6,14,1,0,0,1,1,0,2,0,0,1
43278,2,2,2,12,6,14,2,0,0,1,1,0,2,0,0,1
43279,2,2,2,12,6,14,3,1,1,,,4,2,1,0,1
43280,2,2,2,12,6,15,0,1,1,,,4,2,1,0,1
43281,2,2,2,12,6,15,1,0,0,1,1,0,2,0,0,1
43282,2,2,2,12,6,15,2,0,0,1,1,0,2,0,0,1
43283,2,2,2,12,6,15,3,1,1,,,4,2,1,0,1
43284,2,2,2,12,7,0,0,1,1,,,4,2,1,0,1
43285,2,2,2,12,7,0,1,0,0,1,1,0,2,0,0,1
43286,2,2,2,12,7,0,2,0,0,1,1,0,2,0,0,1
43287,2,2,2,12,7,0,3,1,1,,,4,2,1,0,1
43288,2,2,2,12,7,1,0,1,1,,,4,2,1,0,1
43289,2,2,2,12,7,1,1,0,0,1,1,0,2,0,0,1
43290,2,2,2,12,7,1,2,0,0,1,1,0,2,0,0,1
43291,2,2,2,12,7,1,3,1,1,,,4,2,1,0,1
43292,2,2,2,12,7,2,0,1,1,,,4,2,1,0,1
43293,2,2,2,12,7,2,1,0,0,1,1,0,2,0,0,1
43294,2,2,2,12,7,2,2,0,0,1,1,0,2,0,0,1
43295,2,2,2,12,7,2,3,1,1,,,4,2,1,0,1
43296,2,2,2,12,7,3,0,1,1,,,4,2,1,0,1
43297,2,2,2,12,7,3,1,0,0,1,1,0,2,0,0,1
43298,2,2,2,12,7,3,2,0,0,1,1,0,2,0,0,1
43299,2,2,2,12,7,3,3,1,1,,,4,2,1,0,1
43300,2,2,2,12,7,4,0,1,1,,,4,2,1,0,1
43301,2,2,2,12,7,4,1,0,0,1,1,0,2,0,0,1
43302,2,2,2,12,7,4,2,0,0,1,1,0,2,0,0,1
43303,2,2,2,12,7,4,3,1,1,,,4,2,1,0,1
43304,2,2,2,12,7,5,0,1,1,,,4,2,1,0,1
43305,2,2,2,12,7,5,1,0,0,1,1,0,2,0,0,1
43306,2,2,2,12,7,5,2,0,0,1,1,0,2,0,0,1
43307,2,2,2,12,7,5,3,1,1,,,4,2,1,0,1
43308,2,2,2,12,7,6,0,1,1,,,4,2,1,0,1
43309,2,2,2,12,7,6,1,0,0,1,1,0,2,0,0,1
43310,2,2,2,12,7,6,2,0,0,1,1,0,2,0,0,1
43311,2,2,2,12,7,6,3,1,1,,,4,2,1,0,1
43312,2,2,2,12,7,7,0,1,1,,,4,2,1,0,1
43313,2,2,2,12,7,7,1,0,0,1,1,0,2,0,0,1
43314,2,2,2,12,7,7,2,0,0,1,1,0,2,0,0,1
43315,2,2,2,12,7,7,3,1,1,,,4,2,1,0,1
43316,2,2,2,12,7,8,0,1,1,,,4,2,1,0,1
43317,2,2,2,12,7,8,1,0,0,1,1,0,2,0,0,1
43318,2,2,2,12,7,8,2,0,0,1,1,0,2,0,0,1
43319,2,2,2,12,7,8,3,1,1,,,4,2,1,0,1
43320,2,2,2,12,7,9,0,1,1,,,4,2,1,0,1
43321,2,2,2,12,7,9,1,0,0,1,1,0,2,0,0,1
43322,2,2,2,12,7,9,2,0,0,1,1,0,2,0,0,1
43323,2,2,2,12,7,9,3,1,1,,,4,2,1,0,1
43324,2,2,2,12,7,10,0,1,1,,,4,2,1,0,1
43325,2,2,2,12,7,10,1,0,0,1,1,0,2,0,0,1
43326,2,2,2,12,7,10,2,0,0,1,1,0,2,0,0,1
43327,2,2,2,12,7,10,3,1,1,,,4,2,1,0,1
43328,2,2,2,12,7,11,0,1,1,,,4,2,1,0,1
43329,2,2,2,12,7,11,1,0,0,1,1,0,2,0,0,1
43330,2,2,2,12,7,11,2,0,0,1,1,0,2,0,0,1
43331,2,2,2,12,7,11,3,1,1,,,4,2,1,0,1
43332,2,2,2,12,7,12,0,1,1,,,4,2,1,0,1
43333,2,2,2,12,7,12,1,0,0,1,1,0,2,0,0,1
43334,2,2,2,12,7,12,2,0,0,1,1,0,2,0,0,1
43335,2,2,2,12,7,12,3,1,1,,,4,2,1,0,1
43336,2,2,2,12,7,13,0,1,1,,,4,2,1,0,1
43337,2,2,2,12,7,13,1,0,0,1,1,0,2,0,0,1
43338,2,2,2,12,7,13,2,0,0,1,1,0,2,0,0,1
43339,2,2,2,12,7,13,3,1,1,,,4,2,1,0,1
43340,2,2,2,12,7,14,0,1,1,,,4,2,1,0,1
43341,2,2,2,12,7,14,1,0,0,1,1,0,2,0,0,1
43342,2,2,2,12,7,14,2,0,0,1,1,0,2,0,0,1
43343,2,2,2,12,7,14,3,1,1,,,4,2,1,0,1
43344,2,2,2,12,7,15,0,1,1,,,4,2,1,0,1
43345,2,2,2,12,7,15,1,0,0,1,1,0,2,0,0,1
43346,2,2,2,12,7,15,2,0,0,1,1,0,2,0,0,1
43347,2,2,2,12,7,15,3,1,1,,,4,2,1,0,1
43348,2,2,2,12,8,0,0,1,1,,,4,1,1,1,1
43349,2,2,2,12,8,0,1,1,1,,,2,1,1,1,1
43350,2,2,2,12,8,0,2,1,1,,,2,1,1,1,1
43351,2,2,2,12,8,0,3,1,1,,,4,1,1,1,1
43352,2,2,2,12,8,1,0,1,1,,,4,1,1,1,1
43353,2,2,2,12,8,1,1,1,1,,,2,1,1,1,1
43354,2,2,2,12,8,1,2,1,1,,,2,1,1,1,1
43355,2,2,2,12,8,1,3,1,1,,,4,1,1,1,1
43356,2,2,2,12,8,2,0,1,1,,,4,1,1,1,1
43357,2,2,2,12,8,2,1,1,1,,,2,1,1,1,1
43358,2,2,2,12,8,2,2,1,1,,,2,1,1,1,1
43359,2,2,2,12,8,2,3,1,1,,,4,1,1,1,1
43360,2,2,2,12,8,3,0,1,1,,,4,1,1,1,1
43361,2,2,2,12,8,3,1,1,1,,,2,1,1,1,1
43362,2,2,2,12,8,3,2,1,1,,,2,1,1,1,1
43363,2,2,2,12,8,3,3,1,1,,,4,1,1,1,1
43364,2,2,2,12,8,4,0,1,1,,,4,1,1,1,1
43365,2,2,2,12,8,4,1,1,1,,,2,1,1,1,1
43366,2,2,2,12,8,4,2,1,1,,,2,1,1,1,1
43367,2,2,2,12,8,4,3,1,1,,,4,1,1,1,1
43368,2,2,2,12,8,5,0,1,1,,,4,1,1,1,1
43369,2,2,2,12,8,5,1,1,1,,,2,1,1,1,1
43370,2,2,2,12,8,5,2,1,1,,,2,1,1,1,1
43371,2,2,2,12,8,5,3,1,1,,,4,1,1,1,1
43372,2,2,2,12,8,6,0,1,1,,,4,1,1,1,1
43373,2,2,2,12,8,6,1,1,1,,,2,1,1,1,1
43374,2,2,2,12,8,6,2,1,1,,,2,1,1,1,1
43375,2,2,2,12,8,6,3,1,1,,,4,1,1,1,1
43376,2,2,2,12,8,7,0,1,1,,,4,1,1,1,1
43377,2,2,2,12,8,7,1,1,1,,,2,1,1,1,1
43378,2,2,2,12,8,7,2,1,1,,,2,1,1,1,1
43379,2,2,2,12,8,7,3,1,1,,,4,1,1,1,1
43380,2,2,2,12,8,8,0,1,1,,,4,1,1,1,1
43381,2,2,2,12,8,8,1,1,1,,,2,1,1,1,1
43382,2,2,2,12,8,8,2,1,1,,,2,1,1,1,1
43383,2,2,2,12,8,8,3,1,1,,,4,1,1,1,1
43384,2,2,2,12,8,9,0,1,1,,,4,1,1,1,1
43385,2,2,2,12,8,9,1,1,1,,,2,1,1,1,1
43386,2,2,2,12,8,9,2,1,1,,,2,1,1,1,1
43387,2,2,2,12,8,9,3,1,1,,,4,1,1,1,1
43388,2,2,2,12,8,10,0,1,1,,,4,1,1,1,1
43389,2,2,2,12,8,10,1,1,1,,,2,1,1,1,1
43390,2,2,2,12,8,10,2,1,1,,,2,1,1,1,1
43391,2,2,2,12,8,10,3,1,1,,,4,1,1,1,1
43392,2,2,2,12,8,11,0,1,1,,,4,1,1,1,1
43393,2,2,2,12,8,11,1,1,1,,,2,1,1,1,1
43394,2,2,2,12,8,11,2,1,1,,,2,1,1,1,1
43395,2,2,2,12,8,11,3,1,1,,,4,1,1,1,1
43396,2,2,2,12,8,12,0,1,1,,,4,1,1,1,1
43397,2,2,2,12,8,12,1,1,1,,,2,1,1,1,1
43398,2,2,2,12,8,12,2,1,1,,,2,1,1,1,1
43399,2,2,2,12,8,12,3,1,1,,,4,1,1,1,1
43400,2,2,2,12,8,13,0,1,1,,,4,1,1,1,1
43401,2,2,2,12,8,13,1,1,1,,,2,1,1,1,1
43402,2,2,2,12,8,13,2,1,1,,,2,1,1,1,1
43403,2,2,2,12,8,13,3,1,1,,,4,1,1,1,1
43404,2,2,2,12,8,14,0,1,1,,,4,1,1,1,1
43405,2,2,2,12,8,14,1,1,1,,,2,1,1,1,1
43406,2,2,2,12,8,14,2,1,1,,,2,1,1,1,1
43407,2,2,2,12,8,14,3,1,1,,,4,1,1,1,1
43408,2,2,2,12,8,15,0,1,1,,,4,1,1,1,1
43409,2,2,2,12,8,15,1,1,1,,,2,1,1,1,1
43410,2,2,2,12,8,15,2,1,1,,,2,1,1,1,1
43411,2,2,2,12,8,15,3,1,1,,,4,1,1,1,1
43412,2,2,2,12,9,0,0,1,1,,,4,2,1,0,1
43413,2,2,2,12,9,0,1,0,0,1,1,0,2,0,0,1
43414,2,2,2,12,9,0,2,0,0,1,1,0,2,0,0,1
43415,2,2,2,12,9,0,3,1,1,,,4,2,1,0,1
43416,2,2,2,12,9,1,0,1,1,,,4,2,1,0,1
43417,2,2,2,12,9,1,1,0,0,1,1,0,2,0,0,1
43418,2,2,2,12,9,1,2,0,0,1,1,0,2,0,0,1
43419,2,2,2,12,9,1,3,1,1,,,4,2,1,0,1
43420,2,2,2,12,9,2,0,1,1,,,4,2,1,0,1
43421,2,2,2,12,9,2,1,0,0,1,1,0,2,0,0,1
43422,2,2,2,12,9,2,2,0,0,1,1,0,2,0,0,1
43423,2,2,2,12,9,2,3,1,1,,,4,2,1,0,1
43424,2,2,2,12,9,3,0,1,1,,,4,2,1,0,1
43425,2,2,2,12,9,3,1,0,0,1,1,0,2,0,0,1
43426,2,2,2,12,9,3,2,0,0,1,1,0,2,0,0,1
43427,2,2,2,12,9,3,3,1,1,,,4,2,1,0,1
43428,2,2,2,12,9,4,0,1,1,,,4,2,1,0,1
43429,2,2,2,12,9,4,1,0,0,1,1,0,2,0,0,1
43430,2,2,2,12,9,4,2,0,0,1,1,0,2,0,0,1
43431,2,2,2,12,9,4,3,1,1,,,4,2,1,0,1
43432,2,2,2,12,9,5,0,1,1,,,4,2,1,0,1
43433,2,2,2,12,9,5,1,0,0,1,1,0,2,0,0,1
43434,2,2,2,12,9,5,2,0,0,1,1,0,2,0,0,1
43435,2,2,2,12,9,5,3,1,1,,,4,2,1,0,1
43436,2,2,2,12,9,6,0,1,1,,,4,2,1,0,1
43437,2,2,2,12,9,6,1,0,0,1,1,0,2,0,0,1
43438,2,2,2,12,9,6,2,0,0,1,1,0,2,0,0,1
43439,2,2,2,12,9,6,3,1,1,,,4,2,1,0,1
43440,2,2,2,12,9,7,0,1,1,,,4,2,1,0,1
43441,2,2,2,12,9,7,1,0,0,1,1,0,2,0,0,1
43442,2,2,2,12,9,7,2,0,0,1,1,0,2,0,0,1
43443,2,2,2,12,9,7,3,1,1,,,4,2,1,0,1
43444,2,2,2,12,9,8,0,1,1,,,4,2,1,0,1
43445,2,2,2,12,9,8,1,0,0,1,1,0,2,0,0,1
43446,2,2,2,12,9,8,2,0,0,1,1,0,2,0,0,1
43447,2,2,2,12,9,8,3,1,1,,,4,2,1,0,1
43448,2,2,2,12,9,9,0,1,1,,,4,2,1,0,1
43449,2,2,2,12,9,9,1,0,0,1,1,0,2,0,0,1
43450,2,2,2,12,9,9,2,0,0,1,1,0,2,0,0,1
43451,2,2,2,12,9,9,3,1,1,,,4,2,1,0,1
43452,2,2,2,12,9,10,0,1,1,,,4,2,1,0,1
43453,2,2,2,12,9,10,1,0,0,1,1,0,2,0,0,1
43454,2,2,2,12,9,10,2,0,0,1,1,0,2,0,0,1
43455,2,2,2,12,9,10,3,1,1,,,4,2,1,0,1
43456,2,2,2,12,9,11,0,1,1,,,4,2,1,0,1
43457,2,2,2,12,9,11,1,0,0,1,1,0,2,0,0,1
43458,2,2,2,12,9,11,2,0,0,1,1,0,2,0,0,1
43459,2,2,2,12,9,11,3,1,1,,,4,2,1,0,1
43460,2,2,2,12,9,12,0,1,1,,,4,2,1,0,1
43461,2,2,2,12,9,12,1,0,0,1,1,0,2,0,0,1
43462,2,2,2,12,9,12,2,0,0,1,1,0,2,0,0,1
43463,2,2,2,12,9,12,3,1,1,,,4,2,1,0,1
43464,2,2,2,12,9,13,0,1,1,,,4,2,1,0,1
43465,2,2,2,12,9,13,1,0,0,1,1,0,2,0,0,1
43466,2,2,2,12,9,13,2,0,0,1,1,0,2,0,0,1
43467,2,2,2,12,9,13,3,1,1,,,4,2,1,0,1
43468,2,2,2,12,9,14,0,1,1,,,4,2,1,0,1
43469,2,2,2,12,9,14,1,0,0,1,1,0,2,0,0,1
43470,2,2,2,12,9,14,2,0,0,1,1,0,2,0,0,1
43471,2,2,2,12,9,14,3,1,1,,,4,2,1,0,1
43472,2,2,2,12,9,15,0,1,1,,,4,2,1,0,1
43473,2,2,2,12,9,15,1,0,0,1,1,0,2,0,0,1
43474,2,2,2,12,9,15,2,0,0,1,1,0,2,0,0,1
43475,2,2,2,12,9,15,3,1,1,,,4,2,1,0,1
43476,2,2,2,12,10,0,0,1,1,,,4,2,1,0,1
43477,2,2,2,12,10,0,1,0,0,1,1,0,2,0,0,1
43478,2,2,2,12,10,0,2,0,0,1,1,0,2,0,0,1
43479,2,2,2,12,10,0,3,1,1,,,4,2,1,0,1
43480,2,2,2,12,10,1,0,1,1,,,4,2,1,0,1
43481,2,2,2,12,10,1,1,0,0,1,1,0,2,0,0,1
43482,2,2,2,12,10,1,2,0,0,1,1,0,2,0,0,1
43483,2,2,2,12,10,1,3,1,1,,,4,2,1,0,1
43484,2,2,2,12,10,2,0,1,1,,,4,2,1,0,1
43485,2,2,2,12,10,2,1,0,0,1,1,0,2,0,0,1
43486,2,2,2,12,10,2,2,0,0,1,1,0,2,0,0,1
43487,2,2,2,12,10,2,3,1,1,,,4,2,1,0,1
43488,2,2,2,12,10,3,0,1,1,,,4,2,1,0,1
43489,2,2,2,12,10,3,1,0,0,1,1,0,2,0,0,1
43490,2,2,2,12,10,3,2,0,0,1,1,0,2,0,0,1
43491,2,2,2,12,10,3,3,1,1,,,4,2,1,0,1
43492,2,2,2,12,10,4,0,1,1,,,4,2,1,0,1
43493,2,2,2,12,10,4,1,0,0,1,1,0,2,0,0,1
43494,2,2,2,12,10,4,2,0,0,1,1,0,2,0,0,1
43495,2,2,2,12,10,4,3,1,1,,,4,2,1,0,1
43496,2,2,2,12,10,5,0,1,1,,,4,2,1,0,1
43497,2,2,2,12,10,5,1,0,0,1,1,0,2,0,0,1
43498,2,2,2,12,10,5,2,0,0,1,1,0,2,0,0,1
43499,2,2,2,12,10,5,3,1,1,,,4,2,1,0,1
43500,2,2,2,12,10,6,0,1,1,,,4,2,1,0,1
43501,2,2,2,12,10,6,1,0,0,1,1,0,2,0,0,1
43502,2,2,2,12,10,6,2,0,0,1,1,0,2,0,0,1
43503,2,2,2,12,10,6,3,1,1,,,4,2,1,0,1
43504,2,2,2,12,10,7,0,1,1,,,4,2,1,0,1
43505,2,2,2,12,10,7,1,0,0,1,1,0,2,0,0,1
43506,2,2,2,12,10,7,2,0,0,1,1,0,2,0,0,1
43507,2,2,2,12,10,7,3,1,1,,,4,2,1,0,1
43508,2,2,2,12,10,8,0,1,1,,,4,2,1,0,1
43509,2,2,2,12,10,8,1,0,0,1,1,0,2,0,0,1
43510,2,2,2,12,10,8,2,0,0,1,1,0,2,0,0,1
43511,2,2,2,12,10,8,3,1,1,,,4,2,1,0,1
43512,2,2,2,12,10,9,0,1,1,,,4,2,1,0,1
43513,2,2,2,12,10,9,1,0,0,1,1,0,2,0,0,1
43514,2,2,2,12,10,9,2,0,0,1,1,0,2,0,0,1
43515,2,2,2,12,10,9,3,1,1,,,4,2,1,0,1
43516,2,2,2,12,10,10,0,1,1,,,4,2,1,0,1
43517,2,2,2,12,10,10,1,0,0,1,1,0,2,0,0,1
43518,2,2,2,12,10,10,2,0,0,1,1,0,2,0,0,1
43519,2,2,2,12,10,10,3,1,1,,,4,2,1,0,1
43520,2,2,2,12,10,11,0,1,1,,,4,2,1,0,1
43521,2,2,2,12,10,11,1,0,0,1,1,0,2,0,0,1
43522,2,2,2,12,10,11,2,0,0,1,1,0,2,0,0,1
43523,2,2,2,12,10,11,3,1,1,,,4,2,1,0,1
43524,2,2,2,12,10,12,0,1,1,,,4,2,1,0,1
43525,2,2,2,12,10,12,1,0,0,1,1,0,2,0,0,1
43526,2,2,2,12,10,12,2,0,0,1,1,0,2,0,0,1
43527,2,2,2,12,10,12,3,1,1,,,4,2,1,0,1
43528,2,2,2,12,10,13,0,1,1,,,4,2,1,0,1
43529,2,2,2,12,10,13,1,0,0,1,1,0,2,0,0,1
43530,2,2,2,12,10,13,2,0,0,1,1,0,2,0,0,1
43531,2,2,2,12,10,13,3,1,1,,,4,2,1,0,1
43532,2,2,2,12,10,14,0,1,1,,,4,2,1,0,1
43533,2,2,2,12,10,14,1,0,0,1,1,0,2,0,0,1
43534,2,2,2,12,10,14,2,0,0,1,1,0,2,0,0,1
43535,2,2,2,12,10,14,3,1,1,,,4,2,1,0,1
43536,2,2,2,12,10,15,0,1,1,,,4,2,1,0,1
43537,2,2,2,12,10,15,1,0,0,1,1,0,2,0,0,1
43538,2,2,2,12,10,15,2,0,0,1,1,0,2,0,0,1
43539,2,2,2,12,10,15,3,1,1,,,4,2,1,0,1
43540,2,2,2,12,11,0,0,1,1,,,4,2,1,0,1
43541,2,2,2,12,11,0,1,0,0,1,1,0,2,0,0,1
43542,2,2,2,12,11,0,2,0,0,1,1,0,2,0,0,1
43543,2,2,2,12,11,0,3,1,1,,,4,2,1,0,1
43544,2,2,2,12,11,1,0,1,1,,,4,2,1,0,1
43545,2,2,2,12,11,1,1,0,0,1,1,0,2,0,0,1
43546,2,2,2,12,11,1,2,0,0,1,1,0,2,0,0,1
43547,2,2,2,12,11,1,3,1,1,,,4,2,1,0,1
43548,2,2,2,12,11,2,0,1,1,,,4,2,1,0,1
43549,2,2,2,12,11,2,1,0,0,1,1,0,2,0,0,1
43550,2,2,2,12,11,2,2,0,0,1,1,0,2,0,0,1
43551,2,2,2,12,11,2,3,1,1,,,4,2,1,0,1
43552,2,2,2,12,11,3,0,1,1,,,4,2,1,0,1
43553,2,2,2,12,11,3,1,0,0,1,1,0,2,0,0,1
43554,2,2,2,12,11,3,2,0,0,1,1,0,2,0,0,1
43555,2,2,2,12,11,3,3,1,1,,,4,2,1,0,1
43556,2,2,2,12,11,4,0,1,1,,,4,2,1,0,1
43557,2,2,2,12,11,4,1,0,0,1,1,0,2,0,0,1
43558,2,2,2,12,11,4,2,0,0,1,1,0,2,0,0,1
43559,2,2,2,12,11,4,3,1,1,,,4,2,1,0,1
43560,2,2,2,12,11,5,0,1,1,,,4,2,1,0,1
43561,2,2,2,12,11,5,1,0,0,1,1,0,2,0,0,1
43562,2,2,2,12,11,5,2,0,0,1,1,0,2,0,0,1
43563,2,2,2,12,11,5,3,1,1,,,4,2,1,0,1
43564,2,2,2,12,11,6,0,1,1,,,4,2,1,0,1
43565,2,2,2,12,11,6,1,0,0,1,1,0,2,0,0,1
43566,2,2,2,12,11,6,2,0,0,1,1,0,2,0,0,1
43567,2,2,2,12,11,6,3,1,1,,,4,2,1,0,1
43568,2,2,2,12,11,7,0,1,1,,,4,2,1,0,1
43569,2,2,2,12,11,7,1,0,0,1,1,0,2,0,0,1
43570,2,2,2,12,11,7,2,0,0,1,1,0,2,0,0,1
43571,2,2,2,12,11,7,3,1,1,,,4,2,1,0,1
43572,2,2,2,12,11,8,0,1,1,,,4,2,1,0,1
43573,2,2,2,12,11,8,1,0,0,1,1,0,2,0,0,1
43574,2,2,2,12,11,8,2,0,0,1,1,0,2,0,0,1
43575,2,2,2,12,11,8,3,1,1,,,4,2,1,0,1
43576,2,2,2,12,11,9,0,1,1,,,4,2,1,0,1
43577,2,2,2,12,11,9,1,0,0,1,1,0,2,0,0,1
43578,2,2,2,12,11,9,2,0,0,1,1,0,2,0,0,1
43579,2,2,2,12,11,9,3,1,1,,,4,2,1,0,1
43580,2,2,2,12,11,10,0,1,1,,,4,2,1,0,1
43581,2,2,2,12,11,10,1,0,0,1,1,0,2,0,0,1
43582,2,2,2,12,11,10,2,0,0,1,1,0,2,0,0,1
43583,2,2,2,12,11,10,3,1,1,,,4,2,1,0,1
43584,2,2,2,12,11,11,0,1,1,,,4,2,1,0,1
43585,2,2,2,12,11,11,1,0,0,1,1,0,2,0,0,1
43586,2,2,2,12,11,11,2,0,0,1,1,0,2,0,0,1
43587,2,2,2,12,11,11,3,1,1,,,4,2,1,0,1
43588,2,2,2,12,11,12,0,1,1,,,4,2,1,0,1
43589,2,2,2,12,11,12,1,0,0,1,1,0,2,0,0,1
43590,2,2,2,12,11,12,2,0,0,1,1,0,2,0,0,1
43591,2,2,2,12,11,12,3,1,1,,,4,2,1,0,1
43592,2,2,2,12,11,13,0,1,1,,,4,2,1,0,1
43593,2,2,2,12,11,13,1,0,0,1,1,0,2,0,0,1
43594,2,2,2,12,11,13,2,0,0,1,1,0,2,0,0,1
43595,2,2,2,12,11,13,3,1,1,,,4,2,1,0,1
43596,2,2,2,12,11,14,0,1,1,,,4,2,1,0,1
43597,2,2,2,12,11,14,1,0,0,1,1,0,2,0,0,1
43598,2,2,2,12,11,14,2,0,0,1,1,0,2,0,0,1
43599,2,2,2,12,11,14,3,1,1,,,4,2,1,0,1
43600,2,2,2,12,11,15,0,1,1,,,4,2,1,0,1
43601,2,2,2,12,11,15,1,0,0,1,1,0,2,0,0,1
43602,2,2,2,12,11,15,2,0,0,1,1,0,2,0,0,1
43603,2,2,2,12,11,15,3,1,1,,,4,2,1,0,1
43604,2,2,2,12,12,0,0,1,1,,,4,1,1,1,1
43605,2,2,2,12,12,0,1,1,1,,,2,1,1,1,1
43606,2,2,2,12,12,0,2,1,1,,,2,1,1,1,1
43607,2,2,2,12,12,0,3,1,1,,,4,1,1,1,1
43608,2,2,2,12,12,1,0,1,1,,,4,1,1,1,1
43609,2,2,2,12,12,1,1,1,1,,,2,1,1,1,1
43610,2,2,2,12,12,1,2,1,1,,,2,1,1,1,1
43611,2,2,2,12,12,1,3,1,1,,,4,1,1,1,1
43612,2,2,2,12,12,2,0,1,1,,,4,1,1,1,1
43613,2,2,2,12,12,2,1,1,1,,,2,1,1,1,1
43614,2,2,2,12,12,2,2,1,1,,,2,1,1,1,1
43615,2,2,2,12,12,2,3,1,1,,,4,1,1,1,1
43616,2,2,2,12,12,3,0,1,1,,,4,1,1,1,1
43617,2,2,2,12,12,3,1,1,1,,,2,1,1,1,1
43618,2,2,2,12,12,3,2,1,1,,,2,1,1,1,1
43619,2,2,2,12,12,3,3,1,1,,,4,1,1,1,1
43620,2,2,2,12,12,4,0,1,1,,,4,1,1,1,1
43621,2,2,2,12,12,4,1,1,1,,,2,1,1,1,1
43622,2,2,2,12,12,4,2,1,1,,,2,1,1,1,1
43623,2,2,2,12,12,4,3,1,1,,,4,1,1,1,1
43624,2,2,2,12,12,5,0,1,1,,,4,1,1,1,1
43625,2,2,2,12,12,5,1,1,1,,,2,1,1,1,1
43626,2,2,2,12,12,5,2,1,1,,,2,1,1,1,1
43627,2,2,2,12,12,5,3,1,1,,,4,1,1,1,1
43628,2,2,2,12,12,6,0,1,1,,,4,1,1,1,1
43629,2,2,2,12,12,6,1,1,1,,,2,1,1,1,1
43630,2,2,2,12,12,6,2,1,1,,,2,1,1,1,1
43631,2,2,2,12,12,6,3,1,1,,,4,1,1,1,1
43632,2,2,2,12,12,7,0,1,1,,,4,1,1,1,1
43633,2,2,2,12,12,7,1,1,1,,,2,1,1,1,1
43634,2,2,2,12,12,7,2,1,1,,,2,1,1,1,1
43635,2,2,2,12,12,7,3,1,1,,,4,1,1,1,1
43636,2,2,2,12,12,8,0,1,1,,,4,1,1,1,1
43637,2,2,2,12,12,8,1,1,1,,,2,1,1,1,1
43638,2,2,2,12,12,8,2,1,1,,,2,1,1,1,1
43639,2,2,2,12,12,8,3,1,1,,,4,1,1,1,1
43640,2,2,2,12,12,9,0,1,1,,,4,1,1,1,1
43641,2,2,2,12,12,9,1,1,1,,,2,1,1,1,1
43642,2,2,2,12,12,9,2,1,1,,,2,1,1,1,1
43643,2,2,2,12,12,9,3,1,1,,,4,1,1,1,1
43644,2,2,2,12,12,10,0,1,1,,,4,1,1,1,1
43645,2,2,2,12,12,10,1,1,1,,,2,1,1,1,1
43646,2,2,2,12,12,10,2,1,1,,,2,1,1,1,1
43647,2,2,2,12,12,10,3,1,1,,,4,1,1,1,1
43648,2,2,2,12,12,11,0,1,1,,,4,1,1,1,1
43649,2,2,2,12,12,11,1,1,1,,,2,1,1,1,1
43650,2,2,2,12,12,11,2,1,1,,,2,1,1,1,1
43651,2,2,2,12,12,11,3,1,1,,,4,1,1,1,1
43652,2,2,2,12,12,12,0,1,1,,,4,1,1,1,1
43653,2,2,2,12,12,12,1,1,1,,,2,1,1,1,1
43654,2,2,2,12,12,12,2,1,1,,,2,1,1,1,1
43655,2,2,2,12,12,12,3,1,1,,,4,1,1,1,1
43656,2,2,2,12,12,13,0,1,1,,,4,1,1,1,1
43657,2,2,2,12,12,13,1,1,1,,,2,1,1,1,1
43658,2,2,2,12,12,13,2,1,1,,,2,1,1,1,1
43659,2,2,2,12,12,13,3,1,1,,,4,1,1,1,1
43660,2,2,2,12,12,14,0,1,1,,,4,1,1,1,1
43661,2,2,2,12,12,14,1,1,1,,,2,1,1,1,1
43662,2,2,2,12,12,14,2,1,1,,,2,1,1,1,1
43663,2,2,2,12,12,14,3,1,1,,,4,1,1,1,1
43664,2,2,2,12,12,15,0,1,1,,,4,1,1,1,1
43665,2,2,2,12,12,15,1,1,1,,,2,1,1,1,1
43666,2,2,2,12,12,15,2,1,1,,,2,1,1,1,1
43667,2,2,2,12,12,15,3,1,1,,,4,1,1,1,1
43668,2,2,2,12,13,0,0,1,1,,,4,2,1,0,1
43669,2,2,2,12,13,0,1,0,0,1,1,0,2,0,0,1
43670,2,2,2,12,13,0,2,0,0,1,1,0,2,0,0,1
43671,2,2,2,12,13,0,3,1,1,,,4,2,1,0,1
43672,2,2,2,12,13,1,0,1,1,,,4,2,1,0,1
43673,2,2,2,12,13,1,1,0,0,1,1,0,2,0,0,1
43674,2,2,2,12,13,1,2,0,0,1,1,0,2,0,0,1
43675,2,2,2,12,13,1,3,1,1,,,4,2,1,0,1
43676,2,2,2,12,13,2,0,1,1,,,4,2,1,0,1
43677,2,2,2,12,13,2,1,0,0,1,1,0,2,0,0,1
43678,2,2,2,12,13,2,2,0,0,1,1,0,2,0,0,1
43679,2,2,2,12,13,2,3,1,1,,,4,2,1,0,1
43680,2,2,2,12,13,3,0,1,1,,,4,2,1,0,1
43681,2,2,2,12,13,3,1,0,0,1,1,0,2,0,0,1
43682,2,2,2,12,13,3,2,0,0,1,1,0,2,0,0,1
43683,2,2,2,12,13,3,3,1,1,,,4,2,1,0,1
43684,2,2,2,12,13,4,0,1,1,,,4,2,1,0,1
43685,2,2,2,12,13,4,1,0,0,1,1,0,2,0,0,1
43686,2,2,2,12,13,4,2,0,0,1,1,0,2,0,0,1
43687,2,2,2,12,13,4,3,1,1,,,4,2,1,0,1
43688,2,2,2,12,13,5,0,1,1,,,4,2,1,0,1
43689,2,2,2,12,13,5,1,0,0,1,1,0,2,0,0,1
43690,2,2,2,12,13,5,2,0,0,1,1,0,2,0,0,1
43691,2,2,2,12,13,5,3,1,1,,,4,2,1,0,1
43692,2,2,2,12,13,6,0,1,1,,,4,2,1,0,1
43693,2,2,2,12,13,6,1,0,0,1,1,0,2,0,0,1
43694,2,2,2,12,13,6,2,0,0,1,1,0,2,0,0,1
43695,2,2,2,12,13,6,3,1,1,,,4,2,1,0,1
43696,2,2,2,12,13,7,0,1,1,,,4,2,1,0,1
43697,2,2,2,12,13,7,1,0,0,1,1,0,2,0,0,1
43698,2,2,2,12,13,7,2,0,0,1,1,0,2,0,0,1
43699,2,2,2,12,13,7,3,1,1,,,4,2,1,0,1
43700,2,2,2,12,13,8,0,1,1,,,4,2,1,0,1
43701,2,2,2,12,13,8,1,0,0,1,1,0,2,0,0,1
43702,2,2,2,12,13,8,2,0,0,1,1,0,2,0,0,1
43703,2,2,2,12,13,8,3,1,1,,,4,2,1,0,1
43704,2,2,2,12,13,9,0,1,1,,,4,2,1,0,1
43705,2,2,2,12,13,9,1,0,0,1,1,0,2,0,0,1
43706,2,2,2,12,13,9,2,0,0,1,1,0,2,0,0,1
43707,2,2,2,12,13,9,3,1,1,,,4,2,1,0,1
43708,2,2,2,12,13,10,0,1,1,,,4,2,1,0,1
43709,2,2,2,12,13,10,1,0,0,1,1,0,2,0,0,1
43710,2,2,2,12,13,10,2,0,0,1,1,0,2,0,0,1
43711,2,2,2,12,13,10,3,1,1,,,4,2,1,0,1
43712,2,2,2,12,13,11,0,1,1,,,4,2,1,0,1
43713,2,2,2,12,13,11,1,0,0,1,1,0,2,0,0,1
43714,2,2,2,12,13,11,2,0,0,1,1,0,2,0,0,1
43715,2,2,2,12,13,11,3,1,1,,,4,2,1,0,1
43716,2,2,2,12,13,12,0,1,1,,,4,2,1,0,1
43717,2,2,2,12,13,12,1,0,0,1,1,0,2,0,0,1
43718,2,2,2,12,13,12,2,0,0,1,1,0,2,0,0,1
43719,2,2,2,12,13,12,3,1,1,,,4,2,1,0,1
43720,2,2,2,12,13,13,0,1,1,,,4,2,1,0,1
43721,2,2,2,12,13,13,1,0,0,1,1,0,2,0,0,1
43722,2,2,2,12,13,13,2,0,0,1,1,0,2,0,0,1
43723,2,2,2,12,13,13,3,1,1,,,4,2,1,0,1
43724,2,2,2,12,13,14,0,1,1,,,4,2,1,0,1
43725,2,2,2,12,13,14,1,0,0,1,1,0,2,0,0,1
43726,2,2,2,12,13,14,2,0,0,1,1,0,2,0,0,1
43727,2,2,2,12,13,14,3,1,1,,,4,2,1,0,1
43728,2,2,2,12,13,15,0,1,1,,,4,2,1,0,1
43729,2,2,2,12,13,15,1,0,0,1,1,0,2,0,0,1
43730,2,2,2,12,13,15,2,0,0,1,1,0,2,0,0,1
43731,2,2,2,12,13,15,3,1,1,,,4,2,1,0,1
43732,2,2,2,12,14,0,0,1,1,,,4,2,1,0,1
43733,2,2,2,12,14,0,1,0,0,1,1,0,2,0,0,1
43734,2,2,2,12,14,0,2,0,0,1,1,0,2,0,0,1
43735,2,2,2,12,14,0,3,1,1,,,4,2,1,0,1
43736,2,2,2,12,14,1,0,1,1,,,4,2,1,0,1
43737,2,2,2,12,14,1,1,0,0,1,1,0,2,0,0,1
43738,2,2,2,12,14,1,2,0,0,1,1,0,2,0,0,1
43739,2,2,2,12,14,1,3,1,1,,,4,2,1,0,1
43740,2,2,2,12,14,2,0,1,1,,,4,2,1,0,1
43741,2,2,2,12,14,2,1,0,0,1,1,0,2,0,0,1
43742,2,2,2,12,14,2,2,0,0,1,1,0,2,0,0,1
43743,2,2,2,12,14,2,3,1,1,,,4,2,1,0,1
43744,2,2,2,12,14,3,0,1,1,,,4,2,1,0,1
43745,2,2,2,12,14,3,1,0,0,1,1,0,2,0,0,1
43746,2,2,2,12,14,3,2,0,0,1,1,0,2,0,0,1
43747,2,2,2,12,14,3,3,1,1,,,4,2,1,0,1
43748,2,2,2,12,14,4,0,1,1,,,4,2,1,0,1
43749,2,2,2,12,14,4,1,0,0,1,1,0,2,0,0,1
43750,2,2,2,12,14,4,2,0,0,1,1,0,2,0,0,1
43751,2,2,2,12,14,4,3,1,1,,,4,2,1,0,1
43752,2,2,2,12,14,5,0,1,1,,,4,2,1,0,1
43753,2,2,2,12,14,5,1,0,0,1,1,0,2,0,0,1
43754,2,2,2,12,14,5,2,0,0,1,1,0,2,0,0,1
43755,2,2,2,12,14,5,3,1,1,,,4,2,1,0,1
43756,2,2,2,12,14,6,0,1,1,,,4,2,1,0,1
43757,2,2,2,12,14,6,1,0,0,1,1,0,2,0,0,1
43758,2,2,2,12,14,6,2,0,0,1,1,0,2,0,0,1
43759,2,2,2,12,14,6,3,1,1,,,4,2,1,0,1
43760,2,2,2,12,14,7,0,1,1,,,4,2,1,0,1
43761,2,2,2,12,14,7,1,0,0,1,1,0,2,0,0,1
43762,2,2,2,12,14,7,2,0,0,1,1,0,2,0,0,1
43763,2,2,2,12,14,7,3,1,1,,,4,2,1,0,1
43764,2,2,2,12,14,8,0,1,1,,,4,2,1,0,1
43765,2,2,2,12,14,8,1,0,0,1,1,0,2,0,0,1
43766,2,2,2,12,14,8,2,0,0,1,1,0,2,0,0,1
43767,2,2,2,12,14,8,3,1,1,,,4,2,1,0,1
43768,2,2,2,12,14,9,0,1,1,,,4,2,1,0,1
43769,2,2,2,12,14,9,1,0,0,1,1,0,2,0,0,1
43770,2,2,2,12,14,9,2,0,0,1,1,0,2,0,0,1
43771,2,2,2,12,14,9,3,1,1,,,4,2,1,0,1
43772,2,2,2,12,14,10,0,1,1,,,4,2,1,0,1
43773,2,2,2,12,14,10,1,0,0,1,1,0,2,0,0,1
43774,2,2,2,12,14,10,2,0,0,1,1,0,2,0,0,1
43775,2,2,2,12,14,10,3,1,1,,,4,2,1,0,1
43776,2,2,2,12,14,11,0,1,1,,,4,2,1,0,1
43777,2,2,2,12,14,11,1,0,0,1,1,0,2,0,0,1
43778,2,2,2,12,14,11,2,0,0,1,1,0,2,0,0,1
43779,2,2,2,12,14,11,3,1,1,,,4,2,1,0,1
43780,2,2,2,12,14,12,0,1,1,,,4,2,1,0,1
43781,2,2,2,12,14,12,1,0,0,1,1,0,2,0,0,1
43782,2,2,2,12,14,12,2,0,0,1,1,0,2,0,0,1
43783,2,2,2,12,14,12,3,1,1,,,4,2,1,0,1
43784,2,2,2,12,14,13,0,1,1,,,4,2,1,0,1
43785,2,2,2,12,14,13,1,0,0,1,1,0,2,0,0,1
43786,2,2,2,12,14,13,2,0,0,1,1,0,2,0,0,1
43787,2,2,2,12,14,13,3,1,1,,,4,2,1,0,1
43788,2,2,2,12,14,14,0,1,1,,,4,2,1,0,1
43789,2,2,2,12,14,14,1,0,0,1,1,0,2,0,0,1
43790,2,2,2,12,14,14,2,0,0,1,1,0,2,0,0,1
43791,2,2,2,12,14,14,3,1,1,,,4,2,1,0,1
43792,2,2,2,12,14,15,0,1,1,,,4,2,1,0,1
43793,2,2,2,12,14,15,1,0,0,1,1,0,2,0,0,1
43794,2,2,2,12,14,15,2,0,0,1,1,0,2,0,0,1
43795,2,2,2,12,14,15,3,1,1,,,4,2,1,0,1
43796,2,2,2,12,15,0,0,1,1,,,4,2,1,0,1
43797,2,2,2,12,15,0,1,0,0,1,1,0,2,0,0,1
43798,2,2,2,12,15,0,2,0,0,1,1,0,2,0,0,1
43799,2,2,2,12,15,0,3,1,1,,,4,2,1,0,1
43800,2,2,2,12,15,1,0,1,1,,,4,2,1,0,1
43801,2,2,2,12,15,1,1,0,0,1,1,0,2,0,0,1
43802,2,2,2,12,15,1,2,0,0,1,1,0,2,0,0,1
43803,2,2,2,12,15,1,3,1,1,,,4,2,1,0,1
43804,2,2,2,12,15,2,0,1,1,,,4,2,1,0,1
43805,2,2,2,12,15,2,1,0,0,1,1,0,2,0,0,1
43806,2,2,2,12,15,2,2,0,0,1,1,0,2,0,0,1
43807,2,2,2,12,15,2,3,1,1,,,4,2,1,0,1
43808,2,2,2,12,15,3,0,1,1,,,4,2,1,0,1
43809,2,2,2,12,15,3,1,0,0,1,1,0,2,0,0,1
43810,2,2,2,12,15,3,2,0,0,1,1,0,2,0,0,1
43811,2,2,2,12,15,3,3,1,1,,,4,2,1,0,1
43812,2,2,2,12,15,4,0,1,1,,,4,2,1,0,1
43813,2,2,2,12,15,4,1,0,0,1,1,0,2,0,0,1
43814,2,2,2,12,15,4,2,0,0,1,1,0,2,0,0,1
43815,2,2,2,12,15,4,3,1,1,,,4,2,1,0,1
43816,2,2,2,12,15,5,0,1,1,,,4,2,1,0,1
43817,2,2,2,12,15,5,1,0,0,1,1,0,2,0,0,1
43818,2,2,2,12,15,5,2,0,0,1,1,0,2,0,0,1
43819,2,2,2,12,15,5,3,1,1,,,4,2,1,0,1
43820,2,2,2,12,15,6,0,1,1,,,4,2,1,0,1
43821,2,2,2,12,15,6,1,0,0,1,1,0,2,0,0,1
43822,2,2,2,12,15,6,2,0,0,1,1,0,2,0,0,1
43823,2,2,2,12,15,6,3,1,1,,,4,2,1,0,1
43824,2,2,2,12,15,7,0,1,1,,,4,2,1,0,1
43825,2,2,2,12,15,7,1,0,0,1,1,0,2,0,0,1
43826,2,2,2,12,15,7,2,0,0,1,1,0,2,0,0,1
43827,2,2,2,12,15,7,3,1,1,,,4,2,1,0,1
43828,2,2,2,12,15,8,0,1,1,,,4,2,1,0,1
43829,2,2,2,12,15,8,1,0,0,1,1,0,2,0,0,1
43830,2,2,2,12,15,8,2,0,0,1,1,0,2,0,0,1
43831,2,2,2,12,15,8,3,1,1,,,4,2,1,0,1
43832,2,2,2,12,15,9,0,1,1,,,4,2,1,0,1
43833,2,2,2,12,15,9,1,0,0,1,1,0,2,0,0,1
43834,2,2,2,12,15,9,2,0,0,1,1,0,2,0,0,1
43835,2,2,2,12,15,9,3,1,1,,,4,2,1,0,1
43836,2,2,2,12,15,10,0,1,1,,,4,2,1,0,1
43837,2,2,2,12,15,10,1,0,0,1,1,0,2,0,0,1
43838,2,2,2,12,15,10,2,0,0,1,1,0,2,0,0,1
43839,2,2,2,12,15,10,3,1,1,,,4,2,1,0,1
43840,2,2,2,12,15,11,0,1,1,,,4,2,1,0,1
43841,2,2,2,12,15,11,1,0,0,1,1,0,2,0,0,1
43842,2,2,2,12,15,11,2,0,0,1,1,0,2,0,0,1
43843,2,2,2,12,15,11,3,1,1,,,4,2,1,0,1
43844,2,2,2,12,15,12,0,1,1,,,4,2,1,0,1
43845,2,2,2,12,15,12,1,0,0,1,1,0,2,0,0,1
43846,2,2,2,12,15,12,2,0,0,1,1,0,2,0,0,1
43847,2,2,2,12,15,12,3,1,1,,,4,2,1,0,1
43848,2,2,2,12,15,13,0,1,1,,,4,2,1,0,1
43849,2,2,2,12,15,13,1,0,0,1,1,0,2,0,0,1
43850,2,2,2,12,15,13,2,0,0,1,1,0,2,0,0,1
43851,2,2,2,12,15,13,3,1,1,,,4,2,1,0,1
43852,2,2,2,12,15,14,0,1,1,,,4,2,1,0,1
43853,2,2,2,12,15,14,1,0,0,1,1,0,2,0,0,1
43854,2,2,2,12,15,14,2,0,0,1,1,0,2,0,0,1
43855,2,2,2,12,15,14,3,1,1,,,4,2,1,0,1
43856,2,2,2,12,15,15,0,1,1,,,4,2,1,0,1
43857,2,2,2,12,15,15,1,0,0,1,1,0,2,0,0,1
43858,2,2,2,12,15,15,2,0,0,1,1,0,2,0,0,1
43859,2,2,2,12,15,15,3,1,1,,,4,2,1,0,1
43860,2,2,2,13,0,0,0,1,1,,,4,2,1,1,1
43861,2,2,2,13,0,0,1,1,1,,,1,2,1,1,1
43862,2,2,2,13,0,0,2,1,1,,,1,2,1,1,1
43863,2,2,2,13,0,0,3,1,1,,,4,2,1,1,1
43864,2,2,2,13,0,1,0,1,1,,,4,2,1,1,1
43865,2,2,2,13,0,1,1,1,1,,,1,2,1,1,1
43866,2,2,2,13,0,1,2,1,1,,,1,2,1,1,1
43867,2,2,2,13,0,1,3,1,1,,,4,2,1,1,1
43868,2,2,2,13,0,2,0,1,1,,,4,2,1,1,1
43869,2,2,2,13,0,2,1,1,1,,,1,2,1,1,1
43870,2,2,2,13,0,2,2,1,1,,,1,2,1,1,1
43871,2,2,2,13,0,2,3,1,1,,,4,2,1,1,1
43872,2,2,2,13,0,3,0,1,1,,,4,2,1,1,1
43873,2,2,2,13,0,3,1,1,1,,,1,2,1,1,1
43874,2,2,2,13,0,3,2,1,1,,,1,2,1,1,1
43875,2,2,2,13,0,3,3,1,1,,,4,2,1,1,1
43876,2,2,2,13,0,4,0,1,1,,,4,2,1,1,1
43877,2,2,2,13,0,4,1,1,1,,,1,2,1,1,1
43878,2,2,2,13,0,4,2,1,1,,,1,2,1,1,1
43879,2,2,2,13,0,4,3,1,1,,,4,2,1,1,1
43880,2,2,2,13,0,5,0,1,1,,,4,2,1,1,1
43881,2,2,2,13,0,5,1,1,1,,,1,2,1,1,1
43882,2,2,2,13,0,5,2,1,1,,,1,2,1,1,1
43883,2,2,2,13,0,5,3,1,1,,,4,2,1,1,1
43884,2,2,2,13,0,6,0,1,1,,,4,2,1,1,1
43885,2,2,2,13,0,6,1,1,1,,,1,2,1,1,1
43886,2,2,2,13,0,6,2,1,1,,,1,2,1,1,1
43887,2,2,2,13,0,6,3,1,1,,,4,2,1,1,1
43888,2,2,2,13,0,7,0,1,1,,,4,2,1,1,1
43889,2,2,2,13,0,7,1,1,1,,,1,2,1,1,1
43890,2,2,2,13,0,7,2,1,1,,,1,2,1,1,1
43891,2,2,2,13,0,7,3,1,1,,,4,2,1,1,1
43892,2,2,2,13,0,8,0,1,1,,,4,2,1,1,1
43893,2,2,2,13,0,8,1,1,1,,,1,2,1,1,1
43894,2,2,2,13,0,8,2,1,1,,,1,2,1,1,1
43895,2,2,2,13,0,8,3,1,1,,,4,2,1,1,1
43896,2,2,2,13,0,9,0,1,1,,,4,2,1,1,1
43897,2,2,2,13,0,9,1,1,1,,,1,2,1,1,1
43898,2,2,2,13,0,9,2,1,1,,,1,2,1,1,1
43899,2,2,2,13,0,9,3,1,1,,,4,2,1,1,1
43900,2,2,2,13,0,10,0,1,1,,,4,2,1,1,1
43901,2,2,2,13,0,10,1,1,1,,,1,2,1,1,1
43902,2,2,2,13,0,10,2,1,1,,,1,2,1,1,1
43903,2,2,2,13,0,10,3,1,1,,,4,2,1,1,1
43904,2,2,2,13,0,11,0,1,1,,,4,2,1,1,1
43905,2,2,2,13,0,11,1,1,1,,,1,2,1,1,1
43906,2,2,2,13,0,11,2,1,1,,,1,2,1,1,1
43907,2,2,2,13,0,11,3,1,1,,,4,2,1,1,1
43908,2,2,2,13,0,12,0,1,1,,,4,2,1,1,1
43909,2,2,2,13,0,12,1,1,1,,,1,2,1,1,1
43910,2,2,2,13,0,12,2,1,1,,,1,2,1,1,1
43911,2,2,2,13,0,12,3,1,1,,,4,2,1,1,1
43912,2,2,2,13,0,13,0,1,1,,,4,2,1,1,1
43913,2,2,2,13,0,13,1,1,1,,,1,2,1,1,1
43914,2,2,2,13,0,13,2,1,1,,,1,2,1,1,1
43915,2,2,2,13,0,13,3,1,1,,,4,2,1,1,1
43916,2,2,2,13,0,14,0,1,1,,,4,2,1,1,1
43917,2,2,2,13,0,14,1,1,1,,,1,2,1,1,1
43918,2,2,2,13,0,14,2,1,1,,,1,2,1,1,1
43919,2,2,2,13,0,14,3,1,1,,,4,2,1,1,1
43920,2,2,2,13,0,15,0,1,1,,,4,2,1,1,1
43921,2,2,2,13,0,15,1,1,1,,,1,2,1,1,1
43922,2,2,2,13,0,15,2,1,1,,,1,2,1,1,1
43923,2,2,2,13,0,15,3,1,1,,,4,2,1,1,1
43924,2,2,2,13,1,0,0,1,1,,,4,3,1,0,1
43925,2,2,2,13,1,0,1,0,0,3,3,0,3,0,0,1
43926,2,2,2,13,1,0,2,0,0,3,3,0,3,0,0,1
43927,2,2,2,13,1,0,3,1,1,,,4,3,1,0,1
43928,2,2,2,13,1,1,0,1,1,,,4,3,1,0,1
43929,2,2,2,13,1,1,1,0,0,3,3,0,3,0,0,1
43930,2,2,2,13,1,1,2,0,0,3,3,0,3,0,0,1
43931,2,2,2,13,1,1,3,1,1,,,4,3,1,0,1
43932,2,2,2,13,1,2,0,1,1,,,4,3,1,0,1
43933,2,2,2,13,1,2,1,0,0,3,3,0,3,0,0,1
43934,2,2,2,13,1,2,2,0,0,3,3,0,3,0,0,1
43935,2,2,2,13,1,2,3,1,1,,,4,3,1,0,1
43936,2,2,2,13,1,3,0,1,1,,,4,3,1,0,1
43937,2,2,2,13,1,3,1,0,0,3,3,0,3,0,0,1
43938,2,2,2,13,1,3,2,0,0,3,3,0,3,0,0,1
43939,2,2,2,13,1,3,3,1,1,,,4,3,1,0,1
43940,2,2,2,13,1,4,0,1,1,,,4,3,1,0,1
43941,2,2,2,13,1,4,1,0,0,3,3,0,3,0,0,1
43942,2,2,2,13,1,4,2,0,0,3,3,0,3,0,0,1
43943,2,2,2,13,1,4,3,1,1,,,4,3,1,0,1
43944,2,2,2,13,1,5,0,1,1,,,4,3,1,0,1
43945,2,2,2,13,1,5,1,0,0,3,3,0,3,0,0,1
43946,2,2,2,13,1,5,2,0,0,3,3,0,3,0,0,1
43947,2,2,2,13,1,5,3,1,1,,,4,3,1,0,1
43948,2,2,2,13,1,6,0,1,1,,,4,3,1,0,1
43949,2,2,2,13,1,6,1,0,0,3,3,0,3,0,0,1
43950,2,2,2,13,1,6,2,0,0,3,3,0,3,0,0,1
43951,2,2,2,13,1,6,3,1,1,,,4,3,1,0,1
43952,2,2,2,13,1,7,0,1,1,,,4,3,1,0,1
43953,2,2,2,13,1,7,1,0,0,3,3,0,3,0,0,1
43954,2,2,2,13,1,7,2,0,0,3,3,0,3,0,0,1
43955,2,2,2,13,1,7,3,1,1,,,4,3,1,0,1
43956,2,2,2,13,1,8,0,1,1,,,4,3,1,0,1
43957,2,2,2,13,1,8,1,0,0,3,3,0,3,0,0,1
43958,2,2,2,13,1,8,2,0,0,3,3,0,3,0,0,1
43959,2,2,2,13,1,8,3,1,1,,,4,3,1,0,1
43960,2,2,2,13,1,9,0,1,1,,,4,3,1,0,1
43961,2,2,2,13,1,9,1,0,0,3,3,0,3,0,0,1
43962,2,2,2,13,1,9,2,0,0,3,3,0,3,0,0,1
43963,2,2,2,13,1,9,3,1,1,,,4,3,1,0,1
43964,2,2,2,13,1,10,0,1,1,,,4,3,1,0,1
43965,2,2,2,13,1,10,1,0,0,3,3,0,3,0,0,1
43966,2,2,2,13,1,10,2,0,0,3,3,0,3,0,0,1
43967,2,2,2,13,1,10,3,1,1,,,4,3,1,0,1
43968,2,2,2,13,1,11,0,1,1,,,4,3,1,0,1
43969,2,2,2,13,1,11,1,0,0,3,3,0,3,0,0,1
43970,2,2,2,13,1,11,2,0,0,3,3,0,3,0,0,1
43971,2,2,2,13,1,11,3,1,1,,,4,3,1,0,1
43972,2,2,2,13,1,12,0,1,1,,,4,3,1,0,1
43973,2,2,2,13,1,12,1,0,0,3,3,0,3,0,0,1
43974,2,2,2,13,1,12,2,0,0,3,3,0,3,0,0,1
43975,2,2,2,13,1,12,3,1,1,,,4,3,1,0,1
43976,2,2,2,13,1,13,0,1,1,,,4,3,1,0,1
43977,2,2,2,13,1,13,1,0,0,3,3,0,3,0,0,1
43978,2,2,2,13,1,13,2,0,0,3,3,0,3,0,0,1
43979,2,2,2,13,1,13,3,1,1,,,4,3,1,0,1
43980,2,2,2,13,1,14,0,1,1,,,4,3,1,0,1
43981,2,2,2,13,1,14,1,0,0,3,3,0,3,0,0,1
43982,2,2,2,13,1,14,2,0,0,3,3,0,3,0,0,1
43983,2,2,2,13,1,14,3,1,1,,,4,3,1,0,1
43984,2,2,2,13,1,15,0,1,1,,,4,3,1,0,1
43985,2,2,2,13,1,15,1,0,0,3,3,0,3,0,0,1
43986,2,2,2,13,1,15,2,0,0,3,3,0,3,0,0,1
43987,2,2,2,13,1,15,3,1,1,,,4,3,1,0,1
43988,2,2,2,13,2,0,0,1,1,,,4,4,1,0,1
43989,2,2,2,13,2,0,1,0,0,1,1,0,4,0,0,1
43990,2,2,2,13,2,0,2,0,0,1,1,0,4,0,0,1
43991,2,2,2,13,2,0,3,1,1,,,4,4,1,0,1
43992,2,2,2,13,2,1,0,1,1,,,4,4,1,0,1
43993,2,2,2,13,2,1,1,0,0,1,1,0,4,0,0,1
43994,2,2,2,13,2,1,2,0,0,1,1,0,4,0,0,1
43995,2,2,2,13,2,1,3,1,1,,,4,4,1,0,1
43996,2,2,2,13,2,2,0,1,1,,,4,4,1,0,1
43997,2,2,2,13,2,2,1,0,0,1,1,0,4,0,0,1
43998,2,2,2,13,2,2,2,0,0,1,1,0,4,0,0,1
43999,2,2,2,13,2,2,3,1,1,,,4,4,1,0,1
44000,2,2,2,13,2,3,0,1,1,,,4,4,1,0,1
44001,2,2,2,13,2,3,1,0,0,1,1,0,4,0,0,1
44002,2,2,2,13,2,3,2,0,0,1,1,0,4,0,0,1
44003,2,2,2,13,2,3,3,1,1,,,4,4,1,0,1
44004,2,2,2,13,2,4,0,1,1,,,4,4,1,0,1
44005,2,2,2,13,2,4,1,0,0,1,1,0,4,0,0,1
44006,2,2,2,13,2,4,2,0,0,1,1,0,4,0,0,1
44007,2,2,2,13,2,4,3,1,1,,,4,4,1,0,1
44008,2,2,2,13,2,5,0,1,1,,,4,4,1,0,1
44009,2,2,2,13,2,5,1,0,0,1,1,0,4,0,0,1
44010,2,2,2,13,2,5,2,0,0,1,1,0,4,0,0,1
44011,2,2,2,13,2,5,3,1,1,,,4,4,1,0,1
44012,2,2,2,13,2,6,0,1,1,,,4,4,1,0,1
44013,2,2,2,13,2,6,1,0,0,1,1,0,4,0,0,1
44014,2,2,2,13,2,6,2,0,0,1,1,0,4,0,0,1
44015,2,2,2,13,2,6,3,1,1,,,4,4,1,0,1
44016,2,2,2,13,2,7,0,1,1,,,4,4,1,0,1
44017,2,2,2,13,2,7,1,0,0,1,1,0,4,0,0,1
44018,2,2,2,13,2,7,2,0,0,1,1,0,4,0,0,1
44019,2,2,2,13,2,7,3,1,1,,,4,4,1,0,1
44020,2,2,2,13,2,8,0,1,1,,,4,4,1,0,1
44021,2,2,2,13,2,8,1,0,0,1,1,0,4,0,0,1
44022,2,2,2,13,2,8,2,0,0,1,1,0,4,0,0,1
44023,2,2,2,13,2,8,3,1,1,,,4,4,1,0,1
44024,2,2,2,13,2,9,0,1,1,,,4,4,1,0,1
44025,2,2,2,13,2,9,1,0,0,1,1,0,4,0,0,1
44026,2,2,2,13,2,9,2,0,0,1,1,0,4,0,0,1
44027,2,2,2,13,2,9,3,1,1,,,4,4,1,0,1
44028,2,2,2,13,2,10,0,1,1,,,4,4,1,0,1
44029,2,2,2,13,2,10,1,0,0,1,1,0,4,0,0,1
44030,2,2,2,13,2,10,2,0,0,1,1,0,4,0,0,1
44031,2,2,2,13,2,10,3,1,1,,,4,4,1,0,1
44032,2,2,2,13,2,11,0,1,1,,,4,4,1,0,1
44033,2,2,2,13,2,11,1,0,0,1,1,0,4,0,0,1
44034,2,2,2,13,2,11,2,0,0,1,1,0,4,0,0,1
44035,2,2,2,13,2,11,3,1,1,,,4,4,1,0,1
44036,2,2,2,13,2,12,0,1,1,,,4,4,1,0,1
44037,2,2,2,13,2,12,1,0,0,1,1,0,4,0,0,1
44038,2,2,2,13,2,12,2,0,0,1,1,0,4,0,0,1
44039,2,2,2,13,2,12,3,1,1,,,4,4,1,0,1
44040,2,2,2,13,2,13,0,1,1,,,4,4,1,0,1
44041,2,2,2,13,2,13,1,0,0,1,1,0,4,0,0,1
44042,2,2,2,13,2,13,2,0,0,1,1,0,4,0,0,1
44043,2,2,2,13,2,13,3,1,1,,,4,4,1,0,1
44044,2,2,2,13,2,14,0,1,1,,,4,4,1,0,1
44045,2,2,2,13,2,14,1,0,0,1,1,0,4,0,0,1
44046,2,2,2,13,2,14,2,0,0,1,1,0,4,0,0,1
44047,2,2,2,13,2,14,3,1,1,,,4,4,1,0,1
44048,2,2,2,13,2,15,0,1,1,,,4,4,1,0,1
44049,2,2,2,13,2,15,1,0,0,1,1,0,4,0,0,1
44050,2,2,2,13,2,15,2,0,0,1,1,0,4,0,0,1
44051,2,2,2,13,2,15,3,1,1,,,4,4,1,0,1
44052,2,2,2,13,3,0,0,1,1,,,4,4,1,0,1
44053,2,2,2,13,3,0,1,0,0,1,1,0,4,0,0,1
44054,2,2,2,13,3,0,2,0,0,1,1,0,4,0,0,1
44055,2,2,2,13,3,0,3,1,1,,,4,4,1,0,1
44056,2,2,2,13,3,1,0,1,1,,,4,4,1,0,1
44057,2,2,2,13,3,1,1,0,0,1,1,0,4,0,0,1
44058,2,2,2,13,3,1,2,0,0,1,1,0,4,0,0,1
44059,2,2,2,13,3,1,3,1,1,,,4,4,1,0,1
44060,2,2,2,13,3,2,0,1,1,,,4,4,1,0,1
44061,2,2,2,13,3,2,1,0,0,1,1,0,4,0,0,1
44062,2,2,2,13,3,2,2,0,0,1,1,0,4,0,0,1
44063,2,2,2,13,3,2,3,1,1,,,4,4,1,0,1
44064,2,2,2,13,3,3,0,1,1,,,4,4,1,0,1
44065,2,2,2,13,3,3,1,0,0,1,1,0,4,0,0,1
44066,2,2,2,13,3,3,2,0,0,1,1,0,4,0,0,1
44067,2,2,2,13,3,3,3,1,1,,,4,4,1,0,1
44068,2,2,2,13,3,4,0,1,1,,,4,4,1,0,1
44069,2,2,2,13,3,4,1,0,0,1,1,0,4,0,0,1
44070,2,2,2,13,3,4,2,0,0,1,1,0,4,0,0,1
44071,2,2,2,13,3,4,3,1,1,,,4,4,1,0,1
44072,2,2,2,13,3,5,0,1,1,,,4,4,1,0,1
44073,2,2,2,13,3,5,1,0,0,1,1,0,4,0,0,1
44074,2,2,2,13,3,5,2,0,0,1,1,0,4,0,0,1
44075,2,2,2,13,3,5,3,1,1,,,4,4,1,0,1
44076,2,2,2,13,3,6,0,1,1,,,4,4,1,0,1
44077,2,2,2,13,3,6,1,0,0,1,1,0,4,0,0,1
44078,2,2,2,13,3,6,2,0,0,1,1,0,4,0,0,1
44079,2,2,2,13,3,6,3,1,1,,,4,4,1,0,1
44080,2,2,2,13,3,7,0,1,1,,,4,4,1,0,1
44081,2,2,2,13,3,7,1,0,0,1,1,0,4,0,0,1
44082,2,2,2,13,3,7,2,0,0,1,1,0,4,0,0,1
44083,2,2,2,13,3,7,3,1,1,,,4,4,1,0,1
44084,2,2,2,13,3,8,0,1,1,,,4,4,1,0,1
44085,2,2,2,13,3,8,1,0,0,1,1,0,4,0,0,1
44086,2,2,2,13,3,8,2,0,0,1,1,0,4,0,0,1
44087,2,2,2,13,3,8,3,1,1,,,4,4,1,0,1
44088,2,2,2,13,3,9,0,1,1,,,4,4,1,0,1
44089,2,2,2,13,3,9,1,0,0,1,1,0,4,0,0,1
44090,2,2,2,13,3,9,2,0,0,1,1,0,4,0,0,1
44091,2,2,2,13,3,9,3,1,1,,,4,4,1,0,1
44092,2,2,2,13,3,10,0,1,1,,,4,4,1,0,1
44093,2,2,2,13,3,10,1,0,0,1,1,0,4,0,0,1
44094,2,2,2,13,3,10,2,0,0,1,1,0,4,0,0,1
44095,2,2,2,13,3,10,3,1,1,,,4,4,1,0,1
44096,2,2,2,13,3,11,0,1,1,,,4,4,1,0,1
44097,2,2,2,13,3,11,1,0,0,1,1,0,4,0,0,1
44098,2,2,2,13,3,11,2,0,0,1,1,0,4,0,0,1
44099,2,2,2,13,3,11,3,1,1,,,4,4,1,0,1
44100,2,2,2,13,3,12,0,1,1,,,4,4,1,0,1
44101,2,2,2,13,3,12,1,0,0,1,1,0,4,0,0,1
44102,2,2,2,13,3,12,2,0,0,1,1,0,4,0,0,1
44103,2,2,2,13,3,12,3,1,1,,,4,4,1,0,1
44104,2,2,2,13,3,13,0,1,1,,,4,4,1,0,1
44105,2,2,2,13,3,13,1,0,0,1,1,0,4,0,0,1
44106,2,2,2,13,3,13,2,0,0,1,1,0,4,0,0,1
44107,2,2,2,13,3,13,3,1,1,,,4,4,1,0,1
44108,2,2,2,13,3,14,0,1,1,,,4,4,1,0,1
44109,2,2,2,13,3,14,1,0,0,1,1,0,4,0,0,1
44110,2,2,2,13,3,14,2,0,0,1,1,0,4,0,0,1
44111,2,2,2,13,3,14,3,1,1,,,4,4,1,0,1
44112,2,2,2,13,3,15,0,1,1,,,4,4,1,0,1
44113,2,2,2,13,3,15,1,0,0,1,1,0,4,0,0,1
44114,2,2,2,13,3,15,2,0,0,1,1,0,4,0,0,1
44115,2,2,2,13,3,15,3,1,1,,,4,4,1,0,1
44116,2,2,2,13,4,0,0,1,1,,,4,2,1,1,1
44117,2,2,2,13,4,0,1,1,1,,,1,2,1,1,1
44118,2,2,2,13,4,0,2,1,1,,,1,2,1,1,1
44119,2,2,2,13,4,0,3,1,1,,,4,2,1,1,1
44120,2,2,2,13,4,1,0,1,1,,,4,2,1,1,1
44121,2,2,2,13,4,1,1,1,1,,,1,2,1,1,1
44122,2,2,2,13,4,1,2,1,1,,,1,2,1,1,1
44123,2,2,2,13,4,1,3,1,1,,,4,2,1,1,1
44124,2,2,2,13,4,2,0,1,1,,,4,2,1,1,1
44125,2,2,2,13,4,2,1,1,1,,,1,2,1,1,1
44126,2,2,2,13,4,2,2,1,1,,,1,2,1,1,1
44127,2,2,2,13,4,2,3,1,1,,,4,2,1,1,1
44128,2,2,2,13,4,3,0,1,1,,,4,2,1,1,1
44129,2,2,2,13,4,3,1,1,1,,,1,2,1,1,1
44130,2,2,2,13,4,3,2,1,1,,,1,2,1,1,1
44131,2,2,2,13,4,3,3,1,1,,,4,2,1,1,1
44132,2,2,2,13,4,4,0,1,1,,,4,2,1,1,1
44133,2,2,2,13,4,4,1,1,1,,,1,2,1,1,1
44134,2,2,2,13,4,4,2,1,1,,,1,2,1,1,1
44135,2,2,2,13,4,4,3,1,1,,,4,2,1,1,1
44136,2,2,2,13,4,5,0,1,1,,,4,2,1,1,1
44137,2,2,2,13,4,5,1,1,1,,,1,2,1,1,1
44138,2,2,2,13,4,5,2,1,1,,,1,2,1,1,1
44139,2,2,2,13,4,5,3,1,1,,,4,2,1,1,1
44140,2,2,2,13,4,6,0,1,1,,,4,2,1,1,1
44141,2,2,2,13,4,6,1,1,1,,,1,2,1,1,1
44142,2,2,2,13,4,6,2,1,1,,,1,2,1,1,1
44143,2,2,2,13,4,6,3,1,1,,,4,2,1,1,1
44144,2,2,2,13,4,7,0,1,1,,,4,2,1,1,1
44145,2,2,2,13,4,7,1,1,1,,,1,2,1,1,1
44146,2,2,2,13,4,7,2,1,1,,,1,2,1,1,1
44147,2,2,2,13,4,7,3,1,1,,,4,2,1,1,1
44148,2,2,2,13,4,8,0,1,1,,,4,2,1,1,1
44149,2,2,2,13,4,8,1,1,1,,,1,2,1,1,1
44150,2,2,2,13,4,8,2,1,1,,,1,2,1,1,1
44151,2,2,2,13,4,8,3,1,1,,,4,2,1,1,1
44152,2,2,2,13,4,9,0,1,1,,,4,2,1,1,1
44153,2,2,2,13,4,9,1,1,1,,,1,2,1,1,1
44154,2,2,2,13,4,9,2,1,1,,,1,2,1,1,1
44155,2,2,2,13,4,9,3,1,1,,,4,2,1,1,1
44156,2,2,2,13,4,10,0,1,1,,,4,2,1,1,1
44157,2,2,2,13,4,10,1,1,1,,,1,2,1,1,1
44158,2,2,2,13,4,10,2,1,1,,,1,2,1,1,1
44159,2,2,2,13,4,10,3,1,1,,,4,2,1,1,1
44160,2,2,2,13,4,11,0,1,1,,,4,2,1,1,1
44161,2,2,2,13,4,11,1,1,1,,,1,2,1,1,1
44162,2,2,2,13,4,11,2,1,1,,,1,2,1,1,1
44163,2,2,2,13,4,11,3,1,1,,,4,2,1,1,1
44164,2,2,2,13,4,12,0,1,1,,,4,2,1,1,1
44165,2,2,2,13,4,12,1,1,1,,,1,2,1,1,1
44166,2,2,2,13,4,12,2,1,1,,,1,2,1,1,1
44167,2,2,2,13,4,12,3,1,1,,,4,2,1,1,1
44168,2,2,2,13,4,13,0,1,1,,,4,2,1,1,1
44169,2,2,2,13,4,13,1,1,1,,,1,2,1,1,1
44170,2,2,2,13,4,13,2,1,1,,,1,2,1,1,1
44171,2,2,2,13,4,13,3,1,1,,,4,2,1,1,1
44172,2,2,2,13,4,14,0,1,1,,,4,2,1,1,1
44173,2,2,2,13,4,14,1,1,1,,,1,2,1,1,1
44174,2,2,2,13,4,14,2,1,1,,,1,2,1,1,1
44175,2,2,2,13,4,14,3,1,1,,,4,2,1,1,1
44176,2,2,2,13,4,15,0,1,1,,,4,2,1,1,1
44177,2,2,2,13,4,15,1,1,1,,,1,2,1,1,1
44178,2,2,2,13,4,15,2,1,1,,,1,2,1,1,1
44179,2,2,2,13,4,15,3,1,1,,,4,2,1,1,1
44180,2,2,2,13,5,0,0,1,1,,,4,3,1,0,1
44181,2,2,2,13,5,0,1,0,0,3,3,0,3,0,0,1
44182,2,2,2,13,5,0,2,0,0,3,3,0,3,0,0,1
44183,2,2,2,13,5,0,3,1,1,,,4,3,1,0,1
44184,2,2,2,13,5,1,0,1,1,,,4,3,1,0,1
44185,2,2,2,13,5,1,1,0,0,3,3,0,3,0,0,1
44186,2,2,2,13,5,1,2,0,0,3,3,0,3,0,0,1
44187,2,2,2,13,5,1,3,1,1,,,4,3,1,0,1
44188,2,2,2,13,5,2,0,1,1,,,4,3,1,0,1
44189,2,2,2,13,5,2,1,0,0,3,3,0,3,0,0,1
44190,2,2,2,13,5,2,2,0,0,3,3,0,3,0,0,1
44191,2,2,2,13,5,2,3,1,1,,,4,3,1,0,1
44192,2,2,2,13,5,3,0,1,1,,,4,3,1,0,1
44193,2,2,2,13,5,3,1,0,0,3,3,0,3,0,0,1
44194,2,2,2,13,5,3,2,0,0,3,3,0,3,0,0,1
44195,2,2,2,13,5,3,3,1,1,,,4,3,1,0,1
44196,2,2,2,13,5,4,0,1,1,,,4,3,1,0,1
44197,2,2,2,13,5,4,1,0,0,3,3,0,3,0,0,1
44198,2,2,2,13,5,4,2,0,0,3,3,0,3,0,0,1
44199,2,2,2,13,5,4,3,1,1,,,4,3,1,0,1
44200,2,2,2,13,5,5,0,1,1,,,4,3,1,0,1
44201,2,2,2,13,5,5,1,0,0,3,3,0,3,0,0,1
44202,2,2,2,13,5,5,2,0,0,3,3,0,3,0,0,1
44203,2,2,2,13,5,5,3,1,1,,,4,3,1,0,1
44204,2,2,2,13,5,6,0,1,1,,,4,3,1,0,1
44205,2,2,2,13,5,6,1,0,0,3,3,0,3,0,0,1
44206,2,2,2,13,5,6,2,0,0,3,3,0,3,0,0,1
44207,2,2,2,13,5,6,3,1,1,,,4,3,1,0,1
44208,2,2,2,13,5,7,0,1,1,,,4,3,1,0,1
44209,2,2,2,13,5,7,1,0,0,3,3,0,3,0,0,1
44210,2,2,2,13,5,7,2,0,0,3,3,0,3,0,0,1
44211,2,2,2,13,5,7,3,1,1,,,4,3,1,0,1
44212,2,2,2,13,5,8,0,1,1,,,4,3,1,0,1
44213,2,2,2,13,5,8,1,0,0,3,3,0,3,0,0,1
44214,2,2,2,13,5,8,2,0,0,3,3,0,3,0,0,1
44215,2,2,2,13,5,8,3,1,1,,,4,3,1,0,1
44216,2,2,2,13,5,9,0,1,1,,,4,3,1,0,1
44217,2,2,2,13,5,9,1,0,0,3,3,0,3,0,0,1
44218,2,2,2,13,5,9,2,0,0,3,3,0,3,0,0,1
44219,2,2,2,13,5,9,3,1,1,,,4,3,1,0,1
44220,2,2,2,13,5,10,0,1,1,,,4,3,1,0,1
44221,2,2,2,13,5,10,1,0,0,3,3,0,3,0,0,1
44222,2,2,2,13,5,10,2,0,0,3,3,0,3,0,0,1
44223,2,2,2,13,5,10,3,1,1,,,4,3,1,0,1
44224,2,2,2,13,5,11,0,1,1,,,4,3,1,0,1
44225,2,2,2,13,5,11,1,0,0,3,3,0,3,0,0,1
44226,2,2,2,13,5,11,2,0,0,3,3,0,3,0,0,1
44227,2,2,2,13,5,11,3,1,1,,,4,3,1,0,1
44228,2,2,2,13,5,12,0,1,1,,,4,3,1,0,1
44229,2,2,2,13,5,12,1,0,0,3,3,0,3,0,0,1
44230,2,2,2,13,5,12,2,0,0,3,3,0,3,0,0,1
44231,2,2,2,13,5,12,3,1,1,,,4,3,1,0,1
44232,2,2,2,13,5,13,0,1,1,,,4,3,1,0,1
44233,2,2,2,13,5,13,1,0,0,3,3,0,3,0,0,1
44234,2,2,2,13,5,13,2,0,0,3,3,0,3,0,0,1
44235,2,2,2,13,5,13,3,1,1,,,4,3,1,0,1
44236,2,2,2,13,5,14,0,1,1,,,4,3,1,0,1
44237,2,2,2,13,5,14,1,0,0,3,3,0,3,0,0,1
44238,2,2,2,13,5,14,2,0,0,3,3,0,3,0,0,1
44239,2,2,2,13,5,14,3,1,1,,,4,3,1,0,1
44240,2,2,2,13,5,15,0,1,1,,,4,3,1,0,1
44241,2,2,2,13,5,15,1,0,0,3,3,0,3,0,0,1
44242,2,2,2,13,5,15,2,0,0,3,3,0,3,0,0,1
44243,2,2,2,13,5,15,3,1,1,,,4,3,1,0,1
44244,2,2,2,13,6,0,0,1,1,,,4,4,1,0,1
44245,2,2,2,13,6,0,1,0,0,1,1,0,4,0,0,1
44246,2,2,2,13,6,0,2,0,0,1,1,0,4,0,0,1
44247,2,2,2,13,6,0,3,1,1,,,4,4,1,0,1
44248,2,2,2,13,6,1,0,1,1,,,4,4,1,0,1
44249,2,2,2,13,6,1,1,0,0,1,1,0,4,0,0,1
44250,2,2,2,13,6,1,2,0,0,1,1,0,4,0,0,1
44251,2,2,2,13,6,1,3,1,1,,,4,4,1,0,1
44252,2,2,2,13,6,2,0,1,1,,,4,4,1,0,1
44253,2,2,2,13,6,2,1,0,0,1,1,0,4,0,0,1
44254,2,2,2,13,6,2,2,0,0,1,1,0,4,0,0,1
44255,2,2,2,13,6,2,3,1,1,,,4,4,1,0,1
44256,2,2,2,13,6,3,0,1,1,,,4,4,1,0,1
44257,2,2,2,13,6,3,1,0,0,1,1,0,4,0,0,1
44258,2,2,2,13,6,3,2,0,0,1,1,0,4,0,0,1
44259,2,2,2,13,6,3,3,1,1,,,4,4,1,0,1
44260,2,2,2,13,6,4,0,1,1,,,4,4,1,0,1
44261,2,2,2,13,6,4,1,0,0,1,1,0,4,0,0,1
44262,2,2,2,13,6,4,2,0,0,1,1,0,4,0,0,1
44263,2,2,2,13,6,4,3,1,1,,,4,4,1,0,1
44264,2,2,2,13,6,5,0,1,1,,,4,4,1,0,1
44265,2,2,2,13,6,5,1,0,0,1,1,0,4,0,0,1
44266,2,2,2,13,6,5,2,0,0,1,1,0,4,0,0,1
44267,2,2,2,13,6,5,3,1,1,,,4,4,1,0,1
44268,2,2,2,13,6,6,0,1,1,,,4,4,1,0,1
44269,2,2,2,13,6,6,1,0,0,1,1,0,4,0,0,1
44270,2,2,2,13,6,6,2,0,0,1,1,0,4,0,0,1
44271,2,2,2,13,6,6,3,1,1,,,4,4,1,0,1
44272,2,2,2,13,6,7,0,1,1,,,4,4,1,0,1
44273,2,2,2,13,6,7,1,0,0,1,1,0,4,0,0,1
44274,2,2,2,13,6,7,2,0,0,1,1,0,4,0,0,1
44275,2,2,2,13,6,7,3,1,1,,,4,4,1,0,1
44276,2,2,2,13,6,8,0,1,1,,,4,4,1,0,1
44277,2,2,2,13,6,8,1,0,0,1,1,0,4,0,0,1
44278,2,2,2,13,6,8,2,0,0,1,1,0,4,0,0,1
44279,2,2,2,13,6,8,3,1,1,,,4,4,1,0,1
44280,2,2,2,13,6,9,0,1,1,,,4,4,1,0,1
44281,2,2,2,13,6,9,1,0,0,1,1,0,4,0,0,1
44282,2,2,2,13,6,9,2,0,0,1,1,0,4,0,0,1
44283,2,2,2,13,6,9,3,1,1,,,4,4,1,0,1
44284,2,2,2,13,6,10,0,1,1,,,4,4,1,0,1
44285,2,2,2,13,6,10,1,0,0,1,1,0,4,0,0,1
44286,2,2,2,13,6,10,2,0,0,1,1,0,4,0,0,1
44287,2,2,2,13,6,10,3,1,1,,,4,4,1,0,1
44288,2,2,2,13,6,11,0,1,1,,,4,4,1,0,1
44289,2,2,2,13,6,11,1,0,0,1,1,0,4,0,0,1
44290,2,2,2,13,6,11,2,0,0,1,1,0,4,0,0,1
44291,2,2,2,13,6,11,3,1,1,,,4,4,1,0,1
44292,2,2,2,13,6,12,0,1,1,,,4,4,1,0,1
44293,2,2,2,13,6,12,1,0,0,1,1,0,4,0,0,1
44294,2,2,2,13,6,12,2,0,0,1,1,0,4,0,0,1
44295,2,2,2,13,6,12,3,1,1,,,4,4,1,0,1
44296,2,2,2,13,6,13,0,1,1,,,4,4,1,0,1
44297,2,2,2,13,6,13,1,0,0,1,1,0,4,0,0,1
44298,2,2,2,13,6,13,2,0,0,1,1,0,4,0,0,1
44299,2,2,2,13,6,13,3,1,1,,,4,4,1,0,1
44300,2,2,2,13,6,14,0,1,1,,,4,4,1,0,1
44301,2,2,2,13,6,14,1,0,0,1,1,0,4,0,0,1
44302,2,2,2,13,6,14,2,0,0,1,1,0,4,0,0,1
44303,2,2,2,13,6,14,3,1,1,,,4,4,1,0,1
44304,2,2,2,13,6,15,0,1,1,,,4,4,1,0,1
44305,2,2,2,13,6,15,1,0,0,1,1,0,4,0,0,1
44306,2,2,2,13,6,15,2,0,0,1,1,0,4,0,0,1
44307,2,2,2,13,6,15,3,1,1,,,4,4,1,0,1
44308,2,2,2,13,7,0,0,1,1,,,4,4,1,0,1
44309,2,2,2,13,7,0,1,0,0,1,1,0,4,0,0,1
44310,2,2,2,13,7,0,2,0,0,1,1,0,4,0,0,1
44311,2,2,2,13,7,0,3,1,1,,,4,4,1,0,1
44312,2,2,2,13,7,1,0,1,1,,,4,4,1,0,1
44313,2,2,2,13,7,1,1,0,0,1,1,0,4,0,0,1
44314,2,2,2,13,7,1,2,0,0,1,1,0,4,0,0,1
44315,2,2,2,13,7,1,3,1,1,,,4,4,1,0,1
44316,2,2,2,13,7,2,0,1,1,,,4,4,1,0,1
44317,2,2,2,13,7,2,1,0,0,1,1,0,4,0,0,1
44318,2,2,2,13,7,2,2,0,0,1,1,0,4,0,0,1
44319,2,2,2,13,7,2,3,1,1,,,4,4,1,0,1
44320,2,2,2,13,7,3,0,1,1,,,4,4,1,0,1
44321,2,2,2,13,7,3,1,0,0,1,1,0,4,0,0,1
44322,2,2,2,13,7,3,2,0,0,1,1,0,4,0,0,1
44323,2,2,2,13,7,3,3,1,1,,,4,4,1,0,1
44324,2,2,2,13,7,4,0,1,1,,,4,4,1,0,1
44325,2,2,2,13,7,4,1,0,0,1,1,0,4,0,0,1
44326,2,2,2,13,7,4,2,0,0,1,1,0,4,0,0,1
44327,2,2,2,13,7,4,3,1,1,,,4,4,1,0,1
44328,2,2,2,13,7,5,0,1,1,,,4,4,1,0,1
44329,2,2,2,13,7,5,1,0,0,1,1,0,4,0,0,1
44330,2,2,2,13,7,5,2,0,0,1,1,0,4,0,0,1
44331,2,2,2,13,7,5,3,1,1,,,4,4,1,0,1
44332,2,2,2,13,7,6,0,1,1,,,4,4,1,0,1
44333,2,2,2,13,7,6,1,0,0,1,1,0,4,0,0,1
44334,2,2,2,13,7,6,2,0,0,1,1,0,4,0,0,1
44335,2,2,2,13,7,6,3,1,1,,,4,4,1,0,1
44336,2,2,2,13,7,7,0,1,1,,,4,4,1,0,1
44337,2,2,2,13,7,7,1,0,0,1,1,0,4,0,0,1
44338,2,2,2,13,7,7,2,0,0,1,1,0,4,0,0,1
44339,2,2,2,13,7,7,3,1,1,,,4,4,1,0,1
44340,2,2,2,13,7,8,0,1,1,,,4,4,1,0,1
44341,2,2,2,13,7,8,1,0,0,1,1,0,4,0,0,1
44342,2,2,2,13,7,8,2,0,0,1,1,0,4,0,0,1
44343,2,2,2,13,7,8,3,1,1,,,4,4,1,0,1
44344,2,2,2,13,7,9,0,1,1,,,4,4,1,0,1
44345,2,2,2,13,7,9,1,0,0,1,1,0,4,0,0,1
44346,2,2,2,13,7,9,2,0,0,1,1,0,4,0,0,1
44347,2,2,2,13,7,9,3,1,1,,,4,4,1,0,1
44348,2,2,2,13,7,10,0,1,1,,,4,4,1,0,1
44349,2,2,2,13,7,10,1,0,0,1,1,0,4,0,0,1
44350,2,2,2,13,7,10,2,0,0,1,1,0,4,0,0,1
44351,2,2,2,13,7,10,3,1,1,,,4,4,1,0,1
44352,2,2,2,13,7,11,0,1,1,,,4,4,1,0,1
44353,2,2,2,13,7,11,1,0,0,1,1,0,4,0,0,1
44354,2,2,2,13,7,11,2,0,0,1,1,0,4,0,0,1
44355,2,2,2,13,7,11,3,1,1,,,4,4,1,0,1
44356,2,2,2,13,7,12,0,1,1,,,4,4,1,0,1
44357,2,2,2,13,7,12,1,0,0,1,1,0,4,0,0,1
44358,2,2,2,13,7,12,2,0,0,1,1,0,4,0,0,1
44359,2,2,2,13,7,12,3,1,1,,,4,4,1,0,1
44360,2,2,2,13,7,13,0,1,1,,,4,4,1,0,1
44361,2,2,2,13,7,13,1,0,0,1,1,0,4,0,0,1
44362,2,2,2,13,7,13,2,0,0,1,1,0,4,0,0,1
44363,2,2,2,13,7,13,3,1,1,,,4,4,1,0,1
44364,2,2,2,13,7,14,0,1,1,,,4,4,1,0,1
44365,2,2,2,13,7,14,1,0,0,1,1,0,4,0,0,1
44366,2,2,2,13,7,14,2,0,0,1,1,0,4,0,0,1
44367,2,2,2,13,7,14,3,1,1,,,4,4,1,0,1
44368,2,2,2,13,7,15,0,1,1,,,4,4,1,0,1
44369,2,2,2,13,7,15,1,0,0,1,1,0,4,0,0,1
44370,2,2,2,13,7,15,2,0,0,1,1,0,4,0,0,1
44371,2,2,2,13,7,15,3,1,1,,,4,4,1,0,1
44372,2,2,2,13,8,0,0,1,1,,,4,2,1,1,1
44373,2,2,2,13,8,0,1,1,1,,,1,2,1,1,1
44374,2,2,2,13,8,0,2,1,1,,,1,2,1,1,1
44375,2,2,2,13,8,0,3,1,1,,,4,2,1,1,1
44376,2,2,2,13,8,1,0,1,1,,,4,2,1,1,1
44377,2,2,2,13,8,1,1,1,1,,,1,2,1,1,1
44378,2,2,2,13,8,1,2,1,1,,,1,2,1,1,1
44379,2,2,2,13,8,1,3,1,1,,,4,2,1,1,1
44380,2,2,2,13,8,2,0,1,1,,,4,2,1,1,1
44381,2,2,2,13,8,2,1,1,1,,,1,2,1,1,1
44382,2,2,2,13,8,2,2,1,1,,,1,2,1,1,1
44383,2,2,2,13,8,2,3,1,1,,,4,2,1,1,1
44384,2,2,2,13,8,3,0,1,1,,,4,2,1,1,1
44385,2,2,2,13,8,3,1,1,1,,,1,2,1,1,1
44386,2,2,2,13,8,3,2,1,1,,,1,2,1,1,1
44387,2,2,2,13,8,3,3,1,1,,,4,2,1,1,1
44388,2,2,2,13,8,4,0,1,1,,,4,2,1,1,1
44389,2,2,2,13,8,4,1,1,1,,,1,2,1,1,1
44390,2,2,2,13,8,4,2,1,1,,,1,2,1,1,1
44391,2,2,2,13,8,4,3,1,1,,,4,2,1,1,1
44392,2,2,2,13,8,5,0,1,1,,,4,2,1,1,1
44393,2,2,2,13,8,5,1,1,1,,,1,2,1,1,1
44394,2,2,2,13,8,5,2,1,1,,,1,2,1,1,1
44395,2,2,2,13,8,5,3,1,1,,,4,2,1,1,1
44396,2,2,2,13,8,6,0,1,1,,,4,2,1,1,1
44397,2,2,2,13,8,6,1,1,1,,,1,2,1,1,1
44398,2,2,2,13,8,6,2,1,1,,,1,2,1,1,1
44399,2,2,2,13,8,6,3,1,1,,,4,2,1,1,1
44400,2,2,2,13,8,7,0,1,1,,,4,2,1,1,1
44401,2,2,2,13,8,7,1,1,1,,,1,2,1,1,1
44402,2,2,2,13,8,7,2,1,1,,,1,2,1,1,1
44403,2,2,2,13,8,7,3,1,1,,,4,2,1,1,1
44404,2,2,2,13,8,8,0,1,1,,,4,2,1,1,1
44405,2,2,2,13,8,8,1,1,1,,,1,2,1,1,1
44406,2,2,2,13,8,8,2,1,1,,,1,2,1,1,1
44407,2,2,2,13,8,8,3,1,1,,,4,2,1,1,1
44408,2,2,2,13,8,9,0,1,1,,,4,2,1,1,1
44409,2,2,2,13,8,9,1,1,1,,,1,2,1,1,1
44410,2,2,2,13,8,9,2,1,1,,,1,2,1,1,1
44411,2,2,2,13,8,9,3,1,1,,,4,2,1,1,1
44412,2,2,2,13,8,10,0,1,1,,,4,2,1,1,1
44413,2,2,2,13,8,10,1,1,1,,,1,2,1,1,1
44414,2,2,2,13,8,10,2,1,1,,,1,2,1,1,1
44415,2,2,2,13,8,10,3,1,1,,,4,2,1,1,1
44416,2,2,2,13,8,11,0,1,1,,,4,2,1,1,1
44417,2,2,2,13,8,11,1,1,1,,,1,2,1,1,1
44418,2,2,2,13,8,11,2,1,1,,,1,2,1,1,1
44419,2,2,2,13,8,11,3,1,1,,,4,2,1,1,1
44420,2,2,2,13,8,12,0,1,1,,,4,2,1,1,1
44421,2,2,2,13,8,12,1,1,1,,,1,2,1,1,1
44422,2,2,2,13,8,12,2,1,1,,,1,2,1,1,1
44423,2,2,2,13,8,12,3,1,1,,,4,2,1,1,1
44424,2,2,2,13,8,13,0,1,1,,,4,2,1,1,1
44425,2,2,2,13,8,13,1,1,1,,,1,2,1,1,1
44426,2,2,2,13,8,13,2,1,1,,,1,2,1,1,1
44427,2,2,2,13,8,13,3,1,1,,,4,2,1,1,1
44428,2,2,2,13,8,14,0,1,1,,,4,2,1,1,1
44429,2,2,2,13,8,14,1,1,1,,,1,2,1,1,1
44430,2,2,2,13,8,14,2,1,1,,,1,2,1,1,1
44431,2,2,2,13,8,14,3,1,1,,,4,2,1,1,1
44432,2,2,2,13,8,15,0,1,1,,,4,2,1,1,1
44433,2,2,2,13,8,15,1,1,1,,,1,2,1,1,1
44434,2,2,2,13,8,15,2,1,1,,,1,2,1,1,1
44435,2,2,2,13,8,15,3,1,1,,,4,2,1,1,1
44436,2,2,2,13,9,0,0,1,1,,,4,3,1,0,1
44437,2,2,2,13,9,0,1,0,0,3,3,0,3,0,0,1
44438,2,2,2,13,9,0,2,0,0,3,3,0,3,0,0,1
44439,2,2,2,13,9,0,3,1,1,,,4,3,1,0,1
44440,2,2,2,13,9,1,0,1,1,,,4,3,1,0,1
44441,2,2,2,13,9,1,1,0,0,3,3,0,3,0,0,1
44442,2,2,2,13,9,1,2,0,0,3,3,0,3,0,0,1
44443,2,2,2,13,9,1,3,1,1,,,4,3,1,0,1
44444,2,2,2,13,9,2,0,1,1,,,4,3,1,0,1
44445,2,2,2,13,9,2,1,0,0,3,3,0,3,0,0,1
44446,2,2,2,13,9,2,2,0,0,3,3,0,3,0,0,1
44447,2,2,2,13,9,2,3,1,1,,,4,3,1,0,1
44448,2,2,2,13,9,3,0,1,1,,,4,3,1,0,1
44449,2,2,2,13,9,3,1,0,0,3,3,0,3,0,0,1
44450,2,2,2,13,9,3,2,0,0,3,3,0,3,0,0,1
44451,2,2,2,13,9,3,3,1,1,,,4,3,1,0,1
44452,2,2,2,13,9,4,0,1,1,,,4,3,1,0,1
44453,2,2,2,13,9,4,1,0,0,3,3,0,3,0,0,1
44454,2,2,2,13,9,4,2,0,0,3,3,0,3,0,0,1
44455,2,2,2,13,9,4,3,1,1,,,4,3,1,0,1
44456,2,2,2,13,9,5,0,1,1,,,4,3,1,0,1
44457,2,2,2,13,9,5,1,0,0,3,3,0,3,0,0,1
44458,2,2,2,13,9,5,2,0,0,3,3,0,3,0,0,1
44459,2,2,2,13,9,5,3,1,1,,,4,3,1,0,1
44460,2,2,2,13,9,6,0,1,1,,,4,3,1,0,1
44461,2,2,2,13,9,6,1,0,0,3,3,0,3,0,0,1
44462,2,2,2,13,9,6,2,0,0,3,3,0,3,0,0,1
44463,2,2,2,13,9,6,3,1,1,,,4,3,1,0,1
44464,2,2,2,13,9,7,0,1,1,,,4,3,1,0,1
44465,2,2,2,13,9,7,1,0,0,3,3,0,3,0,0,1
44466,2,2,2,13,9,7,2,0,0,3,3,0,3,0,0,1
44467,2,2,2,13,9,7,3,1,1,,,4,3,1,0,1
44468,2,2,2,13,9,8,0,1,1,,,4,3,1,0,1
44469,2,2,2,13,9,8,1,0,0,3,3,0,3,0,0,1
44470,2,2,2,13,9,8,2,0,0,3,3,0,3,0,0,1
44471,2,2,2,13,9,8,3,1,1,,,4,3,1,0,1
44472,2,2,2,13,9,9,0,1,1,,,4,3,1,0,1
44473,2,2,2,13,9,9,1,0,0,3,3,0,3,0,0,1
44474,2,2,2,13,9,9,2,0,0,3,3,0,3,0,0,1
44475,2,2,2,13,9,9,3,1,1,,,4,3,1,0,1
44476,2,2,2,13,9,10,0,1,1,,,4,3,1,0,1
44477,2,2,2,13,9,10,1,0,0,3,3,0,3,0,0,1
44478,2,2,2,13,9,10,2,0,0,3,3,0,3,0,0,1
44479,2,2,2,13,9,10,3,1,1,,,4,3,1,0,1
44480,2,2,2,13,9,11,0,1,1,,,4,3,1,0,1
44481,2,2,2,13,9,11,1,0,0,3,3,0,3,0,0,1
44482,2,2,2,13,9,11,2,0,0,3,3,0,3,0,0,1
44483,2,2,2,13,9,11,3,1,1,,,4,3,1,0,1
44484,2,2,2,13,9,12,0,1,1,,,4,3,1,0,1
44485,2,2,2,13,9,12,1,0,0,3,3,0,3,0,0,1
44486,2,2,2,13,9,12,2,0,0,3,3,0,3,0,0,1
44487,2,2,2,13,9,12,3,1,1,,,4,3,1,0,1
44488,2,2,2,13,9,13,0,1,1,,,4,3,1,0,1
44489,2,2,2,13,9,13,1,0,0,3,3,0,3,0,0,1
44490,2,2,2,13,9,13,2,0,0,3,3,0,3,0,0,1
44491,2,2,2,13,9,13,3,1,1,,,4,3,1,0,1
44492,2,2,2,13,9,14,0,1,1,,,4,3,1,0,1
44493,2,2,2,13,9,14,1,0,0,3,3,0,3,0,0,1
44494,2,2,2,13,9,14,2,0,0,3,3,0,3,0,0,1
44495,2,2,2,13,9,14,3,1,1,,,4,3,1,0,1
44496,2,2,2,13,9,15,0,1,1,,,4,3,1,0,1
44497,2,2,2,13,9,15,1,0,0,3,3,0,3,0,0,1
44498,2,2,2,13,9,15,2,0,0,3,3,0,3,0,0,1
44499,2,2,2,13,9,15,3,1,1,,,4,3,1,0,1
44500,2,2,2,13,10,0,0,1,1,,,4,4,1,0,1
44501,2,2,2,13,10,0,1,0,0,1,1,0,4,0,0,1
44502,2,2,2,13,10,0,2,0,0,1,1,0,4,0,0,1
44503,2,2,2,13,10,0,3,1,1,,,4,4,1,0,1
44504,2,2,2,13,10,1,0,1,1,,,4,4,1,0,1
44505,2,2,2,13,10,1,1,0,0,1,1,0,4,0,0,1
44506,2,2,2,13,10,1,2,0,0,1,1,0,4,0,0,1
44507,2,2,2,13,10,1,3,1,1,,,4,4,1,0,1
44508,2,2,2,13,10,2,0,1,1,,,4,4,1,0,1
44509,2,2,2,13,10,2,1,0,0,1,1,0,4,0,0,1
44510,2,2,2,13,10,2,2,0,0,1,1,0,4,0,0,1
44511,2,2,2,13,10,2,3,1,1,,,4,4,1,0,1
44512,2,2,2,13,10,3,0,1,1,,,4,4,1,0,1
44513,2,2,2,13,10,3,1,0,0,1,1,0,4,0,0,1
44514,2,2,2,13,10,3,2,0,0,1,1,0,4,0,0,1
44515,2,2,2,13,10,3,3,1,1,,,4,4,1,0,1
44516,2,2,2,13,10,4,0,1,1,,,4,4,1,0,1
44517,2,2,2,13,10,4,1,0,0,1,1,0,4,0,0,1
44518,2,2,2,13,10,4,2,0,0,1,1,0,4,0,0,1
44519,2,2,2,13,10,4,3,1,1,,,4,4,1,0,1
44520,2,2,2,13,10,5,0,1,1,,,4,4,1,0,1
44521,2,2,2,13,10,5,1,0,0,1,1,0,4,0,0,1
44522,2,2,2,13,10,5,2,0,0,1,1,0,4,0,0,1
44523,2,2,2,13,10,5,3,1,1,,,4,4,1,0,1
44524,2,2,2,13,10,6,0,1,1,,,4,4,1,0,1
44525,2,2,2,13,10,6,1,0,0,1,1,0,4,0,0,1
44526,2,2,2,13,10,6,2,0,0,1,1,0,4,0,0,1
44527,2,2,2,13,10,6,3,1,1,,,4,4,1,0,1
44528,2,2,2,13,10,7,0,1,1,,,4,4,1,0,1
44529,2,2,2,13,10,7,1,0,0,1,1,0,4,0,0,1
44530,2,2,2,13,10,7,2,0,0,1,1,0,4,0,0,1
44531,2,2,2,13,10,7,3,1,1,,,4,4,1,0,1
44532,2,2,2,13,10,8,0,1,1,,,4,4,1,0,1
44533,2,2,2,13,10,8,1,0,0,1,1,0,4,0,0,1
44534,2,2,2,13,10,8,2,0,0,1,1,0,4,0,0,1
44535,2,2,2,13,10,8,3,1,1,,,4,4,1,0,1
44536,2,2,2,13,10,9,0,1,1,,,4,4,1,0,1
44537,2,2,2,13,10,9,1,0,0,1,1,0,4,0,0,1
44538,2,2,2,13,10,9,2,0,0,1,1,0,4,0,0,1
44539,2,2,2,13,10,9,3,1,1,,,4,4,1,0,1
44540,2,2,2,13,10,10,0,1,1,,,4,4,1,0,1
44541,2,2,2,13,10,10,1,0,0,1,1,0,4,0,0,1
44542,2,2,2,13,10,10,2,0,0,1,1,0,4,0,0,1
44543,2,2,2,13,10,10,3,1,1,,,4,4,1,0,1
44544,2,2,2,13,10,11,0,1,1,,,4,4,1,0,1
44545,2,2,2,13,10,11,1,0,0,1,1,0,4,0,0,1
44546,2,2,2,13,10,11,2,0,0,1,1,0,4,0,0,1
44547,2,2,2,13,10,11,3,1,1,,,4,4,1,0,1
44548,2,2,2,13,10,12,0,1,1,,,4,4,1,0,1
44549,2,2,2,13,10,12,1,0,0,1,1,0,4,0,0,1
44550,2,2,2,13,10,12,2,0,0,1,1,0,4,0,0,1
44551,2,2,2,13,10,12,3,1,1,,,4,4,1,0,1
44552,2,2,2,13,10,13,0,1,1,,,4,4,1,0,1
44553,2,2,2,13,10,13,1,0,0,1,1,0,4,0,0,1
44554,2,2,2,13,10,13,2,0,0,1,1,0,4,0,0,1
44555,2,2,2,13,10,13,3,1,1,,,4,4,1,0,1
44556,2,2,2,13,10,14,0,1,1,,,4,4,1,0,1
44557,2,2,2,13,10,14,1,0,0,1,1,0,4,0,0,1
44558,2,2,2,13,10,14,2,0,0,1,1,0,4,0,0,1
44559,2,2,2,13,10,14,3,1,1,,,4,4,1,0,1
44560,2,2,2,13,10,15,0,1,1,,,4,4,1,0,1
44561,2,2,2,13,10,15,1,0,0,1,1,0,4,0,0,1
44562,2,2,2,13,10,15,2,0,0,1,1,0,4,0,0,1
44563,2,2,2,13,10,15,3,1,1,,,4,4,1,0,1
44564,2,2,2,13,11,0,0,1,1,,,4,4,1,0,1
44565,2,2,2,13,11,0,1,0,0,1,1,0,4,0,0,1
44566,2,2,2,13,11,0,2,0,0,1,1,0,4,0,0,1
44567,2,2,2,13,11,0,3,1,1,,,4,4,1,0,1
44568,2,2,2,13,11,1,0,1,1,,,4,4,1,0,1
44569,2,2,2,13,11,1,1,0,0,1,1,0,4,0,0,1
44570,2,2,2,13,11,1,2,0,0,1,1,0,4,0,0,1
44571,2,2,2,13,11,1,3,1,1,,,4,4,1,0,1
44572,2,2,2,13,11,2,0,1,1,,,4,4,1,0,1
44573,2,2,2,13,11,2,1,0,0,1,1,0,4,0,0,1
44574,2,2,2,13,11,2,2,0,0,1,1,0,4,0,0,1
44575,2,2,2,13,11,2,3,1,1,,,4,4,1,0,1
44576,2,2,2,13,11,3,0,1,1,,,4,4,1,0,1
44577,2,2,2,13,11,3,1,0,0,1,1,0,4,0,0,1
44578,2,2,2,13,11,3,2,0,0,1,1,0,4,0,0,1
44579,2,2,2,13,11,3,3,1,1,,,4,4,1,0,1
44580,2,2,2,13,11,4,0,1,1,,,4,4,1,0,1
44581,2,2,2,13,11,4,1,0,0,1,1,0,4,0,0,1
44582,2,2,2,13,11,4,2,0,0,1,1,0,4,0,0,1
44583,2,2,2,13,11,4,3,1,1,,,4,4,1,0,1
44584,2,2,2,13,11,5,0,1,1,,,4,4,1,0,1
44585,2,2,2,13,11,5,1,0,0,1,1,0,4,0,0,1
44586,2,2,2,13,11,5,2,0,0,1,1,0,4,0,0,1
44587,2,2,2,13,11,5,3,1,1,,,4,4,1,0,1
44588,2,2,2,13,11,6,0,1,1,,,4,4,1,0,1
44589,2,2,2,13,11,6,1,0,0,1,1,0,4,0,0,1
44590,2,2,2,13,11,6,2,0,0,1,1,0,4,0,0,1
44591,2,2,2,13,11,6,3,1,1,,,4,4,1,0,1
44592,2,2,2,13,11,7,0,1,1,,,4,4,1,0,1
44593,2,2,2,13,11,7,1,0,0,1,1,0,4,0,0,1
44594,2,2,2,13,11,7,2,0,0,1,1,0,4,0,0,1
44595,2,2,2,13,11,7,3,1,1,,,4,4,1,0,1
44596,2,2,2,13,11,8,0,1,1,,,4,4,1,0,1
44597,2,2,2,13,11,8,1,0,0,1,1,0,4,0,0,1
44598,2,2,2,13,11,8,2,0,0,1,1,0,4,0,0,1
44599,2,2,2,13,11,8,3,1,1,,,4,4,1,0,1
44600,2,2,2,13,11,9,0,1,1,,,4,4,1,0,1
44601,2,2,2,13,11,9,1,0,0,1,1,0,4,0,0,1
44602,2,2,2,13,11,9,2,0,0,1,1,0,4,0,0,1
44603,2,2,2,13,11,9,3,1,1,,,4,4,1,0,1
44604,2,2,2,13,11,10,0,1,1,,,4,4,1,0,1
44605,2,2,2,13,11,10,1,0,0,1,1,0,4,0,0,1
44606,2,2,2,13,11,10,2,0,0,1,1,0,4,0,0,1
44607,2,2,2,13,11,10,3,1,1,,,4,4,1,0,1
44608,2,2,2,13,11,11,0,1,1,,,4,4,1,0,1
44609,2,2,2,13,11,11,1,0,0,1,1,0,4,0,0,1
44610,2,2,2,13,11,11,2,0,0,1,1,0,4,0,0,1
44611,2,2,2,13,11,11,3,1,1,,,4,4,1,0,1
44612,2,2,2,13,11,12,0,1,1,,,4,4,1,0,1
44613,2,2,2,13,11,12,1,0,0,1,1,0,4,0,0,1
44614,2,2,2,13,11,12,2,0,0,1,1,0,4,0,0,1
44615,2,2,2,13,11,12,3,1,1,,,4,4,1,0,1
44616,2,2,2,13,11,13,0,1,1,,,4,4,1,0,1
44617,2,2,2,13,11,13,1,0,0,1,1,0,4,0,0,1
44618,2,2,2,13,11,13,2,0,0,1,1,0,4,0,0,1
44619,2,2,2,13,11,13,3,1,1,,,4,4,1,0,1
44620,2,2,2,13,11,14,0,1,1,,,4,4,1,0,1
44621,2,2,2,13,11,14,1,0,0,1,1,0,4,0,0,1
44622,2,2,2,13,11,14,2,0,0,1,1,0,4,0,0,1
44623,2,2,2,13,11,14,3,1,1,,,4,4,1,0,1
44624,2,2,2,13,11,15,0,1,1,,,4,4,1,0,1
44625,2,2,2,13,11,15,1,0,0,1,1,0,4,0,0,1
44626,2,2,2,13,11,15,2,0,0,1,1,0,4,0,0,1
44627,2,2,2,13,11,15,3,1,1,,,4,4,1,0,1
44628,2,2,2,13,12,0,0,1,1,,,4,2,1,1,1
44629,2,2,2,13,12,0,1,1,1,,,1,2,1,1,1
44630,2,2,2,13,12,0,2,1,1,,,1,2,1,1,1
44631,2,2,2,13,12,0,3,1,1,,,4,2,1,1,1
44632,2,2,2,13,12,1,0,1,1,,,4,2,1,1,1
44633,2,2,2,13,12,1,1,1,1,,,1,2,1,1,1
44634,2,2,2,13,12,1,2,1,1,,,1,2,1,1,1
44635,2,2,2,13,12,1,3,1,1,,,4,2,1,1,1
44636,2,2,2,13,12,2,0,1,1,,,4,2,1,1,1
44637,2,2,2,13,12,2,1,1,1,,,1,2,1,1,1
44638,2,2,2,13,12,2,2,1,1,,,1,2,1,1,1
44639,2,2,2,13,12,2,3,1,1,,,4,2,1,1,1
44640,2,2,2,13,12,3,0,1,1,,,4,2,1,1,1
44641,2,2,2,13,12,3,1,1,1,,,1,2,1,1,1
44642,2,2,2,13,12,3,2,1,1,,,1,2,1,1,1
44643,2,2,2,13,12,3,3,1,1,,,4,2,1,1,1
44644,2,2,2,13,12,4,0,1,1,,,4,2,1,1,1
44645,2,2,2,13,12,4,1,1,1,,,1,2,1,1,1
44646,2,2,2,13,12,4,2,1,1,,,1,2,1,1,1
44647,2,2,2,13,12,4,3,1,1,,,4,2,1,1,1
44648,2,2,2,13,12,5,0,1,1,,,4,2,1,1,1
44649,2,2,2,13,12,5,1,1,1,,,1,2,1,1,1
44650,2,2,2,13,12,5,2,1,1,,,1,2,1,1,1
44651,2,2,2,13,12,5,3,1,1,,,4,2,1,1,1
44652,2,2,2,13,12,6,0,1,1,,,4,2,1,1,1
44653,2,2,2,13,12,6,1,1,1,,,1,2,1,1,1
44654,2,2,2,13,12,6,2,1,1,,,1,2,1,1,1
44655,2,2,2,13,12,6,3,1,1,,,4,2,1,1,1
44656,2,2,2,13,12,7,0,1,1,,,4,2,1,1,1
44657,2,2,2,13,12,7,1,1,1,,,1,2,1,1,1
44658,2,2,2,13,12,7,2,1,1,,,1,2,1,1,1
44659,2,2,2,13,12,7,3,1,1,,,4,2,1,1,1
44660,2,2,2,13,12,8,0,1,1,,,4,2,1,1,1
44661,2,2,2,13,12,8,1,1,1,,,1,2,1,1,1
44662,2,2,2,13,12,8,2,1,1,,,1,2,1,1,1
44663,2,2,2,13,12,8,3,1,1,,,4,2,1,1,1
44664,2,2,2,13,12,9,0,1,1,,,4,2,1,1,1
44665,2,2,2,13,12,9,1,1,1,,,1,2,1,1,1
44666,2,2,2,13,12,9,2,1,1,,,1,2,1,1,1
44667,2,2,2,13,12,9,3,1,1,,,4,2,1,1,1
44668,2,2,2,13,12,10,0,1,1,,,4,2,1,1,1
44669,2,2,2,13,12,10,1,1,1,,,1,2,1,1,1
44670,2,2,2,13,12,10,2,1,1,,,1,2,1,1,1
44671,2,2,2,13,12,10,3,1,1,,,4,2,1,1,1
44672,2,2,2,13,12,11,0,1,1,,,4,2,1,1,1
44673,2,2,2,13,12,11,1,1,1,,,1,2,1,1,1
44674,2,2,2,13,12,11,2,1,1,,,1,2,1,1,1
44675,2,2,2,13,12,11,3,1,1,,,4,2,1,1,1
44676,2,2,2,13,12,12,0,1,1,,,4,2,1,1,1
44677,2,2,2,13,12,12,1,1,1,,,1,2,1,1,1
44678,2,2,2,13,12,12,2,1,1,,,1,2,1,1,1
44679,2,2,2,13,12,12,3,1,1,,,4,2,1,1,1
44680,2,2,2,13,12,13,0,1,1,,,4,2,1,1,1
44681,2,2,2,13,12,13,1,1,1,,,1,2,1,1,1
44682,2,2,2,13,12,13,2,1,1,,,1,2,1,1,1
44683,2,2,2,13,12,13,3,1,1,,,4,2,1,1,1
44684,2,2,2,13,12,14,0,1,1,,,4,2,1,1,1
44685,2,2,2,13,12,14,1,1,1,,,1,2,1,1,1
44686,2,2,2,13,12,14,2,1,1,,,1,2,1,1,1
44687,2,2,2,13,12,14,3,1,1,,,4,2,1,1,1
44688,2,2,2,13,12,15,0,1,1,,,4,2,1,1,1
44689,2,2,2,13,12,15,1,1,1,,,1,2,1,1,1
44690,2,2,2,13,12,15,2,1,1,,,1,2,1,1,1
44691,2,2,2,13,12,15,3,1,1,,,4,2,1,1,1
44692,2,2,2,13,13,0,0,1,1,,,4,2,1,1,1
44693,2,2,2,13,13,0,1,1,1,,,1,2,1,1,1
44694,2,2,2,13,13,0,2,1,1,,,1,2,1,1,1
44695,2,2,2,13,13,0,3,1,1,,,4,2,1,1,1
44696,2,2,2,13,13,1,0,1,1,,,4,2,1,1,1
44697,2,2,2,13,13,1,1,1,1,,,1,2,1,1,1
44698,2,2,2,13,13,1,2,1,1,,,1,2,1,1,1
44699,2,2,2,13,13,1,3,1,1,,,4,2,1,1,1
44700,2,2,2,13,13,2,0,1,1,,,4,2,1,1,1
44701,2,2,2,13,13,2,1,1,1,,,1,2,1,1,1
44702,2,2,2,13,13,2,2,1,1,,,1,2,1,1,1
44703,2,2,2,13,13,2,3,1,1,,,4,2,1,1,1
44704,2,2,2,13,13,3,0,1,1,,,4,2,1,1,1
44705,2,2,2,13,13,3,1,1,1,,,1,2,1,1,1
44706,2,2,2,13,13,3,2,1,1,,,1,2,1,1,1
44707,2,2,2,13,13,3,3,1,1,,,4,2,1,1,1
44708,2,2,2,13,13,4,0,1,1,,,4,2,1,1,1
44709,2,2,2,13,13,4,1,1,1,,,1,2,1,1,1
44710,2,2,2,13,13,4,2,1,1,,,1,2,1,1,1
44711,2,2,2,13,13,4,3,1,1,,,4,2,1,1,1
44712,2,2,2,13,13,5,0,1,1,,,4,2,1,1,1
44713,2,2,2,13,13,5,1,1,1,,,1,2,1,1,1
44714,2,2,2,13,13,5,2,1,1,,,1,2,1,1,1
44715,2,2,2,13,13,5,3,1,1,,,4,2,1,1,1
44716,2,2,2,13,13,6,0,1,1,,,4,2,1,1,1
44717,2,2,2,13,13,6,1,1,1,,,1,2,1,1,1
44718,2,2,2,13,13,6,2,1,1,,,1,2,1,1,1
44719,2,2,2,13,13,6,3,1,1,,,4,2,1,1,1
44720,2,2,2,13,13,7,0,1,1,,,4,2,1,1,1
44721,2,2,2,13,13,7,1,1,1,,,1,2,1,1,1
44722,2,2,2,13,13,7,2,1,1,,,1,2,1,1,1
44723,2,2,2,13,13,7,3,1,1,,,4,2,1,1,1
44724,2,2,2,13,13,8,0,1,1,,,4,2,1,1,1
44725,2,2,2,13,13,8,1,1,1,,,1,2,1,1,1
44726,2,2,2,13,13,8,2,1,1,,,1,2,1,1,1
44727,2,2,2,13,13,8,3,1,1,,,4,2,1,1,1
44728,2,2,2,13,13,9,0,1,1,,,4,2,1,1,1
44729,2,2,2,13,13,9,1,1,1,,,1,2,1,1,1
44730,2,2,2,13,13,9,2,1,1,,,1,2,1,1,1
44731,2,2,2,13,13,9,3,1,1,,,4,2,1,1,1
44732,2,2,2,13,13,10,0,1,1,,,4,2,1,1,1
44733,2,2,2,13,13,10,1,1,1,,,1,2,1,1,1
44734,2,2,2,13,13,10,2,1,1,,,1,2,1,1,1
44735,2,2,2,13,13,10,3,1,1,,,4,2,1,1,1
44736,2,2,2,13,13,11,0,1,1,,,4,2,1,1,1
44737,2,2,2,13,13,11,1,1,1,,,1,2,1,1,1
44738,2,2,2,13,13,11,2,1,1,,,1,2,1,1,1
44739,2,2,2,13,13,11,3,1,1,,,4,2,1,1,1
44740,2,2,2,13,13,12,0,1,1,,,4,2,1,1,1
44741,2,2,2,13,13,12,1,1,1,,,1,2,1,1,1
44742,2,2,2,13,13,12,2,1,1,,,1,2,1,1,1
44743,2,2,2,13,13,12,3,1,1,,,4,2,1,1,1
44744,2,2,2,13,13,13,0,1,1,,,4,2,1,1,1
44745,2,2,2,13,13,13,1,1,1,,,1,2,1,1,1
44746,2,2,2,13,13,13,2,1,1,,,1,2,1,1,1
44747,2,2,2,13,13,13,3,1,1,,,4,2,1,1,1
44748,2,2,2,13,13,14,0,1,1,,,4,2,1,1,1
44749,2,2,2,13,13,14,1,1,1,,,1,2,1,1,1
44750,2,2,2,13,13,14,2,1,1,,,1,2,1,1,1
44751,2,2,2,13,13,14,3,1,1,,,4,2,1,1,1
44752,2,2,2,13,13,15,0,1,1,,,4,2,1,1,1
44753,2,2,2,13,13,15,1,1,1,,,1,2,1,1,1
44754,2,2,2,13,13,15,2,1,1,,,1,2,1,1,1
44755,2,2,2,13,13,15,3,1,1,,,4,2,1,1,1
44756,2,2,2,13,14,0,0,1,1,,,4,4,1,0,1
44757,2,2,2,13,14,0,1,0,0,1,1,0,4,0,0,1
44758,2,2,2,13,14,0,2,0,0,1,1,0,4,0,0,1
44759,2,2,2,13,14,0,3,1,1,,,4,4,1,0,1
44760,2,2,2,13,14,1,0,1,1,,,4,4,1,0,1
44761,2,2,2,13,14,1,1,0,0,1,1,0,4,0,0,1
44762,2,2,2,13,14,1,2,0,0,1,1,0,4,0,0,1
44763,2,2,2,13,14,1,3,1,1,,,4,4,1,0,1
44764,2,2,2,13,14,2,0,1,1,,,4,4,1,0,1
44765,2,2,2,13,14,2,1,0,0,1,1,0,4,0,0,1
44766,2,2,2,13,14,2,2,0,0,1,1,0,4,0,0,1
44767,2,2,2,13,14,2,3,1,1,,,4,4,1,0,1
44768,2,2,2,13,14,3,0,1,1,,,4,4,1,0,1
44769,2,2,2,13,14,3,1,0,0,1,1,0,4,0,0,1
44770,2,2,2,13,14,3,2,0,0,1,1,0,4,0,0,1
44771,2,2,2,13,14,3,3,1,1,,,4,4,1,0,1
44772,2,2,2,13,14,4,0,1,1,,,4,4,1,0,1
44773,2,2,2,13,14,4,1,0,0,1,1,0,4,0,0,1
44774,2,2,2,13,14,4,2,0,0,1,1,0,4,0,0,1
44775,2,2,2,13,14,4,3,1,1,,,4,4,1,0,1
44776,2,2,2,13,14,5,0,1,1,,,4,4,1,0,1
44777,2,2,2,13,14,5,1,0,0,1,1,0,4,0,0,1
44778,2,2,2,13,14,5,2,0,0,1,1,0,4,0,0,1
44779,2,2,2,13,14,5,3,1,1,,,4,4,1,0,1
44780,2,2,2,13,14,6,0,1,1,,,4,4,1,0,1
44781,2,2,2,13,14,6,1,0,0,1,1,0,4,0,0,1
44782,2,2,2,13,14,6,2,0,0,1,1,0,4,0,0,1
44783,2,2,2,13,14,6,3,1,1,,,4,4,1,0,1
44784,2,2,2,13,14,7,0,1,1,,,4,4,1,0,1
44785,2,2,2,13,14,7,1,0,0,1,1,0,4,0,0,1
44786,2,2,2,13,14,7,2,0,0,1,1,0,4,0,0,1
44787,2,2,2,13,14,7,3,1,1,,,4,4,1,0,1
44788,2,2,2,13,14,8,0,1,1,,,4,4,1,0,1
44789,2,2,2,13,14,8,1,0,0,1,1,0,4,0,0,1
44790,2,2,2,13,14,8,2,0,0,1,1,0,4,0,0,1
44791,2,2,2,13,14,8,3,1,1,,,4,4,1,0,1
44792,2,2,2,13,14,9,0,1,1,,,4,4,1,0,1
44793,2,2,2,13,14,9,1,0,0,1,1,0,4,0,0,1
44794,2,2,2,13,14,9,2,0,0,1,1,0,4,0,0,1
44795,2,2,2,13,14,9,3,1,1,,,4,4,1,0,1
44796,2,2,2,13,14,10,0,1,1,,,4,4,1,0,1
44797,2,2,2,13,14,10,1,0,0,1,1,0,4,0,0,1
44798,2,2,2,13,14,10,2,0,0,1,1,0,4,0,0,1
44799,2,2,2,13,14,10,3,1,1,,,4,4,1,0,1
44800,2,2,2,13,14,11,0,1,1,,,4,4,1,0,1
44801,2,2,2,13,14,11,1,0,0,1,1,0,4,0,0,1
44802,2,2,2,13,14,11,2,0,0,1,1,0,4,0,0,1
44803,2,2,2,13,14,11,3,1,1,,,4,4,1,0,1
44804,2,2,2,13,14,12,0,1,1,,,4,4,1,0,1
44805,2,2,2,13,14,12,1,0,0,1,1,0,4,0,0,1
44806,2,2,2,13,14,12,2,0,0,1,1,0,4,0,0,1
44807,2,2,2,13,14,12,3,1,1,,,4,4,1,0,1
44808,2,2,2,13,14,13,0,1,1,,,4,4,1,0,1
44809,2,2,2,13,14,13,1,0,0,1,1,0,4,0,0,1
44810,2,2,2,13,14,13,2,0,0,1,1,0,4,0,0,1
44811,2,2,2,13,14,13,3,1,1,,,4,4,1,0,1
44812,2,2,2,13,14,14,0,1,1,,,4,4,1,0,1
44813,2,2,2,13,14,14,1,0,0,1,1,0,4,0,0,1
44814,2,2,2,13,14,14,2,0,0,1,1,0,4,0,0,1
44815,2,2,2,13,14,14,3,1,1,,,4,4,1,0,1
44816,2,2,2,13,14,15,0,1,1,,,4,4,1,0,1
44817,2,2,2,13,14,15,1,0,0,1,1,0,4,0,0,1
44818,2,2,2,13,14,15,2,0,0,1,1,0,4,0,0,1
44819,2,2,2,13,14,15,3,1,1,,,4,4,1,0,1
44820,2,2,2,13,15,0,0,1,1,,,4,3,1,0,1
44821,2,2,2,13,15,0,1,0,0,1,1,0,3,0,0,1
44822,2,2,2,13,15,0,2,0,0,1,1,0,3,0,0,1
44823,2,2,2,13,15,0,3,1,1,,,4,3,1,0,1
44824,2,2,2,13,15,1,0,1,1,,,4,3,1,0,1
44825,2,2,2,13,15,1,1,0,0,1,1,0,3,0,0,1
44826,2,2,2,13,15,1,2,0,0,1,1,0,3,0,0,1
44827,2,2,2,13,15,1,3,1,1,,,4,3,1,0,1
44828,2,2,2,13,15,2,0,1,1,,,4,3,1,0,1
44829,2,2,2,13,15,2,1,0,0,1,1,0,3,0,0,1
44830,2,2,2,13,15,2,2,0,0,1,1,0,3,0,0,1
44831,2,2,2,13,15,2,3,1,1,,,4,3,1,0,1
44832,2,2,2,13,15,3,0,1,1,,,4,3,1,0,1
44833,2,2,2,13,15,3,1,0,0,1,1,0,3,0,0,1
44834,2,2,2,13,15,3,2,0,0,1,1,0,3,0,0,1
44835,2,2,2,13,15,3,3,1,1,,,4,3,1,0,1
44836,2,2,2,13,15,4,0,1,1,,,4,3,1,0,1
44837,2,2,2,13,15,4,1,0,0,1,1,0,3,0,0,1
44838,2,2,2,13,15,4,2,0,0,1,1,0,3,0,0,1
44839,2,2,2,13,15,4,3,1,1,,,4,3,1,0,1
44840,2,2,2,13,15,5,0,1,1,,,4,3,1,0,1
44841,2,2,2,13,15,5,1,0,0,1,1,0,3,0,0,1
44842,2,2,2,13,15,5,2,0,0,1,1,0,3,0,0,1
44843,2,2,2,13,15,5,3,1,1,,,4,3,1,0,1
44844,2,2,2,13,15,6,0,1,1,,,4,3,1,0,1
44845,2,2,2,13,15,6,1,0,0,1,1,0,3,0,0,1
44846,2,2,2,13,15,6,2,0,0,1,1,0,3,0,0,1
44847,2,2,2,13,15,6,3,1,1,,,4,3,1,0,1
44848,2,2,2,13,15,7,0,1,1,,,4,3,1,0,1
44849,2,2,2,13,15,7,1,0,0,1,1,0,3,0,0,1
44850,2,2,2,13,15,7,2,0,0,1,1,0,3,0,0,1
44851,2,2,2,13,15,7,3,1,1,,,4,3,1,0,1
44852,2,2,2,13,15,8,0,1,1,,,4,3,1,0,1
44853,2,2,2,13,15,8,1,0,0,1,1,0,3,0,0,1
44854,2,2,2,13,15,8,2,0,0,1,1,0,3,0,0,1
44855,2,2,2,13,15,8,3,1,1,,,4,3,1,0,1
44856,2,2,2,13,15,9,0,1,1,,,4,3,1,0,1
44857,2,2,2,13,15,9,1,0,0,1,1,0,3,0,0,1
44858,2,2,2,13,15,9,2,0,0,1,1,0,3,0,0,1
44859,2,2,2,13,15,9,3,1,1,,,4,3,1,0,1
44860,2,2,2,13,15,10,0,1,1,,,4,3,1,0,1
44861,2,2,2,13,15,10,1,0,0,1,1,0,3,0,0,1
44862,2,2,2,13,15,10,2,0,0,1,1,0,3,0,0,1
44863,2,2,2,13,15,10,3,1,1,,,4,3,1,0,1
44864,2,2,2,13,15,11,0,1,1,,,4,3,1,0,1
44865,2,2,2,13,15,11,1,0,0,1,1,0,3,0,0,1
44866,2,2,2,13,15,11,2,0,0,1,1,0,3,0,0,1
44867,2,2,2,13,15,11,3,1,1,,,4,3,1,0,1
44868,2,2,2,13,15,12,0,1,1,,,4,3,1,0,1
44869,2,2,2,13,15,12,1,0,0,1,1,0,3,0,0,1
44870,2,2,2,13,15,12,2,0,0,1,1,0,3,0,0,1
44871,2,2,2,13,15,12,3,1,1,,,4,3,1,0,1
44872,2,2,2,13,15,13,0,1,1,,,4,3,1,0,1
44873,2,2,2,13,15,13,1,0,0,1,1,0,3,0,0,1
44874,2,2,2,13,15,13,2,0,0,1,1,0,3,0,0,1
44875,2,2,2,13,15,13,3,1,1,,,4,3,1,0,1
44876,2,2,2,13,15,14,0,1,1,,,4,3,1,0,1
44877,2,2,2,13,15,14,1,0,0,1,1,0,3,0,0,1
44878,2,2,2,13,15,14,2,0,0,1,1,0,3,0,0,1
44879,2,2,2,13,15,14,3,1,1,,,4,3,1,0,1
44880,2,2,2,13,15,15,0,1,1,,,4,3,1,0,1
44881,2,2,2,13,15,15,1,0,0,1,1,0,3,0,0,1
44882,2,2,2,13,15,15,2,0,0,1,1,0,3,0,0,1
44883,2,2,2,13,15,15,3,1,1,,,4,3,1,0,1
44884,2,2,2,14,0,0,0,1,1,,,4,2,1,1,1
44885,2,2,2,14,0,0,1,1,1,,,1,2,1,1,1
44886,2,2,2,14,0,0,2,1,1,,,1,2,1,1,1
44887,2,2,2,14,0,0,3,1,1,,,4,2,1,1,1
44888,2,2,2,14,0,1,0,1,1,,,4,2,1,1,1
44889,2,2,2,14,0,1,1,1,1,,,1,2,1,1,1
44890,2,2,2,14,0,1,2,1,1,,,1,2,1,1,1
44891,2,2,2,14,0,1,3,1,1,,,4,2,1,1,1
44892,2,2,2,14,0,2,0,1,1,,,4,2,1,1,1
44893,2,2,2,14,0,2,1,1,1,,,1,2,1,1,1
44894,2,2,2,14,0,2,2,1,1,,,1,2,1,1,1
44895,2,2,2,14,0,2,3,1,1,,,4,2,1,1,1
44896,2,2,2,14,0,3,0,1,1,,,4,2,1,1,1
44897,2,2,2,14,0,3,1,1,1,,,1,2,1,1,1
44898,2,2,2,14,0,3,2,1,1,,,1,2,1,1,1
44899,2,2,2,14,0,3,3,1,1,,,4,2,1,1,1
44900,2,2,2,14,0,4,0,1,1,,,4,2,1,1,1
44901,2,2,2,14,0,4,1,1,1,,,1,2,1,1,1
44902,2,2,2,14,0,4,2,1,1,,,1,2,1,1,1
44903,2,2,2,14,0,4,3,1,1,,,4,2,1,1,1
44904,2,2,2,14,0,5,0,1,1,,,4,2,1,1,1
44905,2,2,2,14,0,5,1,1,1,,,1,2,1,1,1
44906,2,2,2,14,0,5,2,1,1,,,1,2,1,1,1
44907,2,2,2,14,0,5,3,1,1,,,4,2,1,1,1
44908,2,2,2,14,0,6,0,1,1,,,4,2,1,1,1
44909,2,2,2,14,0,6,1,1,1,,,1,2,1,1,1
44910,2,2,2,14,0,6,2,1,1,,,1,2,1,1,1
44911,2,2,2,14,0,6,3,1,1,,,4,2,1,1,1
44912,2,2,2,14,0,7,0,1,1,,,4,2,1,1,1
44913,2,2,2,14,0,7,1,1,1,,,1,2,1,1,1
44914,2,2,2,14,0,7,2,1,1,,,1,2,1,1,1
44915,2,2,2,14,0,7,3,1,1,,,4,2,1,1,1
44916,2,2,2,14,0,8,0,1,1,,,4,2,1,1,1
44917,2,2,2,14,0,8,1,1,1,,,1,2,1,1,1
44918,2,2,2,14,0,8,2,1,1,,,1,2,1,1,1
44919,2,2,2,14,0,8,3,1,1,,,4,2,1,1,1
44920,2,2,2,14,0,9,0,1,1,,,4,2,1,1,1
44921,2,2,2,14,0,9,1,1,1,,,1,2,1,1,1
44922,2,2,2,14,0,9,2,1,1,,,1,2,1,1,1
44923,2,2,2,14,0,9,3,1,1,,,4,2,1,1,1
44924,2,2,2,14,0,10,0,1,1,,,4,2,1,1,1
44925,2,2,2,14,0,10,1,1,1,,,1,2,1,1,1
44926,2,2,2,14,0,10,2,1,1,,,1,2,1,1,1
44927,2,2,2,14,0,10,3,1,1,,,4,2,1,1,1
44928,2,2,2,14,0,11,0,1,1,,,4,2,1,1,1
44929,2,2,2,14,0,11,1,1,1,,,1,2,1,1,1
44930,2,2,2,14,0,11,2,1,1,,,1,2,1,1,1
44931,2,2,2,14,0,11,3,1,1,,,4,2,1,1,1
44932,2,2,2,14,0,12,0,1,1,,,4,2,1,1,1
44933,2,2,2,14,0,12,1,1,1,,,1,2,1,1,1
44934,2,2,2,14,0,12,2,1,1,,,1,2,1,1,1
44935,2,2,2,14,0,12,3,1,1,,,4,2,1,1,1
44936,2,2,2,14,0,13,0,1,1,,,4,2,1,1,1
44937,2,2,2,14,0,13,1,1,1,,,1,2,1,1,1
44938,2,2,2,14,0,13,2,1,1,,,1,2,1,1,1
44939,2,2,2,14,0,13,3,1,1,,,4,2,1,1,1
44940,2,2,2,14,0,14,0,1,1,,,4,2,1,1,1
44941,2,2,2,14,0,14,1,1,1,,,1,2,1,1,1
44942,2,2,2,14,0,14,2,1,1,,,1,2,1,1,1
44943,2,2,2,14,0,14,3,1,1,,,4,2,1,1,1
44944,2,2,2,14,0,15,0,1,1,,,4,2,1,1,1
44945,2,2,2,14,0,15,1,1,1,,,1,2,1,1,1
44946,2,2,2,14,0,15,2,1,1,,,1,2,1,1,1
44947,2,2,2,14,0,15,3,1,1,,,4,2,1,1,1
44948,2,2,2,14,1,0,0,1,1,,,4,4,1,0,1
44949,2,2,2,14,1,0,1,0,0,1,1,0,4,0,0,1
44950,2,2,2,14,1,0,2,0,0,1,1,0,4,0,0,1
44951,2,2,2,14,1,0,3,1,1,,,4,4,1,0,1
44952,2,2,2,14,1,1,0,1,1,,,4,4,1,0,1
44953,2,2,2,14,1,1,1,0,0,1,1,0,4,0,0,1
44954,2,2,2,14,1,1,2,0,0,1,1,0,4,0,0,1
44955,2,2,2,14,1,1,3,1,1,,,4,4,1,0,1
44956,2,2,2,14,1,2,0,1,1,,,4,4,1,0,1
44957,2,2,2,14,1,2,1,0,0,1,1,0,4,0,0,1
44958,2,2,2,14,1,2,2,0,0,1,1,0,4,0,0,1
44959,2,2,2,14,1,2,3,1,1,,,4,4,1,0,1
44960,2,2,2,14,1,3,0,1,1,,,4,4,1,0,1
44961,2,2,2,14,1,3,1,0,0,1,1,0,4,0,0,1
44962,2,2,2,14,1,3,2,0,0,1,1,0,4,0,0,1
44963,2,2,2,14,1,3,3,1,1,,,4,4,1,0,1
44964,2,2,2,14,1,4,0,1,1,,,4,4,1,0,1
44965,2,2,2,14,1,4,1,0,0,1,1,0,4,0,0,1
44966,2,2,2,14,1,4,2,0,0,1,1,0,4,0,0,1
44967,2,2,2,14,1,4,3,1,1,,,4,4,1,0,1
44968,2,2,2,14,1,5,0,1,1,,,4,4,1,0,1
44969,2,2,2,14,1,5,1,0,0,1,1,0,4,0,0,1
44970,2,2,2,14,1,5,2,0,0,1,1,0,4,0,0,1
44971,2,2,2,14,1,5,3,1,1,,,4,4,1,0,1
44972,2,2,2,14,1,6,0,1,1,,,4,4,1,0,1
44973,2,2,2,14,1,6,1,0,0,1,1,0,4,0,0,1
44974,2,2,2,14,1,6,2,0,0,1,1,0,4,0,0,1
44975,2,2,2,14,1,6,3,1,1,,,4,4,1,0,1
44976,2,2,2,14,1,7,0,1,1,,,4,4,1,0,1
44977,2,2,2,14,1,7,1,0,0,1,1,0,4,0,0,1
44978,2,2,2,14,1,7,2,0,0,1,1,0,4,0,0,1
44979,2,2,2,14,1,7,3,1,1,,,4,4,1,0,1
44980,2,2,2,14,1,8,0,1,1,,,4,4,1,0,1
44981,2,2,2,14,1,8,1,0,0,1,1,0,4,0,0,1
44982,2,2,2,14,1,8,2,0,0,1,1,0,4,0,0,1
44983,2,2,2,14,1,8,3,1,1,,,4,4,1,0,1
44984,2,2,2,14,1,9,0,1,1,,,4,4,1,0,1
44985,2,2,2,14,1,9,1,0,0,1,1,0,4,0,0,1
44986,2,2,2,14,1,9,2,0,0,1,1,0,4,0,0,1
44987,2,2,2,14,1,9,3,1,1,,,4,4,1,0,1
44988,2,2,2,14,1,10,0,1,1,,,4,4,1,0,1
44989,2,2,2,14,1,10,1,0,0,1,1,0,4,0,0,1
44990,2,2,2,14,1,10,2,0,0,1,1,0,4,0,0,1
44991,2,2,2,14,1,10,3,1,1,,,4,4,1,0,1
44992,2,2,2,14,1,11,0,1,1,,,4,4,1,0,1
44993,2,2,2,14,1,11,1,0,0,1,1,0,4,0,0,1
44994,2,2,2,14,1,11,2,0,0,1,1,0,4,0,0,1
44995,2,2,2,14,1,11,3,1,1,,,4,4,1,0,1
44996,2,2,2,14,1,12,0,1,1,,,4,4,1,0,1
44997,2,2,2,14,1,12,1,0,0,1,1,0,4,0,0,1
44998,2,2,2,14,1,12,2,0,0,1,1,0,4,0,0,1
44999,2,2,2,14,1,12,3,1,1,,,4,4,1,0,1
45000,2,2,2,14,1,13,0,1,1,,,4,4,1,0,1
45001,2,2,2,14,1,13,1,0,0,1,1,0,4,0,0,1
45002,2,2,2,14,1,13,2,0,0,1,1,0,4,0,0,1
45003,2,2,2,14,1,13,3,1,1,,,4,4,1,0,1
45004,2,2,2,14,1,14,0,1,1,,,4,4,1,0,1
45005,2,2,2,14,1,14,1,0,0,1,1,0,4,0,0,1
45006,2,2,2,14,1,14,2,0,0,1,1,0,4,0,0,1
45007,2,2,2,14,1,14,3,1,1,,,4,4,1,0,1
45008,2,2,2,14,1,15,0,1,1,,,4,4,1,0,1
45009,2,2,2,14,1,15,1,0,0,1,1,0,4,0,0,1
45010,2,2,2,14,1,15,2,0,0,1,1,0,4,0,0,1
45011,2,2,2,14,1,15,3,1,1,,,4,4,1,0,1
45012,2,2,2,14,2,0,0,1,1,,,4,3,1,0,1
45013,2,2,2,14,2,0,1,0,0,3,3,0,3,0,0,1
45014,2,2,2,14,2,0,2,0,0,3,3,0,3,0,0,1
45015,2,2,2,14,2,0,3,1,1,,,4,3,1,0,1
45016,2,2,2,14,2,1,0,1,1,,,4,3,1,0,1
45017,2,2,2,14,2,1,1,0,0,3,3,0,3,0,0,1
45018,2,2,2,14,2,1,2,0,0,3,3,0,3,0,0,1
45019,2,2,2,14,2,1,3,1,1,,,4,3,1,0,1
45020,2,2,2,14,2,2,0,1,1,,,4,3,1,0,1
45021,2,2,2,14,2,2,1,0,0,3,3,0,3,0,0,1
45022,2,2,2,14,2,2,2,0,0,3,3,0,3,0,0,1
45023,2,2,2,14,2,2,3,1,1,,,4,3,1,0,1
45024,2,2,2,14,2,3,0,1,1,,,4,3,1,0,1
45025,2,2,2,14,2,3,1,0,0,3,3,0,3,0,0,1
45026,2,2,2,14,2,3,2,0,0,3,3,0,3,0,0,1
45027,2,2,2,14,2,3,3,1,1,,,4,3,1,0,1
45028,2,2,2,14,2,4,0,1,1,,,4,3,1,0,1
45029,2,2,2,14,2,4,1,0,0,3,3,0,3,0,0,1
45030,2,2,2,14,2,4,2,0,0,3,3,0,3,0,0,1
45031,2,2,2,14,2,4,3,1,1,,,4,3,1,0,1
45032,2,2,2,14,2,5,0,1,1,,,4,3,1,0,1
45033,2,2,2,14,2,5,1,0,0,3,3,0,3,0,0,1
45034,2,2,2,14,2,5,2,0,0,3,3,0,3,0,0,1
45035,2,2,2,14,2,5,3,1,1,,,4,3,1,0,1
45036,2,2,2,14,2,6,0,1,1,,,4,3,1,0,1
45037,2,2,2,14,2,6,1,0,0,3,3,0,3,0,0,1
45038,2,2,2,14,2,6,2,0,0,3,3,0,3,0,0,1
45039,2,2,2,14,2,6,3,1,1,,,4,3,1,0,1
45040,2,2,2,14,2,7,0,1,1,,,4,3,1,0,1
45041,2,2,2,14,2,7,1,0,0,3,3,0,3,0,0,1
45042,2,2,2,14,2,7,2,0,0,3,3,0,3,0,0,1
45043,2,2,2,14,2,7,3,1,1,,,4,3,1,0,1
45044,2,2,2,14,2,8,0,1,1,,,4,3,1,0,1
45045,2,2,2,14,2,8,1,0,0,3,3,0,3,0,0,1
45046,2,2,2,14,2,8,2,0,0,3,3,0,3,0,0,1
45047,2,2,2,14,2,8,3,1,1,,,4,3,1,0,1
45048,2,2,2,14,2,9,0,1,1,,,4,3,1,0,1
45049,2,2,2,14,2,9,1,0,0,3,3,0,3,0,0,1
45050,2,2,2,14,2,9,2,0,0,3,3,0,3,0,0,1
45051,2,2,2,14,2,9,3,1,1,,,4,3,1,0,1
45052,2,2,2,14,2,10,0,1,1,,,4,3,1,0,1
45053,2,2,2,14,2,10,1,0,0,3,3,0,3,0,0,1
45054,2,2,2,14,2,10,2,0,0,3,3,0,3,0,0,1
45055,2,2,2,14,2,10,3,1,1,,,4,3,1,0,1
45056,2,2,2,14,2,11,0,1,1,,,4,3,1,0,1
45057,2,2,2,14,2,11,1,0,0,3,3,0,3,0,0,1
45058,2,2,2,14,2,11,2,0,0,3,3,0,3,0,0,1
45059,2,2,2,14,2,11,3,1,1,,,4,3,1,0,1
45060,2,2,2,14,2,12,0,1,1,,,4,3,1,0,1
45061,2,2,2,14,2,12,1,0,0,3,3,0,3,0,0,1
45062,2,2,2,14,2,12,2,0,0,3,3,0,3,0,0,1
45063,2,2,2,14,2,12,3,1,1,,,4,3,1,0,1
45064,2,2,2,14,2,13,0,1,1,,,4,3,1,0,1
45065,2,2,2,14,2,13,1,0,0,3,3,0,3,0,0,1
45066,2,2,2,14,2,13,2,0,0,3,3,0,3,0,0,1
45067,2,2,2,14,2,13,3,1,1,,,4,3,1,0,1
45068,2,2,2,14,2,14,0,1,1,,,4,3,1,0,1
45069,2,2,2,14,2,14,1,0,0,3,3,0,3,0,0,1
45070,2,2,2,14,2,14,2,0,0,3,3,0,3,0,0,1
45071,2,2,2,14,2,14,3,1,1,,,4,3,1,0,1
45072,2,2,2,14,2,15,0,1,1,,,4,3,1,0,1
45073,2,2,2,14,2,15,1,0,0,3,3,0,3,0,0,1
45074,2,2,2,14,2,15,2,0,0,3,3,0,3,0,0,1
45075,2,2,2,14,2,15,3,1,1,,,4,3,1,0,1
45076,2,2,2,14,3,0,0,1,1,,,4,4,1,0,1
45077,2,2,2,14,3,0,1,0,0,1,1,0,4,0,0,1
45078,2,2,2,14,3,0,2,0,0,1,1,0,4,0,0,1
45079,2,2,2,14,3,0,3,1,1,,,4,4,1,0,1
45080,2,2,2,14,3,1,0,1,1,,,4,4,1,0,1
45081,2,2,2,14,3,1,1,0,0,1,1,0,4,0,0,1
45082,2,2,2,14,3,1,2,0,0,1,1,0,4,0,0,1
45083,2,2,2,14,3,1,3,1,1,,,4,4,1,0,1
45084,2,2,2,14,3,2,0,1,1,,,4,4,1,0,1
45085,2,2,2,14,3,2,1,0,0,1,1,0,4,0,0,1
45086,2,2,2,14,3,2,2,0,0,1,1,0,4,0,0,1
45087,2,2,2,14,3,2,3,1,1,,,4,4,1,0,1
45088,2,2,2,14,3,3,0,1,1,,,4,4,1,0,1
45089,2,2,2,14,3,3,1,0,0,1,1,0,4,0,0,1
45090,2,2,2,14,3,3,2,0,0,1,1,0,4,0,0,1
45091,2,2,2,14,3,3,3,1,1,,,4,4,1,0,1
45092,2,2,2,14,3,4,0,1,1,,,4,4,1,0,1
45093,2,2,2,14,3,4,1,0,0,1,1,0,4,0,0,1
45094,2,2,2,14,3,4,2,0,0,1,1,0,4,0,0,1
45095,2,2,2,14,3,4,3,1,1,,,4,4,1,0,1
45096,2,2,2,14,3,5,0,1,1,,,4,4,1,0,1
45097,2,2,2,14,3,5,1,0,0,1,1,0,4,0,0,1
45098,2,2,2,14,3,5,2,0,0,1,1,0,4,0,0,1
45099,2,2,2,14,3,5,3,1,1,,,4,4,1,0,1
45100,2,2,2,14,3,6,0,1,1,,,4,4,1,0,1
45101,2,2,2,14,3,6,1,0,0,1,1,0,4,0,0,1
45102,2,2,2,14,3,6,2,0,0,1,1,0,4,0,0,1
45103,2,2,2,14,3,6,3,1,1,,,4,4,1,0,1
45104,2,2,2,14,3,7,0,1,1,,,4,4,1,0,1
45105,2,2,2,14,3,7,1,0,0,1,1,0,4,0,0,1
45106,2,2,2,14,3,7,2,0,0,1,1,0,4,0,0,1
45107,2,2,2,14,3,7,3,1,1,,,4,4,1,0,1
45108,2,2,2,14,3,8,0,1,1,,,4,4,1,0,1
45109,2,2,2,14,3,8,1,0,0,1,1,0,4,0,0,1
45110,2,2,2,14,3,8,2,0,0,1,1,0,4,0,0,1
45111,2,2,2,14,3,8,3,1,1,,,4,4,1,0,1
45112,2,2,2,14,3,9,0,1,1,,,4,4,1,0,1
45113,2,2,2,14,3,9,1,0,0,1,1,0,4,0,0,1
45114,2,2,2,14,3,9,2,0,0,1,1,0,4,0,0,1
45115,2,2,2,14,3,9,3,1,1,,,4,4,1,0,1
45116,2,2,2,14,3,10,0,1,1,,,4,4,1,0,1
45117,2,2,2,14,3,10,1,0,0,1,1,0,4,0,0,1
45118,2,2,2,14,3,10,2,0,0,1,1,0,4,0,0,1
45119,2,2,2,14,3,10,3,1,1,,,4,4,1,0,1
45120,2,2,2,14,3,11,0,1,1,,,4,4,1,0,1
45121,2,2,2,14,3,11,1,0,0,1,1,0,4,0,0,1
45122,2,2,2,14,3,11,2,0,0,1,1,0,4,0,0,1
45123,2,2,2,14,3,11,3,1,1,,,4,4,1,0,1
45124,2,2,2,14,3,12,0,1,1,,,4,4,1,0,1
45125,2,2,2,14,3,12,1,0,0,1,1,0,4,0,0,1
45126,2,2,2,14,3,12,2,0,0,1,1,0,4,0,0,1
45127,2,2,2,14,3,12,3,1,1,,,4,4,1,0,1
45128,2,2,2,14,3,13,0,1,1,,,4,4,1,0,1
45129,2,2,2,14,3,13,1,0,0,1,1,0,4,0,0,1
45130,2,2,2,14,3,13,2,0,0,1,1,0,4,0,0,1
45131,2,2,2,14,3,13,3,1,1,,,4,4,1,0,1
45132,2,2,2,14,3,14,0,1,1,,,4,4,1,0,1
45133,2,2,2,14,3,14,1,0,0,1,1,0,4,0,0,1
45134,2,2,2,14,3,14,2,0,0,1,1,0,4,0,0,1
45135,2,2,2,14,3,14,3,1,1,,,4,4,1,0,1
45136,2,2,2,14,3,15,0,1,1,,,4,4,1,0,1
45137,2,2,2,14,3,15,1,0,0,1,1,0,4,0,0,1
45138,2,2,2,14,3,15,2,0,0,1,1,0,4,0,0,1
45139,2,2,2,14,3,15,3,1,1,,,4,4,1,0,1
45140,2,2,2,14,4,0,0,1,1,,,4,2,1,1,1
45141,2,2,2,14,4,0,1,1,1,,,1,2,1,1,1
45142,2,2,2,14,4,0,2,1,1,,,1,2,1,1,1
45143,2,2,2,14,4,0,3,1,1,,,4,2,1,1,1
45144,2,2,2,14,4,1,0,1,1,,,4,2,1,1,1
45145,2,2,2,14,4,1,1,1,1,,,1,2,1,1,1
45146,2,2,2,14,4,1,2,1,1,,,1,2,1,1,1
45147,2,2,2,14,4,1,3,1,1,,,4,2,1,1,1
45148,2,2,2,14,4,2,0,1,1,,,4,2,1,1,1
45149,2,2,2,14,4,2,1,1,1,,,1,2,1,1,1
45150,2,2,2,14,4,2,2,1,1,,,1,2,1,1,1
45151,2,2,2,14,4,2,3,1,1,,,4,2,1,1,1
45152,2,2,2,14,4,3,0,1,1,,,4,2,1,1,1
45153,2,2,2,14,4,3,1,1,1,,,1,2,1,1,1
45154,2,2,2,14,4,3,2,1,1,,,1,2,1,1,1
45155,2,2,2,14,4,3,3,1,1,,,4,2,1,1,1
45156,2,2,2,14,4,4,0,1,1,,,4,2,1,1,1
45157,2,2,2,14,4,4,1,1,1,,,1,2,1,1,1
45158,2,2,2,14,4,4,2,1,1,,,1,2,1,1,1
45159,2,2,2,14,4,4,3,1,1,,,4,2,1,1,1
45160,2,2,2,14,4,5,0,1,1,,,4,2,1,1,1
45161,2,2,2,14,4,5,1,1,1,,,1,2,1,1,1
45162,2,2,2,14,4,5,2,1,1,,,1,2,1,1,1
45163,2,2,2,14,4,5,3,1,1,,,4,2,1,1,1
45164,2,2,2,14,4,6,0,1,1,,,4,2,1,1,1
45165,2,2,2,14,4,6,1,1,1,,,1,2,1,1,1
45166,2,2,2,14,4,6,2,1,1,,,1,2,1,1,1
45167,2,2,2,14,4,6,3,1,1,,,4,2,1,1,1
45168,2,2,2,14,4,7,0,1,1,,,4,2,1,1,1
45169,2,2,2,14,4,7,1,1,1,,,1,2,1,1,1
45170,2,2,2,14,4,7,2,1,1,,,1,2,1,1,1
45171,2,2,2,14,4,7,3,1,1,,,4,2,1,1,1
45172,2,2,2,14,4,8,0,1,1,,,4,2,1,1,1
45173,2,2,2,14,4,8,1,1,1,,,1,2,1,1,1
45174,2,2,2,14,4,8,2,1,1,,,1,2,1,1,1
45175,2,2,2,14,4,8,3,1,1,,,4,2,1,1,1
45176,2,2,2,14,4,9,0,1,1,,,4,2,1,1,1
45177,2,2,2,14,4,9,1,1,1,,,1,2,1,1,1
45178,2,2,2,14,4,9,2,1,1,,,1,2,1,1,1
45179,2,2,2,14,4,9,3,1,1,,,4,2,1,1,1
45180,2,2,2,14,4,10,0,1,1,,,4,2,1,1,1
45181,2,2,2,14,4,10,1,1,1,,,1,2,1,1,1
45182,2,2,2,14,4,10,2,1,1,,,1,2,1,1,1
45183,2,2,2,14,4,10,3,1,1,,,4,2,1,1,1
45184,2,2,2,14,4,11,0,1,1,,,4,2,1,1,1
45185,2,2,2,14,4,11,1,1,1,,,1,2,1,1,1
45186,2,2,2,14,4,11,2,1,1,,,1,2,1,1,1
45187,2,2,2,14,4,11,3,1,1,,,4,2,1,1,1
45188,2,2,2,14,4,12,0,1,1,,,4,2,1,1,1
45189,2,2,2,14,4,12,1,1,1,,,1,2,1,1,1
45190,2,2,2,14,4,12,2,1,1,,,1,2,1,1,1
45191,2,2,2,14,4,12,3,1,1,,,4,2,1,1,1
45192,2,2,2,14,4,13,0,1,1,,,4,2,1,1,1
45193,2,2,2,14,4,13,1,1,1,,,1,2,1,1,1
45194,2,2,2,14,4,13,2,1,1,,,1,2,1,1,1
45195,2,2,2,14,4,13,3,1,1,,,4,2,1,1,1
45196,2,2,2,14,4,14,0,1,1,,,4,2,1,1,1
45197,2,2,2,14,4,14,1,1,1,,,1,2,1,1,1
45198,2,2,2,14,4,14,2,1,1,,,1,2,1,1,1
45199,2,2,2,14,4,14,3,1,1,,,4,2,1,1,1
45200,2,2,2,14,4,15,0,1,1,,,4,2,1,1,1
45201,2,2,2,14,4,15,1,1,1,,,1,2,1,1,1
45202,2,2,2,14,4,15,2,1,1,,,1,2,1,1,1
45203,2,2,2,14,4,15,3,1,1,,,4,2,1,1,1
45204,2,2,2,14,5,0,0,1,1,,,4,4,1,0,1
45205,2,2,2,14,5,0,1,0,0,1,1,0,4,0,0,1
45206,2,2,2,14,5,0,2,0,0,1,1,0,4,0,0,1
45207,2,2,2,14,5,0,3,1,1,,,4,4,1,0,1
45208,2,2,2,14,5,1,0,1,1,,,4,4,1,0,1
45209,2,2,2,14,5,1,1,0,0,1,1,0,4,0,0,1
45210,2,2,2,14,5,1,2,0,0,1,1,0,4,0,0,1
45211,2,2,2,14,5,1,3,1,1,,,4,4,1,0,1
45212,2,2,2,14,5,2,0,1,1,,,4,4,1,0,1
45213,2,2,2,14,5,2,1,0,0,1,1,0,4,0,0,1
45214,2,2,2,14,5,2,2,0,0,1,1,0,4,0,0,1
45215,2,2,2,14,5,2,3,1,1,,,4,4,1,0,1
45216,2,2,2,14,5,3,0,1,1,,,4,4,1,0,1
45217,2,2,2,14,5,3,1,0,0,1,1,0,4,0,0,1
45218,2,2,2,14,5,3,2,0,0,1,1,0,4,0,0,1
45219,2,2,2,14,5,3,3,1,1,,,4,4,1,0,1
45220,2,2,2,14,5,4,0,1,1,,,4,4,1,0,1
45221,2,2,2,14,5,4,1,0,0,1,1,0,4,0,0,1
45222,2,2,2,14,5,4,2,0,0,1,1,0,4,0,0,1
45223,2,2,2,14,5,4,3,1,1,,,4,4,1,0,1
45224,2,2,2,14,5,5,0,1,1,,,4,4,1,0,1
45225,2,2,2,14,5,5,1,0,0,1,1,0,4,0,0,1
45226,2,2,2,14,5,5,2,0,0,1,1,0,4,0,0,1
45227,2,2,2,14,5,5,3,1,1,,,4,4,1,0,1
45228,2,2,2,14,5,6,0,1,1,,,4,4,1,0,1
45229,2,2,2,14,5,6,1,0,0,1,1,0,4,0,0,1
45230,2,2,2,14,5,6,2,0,0,1,1,0,4,0,0,1
45231,2,2,2,14,5,6,3,1,1,,,4,4,1,0,1
45232,2,2,2,14,5,7,0,1,1,,,4,4,1,0,1
45233,2,2,2,14,5,7,1,0,0,1,1,0,4,0,0,1
45234,2,2,2,14,5,7,2,0,0,1,1,0,4,0,0,1
45235,2,2,2,14,5,7,3,1,1,,,4,4,1,0,1
45236,2,2,2,14,5,8,0,1,1,,,4,4,1,0,1
45237,2,2,2,14,5,8,1,0,0,1,1,0,4,0,0,1
45238,2,2,2,14,5,8,2,0,0,1,1,0,4,0,0,1
45239,2,2,2,14,5,8,3,1,1,,,4,4,1,0,1
45240,2,2,2,14,5,9,0,1,1,,,4,4,1,0,1
45241,2,2,2,14,5,9,1,0,0,1,1,0,4,0,0,1
45242,2,2,2,14,5,9,2,0,0,1,1,0,4,0,0,1
45243,2,2,2,14,5,9,3,1,1,,,4,4,1,0,1
45244,2,2,2,14,5,10,0,1,1,,,4,4,1,0,1
45245,2,2,2,14,5,10,1,0,0,1,1,0,4,0,0,1
45246,2,2,2,14,5,10,2,0,0,1,1,0,4,0,0,1
45247,2,2,2,14,5,10,3,1,1,,,4,4,1,0,1
45248,2,2,2,14,5,11,0,1,1,,,4,4,1,0,1
45249,2,2,2,14,5,11,1,0,0,1,1,0,4,0,0,1
45250,2,2,2,14,5,11,2,0,0,1,1,0,4,0,0,1
45251,2,2,2,14,5,11,3,1,1,,,4,4,1,0,1
45252,2,2,2,14,5,12,0,1,1,,,4,4,1,0,1
45253,2,2,2,14,5,12,1,0,0,1,1,0,4,0,0,1
45254,2,2,2,14,5,12,2,0,0,1,1,0,4,0,0,1
45255,2,2,2,14,5,12,3,1,1,,,4,4,1,0,1
45256,2,2,2,14,5,13,0,1,1,,,4,4,1,0,1
45257,2,2,2,14,5,13,1,0,0,1,1,0,4,0,0,1
45258,2,2,2,14,5,13,2,0,0,1,1,0,4,0,0,1
45259,2,2,2,14,5,13,3,1,1,,,4,4,1,0,1
45260,2,2,2,14,5,14,0,1,1,,,4,4,1,0,1
45261,2,2,2,14,5,14,1,0,0,1,1,0,4,0,0,1
45262,2,2,2,14,5,14,2,0,0,1,1,0,4,0,0,1
45263,2,2,2,14,5,14,3,1,1,,,4,4,1,0,1
45264,2,2,2,14,5,15,0,1,1,,,4,4,1,0,1
45265,2,2,2,14,5,15,1,0,0,1,1,0,4,0,0,1
45266,2,2,2,14,5,15,2,0,0,1,1,0,4,0,0,1
45267,2,2,2,14,5,15,3,1,1,,,4,4,1,0,1
45268,2,2,2,14,6,0,0,1,1,,,4,3,1,0,1
45269,2,2,2,14,6,0,1,0,0,3,3,0,3,0,0,1
45270,2,2,2,14,6,0,2,0,0,3,3,0,3,0,0,1
45271,2,2,2,14,6,0,3,1,1,,,4,3,1,0,1
45272,2,2,2,14,6,1,0,1,1,,,4,3,1,0,1
45273,2,2,2,14,6,1,1,0,0,3,3,0,3,0,0,1
45274,2,2,2,14,6,1,2,0,0,3,3,0,3,0,0,1
45275,2,2,2,14,6,1,3,1,1,,,4,3,1,0,1
45276,2,2,2,14,6,2,0,1,1,,,4,3,1,0,1
45277,2,2,2,14,6,2,1,0,0,3,3,0,3,0,0,1
45278,2,2,2,14,6,2,2,0,0,3,3,0,3,0,0,1
45279,2,2,2,14,6,2,3,1,1,,,4,3,1,0,1
45280,2,2,2,14,6,3,0,1,1,,,4,3,1,0,1
45281,2,2,2,14,6,3,1,0,0,3,3,0,3,0,0,1
45282,2,2,2,14,6,3,2,0,0,3,3,0,3,0,0,1
45283,2,2,2,14,6,3,3,1,1,,,4,3,1,0,1
45284,2,2,2,14,6,4,0,1,1,,,4,3,1,0,1
45285,2,2,2,14,6,4,1,0,0,3,3,0,3,0,0,1
45286,2,2,2,14,6,4,2,0,0,3,3,0,3,0,0,1
45287,2,2,2,14,6,4,3,1,1,,,4,3,1,0,1
45288,2,2,2,14,6,5,0,1,1,,,4,3,1,0,1
45289,2,2,2,14,6,5,1,0,0,3,3,0,3,0,0,1
45290,2,2,2,14,6,5,2,0,0,3,3,0,3,0,0,1
45291,2,2,2,14,6,5,3,1,1,,,4,3,1,0,1
45292,2,2,2,14,6,6,0,1,1,,,4,3,1,0,1
45293,2,2,2,14,6,6,1,0,0,3,3,0,3,0,0,1
45294,2,2,2,14,6,6,2,0,0,3,3,0,3,0,0,1
45295,2,2,2,14,6,6,3,1,1,,,4,3,1,0,1
45296,2,2,2,14,6,7,0,1,1,,,4,3,1,0,1
45297,2,2,2,14,6,7,1,0,0,3,3,0,3,0,0,1
45298,2,2,2,14,6,7,2,0,0,3,3,0,3,0,0,1
45299,2,2,2,14,6,7,3,1,1,,,4,3,1,0,1
45300,2,2,2,14,6,8,0,1,1,,,4,3,1,0,1
45301,2,2,2,14,6,8,1,0,0,3,3,0,3,0,0,1
45302,2,2,2,14,6,8,2,0,0,3,3,0,3,0,0,1
45303,2,2,2,14,6,8,3,1,1,,,4,3,1,0,1
45304,2,2,2,14,6,9,0,1,1,,,4,3,1,0,1
45305,2,2,2,14,6,9,1,0,0,3,3,0,3,0,0,1
45306,2,2,2,14,6,9,2,0,0,3,3,0,3,0,0,1
45307,2,2,2,14,6,9,3,1,1,,,4,3,1,0,1
45308,2,2,2,14,6,10,0,1,1,,,4,3,1,0,1
45309,2,2,2,14,6,10,1,0,0,3,3,0,3,0,0,1
45310,2,2,2,14,6,10,2,0,0,3,3,0,3,0,0,1
45311,2,2,2,14,6,10,3,1,1,,,4,3,1,0,1
45312,2,2,2,14,6,11,0,1,1,,,4,3,1,0,1
45313,2,2,2,14,6,11,1,0,0,3,3,0,3,0,0,1
45314,2,2,2,14,6,11,2,0,0,3,3,0,3,0,0,1
45315,2,2,2,14,6,11,3,1,1,,,4,3,1,0,1
45316,2,2,2,14,6,12,0,1,1,,,4,3,1,0,1
45317,2,2,2,14,6,12,1,0,0,3,3,0,3,0,0,1
45318,2,2,2,14,6,12,2,0,0,3,3,0,3,0,0,1
45319,2,2,2,14,6,12,3,1,1,,,4,3,1,0,1
45320,2,2,2,14,6,13,0,1,1,,,4,3,1,0,1
45321,2,2,2,14,6,13,1,0,0,3,3,0,3,0,0,1
45322,2,2,2,14,6,13,2,0,0,3,3,0,3,0,0,1
45323,2,2,2,14,6,13,3,1,1,,,4,3,1,0,1
45324,2,2,2,14,6,14,0,1,1,,,4,3,1,0,1
45325,2,2,2,14,6,14,1,0,0,3,3,0,3,0,0,1
45326,2,2,2,14,6,14,2,0,0,3,3,0,3,0,0,1
45327,2,2,2,14,6,14,3,1,1,,,4,3,1,0,1
45328,2,2,2,14,6,15,0,1,1,,,4,3,1,0,1
45329,2,2,2,14,6,15,1,0,0,3,3,0,3,0,0,1
45330,2,2,2,14,6,15,2,0,0,3,3,0,3,0,0,1
45331,2,2,2,14,6,15,3,1,1,,,4,3,1,0,1
45332,2,2,2,14,7,0,0,1,1,,,4,4,1,0,1
45333,2,2,2,14,7,0,1,0,0,1,1,0,4,0,0,1
45334,2,2,2,14,7,0,2,0,0,1,1,0,4,0,0,1
45335,2,2,2,14,7,0,3,1,1,,,4,4,1,0,1
45336,2,2,2,14,7,1,0,1,1,,,4,4,1,0,1
45337,2,2,2,14,7,1,1,0,0,1,1,0,4,0,0,1
45338,2,2,2,14,7,1,2,0,0,1,1,0,4,0,0,1
45339,2,2,2,14,7,1,3,1,1,,,4,4,1,0,1
45340,2,2,2,14,7,2,0,1,1,,,4,4,1,0,1
45341,2,2,2,14,7,2,1,0,0,1,1,0,4,0,0,1
45342,2,2,2,14,7,2,2,0,0,1,1,0,4,0,0,1
45343,2,2,2,14,7,2,3,1,1,,,4,4,1,0,1
45344,2,2,2,14,7,3,0,1,1,,,4,4,1,0,1
45345,2,2,2,14,7,3,1,0,0,1,1,0,4,0,0,1
45346,2,2,2,14,7,3,2,0,0,1,1,0,4,0,0,1
45347,2,2,2,14,7,3,3,1,1,,,4,4,1,0,1
45348,2,2,2,14,7,4,0,1,1,,,4,4,1,0,1
45349,2,2,2,14,7,4,1,0,0,1,1,0,4,0,0,1
45350,2,2,2,14,7,4,2,0,0,1,1,0,4,0,0,1
45351,2,2,2,14,7,4,3,1,1,,,4,4,1,0,1
45352,2,2,2,14,7,5,0,1,1,,,4,4,1,0,1
45353,2,2,2,14,7,5,1,0,0,1,1,0,4,0,0,1
45354,2,2,2,14,7,5,2,0,0,1,1,0,4,0,0,1
45355,2,2,2,14,7,5,3,1,1,,,4,4,1,0,1
45356,2,2,2,14,7,6,0,1,1,,,4,4,1,0,1
45357,2,2,2,14,7,6,1,0,0,1,1,0,4,0,0,1
45358,2,2,2,14,7,6,2,0,0,1,1,0,4,0,0,1
45359,2,2,2,14,7,6,3,1,1,,,4,4,1,0,1
45360,2,2,2,14,7,7,0,1,1,,,4,4,1,0,1
45361,2,2,2,14,7,7,1,0,0,1,1,0,4,0,0,1
45362,2,2,2,14,7,7,2,0,0,1,1,0,4,0,0,1
45363,2,2,2,14,7,7,3,1,1,,,4,4,1,0,1
45364,2,2,2,14,7,8,0,1,1,,,4,4,1,0,1
45365,2,2,2,14,7,8,1,0,0,1,1,0,4,0,0,1
45366,2,2,2,14,7,8,2,0,0,1,1,0,4,0,0,1
45367,2,2,2,14,7,8,3,1,1,,,4,4,1,0,1
45368,2,2,2,14,7,9,0,1,1,,,4,4,1,0,1
45369,2,2,2,14,7,9,1,0,0,1,1,0,4,0,0,1
45370,2,2,2,14,7,9,2,0,0,1,1,0,4,0,0,1
45371,2,2,2,14,7,9,3,1,1,,,4,4,1,0,1
45372,2,2,2,14,7,10,0,1,1,,,4,4,1,0,1
45373,2,2,2,14,7,10,1,0,0,1,1,0,4,0,0,1
45374,2,2,2,14,7,10,2,0,0,1,1,0,4,0,0,1
45375,2,2,2,14,7,10,3,1,1,,,4,4,1,0,1
45376,2,2,2,14,7,11,0,1,1,,,4,4,1,0,1
45377,2,2,2,14,7,11,1,0,0,1,1,0,4,0,0,1
45378,2,2,2,14,7,11,2,0,0,1,1,0,4,0,0,1
45379,2,2,2,14,7,11,3,1,1,,,4,4,1,0,1
45380,2,2,2,14,7,12,0,1,1,,,4,4,1,0,1
45381,2,2,2,14,7,12,1,0,0,1,1,0,4,0,0,1
45382,2,2,2,14,7,12,2,0,0,1,1,0,4,0,0,1
45383,2,2,2,14,7,12,3,1,1,,,4,4,1,0,1
45384,2,2,2,14,7,13,0,1,1,,,4,4,1,0,1
45385,2,2,2,14,7,13,1,0,0,1,1,0,4,0,0,1
45386,2,2,2,14,7,13,2,0,0,1,1,0,4,0,0,1
45387,2,2,2,14,7,13,3,1,1,,,4,4,1,0,1
45388,2,2,2,14,7,14,0,1,1,,,4,4,1,0,1
45389,2,2,2,14,7,14,1,0,0,1,1,0,4,0,0,1
45390,2,2,2,14,7,14,2,0,0,1,1,0,4,0,0,1
45391,2,2,2,14,7,14,3,1,1,,,4,4,1,0,1
45392,2,2,2,14,7,15,0,1,1,,,4,4,1,0,1
45393,2,2,2,14,7,15,1,0,0,1,1,0,4,0,0,1
45394,2,2,2,14,7,15,2,0,0,1,1,0,4,0,0,1
45395,2,2,2,14,7,15,3,1,1,,,4,4,1,0,1
45396,2,2,2,14,8,0,0,1,1,,,4,2,1,1,1
45397,2,2,2,14,8,0,1,1,1,,,1,2,1,1,1
45398,2,2,2,14,8,0,2,1,1,,,1,2,1,1,1
45399,2,2,2,14,8,0,3,1,1,,,4,2,1,1,1
45400,2,2,2,14,8,1,0,1,1,,,4,2,1,1,1
45401,2,2,2,14,8,1,1,1,1,,,1,2,1,1,1
45402,2,2,2,14,8,1,2,1,1,,,1,2,1,1,1
45403,2,2,2,14,8,1,3,1,1,,,4,2,1,1,1
45404,2,2,2,14,8,2,0,1,1,,,4,2,1,1,1
45405,2,2,2,14,8,2,1,1,1,,,1,2,1,1,1
45406,2,2,2,14,8,2,2,1,1,,,1,2,1,1,1
45407,2,2,2,14,8,2,3,1,1,,,4,2,1,1,1
45408,2,2,2,14,8,3,0,1,1,,,4,2,1,1,1
45409,2,2,2,14,8,3,1,1,1,,,1,2,1,1,1
45410,2,2,2,14,8,3,2,1,1,,,1,2,1,1,1
45411,2,2,2,14,8,3,3,1,1,,,4,2,1,1,1
45412,2,2,2,14,8,4,0,1,1,,,4,2,1,1,1
45413,2,2,2,14,8,4,1,1,1,,,1,2,1,1,1
45414,2,2,2,14,8,4,2,1,1,,,1,2,1,1,1
45415,2,2,2,14,8,4,3,1,1,,,4,2,1,1,1
45416,2,2,2,14,8,5,0,1,1,,,4,2,1,1,1
45417,2,2,2,14,8,5,1,1,1,,,1,2,1,1,1
45418,2,2,2,14,8,5,2,1,1,,,1,2,1,1,1
45419,2,2,2,14,8,5,3,1,1,,,4,2,1,1,1
45420,2,2,2,14,8,6,0,1,1,,,4,2,1,1,1
45421,2,2,2,14,8,6,1,1,1,,,1,2,1,1,1
45422,2,2,2,14,8,6,2,1,1,,,1,2,1,1,1
45423,2,2,2,14,8,6,3,1,1,,,4,2,1,1,1
45424,2,2,2,14,8,7,0,1,1,,,4,2,1,1,1
45425,2,2,2,14,8,7,1,1,1,,,1,2,1,1,1
45426,2,2,2,14,8,7,2,1,1,,,1,2,1,1,1
45427,2,2,2,14,8,7,3,1,1,,,4,2,1,1,1
45428,2,2,2,14,8,8,0,1,1,,,4,2,1,1,1
45429,2,2,2,14,8,8,1,1,1,,,1,2,1,1,1
45430,2,2,2,14,8,8,2,1,1,,,1,2,1,1,1
45431,2,2,2,14,8,8,3,1,1,,,4,2,1,1,1
45432,2,2,2,14,8,9,0,1,1,,,4,2,1,1,1
45433,2,2,2,14,8,9,1,1,1,,,1,2,1,1,1
45434,2,2,2,14,8,9,2,1,1,,,1,2,1,1,1
45435,2,2,2,14,8,9,3,1,1,,,4,2,1,1,1
45436,2,2,2,14,8,10,0,1,1,,,4,2,1,1,1
45437,2,2,2,14,8,10,1,1,1,,,1,2,1,1,1
45438,2,2,2,14,8,10,2,1,1,,,1,2,1,1,1
45439,2,2,2,14,8,10,3,1,1,,,4,2,1,1,1
45440,2,2,2,14,8,11,0,1,1,,,4,2,1,1,1
45441,2,2,2,14,8,11,1,1,1,,,1,2,1,1,1
45442,2,2,2,14,8,11,2,1,1,,,1,2,1,1,1
45443,2,2,2,14,8,11,3,1,1,,,4,2,1,1,1
45444,2,2,2,14,8,12,0,1,1,,,4,2,1,1,1
45445,2,2,2,14,8,12,1,1,1,,,1,2,1,1,1
45446,2,2,2,14,8,12,2,1,1,,,1,2,1,1,1
45447,2,2,2,14,8,12,3,1,1,,,4,2,1,1,1
45448,2,2,2,14,8,13,0,1,1,,,4,2,1,1,1
45449,2,2,2,14,8,13,1,1,1,,,1,2,1,1,1
45450,2,2,2,14,8,13,2,1,1,,,1,2,1,1,1
45451,2,2,2,14,8,13,3,1,1,,,4,2,1,1,1
45452,2,2,2,14,8,14,0,1,1,,,4,2,1,1,1
45453,2,2,2,14,8,14,1,1,1,,,1,2,1,1,1
45454,2,2,2,14,8,14,2,1,1,,,1,2,1,1,1
45455,2,2,2,14,8,14,3,1,1,,,4,2,1,1,1
45456,2,2,2,14,8,15,0,1,1,,,4,2,1,1,1
45457,2,2,2,14,8,15,1,1,1,,,1,2,1,1,1
45458,2,2,2,14,8,15,2,1,1,,,1,2,1,1,1
45459,2,2,2,14,8,15,3,1,1,,,4,2,1,1,1
45460,2,2,2,14,9,0,0,1,1,,,4,4,1,0,1
45461,2,2,2,14,9,0,1,0,0,1,1,0,4,0,0,1
45462,2,2,2,14,9,0,2,0,0,1,1,0,4,0,0,1
45463,2,2,2,14,9,0,3,1,1,,,4,4,1,0,1
45464,2,2,2,14,9,1,0,1,1,,,4,4,1,0,1
45465,2,2,2,14,9,1,1,0,0,1,1,0,4,0,0,1
45466,2,2,2,14,9,1,2,0,0,1,1,0,4,0,0,1
45467,2,2,2,14,9,1,3,1,1,,,4,4,1,0,1
45468,2,2,2,14,9,2,0,1,1,,,4,4,1,0,1
45469,2,2,2,14,9,2,1,0,0,1,1,0,4,0,0,1
45470,2,2,2,14,9,2,2,0,0,1,1,0,4,0,0,1
45471,2,2,2,14,9,2,3,1,1,,,4,4,1,0,1
45472,2,2,2,14,9,3,0,1,1,,,4,4,1,0,1
45473,2,2,2,14,9,3,1,0,0,1,1,0,4,0,0,1
45474,2,2,2,14,9,3,2,0,0,1,1,0,4,0,0,1
45475,2,2,2,14,9,3,3,1,1,,,4,4,1,0,1
45476,2,2,2,14,9,4,0,1,1,,,4,4,1,0,1
45477,2,2,2,14,9,4,1,0,0,1,1,0,4,0,0,1
45478,2,2,2,14,9,4,2,0,0,1,1,0,4,0,0,1
45479,2,2,2,14,9,4,3,1,1,,,4,4,1,0,1
45480,2,2,2,14,9,5,0,1,1,,,4,4,1,0,1
45481,2,2,2,14,9,5,1,0,0,1,1,0,4,0,0,1
45482,2,2,2,14,9,5,2,0,0,1,1,0,4,0,0,1
45483,2,2,2,14,9,5,3,1,1,,,4,4,1,0,1
45484,2,2,2,14,9,6,0,1,1,,,4,4,1,0,1
45485,2,2,2,14,9,6,1,0,0,1,1,0,4,0,0,1
45486,2,2,2,14,9,6,2,0,0,1,1,0,4,0,0,1
45487,2,2,2,14,9,6,3,1,1,,,4,4,1,0,1
45488,2,2,2,14,9,7,0,1,1,,,4,4,1,0,1
45489,2,2,2,14,9,7,1,0,0,1,1,0,4,0,0,1
45490,2,2,2,14,9,7,2,0,0,1,1,0,4,0,0,1
45491,2,2,2,14,9,7,3,1,1,,,4,4,1,0,1
45492,2,2,2,14,9,8,0,1,1,,,4,4,1,0,1
45493,2,2,2,14,9,8,1,0,0,1,1,0,4,0,0,1
45494,2,2,2,14,9,8,2,0,0,1,1,0,4,0,0,1
45495,2,2,2,14,9,8,3,1,1,,,4,4,1,0,1
45496,2,2,2,14,9,9,0,1,1,,,4,4,1,0,1
45497,2,2,2,14,9,9,1,0,0,1,1,0,4,0,0,1
45498,2,2,2,14,9,9,2,0,0,1,1,0,4,0,0,1
45499,2,2,2,14,9,9,3,1,1,,,4,4,1,0,1
45500,2,2,2,14,9,10,0,1,1,,,4,4,1,0,1
45501,2,2,2,14,9,10,1,0,0,1,1,0,4,0,0,1
45502,2,2,2,14,9,10,2,0,0,1,1,0,4,0,0,1
45503,2,2,2,14,9,10,3,1,1,,,4,4,1,0,1
45504,2,2,2,14,9,11,0,1,1,,,4,4,1,0,1
45505,2,2,2,14,9,11,1,0,0,1,1,0,4,0,0,1
45506,2,2,2,14,9,11,2,0,0,1,1,0,4,0,0,1
45507,2,2,2,14,9,11,3,1,1,,,4,4,1,0,1
45508,2,2,2,14,9,12,0,1,1,,,4,4,1,0,1
45509,2,2,2,14,9,12,1,0,0,1,1,0,4,0,0,1
45510,2,2,2,14,9,12,2,0,0,1,1,0,4,0,0,1
45511,2,2,2,14,9,12,3,1,1,,,4,4,1,0,1
45512,2,2,2,14,9,13,0,1,1,,,4,4,1,0,1
45513,2,2,2,14,9,13,1,0,0,1,1,0,4,0,0,1
45514,2,2,2,14,9,13,2,0,0,1,1,0,4,0,0,1
45515,2,2,2,14,9,13,3,1,1,,,4,4,1,0,1
45516,2,2,2,14,9,14,0,1,1,,,4,4,1,0,1
45517,2,2,2,14,9,14,1,0,0,1,1,0,4,0,0,1
45518,2,2,2,14,9,14,2,0,0,1,1,0,4,0,0,1
45519,2,2,2,14,9,14,3,1,1,,,4,4,1,0,1
45520,2,2,2,14,9,15,0,1,1,,,4,4,1,0,1
45521,2,2,2,14,9,15,1,0,0,1,1,0,4,0,0,1
45522,2,2,2,14,9,15,2,0,0,1,1,0,4,0,0,1
45523,2,2,2,14,9,15,3,1,1,,,4,4,1,0,1
45524,2,2,2,14,10,0,0,1,1,,,4,3,1,0,1
45525,2,2,2,14,10,0,1,0,0,3,3,0,3,0,0,1
45526,2,2,2,14,10,0,2,0,0,3,3,0,3,0,0,1
45527,2,2,2,14,10,0,3,1,1,,,4,3,1,0,1
45528,2,2,2,14,10,1,0,1,1,,,4,3,1,0,1
45529,2,2,2,14,10,1,1,0,0,3,3,0,3,0,0,1
45530,2,2,2,14,10,1,2,0,0,3,3,0,3,0,0,1
45531,2,2,2,14,10,1,3,1,1,,,4,3,1,0,1
45532,2,2,2,14,10,2,0,1,1,,,4,3,1,0,1
45533,2,2,2,14,10,2,1,0,0,3,3,0,3,0,0,1
45534,2,2,2,14,10,2,2,0,0,3,3,0,3,0,0,1
45535,2,2,2,14,10,2,3,1,1,,,4,3,1,0,1
45536,2,2,2,14,10,3,0,1,1,,,4,3,1,0,1
45537,2,2,2,14,10,3,1,0,0,3,3,0,3,0,0,1
45538,2,2,2,14,10,3,2,0,0,3,3,0,3,0,0,1
45539,2,2,2,14,10,3,3,1,1,,,4,3,1,0,1
45540,2,2,2,14,10,4,0,1,1,,,4,3,1,0,1
45541,2,2,2,14,10,4,1,0,0,3,3,0,3,0,0,1
45542,2,2,2,14,10,4,2,0,0,3,3,0,3,0,0,1
45543,2,2,2,14,10,4,3,1,1,,,4,3,1,0,1
45544,2,2,2,14,10,5,0,1,1,,,4,3,1,0,1
45545,2,2,2,14,10,5,1,0,0,3,3,0,3,0,0,1
45546,2,2,2,14,10,5,2,0,0,3,3,0,3,0,0,1
45547,2,2,2,14,10,5,3,1,1,,,4,3,1,0,1
45548,2,2,2,14,10,6,0,1,1,,,4,3,1,0,1
45549,2,2,2,14,10,6,1,0,0,3,3,0,3,0,0,1
45550,2,2,2,14,10,6,2,0,0,3,3,0,3,0,0,1
45551,2,2,2,14,10,6,3,1,1,,,4,3,1,0,1
45552,2,2,2,14,10,7,0,1,1,,,4,3,1,0,1
45553,2,2,2,14,10,7,1,0,0,3,3,0,3,0,0,1
45554,2,2,2,14,10,7,2,0,0,3,3,0,3,0,0,1
45555,2,2,2,14,10,7,3,1,1,,,4,3,1,0,1
45556,2,2,2,14,10,8,0,1,1,,,4,3,1,0,1
45557,2,2,2,14,10,8,1,0,0,3,3,0,3,0,0,1
45558,2,2,2,14,10,8,2,0,0,3,3,0,3,0,0,1
45559,2,2,2,14,10,8,3,1,1,,,4,3,1,0,1
45560,2,2,2,14,10,9,0,1,1,,,4,3,1,0,1
45561,2,2,2,14,10,9,1,0,0,3,3,0,3,0,0,1
45562,2,2,2,14,10,9,2,0,0,3,3,0,3,0,0,1
45563,2,2,2,14,10,9,3,1,1,,,4,3,1,0,1
45564,2,2,2,14,10,10,0,1,1,,,4,3,1,0,1
45565,2,2,2,14,10,10,1,0,0,3,3,0,3,0,0,1
45566,2,2,2,14,10,10,2,0,0,3,3,0,3,0,0,1
45567,2,2,2,14,10,10,3,1,1,,,4,3,1,0,1
45568,2,2,2,14,10,11,0,1,1,,,4,3,1,0,1
45569,2,2,2,14,10,11,1,0,0,3,3,0,3,0,0,1
45570,2,2,2,14,10,11,2,0,0,3,3,0,3,0,0,1
45571,2,2,2,14,10,11,3,1,1,,,4,3,1,0,1
45572,2,2,2,14,10,12,0,1,1,,,4,3,1,0,1
45573,2,2,2,14,10,12,1,0,0,3,3,0,3,0,0,1
45574,2,2,2,14,10,12,2,0,0,3,3,0,3,0,0,1
45575,2,2,2,14,10,12,3,1,1,,,4,3,1,0,1
45576,2,2,2,14,10,13,0,1,1,,,4,3,1,0,1
45577,2,2,2,14,10,13,1,0,0,3,3,0,3,0,0,1
45578,2,2,2,14,10,13,2,0,0,3,3,0,3,0,0,1
45579,2,2,2,14,10,13,3,1,1,,,4,3,1,0,1
45580,2,2,2,14,10,14,0,1,1,,,4,3,1,0,1
45581,2,2,2,14,10,14,1,0,0,3,3,0,3,0,0,1
45582,2,2,2,14,10,14,2,0,0,3,3,0,3,0,0,1
45583,2,2,2,14,10,14,3,1,1,,,4,3,1,0,1
45584,2,2,2,14,10,15,0,1,1,,,4,3,1,0,1
45585,2,2,2,14,10,15,1,0,0,3,3,0,3,0,0,1
45586,2,2,2,14,10,15,2,0,0,3,3,0,3,0,0,1
45587,2,2,2,14,10,15,3,1,1,,,4,3,1,0,1
45588,2,2,2,14,11,0,0,1,1,,,4,4,1,0,1
45589,2,2,2,14,11,0,1,0,0,1,1,0,4,0,0,1
45590,2,2,2,14,11,0,2,0,0,1,1,0,4,0,0,1
45591,2,2,2,14,11,0,3,1,1,,,4,4,1,0,1
45592,2,2,2,14,11,1,0,1,1,,,4,4,1,0,1
45593,2,2,2,14,11,1,1,0,0,1,1,0,4,0,0,1
45594,2,2,2,14,11,1,2,0,0,1,1,0,4,0,0,1
45595,2,2,2,14,11,1,3,1,1,,,4,4,1,0,1
45596,2,2,2,14,11,2,0,1,1,,,4,4,1,0,1
45597,2,2,2,14,11,2,1,0,0,1,1,0,4,0,0,1
45598,2,2,2,14,11,2,2,0,0,1,1,0,4,0,0,1
45599,2,2,2,14,11,2,3,1,1,,,4,4,1,0,1
45600,2,2,2,14,11,3,0,1,1,,,4,4,1,0,1
45601,2,2,2,14,11,3,1,0,0,1,1,0,4,0,0,1
45602,2,2,2,14,11,3,2,0,0,1,1,0,4,0,0,1
45603,2,2,2,14,11,3,3,1,1,,,4,4,1,0,1
45604,2,2,2,14,11,4,0,1,1,,,4,4,1,0,1
45605,2,2,2,14,11,4,1,0,0,1,1,0,4,0,0,1
45606,2,2,2,14,11,4,2,0,0,1,1,0,4,0,0,1
45607,2,2,2,14,11,4,3,1,1,,,4,4,1,0,1
45608,2,2,2,14,11,5,0,1,1,,,4,4,1,0,1
45609,2,2,2,14,11,5,1,0,0,1,1,0,4,0,0,1
45610,2,2,2,14,11,5,2,0,0,1,1,0,4,0,0,1
45611,2,2,2,14,11,5,3,1,1,,,4,4,1,0,1
45612,2,2,2,14,11,6,0,1,1,,,4,4,1,0,1
45613,2,2,2,14,11,6,1,0,0,1,1,0,4,0,0,1
45614,2,2,2,14,11,6,2,0,0,1,1,0,4,0,0,1
45615,2,2,2,14,11,6,3,1,1,,,4,4,1,0,1
45616,2,2,2,14,11,7,0,1,1,,,4,4,1,0,1
45617,2,2,2,14,11,7,1,0,0,1,1,0,4,0,0,1
45618,2,2,2,14,11,7,2,0,0,1,1,0,4,0,0,1
45619,2,2,2,14,11,7,3,1,1,,,4,4,1,0,1
45620,2,2,2,14,11,8,0,1,1,,,4,4,1,0,1
45621,2,2,2,14,11,8,1,0,0,1,1,0,4,0,0,1
45622,2,2,2,14,11,8,2,0,0,1,1,0,4,0,0,1
45623,2,2,2,14,11,8,3,1,1,,,4,4,1,0,1
45624,2,2,2,14,11,9,0,1,1,,,4,4,1,0,1
45625,2,2,2,14,11,9,1,0,0,1,1,0,4,0,0,1
45626,2,2,2,14,11,9,2,0,0,1,1,0,4,0,0,1
45627,2,2,2,14,11,9,3,1,1,,,4,4,1,0,1
45628,2,2,2,14,11,10,0,1,1,,,4,4,1,0,1
45629,2,2,2,14,11,10,1,0,0,1,1,0,4,0,0,1
45630,2,2,2,14,11,10,2,0,0,1,1,0,4,0,0,1
45631,2,2,2,14,11,10,3,1,1,,,4,4,1,0,1
45632,2,2,2,14,11,11,0,1,1,,,4,4,1,0,1
45633,2,2,2,14,11,11,1,0,0,1,1,0,4,0,0,1
45634,2,2,2,14,11,11,2,0,0,1,1,0,4,0,0,1
45635,2,2,2,14,11,11,3,1,1,,,4,4,1,0,1
45636,2,2,2,14,11,12,0,1,1,,,4,4,1,0,1
45637,2,2,2,14,11,12,1,0,0,1,1,0,4,0,0,1
45638,2,2,2,14,11,12,2,0,0,1,1,0,4,0,0,1
45639,2,2,2,14,11,12,3,1,1,,,4,4,1,0,1
45640,2,2,2,14,11,13,0,1,1,,,4,4,1,0,1
45641,2,2,2,14,11,13,1,0,0,1,1,0,4,0,0,1
45642,2,2,2,14,11,13,2,0,0,1,1,0,4,0,0,1
45643,2,2,2,14,11,13,3,1,1,,,4,4,1,0,1
45644,2,2,2,14,11,14,0,1,1,,,4,4,1,0,1
45645,2,2,2,14,11,14,1,0,0,1,1,0,4,0,0,1
45646,2,2,2,14,11,14,2,0,0,1,1,0,4,0,0,1
45647,2,2,2,14,11,14,3,1,1,,,4,4,1,0,1
45648,2,2,2,14,11,15,0,1,1,,,4,4,1,0,1
45649,2,2,2,14,11,15,1,0,0,1,1,0,4,0,0,1
45650,2,2,2,14,11,15,2,0,0,1,1,0,4,0,0,1
45651,2,2,2,14,11,15,3,1,1,,,4,4,1,0,1
45652,2,2,2,14,12,0,0,1,1,,,4,2,1,1,1
45653,2,2,2,14,12,0,1,1,1,,,1,2,1,1,1
45654,2,2,2,14,12,0,2,1,1,,,1,2,1,1,1
45655,2,2,2,14,12,0,3,1,1,,,4,2,1,1,1
45656,2,2,2,14,12,1,0,1,1,,,4,2,1,1,1
45657,2,2,2,14,12,1,1,1,1,,,1,2,1,1,1
45658,2,2,2,14,12,1,2,1,1,,,1,2,1,1,1
45659,2,2,2,14,12,1,3,1,1,,,4,2,1,1,1
45660,2,2,2,14,12,2,0,1,1,,,4,2,1,1,1
45661,2,2,2,14,12,2,1,1,1,,,1,2,1,1,1
45662,2,2,2,14,12,2,2,1,1,,,1,2,1,1,1
45663,2,2,2,14,12,2,3,1,1,,,4,2,1,1,1
45664,2,2,2,14,12,3,0,1,1,,,4,2,1,1,1
45665,2,2,2,14,12,3,1,1,1,,,1,2,1,1,1
45666,2,2,2,14,12,3,2,1,1,,,1,2,1,1,1
45667,2,2,2,14,12,3,3,1,1,,,4,2,1,1,1
45668,2,2,2,14,12,4,0,1,1,,,4,2,1,1,1
45669,2,2,2,14,12,4,1,1,1,,,1,2,1,1,1
45670,2,2,2,14,12,4,2,1,1,,,1,2,1,1,1
45671,2,2,2,14,12,4,3,1,1,,,4,2,1,1,1
45672,2,2,2,14,12,5,0,1,1,,,4,2,1,1,1
45673,2,2,2,14,12,5,1,1,1,,,1,2,1,1,1
45674,2,2,2,14,12,5,2,1,1,,,1,2,1,1,1
45675,2,2,2,14,12,5,3,1,1,,,4,2,1,1,1
45676,2,2,2,14,12,6,0,1,1,,,4,2,1,1,1
45677,2,2,2,14,12,6,1,1,1,,,1,2,1,1,1
45678,2,2,2,14,12,6,2,1,1,,,1,2,1,1,1
45679,2,2,2,14,12,6,3,1,1,,,4,2,1,1,1
45680,2,2,2,14,12,7,0,1,1,,,4,2,1,1,1
45681,2,2,2,14,12,7,1,1,1,,,1,2,1,1,1
45682,2,2,2,14,12,7,2,1,1,,,1,2,1,1,1
45683,2,2,2,14,12,7,3,1,1,,,4,2,1,1,1
45684,2,2,2,14,12,8,0,1,1,,,4,2,1,1,1
45685,2,2,2,14,12,8,1,1,1,,,1,2,1,1,1
45686,2,2,2,14,12,8,2,1,1,,,1,2,1,1,1
45687,2,2,2,14,12,8,3,1,1,,,4,2,1,1,1
45688,2,2,2,14,12,9,0,1,1,,,4,2,1,1,1
45689,2,2,2,14,12,9,1,1,1,,,1,2,1,1,1
45690,2,2,2,14,12,9,2,1,1,,,1,2,1,1,1
45691,2,2,2,14,12,9,3,1,1,,,4,2,1,1,1
45692,2,2,2,14,12,10,0,1,1,,,4,2,1,1,1
45693,2,2,2,14,12,10,1,1,1,,,1,2,1,1,1
45694,2,2,2,14,12,10,2,1,1,,,1,2,1,1,1
45695,2,2,2,14,12,10,3,1,1,,,4,2,1,1,1
45696,2,2,2,14,12,11,0,1,1,,,4,2,1,1,1
45697,2,2,2,14,12,11,1,1,1,,,1,2,1,1,1
45698,2,2,2,14,12,11,2,1,1,,,1,2,1,1,1
45699,2,2,2,14,12,11,3,1,1,,,4,2,1,1,1
45700,2,2,2,14,12,12,0,1,1,,,4,2,1,1,1
45701,2,2,2,14,12,12,1,1,1,,,1,2,1,1,1
45702,2,2,2,14,12,12,2,1,1,,,1,2,1,1,1
45703,2,2,2,14,12,12,3,1,1,,,4,2,1,1,1
45704,2,2,2,14,12,13,0,1,1,,,4,2,1,1,1
45705,2,2,2,14,12,13,1,1,1,,,1,2,1,1,1
45706,2,2,2,14,12,13,2,1,1,,,1,2,1,1,1
45707,2,2,2,14,12,13,3,1,1,,,4,2,1,1,1
45708,2,2,2,14,12,14,0,1,1,,,4,2,1,1,1
45709,2,2,2,14,12,14,1,1,1,,,1,2,1,1,1
45710,2,2,2,14,12,14,2,1,1,,,1,2,1,1,1
45711,2,2,2,14,12,14,3,1,1,,,4,2,1,1,1
45712,2,2,2,14,12,15,0,1,1,,,4,2,1,1,1
45713,2,2,2,14,12,15,1,1,1,,,1,2,1,1,1
45714,2,2,2,14,12,15,2,1,1,,,1,2,1,1,1
45715,2,2,2,14,12,15,3,1,1,,,4,2,1,1,1
45716,2,2,2,14,13,0,0,1,1,,,4,4,1,0,1
45717,2,2,2,14,13,0,1,0,0,1,1,0,4,0,0,1
45718,2,2,2,14,13,0,2,0,0,1,1,0,4,0,0,1
45719,2,2,2,14,13,0,3,1,1,,,4,4,1,0,1
45720,2,2,2,14,13,1,0,1,1,,,4,4,1,0,1
45721,2,2,2,14,13,1,1,0,0,1,1,0,4,0,0,1
45722,2,2,2,14,13,1,2,0,0,1,1,0,4,0,0,1
45723,2,2,2,14,13,1,3,1,1,,,4,4,1,0,1
45724,2,2,2,14,13,2,0,1,1,,,4,4,1,0,1
45725,2,2,2,14,13,2,1,0,0,1,1,0,4,0,0,1
45726,2,2,2,14,13,2,2,0,0,1,1,0,4,0,0,1
45727,2,2,2,14,13,2,3,1,1,,,4,4,1,0,1
45728,2,2,2,14,13,3,0,1,1,,,4,4,1,0,1
45729,2,2,2,14,13,3,1,0,0,1,1,0,4,0,0,1
45730,2,2,2,14,13,3,2,0,0,1,1,0,4,0,0,1
45731,2,2,2,14,13,3,3,1,1,,,4,4,1,0,1
45732,2,2,2,14,13,4,0,1,1,,,4,4,1,0,1
45733,2,2,2,14,13,4,1,0,0,1,1,0,4,0,0,1
45734,2,2,2,14,13,4,2,0,0,1,1,0,4,0,0,1
45735,2,2,2,14,13,4,3,1,1,,,4,4,1,0,1
45736,2,2,2,14,13,5,0,1,1,,,4,4,1,0,1
45737,2,2,2,14,13,5,1,0,0,1,1,0,4,0,0,1
45738,2,2,2,14,13,5,2,0,0,1,1,0,4,0,0,1
45739,2,2,2,14,13,5,3,1,1,,,4,4,1,0,1
45740,2,2,2,14,13,6,0,1,1,,,4,4,1,0,1
45741,2,2,2,14,13,6,1,0,0,1,1,0,4,0,0,1
45742,2,2,2,14,13,6,2,0,0,1,1,0,4,0,0,1
45743,2,2,2,14,13,6,3,1,1,,,4,4,1,0,1
45744,2,2,2,14,13,7,0,1,1,,,4,4,1,0,1
45745,2,2,2,14,13,7,1,0,0,1,1,0,4,0,0,1
45746,2,2,2,14,13,7,2,0,0,1,1,0,4,0,0,1
45747,2,2,2,14,13,7,3,1,1,,,4,4,1,0,1
45748,2,2,2,14,13,8,0,1,1,,,4,4,1,0,1
45749,2,2,2,14,13,8,1,0,0,1,1,0,4,0,0,1
45750,2,2,2,14,13,8,2,0,0,1,1,0,4,0,0,1
45751,2,2,2,14,13,8,3,1,1,,,4,4,1,0,1
45752,2,2,2,14,13,9,0,1,1,,,4,4,1,0,1
45753,2,2,2,14,13,9,1,0,0,1,1,0,4,0,0,1
45754,2,2,2,14,13,9,2,0,0,1,1,0,4,0,0,1
45755,2,2,2,14,13,9,3,1,1,,,4,4,1,0,1
45756,2,2,2,14,13,10,0,1,1,,,4,4,1,0,1
45757,2,2,2,14,13,10,1,0,0,1,1,0,4,0,0,1
45758,2,2,2,14,13,10,2,0,0,1,1,0,4,0,0,1
45759,2,2,2,14,13,10,3,1,1,,,4,4,1,0,1
45760,2,2,2,14,13,11,0,1,1,,,4,4,1,0,1
45761,2,2,2,14,13,11,1,0,0,1,1,0,4,0,0,1
45762,2,2,2,14,13,11,2,0,0,1,1,0,4,0,0,1
45763,2,2,2,14,13,11,3,1,1,,,4,4,1,0,1
45764,2,2,2,14,13,12,0,1,1,,,4,4,1,0,1
45765,2,2,2,14,13,12,1,0,0,1,1,0,4,0,0,1
45766,2,2,2,14,13,12,2,0,0,1,1,0,4,0,0,1
45767,2,2,2,14,13,12,3,1,1,,,4,4,1,0,1
45768,2,2,2,14,13,13,0,1,1,,,4,4,1,0,1
45769,2,2,2,14,13,13,1,0,0,1,1,0,4,0,0,1
45770,2,2,2,14,13,13,2,0,0,1,1,0,4,0,0,1
45771,2,2,2,14,13,13,3,1,1,,,4,4,1,0,1
45772,2,2,2,14,13,14,0,1,1,,,4,4,1,0,1
45773,2,2,2,14,13,14,1,0,0,1,1,0,4,0,0,1
45774,2,2,2,14,13,14,2,0,0,1,1,0,4,0,0,1
45775,2,2,2,14,13,14,3,1,1,,,4,4,1,0,1
45776,2,2,2,14,13,15,0,1,1,,,4,4,1,0,1
45777,2,2,2,14,13,15,1,0,0,1,1,0,4,0,0,1
45778,2,2,2,14,13,15,2,0,0,1,1,0,4,0,0,1
45779,2,2,2,14,13,15,3,1,1,,,4,4,1,0,1
45780,2,2,2,14,14,0,0,1,1,,,4,2,1,1,1
45781,2,2,2,14,14,0,1,1,1,,,1,2,1,1,1
45782,2,2,2,14,14,0,2,1,1,,,1,2,1,1,1
45783,2,2,2,14,14,0,3,1,1,,,4,2,1,1,1
45784,2,2,2,14,14,1,0,1,1,,,4,2,1,1,1
45785,2,2,2,14,14,1,1,1,1,,,1,2,1,1,1
45786,2,2,2,14,14,1,2,1,1,,,1,2,1,1,1
45787,2,2,2,14,14,1,3,1,1,,,4,2,1,1,1
45788,2,2,2,14,14,2,0,1,1,,,4,2,1,1,1
45789,2,2,2,14,14,2,1,1,1,,,1,2,1,1,1
45790,2,2,2,14,14,2,2,1,1,,,1,2,1,1,1
45791,2,2,2,14,14,2,3,1,1,,,4,2,1,1,1
45792,2,2,2,14,14,3,0,1,1,,,4,2,1,1,1
45793,2,2,2,14,14,3,1,1,1,,,1,2,1,1,1
45794,2,2,2,14,14,3,2,1,1,,,1,2,1,1,1
45795,2,2,2,14,14,3,3,1,1,,,4,2,1,1,1
45796,2,2,2,14,14,4,0,1,1,,,4,2,1,1,1
45797,2,2,2,14,14,4,1,1,1,,,1,2,1,1,1
45798,2,2,2,14,14,4,2,1,1,,,1,2,1,1,1
45799,2,2,2,14,14,4,3,1,1,,,4,2,1,1,1
45800,2,2,2,14,14,5,0,1,1,,,4,2,1,1,1
45801,2,2,2,14,14,5,1,1,1,,,1,2,1,1,1
45802,2,2,2,14,14,5,2,1,1,,,1,2,1,1,1
45803,2,2,2,14,14,5,3,1,1,,,4,2,1,1,1
45804,2,2,2,14,14,6,0,1,1,,,4,2,1,1,1
45805,2,2,2,14,14,6,1,1,1,,,1,2,1,1,1
45806,2,2,2,14,14,6,2,1,1,,,1,2,1,1,1
45807,2,2,2,14,14,6,3,1,1,,,4,2,1,1,1
45808,2,2,2,14,14,7,0,1,1,,,4,2,1,1,1
45809,2,2,2,14,14,7,1,1,1,,,1,2,1,1,1
45810,2,2,2,14,14,7,2,1,1,,,1,2,1,1,1
45811,2,2,2,14,14,7,3,1,1,,,4,2,1,1,1
45812,2,2,2,14,14,8,0,1,1,,,4,2,1,1,1
45813,2,2,2,14,14,8,1,1,1,,,1,2,1,1,1
45814,2,2,2,14,14,8,2,1,1,,,1,2,1,1,1
45815,2,2,2,14,14,8,3,1,1,,,4,2,1,1,1
45816,2,2,2,14,14,9,0,1,1,,,4,2,1,1,1
45817,2,2,2,14,14,9,1,1,1,,,1,2,1,1,1
45818,2,2,2,14,14,9,2,1,1,,,1,2,1,1,1
45819,2,2,2,14,14,9,3,1,1,,,4,2,1,1,1
45820,2,2,2,14,14,10,0,1,1,,,4,2,1,1,1
45821,2,2,2,14,14,10,1,1,1,,,1,2,1,1,1
45822,2,2,2,14,14,10,2,1,1,,,1,2,1,1,1
45823,2,2,2,14,14,10,3,1,1,,,4,2,1,1,1
45824,2,2,2,14,14,11,0,1,1,,,4,2,1,1,1
45825,2,2,2,14,14,11,1,1,1,,,1,2,1,1,1
45826,2,2,2,14,14,11,2,1,1,,,1,2,1,1,1
45827,2,2,2,14,14,11,3,1,1,,,4,2,1,1,1
45828,2,2,2,14,14,12,0,1,1,,,4,2,1,1,1
45829,2,2,2,14,14,12,1,1,1,,,1,2,1,1,1
45830,2,2,2,14,14,12,2,1,1,,,1,2,1,1,1
45831,2,2,2,14,14,12,3,1,1,,,4,2,1,1,1
45832,2,2,2,14,14,13,0,1,1,,,4,2,1,1,1
45833,2,2,2,14,14,13,1,1,1,,,1,2,1,1,1
45834,2,2,2,14,14,13,2,1,1,,,1,2,1,1,1
45835,2,2,2,14,14,13,3,1,1,,,4,2,1,1,1
45836,2,2,2,14,14,14,0,1,1,,,4,2,1,1,1
45837,2,2,2,14,14,14,1,1,1,,,1,2,1,1,1
45838,2,2,2,14,14,14,2,1,1,,,1,2,1,1,1
45839,2,2,2,14,14,14,3,1,1,,,4,2,1,1,1
45840,2,2,2,14,14,15,0,1,1,,,4,2,1,1,1
45841,2,2,2,14,14,15,1,1,1,,,1,2,1,1,1
45842,2,2,2,14,14,15,2,1,1,,,1,2,1,1,1
45843,2,2,2,14,14,15,3,1,1,,,4,2,1,1,1
45844,2,2,2,14,15,0,0,1,1,,,4,3,1,0,1
45845,2,2,2,14,15,0,1,0,0,1,1,0,3,0,0,1
45846,2,2,2,14,15,0,2,0,0,1,1,0,3,0,0,1
45847,2,2,2,14,15,0,3,1,1,,,4,3,1,0,1
45848,2,2,2,14,15,1,0,1,1,,,4,3,1,0,1
45849,2,2,2,14,15,1,1,0,0,1,1,0,3,0,0,1
45850,2,2,2,14,15,1,2,0,0,1,1,0,3,0,0,1
45851,2,2,2,14,15,1,3,1,1,,,4,3,1,0,1
45852,2,2,2,14,15,2,0,1,1,,,4,3,1,0,1
45853,2,2,2,14,15,2,1,0,0,1,1,0,3,0,0,1
45854,2,2,2,14,15,2,2,0,0,1,1,0,3,0,0,1
45855,2,2,2,14,15,2,3,1,1,,,4,3,1,0,1
45856,2,2,2,14,15,3,0,1,1,,,4,3,1,0,1
45857,2,2,2,14,15,3,1,0,0,1,1,0,3,0,0,1
45858,2,2,2,14,15,3,2,0,0,1,1,0,3,0,0,1
45859,2,2,2,14,15,3,3,1,1,,,4,3,1,0,1
45860,2,2,2,14,15,4,0,1,1,,,4,3,1,0,1
45861,2,2,2,14,15,4,1,0,0,1,1,0,3,0,0,1
45862,2,2,2,14,15,4,2,0,0,1,1,0,3,0,0,1
45863,2,2,2,14,15,4,3,1,1,,,4,3,1,0,1
45864,2,2,2,14,15,5,0,1,1,,,4,3,1,0,1
45865,2,2,2,14,15,5,1,0,0,1,1,0,3,0,0,1
45866,2,2,2,14,15,5,2,0,0,1,1,0,3,0,0,1
45867,2,2,2,14,15,5,3,1,1,,,4,3,1,0,1
45868,2,2,2,14,15,6,0,1,1,,,4,3,1,0,1
45869,2,2,2,14,15,6,1,0,0,1,1,0,3,0,0,1
45870,2,2,2,14,15,6,2,0,0,1,1,0,3,0,0,1
45871,2,2,2,14,15,6,3,1,1,,,4,3,1,0,1
45872,2,2,2,14,15,7,0,1,1,,,4,3,1,0,1
45873,2,2,2,14,15,7,1,0,0,1,1,0,3,0,0,1
45874,2,2,2,14,15,7,2,0,0,1,1,0,3,0,0,1
45875,2,2,2,14,15,7,3,1,1,,,4,3,1,0,1
45876,2,2,2,14,15,8,0,1,1,,,4,3,1,0,1
45877,2,2,2,14,15,8,1,0,0,1,1,0,3,0,0,1
45878,2,2,2,14,15,8,2,0,0,1,1,0,3,0,0,1
45879,2,2,2,14,15,8,3,1,1,,,4,3,1,0,1
45880,2,2,2,14,15,9,0,1,1,,,4,3,1,0,1
45881,2,2,2,14,15,9,1,0,0,1,1,0,3,0,0,1
45882,2,2,2,14,15,9,2,0,0,1,1,0,3,0,0,1
45883,2,2,2,14,15,9,3,1,1,,,4,3,1,0,1
45884,2,2,2,14,15,10,0,1,1,,,4,3,1,0,1
45885,2,2,2,14,15,10,1,0,0,1,1,0,3,0,0,1
45886,2,2,2,14,15,10,2,0,0,1,1,0,3,0,0,1
45887,2,2,2,14,15,10,3,1,1,,,4,3,1,0,1
45888,2,2,2,14,15,11,0,1,1,,,4,3,1,0,1
45889,2,2,2,14,15,11,1,0,0,1,1,0,3,0,0,1
45890,2,2,2,14,15,11,2,0,0,1,1,0,3,0,0,1
45891,2,2,2,14,15,11,3,1,1,,,4,3,1,0,1
45892,2,2,2,14,15,12,0,1,1,,,4,3,1,0,1
45893,2,2,2,14,15,12,1,0,0,1,1,0,3,0,0,1
45894,2,2,2,14,15,12,2,0,0,1,1,0,3,0,0,1
45895,2,2,2,14,15,12,3,1,1,,,4,3,1,0,1
45896,2,2,2,14,15,13,0,1,1,,,4,3,1,0,1
45897,2,2,2,14,15,13,1,0,0,1,1,0,3,0,0,1
45898,2,2,2,14,15,13,2,0,0,1,1,0,3,0,0,1
45899,2,2,2,14,15,13,3,1,1,,,4,3,1,0,1
45900,2,2,2,14,15,14,0,1,1,,,4,3,1,0,1
45901,2,2,2,14,15,14,1,0,0,1,1,0,3,0,0,1
45902,2,2,2,14,15,14,2,0,0,1,1,0,3,0,0,1
45903,2,2,2,14,15,14,3,1,1,,,4,3,1,0,1
45904,2,2,2,14,15,15,0,1,1,,,4,3,1,0,1
45905,2,2,2,14,15,15,1,0,0,1,1,0,3,0,0,1
45906,2,2,2,14,15,15,2,0,0,1,1,0,3,0,0,1
45907,2,2,2,14,15,15,3,1,1,,,4,3,1,0,1
45908,2,2,2,15,0,0,0,1,1,,,4,2,1,1,1
45909,2,2,2,15,0,0,1,1,1,,,1,2,1,1,1
45910,2,2,2,15,0,0,2,1,1,,,1,2,1,1,1
45911,2,2,2,15,0,0,3,1,1,,,4,2,1,1,1
45912,2,2,2,15,0,1,0,1,1,,,4,2,1,1,1
45913,2,2,2,15,0,1,1,1,1,,,1,2,1,1,1
45914,2,2,2,15,0,1,2,1,1,,,1,2,1,1,1
45915,2,2,2,15,0,1,3,1,1,,,4,2,1,1,1
45916,2,2,2,15,0,2,0,1,1,,,4,2,1,1,1
45917,2,2,2,15,0,2,1,1,1,,,1,2,1,1,1
45918,2,2,2,15,0,2,2,1,1,,,1,2,1,1,1
45919,2,2,2,15,0,2,3,1,1,,,4,2,1,1,1
45920,2,2,2,15,0,3,0,1,1,,,4,2,1,1,1
45921,2,2,2,15,0,3,1,1,1,,,1,2,1,1,1
45922,2,2,2,15,0,3,2,1,1,,,1,2,1,1,1
45923,2,2,2,15,0,3,3,1,1,,,4,2,1,1,1
45924,2,2,2,15,0,4,0,1,1,,,4,2,1,1,1
45925,2,2,2,15,0,4,1,1,1,,,1,2,1,1,1
45926,2,2,2,15,0,4,2,1,1,,,1,2,1,1,1
45927,2,2,2,15,0,4,3,1,1,,,4,2,1,1,1
45928,2,2,2,15,0,5,0,1,1,,,4,2,1,1,1
45929,2,2,2,15,0,5,1,1,1,,,1,2,1,1,1
45930,2,2,2,15,0,5,2,1,1,,,1,2,1,1,1
45931,2,2,2,15,0,5,3,1,1,,,4,2,1,1,1
45932,2,2,2,15,0,6,0,1,1,,,4,2,1,1,1
45933,2,2,2,15,0,6,1,1,1,,,1,2,1,1,1
45934,2,2,2,15,0,6,2,1,1,,,1,2,1,1,1
45935,2,2,2,15,0,6,3,1,1,,,4,2,1,1,1
45936,2,2,2,15,0,7,0,1,1,,,4,2,1,1,1
45937,2,2,2,15,0,7,1,1,1,,,1,2,1,1,1
45938,2,2,2,15,0,7,2,1,1,,,1,2,1,1,1
45939,2,2,2,15,0,7,3,1,1,,,4,2,1,1,1
45940,2,2,2,15,0,8,0,1,1,,,4,2,1,1,1
45941,2,2,2,15,0,8,1,1,1,,,1,2,1,1,1
45942,2,2,2,15,0,8,2,1,1,,,1,2,1,1,1
45943,2,2,2,15,0,8,3,1,1,,,4,2,1,1,1
45944,2,2,2,15,0,9,0,1,1,,,4,2,1,1,1
45945,2,2,2,15,0,9,1,1,1,,,1,2,1,1,1
45946,2,2,2,15,0,9,2,1,1,,,1,2,1,1,1
45947,2,2,2,15,0,9,3,1,1,,,4,2,1,1,1
45948,2,2,2,15,0,10,0,1,1,,,4,2,1,1,1
45949,2,2,2,15,0,10,1,1,1,,,1,2,1,1,1
45950,2,2,2,15,0,10,2,1,1,,,1,2,1,1,1
45951,2,2,2,15,0,10,3,1,1,,,4,2,1,1,1
45952,2,2,2,15,0,11,0,1,1,,,4,2,1,1,1
45953,2,2,2,15,0,11,1,1,1,,,1,2,1,1,1
45954,2,2,2,15,0,11,2,1,1,,,1,2,1,1,1
45955,2,2,2,15,0,11,3,1,1,,,4,2,1,1,1
45956,2,2,2,15,0,12,0,1,1,,,4,2,1,1,1
45957,2,2,2,15,0,12,1,1,1,,,1,2,1,1,1
45958,2,2,2,15,0,12,2,1,1,,,1,2,1,1,1
45959,2,2,2,15,0,12,3,1,1,,,4,2,1,1,1
45960,2,2,2,15,0,13,0,1,1,,,4,2,1,1,1
45961,2,2,2,15,0,13,1,1,1,,,1,2,1,1,1
45962,2,2,2,15,0,13,2,1,1,,,1,2,1,1,1
45963,2,2,2,15,0,13,3,1,1,,,4,2,1,1,1
45964,2,2,2,15,0,14,0,1,1,,,4,2,1,1,1
45965,2,2,2,15,0,14,1,1,1,,,1,2,1,1,1
45966,2,2,2,15,0,14,2,1,1,,,1,2,1,1,1
45967,2,2,2,15,0,14,3,1,1,,,4,2,1,1,1
45968,2,2,2,15,0,15,0,1,1,,,4,2,1,1,1
45969,2,2,2,15,0,15,1,1,1,,,1,2,1,1,1
45970,2,2,2,15,0,15,2,1,1,,,1,2,1,1,1
45971,2,2,2,15,0,15,3,1,1,,,4,2,1,1,1
45972,2,2,2,15,1,0,0,1,1,,,4,3,1,0,1
45973,2,2,2,15,1,0,1,0,0,2,2,0,3,0,0,1
45974,2,2,2,15,1,0,2,0,0,2,2,0,3,0,0,1
45975,2,2,2,15,1,0,3,1,1,,,4,3,1,0,1
45976,2,2,2,15,1,1,0,1,1,,,4,3,1,0,1
45977,2,2,2,15,1,1,1,0,0,2,2,0,3,0,0,1
45978,2,2,2,15,1,1,2,0,0,2,2,0,3,0,0,1
45979,2,2,2,15,1,1,3,1,1,,,4,3,1,0,1
45980,2,2,2,15,1,2,0,1,1,,,4,3,1,0,1
45981,2,2,2,15,1,2,1,0,0,2,2,0,3,0,0,1
45982,2,2,2,15,1,2,2,0,0,2,2,0,3,0,0,1
45983,2,2,2,15,1,2,3,1,1,,,4,3,1,0,1
45984,2,2,2,15,1,3,0,1,1,,,4,3,1,0,1
45985,2,2,2,15,1,3,1,0,0,2,2,0,3,0,0,1
45986,2,2,2,15,1,3,2,0,0,2,2,0,3,0,0,1
45987,2,2,2,15,1,3,3,1,1,,,4,3,1,0,1
45988,2,2,2,15,1,4,0,1,1,,,4,3,1,0,1
45989,2,2,2,15,1,4,1,0,0,2,2,0,3,0,0,1
45990,2,2,2,15,1,4,2,0,0,2,2,0,3,0,0,1
45991,2,2,2,15,1,4,3,1,1,,,4,3,1,0,1
45992,2,2,2,15,1,5,0,1,1,,,4,3,1,0,1
45993,2,2,2,15,1,5,1,0,0,2,2,0,3,0,0,1
45994,2,2,2,15,1,5,2,0,0,2,2,0,3,0,0,1
45995,2,2,2,15,1,5,3,1,1,,,4,3,1,0,1
45996,2,2,2,15,1,6,0,1,1,,,4,3,1,0,1
45997,2,2,2,15,1,6,1,0,0,2,2,0,3,0,0,1
45998,2,2,2,15,1,6,2,0,0,2,2,0,3,0,0,1
45999,2,2,2,15,1,6,3,1,1,,,4,3,1,0,1
46000,2,2,2,15,1,7,0,1,1,,,4,3,1,0,1
46001,2,2,2,15,1,7,1,0,0,2,2,0,3,0,0,1
46002,2,2,2,15,1,7,2,0,0,2,2,0,3,0,0,1
46003,2,2,2,15,1,7,3,1,1,,,4,3,1,0,1
46004,2,2,2,15,1,8,0,1,1,,,4,3,1,0,1
46005,2,2,2,15,1,8,1,0,0,2,2,0,3,0,0,1
46006,2,2,2,15,1,8,2,0,0,2,2,0,3,0,0,1
46007,2,2,2,15,1,8,3,1,1,,,4,3,1,0,1
46008,2,2,2,15,1,9,0,1,1,,,4,3,1,0,1
46009,2,2,2,15,1,9,1,0,0,2,2,0,3,0,0,1
46010,2,2,2,15,1,9,2,0,0,2,2,0,3,0,0,1
46011,2,2,2,15,1,9,3,1,1,,,4,3,1,0,1
46012,2,2,2,15,1,10,0,1,1,,,4,3,1,0,1
46013,2,2,2,15,1,10,1,0,0,2,2,0,3,0,0,1
46014,2,2,2,15,1,10,2,0,0,2,2,0,3,0,0,1
46015,2,2,2,15,1,10,3,1,1,,,4,3,1,0,1
46016,2,2,2,15,1,11,0,1,1,,,4,3,1,0,1
46017,2,2,2,15,1,11,1,0,0,2,2,0,3,0,0,1
46018,2,2,2,15,1,11,2,0,0,2,2,0,3,0,0,1
46019,2,2,2,15,1,11,3,1,1,,,4,3,1,0,1
46020,2,2,2,15,1,12,0,1,1,,,4,3,1,0,1
46021,2,2,2,15,1,12,1,0,0,2,2,0,3,0,0,1
46022,2,2,2,15,1,12,2,0,0,2,2,0,3,0,0,1
46023,2,2,2,15,1,12,3,1,1,,,4,3,1,0,1
46024,2,2,2,15,1,13,0,1,1,,,4,3,1,0,1
46025,2,2,2,15,1,13,1,0,0,2,2,0,3,0,0,1
46026,2,2,2,15,1,13,2,0,0,2,2,0,3,0,0,1
46027,2,2,2,15,1,13,3,1,1,,,4,3,1,0,1
46028,2,2,2,15,1,14,0,1,1,,,4,3,1,0,1
46029,2,2,2,15,1,14,1,0,0,2,2,0,3,0,0,1
46030,2,2,2,15,1,14,2,0,0,2,2,0,3,0,0,1
46031,2,2,2,15,1,14,3,1,1,,,4,3,1,0,1
46032,2,2,2,15,1,15,0,1,1,,,4,3,1,0,1
46033,2,2,2,15,1,15,1,0,0,2,2,0,3,0,0,1
46034,2,2,2,15,1,15,2,0,0,2,2,0,3,0,0,1
46035,2,2,2,15,1,15,3,1,1,,,4,3,1,0,1
46036,2,2,2,15,2,0,0,1,1,,,4,3,1,0,1
46037,2,2,2,15,2,0,1,0,0,2,2,0,3,0,0,1
46038,2,2,2,15,2,0,2,0,0,2,2,0,3,0,0,1
46039,2,2,2,15,2,0,3,1,1,,,4,3,1,0,1
46040,2,2,2,15,2,1,0,1,1,,,4,3,1,0,1
46041,2,2,2,15,2,1,1,0,0,2,2,0,3,0,0,1
46042,2,2,2,15,2,1,2,0,0,2,2,0,3,0,0,1
46043,2,2,2,15,2,1,3,1,1,,,4,3,1,0,1
46044,2,2,2,15,2,2,0,1,1,,,4,3,1,0,1
46045,2,2,2,15,2,2,1,0,0,2,2,0,3,0,0,1
46046,2,2,2,15,2,2,2,0,0,2,2,0,3,0,0,1
46047,2,2,2,15,2,2,3,1,1,,,4,3,1,0,1
46048,2,2,2,15,2,3,0,1,1,,,4,3,1,0,1
46049,2,2,2,15,2,3,1,0,0,2,2,0,3,0,0,1
46050,2,2,2,15,2,3,2,0,0,2,2,0,3,0,0,1
46051,2,2,2,15,2,3,3,1,1,,,4,3,1,0,1
46052,2,2,2,15,2,4,0,1,1,,,4,3,1,0,1
46053,2,2,2,15,2,4,1,0,0,2,2,0,3,0,0,1
46054,2,2,2,15,2,4,2,0,0,2,2,0,3,0,0,1
46055,2,2,2,15,2,4,3,1,1,,,4,3,1,0,1
46056,2,2,2,15,2,5,0,1,1,,,4,3,1,0,1
46057,2,2,2,15,2,5,1,0,0,2,2,0,3,0,0,1
46058,2,2,2,15,2,5,2,0,0,2,2,0,3,0,0,1
46059,2,2,2,15,2,5,3,1,1,,,4,3,1,0,1
46060,2,2,2,15,2,6,0,1,1,,,4,3,1,0,1
46061,2,2,2,15,2,6,1,0,0,2,2,0,3,0,0,1
46062,2,2,2,15,2,6,2,0,0,2,2,0,3,0,0,1
46063,2,2,2,15,2,6,3,1,1,,,4,3,1,0,1
46064,2,2,2,15,2,7,0,1,1,,,4,3,1,0,1
46065,2,2,2,15,2,7,1,0,0,2,2,0,3,0,0,1
46066,2,2,2,15,2,7,2,0,0,2,2,0,3,0,0,1
46067,2,2,2,15,2,7,3,1,1,,,4,3,1,0,1
46068,2,2,2,15,2,8,0,1,1,,,4,3,1,0,1
46069,2,2,2,15,2,8,1,0,0,2,2,0,3,0,0,1
46070,2,2,2,15,2,8,2,0,0,2,2,0,3,0,0,1
46071,2,2,2,15,2,8,3,1,1,,,4,3,1,0,1
46072,2,2,2,15,2,9,0,1,1,,,4,3,1,0,1
46073,2,2,2,15,2,9,1,0,0,2,2,0,3,0,0,1
46074,2,2,2,15,2,9,2,0,0,2,2,0,3,0,0,1
46075,2,2,2,15,2,9,3,1,1,,,4,3,1,0,1
46076,2,2,2,15,2,10,0,1,1,,,4,3,1,0,1
46077,2,2,2,15,2,10,1,0,0,2,2,0,3,0,0,1
46078,2,2,2,15,2,10,2,0,0,2,2,0,3,0,0,1
46079,2,2,2,15,2,10,3,1,1,,,4,3,1,0,1
46080,2,2,2,15,2,11,0,1,1,,,4,3,1,0,1
46081,2,2,2,15,2,11,1,0,0,2,2,0,3,0,0,1
46082,2,2,2,15,2,11,2,0,0,2,2,0,3,0,0,1
46083,2,2,2,15,2,11,3,1,1,,,4,3,1,0,1
46084,2,2,2,15,2,12,0,1,1,,,4,3,1,0,1
46085,2,2,2,15,2,12,1,0,0,2,2,0,3,0,0,1
46086,2,2,2,15,2,12,2,0,0,2,2,0,3,0,0,1
46087,2,2,2,15,2,12,3,1,1,,,4,3,1,0,1
46088,2,2,2,15,2,13,0,1,1,,,4,3,1,0,1
46089,2,2,2,15,2,13,1,0,0,2,2,0,3,0,0,1
46090,2,2,2,15,2,13,2,0,0,2,2,0,3,0,0,1
46091,2,2,2,15,2,13,3,1,1,,,4,3,1,0,1
46092,2,2,2,15,2,14,0,1,1,,,4,3,1,0,1
46093,2,2,2,15,2,14,1,0,0,2,2,0,3,0,0,1
46094,2,2,2,15,2,14,2,0,0,2,2,0,3,0,0,1
46095,2,2,2,15,2,14,3,1,1,,,4,3,1,0,1
46096,2,2,2,15,2,15,0,1,1,,,4,3,1,0,1
46097,2,2,2,15,2,15,1,0,0,2,2,0,3,0,0,1
46098,2,2,2,15,2,15,2,0,0,2,2,0,3,0,0,1
46099,2,2,2,15,2,15,3,1,1,,,4,3,1,0,1
46100,2,2,2,15,3,0,0,1,1,,,4,3,1,0,1
46101,2,2,2,15,3,0,1,0,0,3,3,0,3,0,0,1
46102,2,2,2,15,3,0,2,0,0,3,3,0,3,0,0,1
46103,2,2,2,15,3,0,3,1,1,,,4,3,1,0,1
46104,2,2,2,15,3,1,0,1,1,,,4,3,1,0,1
46105,2,2,2,15,3,1,1,0,0,3,3,0,3,0,0,1
46106,2,2,2,15,3,1,2,0,0,3,3,0,3,0,0,1
46107,2,2,2,15,3,1,3,1,1,,,4,3,1,0,1
46108,2,2,2,15,3,2,0,1,1,,,4,3,1,0,1
46109,2,2,2,15,3,2,1,0,0,3,3,0,3,0,0,1
46110,2,2,2,15,3,2,2,0,0,3,3,0,3,0,0,1
46111,2,2,2,15,3,2,3,1,1,,,4,3,1,0,1
46112,2,2,2,15,3,3,0,1,1,,,4,3,1,0,1
46113,2,2,2,15,3,3,1,0,0,3,3,0,3,0,0,1
46114,2,2,2,15,3,3,2,0,0,3,3,0,3,0,0,1
46115,2,2,2,15,3,3,3,1,1,,,4,3,1,0,1
46116,2,2,2,15,3,4,0,1,1,,,4,3,1,0,1
46117,2,2,2,15,3,4,1,0,0,3,3,0,3,0,0,1
46118,2,2,2,15,3,4,2,0,0,3,3,0,3,0,0,1
46119,2,2,2,15,3,4,3,1,1,,,4,3,1,0,1
46120,2,2,2,15,3,5,0,1,1,,,4,3,1,0,1
46121,2,2,2,15,3,5,1,0,0,3,3,0,3,0,0,1
46122,2,2,2,15,3,5,2,0,0,3,3,0,3,0,0,1
46123,2,2,2,15,3,5,3,1,1,,,4,3,1,0,1
46124,2,2,2,15,3,6,0,1,1,,,4,3,1,0,1
46125,2,2,2,15,3,6,1,0,0,3,3,0,3,0,0,1
46126,2,2,2,15,3,6,2,0,0,3,3,0,3,0,0,1
46127,2,2,2,15,3,6,3,1,1,,,4,3,1,0,1
46128,2,2,2,15,3,7,0,1,1,,,4,3,1,0,1
46129,2,2,2,15,3,7,1,0,0,3,3,0,3,0,0,1
46130,2,2,2,15,3,7,2,0,0,3,3,0,3,0,0,1
46131,2,2,2,15,3,7,3,1,1,,,4,3,1,0,1
46132,2,2,2,15,3,8,0,1,1,,,4,3,1,0,1
46133,2,2,2,15,3,8,1,0,0,3,3,0,3,0,0,1
46134,2,2,2,15,3,8,2,0,0,3,3,0,3,0,0,1
46135,2,2,2,15,3,8,3,1,1,,,4,3,1,0,1
46136,2,2,2,15,3,9,0,1,1,,,4,3,1,0,1
46137,2,2,2,15,3,9,1,0,0,3,3,0,3,0,0,1
46138,2,2,2,15,3,9,2,0,0,3,3,0,3,0,0,1
46139,2,2,2,15,3,9,3,1,1,,,4,3,1,0,1
46140,2,2,2,15,3,10,0,1,1,,,4,3,1,0,1
46141,2,2,2,15,3,10,1,0,0,3,3,0,3,0,0,1
46142,2,2,2,15,3,10,2,0,0,3,3,0,3,0,0,1
46143,2,2,2,15,3,10,3,1,1,,,4,3,1,0,1
46144,2,2,2,15,3,11,0,1,1,,,4,3,1,0,1
46145,2,2,2,15,3,11,1,0,0,3,3,0,3,0,0,1
46146,2,2,2,15,3,11,2,0,0,3,3,0,3,0,0,1
46147,2,2,2,15,3,11,3,1,1,,,4,3,1,0,1
46148,2,2,2,15,3,12,0,1,1,,,4,3,1,0,1
46149,2,2,2,15,3,12,1,0,0,3,3,0,3,0,0,1
46150,2,2,2,15,3,12,2,0,0,3,3,0,3,0,0,1
46151,2,2,2,15,3,12,3,1,1,,,4,3,1,0,1
46152,2,2,2,15,3,13,0,1,1,,,4,3,1,0,1
46153,2,2,2,15,3,13,1,0,0,3,3,0,3,0,0,1
46154,2,2,2,15,3,13,2,0,0,3,3,0,3,0,0,1
46155,2,2,2,15,3,13,3,1,1,,,4,3,1,0,1
46156,2,2,2,15,3,14,0,1,1,,,4,3,1,0,1
46157,2,2,2,15,3,14,1,0,0,3,3,0,3,0,0,1
46158,2,2,2,15,3,14,2,0,0,3,3,0,3,0,0,1
46159,2,2,2,15,3,14,3,1,1,,,4,3,1,0,1
46160,2,2,2,15,3,15,0,1,1,,,4,3,1,0,1
46161,2,2,2,15,3,15,1,0,0,3,3,0,3,0,0,1
46162,2,2,2,15,3,15,2,0,0,3,3,0,3,0,0,1
46163,2,2,2,15,3,15,3,1,1,,,4,3,1,0,1
46164,2,2,2,15,4,0,0,1,1,,,4,2,1,1,1
46165,2,2,2,15,4,0,1,1,1,,,1,2,1,1,1
46166,2,2,2,15,4,0,2,1,1,,,1,2,1,1,1
46167,2,2,2,15,4,0,3,1,1,,,4,2,1,1,1
46168,2,2,2,15,4,1,0,1,1,,,4,2,1,1,1
46169,2,2,2,15,4,1,1,1,1,,,1,2,1,1,1
46170,2,2,2,15,4,1,2,1,1,,,1,2,1,1,1
46171,2,2,2,15,4,1,3,1,1,,,4,2,1,1,1
46172,2,2,2,15,4,2,0,1,1,,,4,2,1,1,1
46173,2,2,2,15,4,2,1,1,1,,,1,2,1,1,1
46174,2,2,2,15,4,2,2,1,1,,,1,2,1,1,1
46175,2,2,2,15,4,2,3,1,1,,,4,2,1,1,1
46176,2,2,2,15,4,3,0,1,1,,,4,2,1,1,1
46177,2,2,2,15,4,3,1,1,1,,,1,2,1,1,1
46178,2,2,2,15,4,3,2,1,1,,,1,2,1,1,1
46179,2,2,2,15,4,3,3,1,1,,,4,2,1,1,1
46180,2,2,2,15,4,4,0,1,1,,,4,2,1,1,1
46181,2,2,2,15,4,4,1,1,1,,,1,2,1,1,1
46182,2,2,2,15,4,4,2,1,1,,,1,2,1,1,1
46183,2,2,2,15,4,4,3,1,1,,,4,2,1,1,1
46184,2,2,2,15,4,5,0,1,1,,,4,2,1,1,1
46185,2,2,2,15,4,5,1,1,1,,,1,2,1,1,1
46186,2,2,2,15,4,5,2,1,1,,,1,2,1,1,1
46187,2,2,2,15,4,5,3,1,1,,,4,2,1,1,1
46188,2,2,2,15,4,6,0,1,1,,,4,2,1,1,1
46189,2,2,2,15,4,6,1,1,1,,,1,2,1,1,1
46190,2,2,2,15,4,6,2,1,1,,,1,2,1,1,1
46191,2,2,2,15,4,6,3,1,1,,,4,2,1,1,1
46192,2,2,2,15,4,7,0,1,1,,,4,2,1,1,1
46193,2,2,2,15,4,7,1,1,1,,,1,2,1,1,1
46194,2,2,2,15,4,7,2,1,1,,,1,2,1,1,1
46195,2,2,2,15,4,7,3,1,1,,,4,2,1,1,1
46196,2,2,2,15,4,8,0,1,1,,,4,2,1,1,1
46197,2,2,2,15,4,8,1,1,1,,,1,2,1,1,1
46198,2,2,2,15,4,8,2,1,1,,,1,2,1,1,1
46199,2,2,2,15,4,8,3,1,1,,,4,2,1,1,1
46200,2,2,2,15,4,9,0,1,1,,,4,2,1,1,1
46201,2,2,2,15,4,9,1,1,1,,,1,2,1,1,1
46202,2,2,2,15,4,9,2,1,1,,,1,2,1,1,1
46203,2,2,2,15,4,9,3,1,1,,,4,2,1,1,1
46204,2,2,2,15,4,10,0,1,1,,,4,2,1,1,1
46205,2,2,2,15,4,10,1,1,1,,,1,2,1,1,1
46206,2,2,2,15,4,10,2,1,1,,,1,2,1,1,1
46207,2,2,2,15,4,10,3,1,1,,,4,2,1,1,1
46208,2,2,2,15,4,11,0,1,1,,,4,2,1,1,1
46209,2,2,2,15,4,11,1,1,1,,,1,2,1,1,1
46210,2,2,2,15,4,11,2,1,1,,,1,2,1,1,1
46211,2,2,2,15,4,11,3,1,1,,,4,2,1,1,1
46212,2,2,2,15,4,12,0,1,1,,,4,2,1,1,1
46213,2,2,2,15,4,12,1,1,1,,,1,2,1,1,1
46214,2,2,2,15,4,12,2,1,1,,,1,2,1,1,1
46215,2,2,2,15,4,12,3,1,1,,,4,2,1,1,1
46216,2,2,2,15,4,13,0,1,1,,,4,2,1,1,1
46217,2,2,2,15,4,13,1,1,1,,,1,2,1,1,1
46218,2,2,2,15,4,13,2,1,1,,,1,2,1,1,1
46219,2,2,2,15,4,13,3,1,1,,,4,2,1,1,1
46220,2,2,2,15,4,14,0,1,1,,,4,2,1,1,1
46221,2,2,2,15,4,14,1,1,1,,,1,2,1,1,1
46222,2,2,2,15,4,14,2,1,1,,,1,2,1,1,1
46223,2,2,2,15,4,14,3,1,1,,,4,2,1,1,1
46224,2,2,2,15,4,15,0,1,1,,,4,2,1,1,1
46225,2,2,2,15,4,15,1,1,1,,,1,2,1,1,1
46226,2,2,2,15,4,15,2,1,1,,,1,2,1,1,1
46227,2,2,2,15,4,15,3,1,1,,,4,2,1,1,1
46228,2,2,2,15,5,0,0,1,1,,,4,3,1,0,1
46229,2,2,2,15,5,0,1,0,0,2,2,0,3,0,0,1
46230,2,2,2,15,5,0,2,0,0,2,2,0,3,0,0,1
46231,2,2,2,15,5,0,3,1,1,,,4,3,1,0,1
46232,2,2,2,15,5,1,0,1,1,,,4,3,1,0,1
46233,2,2,2,15,5,1,1,0,0,2,2,0,3,0,0,1
46234,2,2,2,15,5,1,2,0,0,2,2,0,3,0,0,1
46235,2,2,2,15,5,1,3,1,1,,,4,3,1,0,1
46236,2,2,2,15,5,2,0,1,1,,,4,3,1,0,1
46237,2,2,2,15,5,2,1,0,0,2,2,0,3,0,0,1
46238,2,2,2,15,5,2,2,0,0,2,2,0,3,0,0,1
46239,2,2,2,15,5,2,3,1,1,,,4,3,1,0,1
46240,2,2,2,15,5,3,0,1,1,,,4,3,1,0,1
46241,2,2,2,15,5,3,1,0,0,2,2,0,3,0,0,1
46242,2,2,2,15,5,3,2,0,0,2,2,0,3,0,0,1
46243,2,2,2,15,5,3,3,1,1,,,4,3,1,0,1
46244,2,2,2,15,5,4,0,1,1,,,4,3,1,0,1
46245,2,2,2,15,5,4,1,0,0,2,2,0,3,0,0,1
46246,2,2,2,15,5,4,2,0,0,2,2,0,3,0,0,1
46247,2,2,2,15,5,4,3,1,1,,,4,3,1,0,1
46248,2,2,2,15,5,5,0,1,1,,,4,3,1,0,1
46249,2,2,2,15,5,5,1,0,0,2,2,0,3,0,0,1
46250,2,2,2,15,5,5,2,0,0,2,2,0,3,0,0,1
46251,2,2,2,15,5,5,3,1,1,,,4,3,1,0,1
46252,2,2,2,15,5,6,0,1,1,,,4,3,1,0,1
46253,2,2,2,15,5,6,1,0,0,2,2,0,3,0,0,1
46254,2,2,2,15,5,6,2,0,0,2,2,0,3,0,0,1
46255,2,2,2,15,5,6,3,1,1,,,4,3,1,0,1
46256,2,2,2,15,5,7,0,1,1,,,4,3,1,0,1
46257,2,2,2,15,5,7,1,0,0,2,2,0,3,0,0,1
46258,2,2,2,15,5,7,2,0,0,2,2,0,3,0,0,1
46259,2,2,2,15,5,7,3,1,1,,,4,3,1,0,1
46260,2,2,2,15,5,8,0,1,1,,,4,3,1,0,1
46261,2,2,2,15,5,8,1,0,0,2,2,0,3,0,0,1
46262,2,2,2,15,5,8,2,0,0,2,2,0,3,0,0,1
46263,2,2,2,15,5,8,3,1,1,,,4,3,1,0,1
46264,2,2,2,15,5,9,0,1,1,,,4,3,1,0,1
46265,2,2,2,15,5,9,1,0,0,2,2,0,3,0,0,1
46266,2,2,2,15,5,9,2,0,0,2,2,0,3,0,0,1
46267,2,2,2,15,5,9,3,1,1,,,4,3,1,0,1
46268,2,2,2,15,5,10,0,1,1,,,4,3,1,0,1
46269,2,2,2,15,5,10,1,0,0,2,2,0,3,0,0,1
46270,2,2,2,15,5,10,2,0,0,2,2,0,3,0,0,1
46271,2,2,2,15,5,10,3,1,1,,,4,3,1,0,1
46272,2,2,2,15,5,11,0,1,1,,,4,3,1,0,1
46273,2,2,2,15,5,11,1,0,0,2,2,0,3,0,0,1
46274,2,2,2,15,5,11,2,0,0,2,2,0,3,0,0,1
46275,2,2,2,15,5,11,3,1,1,,,4,3,1,0,1
46276,2,2,2,15,5,12,0,1,1,,,4,3,1,0,1
46277,2,2,2,15,5,12,1,0,0,2,2,0,3,0,0,1
46278,2,2,2,15,5,12,2,0,0,2,2,0,3,0,0,1
46279,2,2,2,15,5,12,3,1,1,,,4,3,1,0,1
46280,2,2,2,15,5,13,0,1,1,,,4,3,1,0,1
46281,2,2,2,15,5,13,1,0,0,2,2,0,3,0,0,1
46282,2,2,2,15,5,13,2,0,0,2,2,0,3,0,0,1
46283,2,2,2,15,5,13,3,1,1,,,4,3,1,0,1
46284,2,2,2,15,5,14,0,1,1,,,4,3,1,0,1
46285,2,2,2,15,5,14,1,0,0,2,2,0,3,0,0,1
46286,2,2,2,15,5,14,2,0,0,2,2,0,3,0,0,1
46287,2,2,2,15,5,14,3,1,1,,,4,3,1,0,1
46288,2,2,2,15,5,15,0,1,1,,,4,3,1,0,1
46289,2,2,2,15,5,15,1,0,0,2,2,0,3,0,0,1
46290,2,2,2,15,5,15,2,0,0,2,2,0,3,0,0,1
46291,2,2,2,15,5,15,3,1,1,,,4,3,1,0,1
46292,2,2,2,15,6,0,0,1,1,,,4,3,1,0,1
46293,2,2,2,15,6,0,1,0,0,2,2,0,3,0,0,1
46294,2,2,2,15,6,0,2,0,0,2,2,0,3,0,0,1
46295,2,2,2,15,6,0,3,1,1,,,4,3,1,0,1
46296,2,2,2,15,6,1,0,1,1,,,4,3,1,0,1
46297,2,2,2,15,6,1,1,0,0,2,2,0,3,0,0,1
46298,2,2,2,15,6,1,2,0,0,2,2,0,3,0,0,1
46299,2,2,2,15,6,1,3,1,1,,,4,3,1,0,1
46300,2,2,2,15,6,2,0,1,1,,,4,3,1,0,1
46301,2,2,2,15,6,2,1,0,0,2,2,0,3,0,0,1
46302,2,2,2,15,6,2,2,0,0,2,2,0,3,0,0,1
46303,2,2,2,15,6,2,3,1,1,,,4,3,1,0,1
46304,2,2,2,15,6,3,0,1,1,,,4,3,1,0,1
46305,2,2,2,15,6,3,1,0,0,2,2,0,3,0,0,1
46306,2,2,2,15,6,3,2,0,0,2,2,0,3,0,0,1
46307,2,2,2,15,6,3,3,1,1,,,4,3,1,0,1
46308,2,2,2,15,6,4,0,1,1,,,4,3,1,0,1
46309,2,2,2,15,6,4,1,0,0,2,2,0,3,0,0,1
46310,2,2,2,15,6,4,2,0,0,2,2,0,3,0,0,1
46311,2,2,2,15,6,4,3,1,1,,,4,3,1,0,1
46312,2,2,2,15,6,5,0,1,1,,,4,3,1,0,1
46313,2,2,2,15,6,5,1,0,0,2,2,0,3,0,0,1
46314,2,2,2,15,6,5,2,0,0,2,2,0,3,0,0,1
46315,2,2,2,15,6,5,3,1,1,,,4,3,1,0,1
46316,2,2,2,15,6,6,0,1,1,,,4,3,1,0,1
46317,2,2,2,15,6,6,1,0,0,2,2,0,3,0,0,1
46318,2,2,2,15,6,6,2,0,0,2,2,0,3,0,0,1
46319,2,2,2,15,6,6,3,1,1,,,4,3,1,0,1
46320,2,2,2,15,6,7,0,1,1,,,4,3,1,0,1
46321,2,2,2,15,6,7,1,0,0,2,2,0,3,0,0,1
46322,2,2,2,15,6,7,2,0,0,2,2,0,3,0,0,1
46323,2,2,2,15,6,7,3,1,1,,,4,3,1,0,1
46324,2,2,2,15,6,8,0,1,1,,,4,3,1,0,1
46325,2,2,2,15,6,8,1,0,0,2,2,0,3,0,0,1
46326,2,2,2,15,6,8,2,0,0,2,2,0,3,0,0,1
46327,2,2,2,15,6,8,3,1,1,,,4,3,1,0,1
46328,2,2,2,15,6,9,0,1,1,,,4,3,1,0,1
46329,2,2,2,15,6,9,1,0,0,2,2,0,3,0,0,1
46330,2,2,2,15,6,9,2,0,0,2,2,0,3,0,0,1
46331,2,2,2,15,6,9,3,1,1,,,4,3,1,0,1
46332,2,2,2,15,6,10,0,1,1,,,4,3,1,0,1
46333,2,2,2,15,6,10,1,0,0,2,2,0,3,0,0,1
46334,2,2,2,15,6,10,2,0,0,2,2,0,3,0,0,1
46335,2,2,2,15,6,10,3,1,1,,,4,3,1,0,1
46336,2,2,2,15,6,11,0,1,1,,,4,3,1,0,1
46337,2,2,2,15,6,11,1,0,0,2,2,0,3,0,0,1
46338,2,2,2,15,6,11,2,0,0,2,2,0,3,0,0,1
46339,2,2,2,15,6,11,3,1,1,,,4,3,1,0,1
46340,2,2,2,15,6,12,0,1,1,,,4,3,1,0,1
46341,2,2,2,15,6,12,1,0,0,2,2,0,3,0,0,1
46342,2,2,2,15,6,12,2,0,0,2,2,0,3,0,0,1
46343,2,2,2,15,6,12,3,1,1,,,4,3,1,0,1
46344,2,2,2,15,6,13,0,1,1,,,4,3,1,0,1
46345,2,2,2,15,6,13,1,0,0,2,2,0,3,0,0,1
46346,2,2,2,15,6,13,2,0,0,2,2,0,3,0,0,1
46347,2,2,2,15,6,13,3,1,1,,,4,3,1,0,1
46348,2,2,2,15,6,14,0,1,1,,,4,3,1,0,1
46349,2,2,2,15,6,14,1,0,0,2,2,0,3,0,0,1
46350,2,2,2,15,6,14,2,0,0,2,2,0,3,0,0,1
46351,2,2,2,15,6,14,3,1,1,,,4,3,1,0,1
46352,2,2,2,15,6,15,0,1,1,,,4,3,1,0,1
46353,2,2,2,15,6,15,1,0,0,2,2,0,3,0,0,1
46354,2,2,2,15,6,15,2,0,0,2,2,0,3,0,0,1
46355,2,2,2,15,6,15,3,1,1,,,4,3,1,0,1
46356,2,2,2,15,7,0,0,1,1,,,4,3,1,0,1
46357,2,2,2,15,7,0,1,0,0,3,3,0,3,0,0,1
46358,2,2,2,15,7,0,2,0,0,3,3,0,3,0,0,1
46359,2,2,2,15,7,0,3,1,1,,,4,3,1,0,1
46360,2,2,2,15,7,1,0,1,1,,,4,3,1,0,1
46361,2,2,2,15,7,1,1,0,0,3,3,0,3,0,0,1
46362,2,2,2,15,7,1,2,0,0,3,3,0,3,0,0,1
46363,2,2,2,15,7,1,3,1,1,,,4,3,1,0,1
46364,2,2,2,15,7,2,0,1,1,,,4,3,1,0,1
46365,2,2,2,15,7,2,1,0,0,3,3,0,3,0,0,1
46366,2,2,2,15,7,2,2,0,0,3,3,0,3,0,0,1
46367,2,2,2,15,7,2,3,1,1,,,4,3,1,0,1
46368,2,2,2,15,7,3,0,1,1,,,4,3,1,0,1
46369,2,2,2,15,7,3,1,0,0,3,3,0,3,0,0,1
46370,2,2,2,15,7,3,2,0,0,3,3,0,3,0,0,1
46371,2,2,2,15,7,3,3,1,1,,,4,3,1,0,1
46372,2,2,2,15,7,4,0,1,1,,,4,3,1,0,1
46373,2,2,2,15,7,4,1,0,0,3,3,0,3,0,0,1
46374,2,2,2,15,7,4,2,0,0,3,3,0,3,0,0,1
46375,2,2,2,15,7,4,3,1,1,,,4,3,1,0,1
46376,2,2,2,15,7,5,0,1,1,,,4,3,1,0,1
46377,2,2,2,15,7,5,1,0,0,3,3,0,3,0,0,1
46378,2,2,2,15,7,5,2,0,0,3,3,0,3,0,0,1
46379,2,2,2,15,7,5,3,1,1,,,4,3,1,0,1
46380,2,2,2,15,7,6,0,1,1,,,4,3,1,0,1
46381,2,2,2,15,7,6,1,0,0,3,3,0,3,0,0,1
46382,2,2,2,15,7,6,2,0,0,3,3,0,3,0,0,1
46383,2,2,2,15,7,6,3,1,1,,,4,3,1,0,1
46384,2,2,2,15,7,7,0,1,1,,,4,3,1,0,1
46385,2,2,2,15,7,7,1,0,0,3,3,0,3,0,0,1
46386,2,2,2,15,7,7,2,0,0,3,3,0,3,0,0,1
46387,2,2,2,15,7,7,3,1,1,,,4,3,1,0,1
46388,2,2,2,15,7,8,0,1,1,,,4,3,1,0,1
46389,2,2,2,15,7,8,1,0,0,3,3,0,3,0,0,1
46390,2,2,2,15,7,8,2,0,0,3,3,0,3,0,0,1
46391,2,2,2,15,7,8,3,1,1,,,4,3,1,0,1
46392,2,2,2,15,7,9,0,1,1,,,4,3,1,0,1
46393,2,2,2,15,7,9,1,0,0,3,3,0,3,0,0,1
46394,2,2,2,15,7,9,2,0,0,3,3,0,3,0,0,1
46395,2,2,2,15,7,9,3,1,1,,,4,3,1,0,1
46396,2,2,2,15,7,10,0,1,1,,,4,3,1,0,1
46397,2,2,2,15,7,10,1,0,0,3,3,0,3,0,0,1
46398,2,2,2,15,7,10,2,0,0,3,3,0,3,0,0,1
46399,2,2,2,15,7,10,3,1,1,,,4,3,1,0,1
46400,2,2,2,15,7,11,0,1,1,,,4,3,1,0,1
46401,2,2,2,15,7,11,1,0,0,3,3,0,3,0,0,1
46402,2,2,2,15,7,11,2,0,0,3,3,0,3,0,0,1
46403,2,2,2,15,7,11,3,1,1,,,4,3,1,0,1
46404,2,2,2,15,7,12,0,1,1,,,4,3,1,0,1
46405,2,2,2,15,7,12,1,0,0,3,3,0,3,0,0,1
46406,2,2,2,15,7,12,2,0,0,3,3,0,3,0,0,1
46407,2,2,2,15,7,12,3,1,1,,,4,3,1,0,1
46408,2,2,2,15,7,13,0,1,1,,,4,3,1,0,1
46409,2,2,2,15,7,13,1,0,0,3,3,0,3,0,0,1
46410,2,2,2,15,7,13,2,0,0,3,3,0,3,0,0,1
46411,2,2,2,15,7,13,3,1,1,,,4,3,1,0,1
46412,2,2,2,15,7,14,0,1,1,,,4,3,1,0,1
46413,2,2,2,15,7,14,1,0,0,3,3,0,3,0,0,1
46414,2,2,2,15,7,14,2,0,0,3,3,0,3,0,0,1
46415,2,2,2,15,7,14,3,1,1,,,4,3,1,0,1
46416,2,2,2,15,7,15,0,1,1,,,4,3,1,0,1
46417,2,2,2,15,7,15,1,0,0,3,3,0,3,0,0,1
46418,2,2,2,15,7,15,2,0,0,3,3,0,3,0,0,1
46419,2,2,2,15,7,15,3,1,1,,,4,3,1,0,1
46420,2,2,2,15,8,0,0,1,1,,,4,2,1,1,1
46421,2,2,2,15,8,0,1,1,1,,,1,2,1,1,1
46422,2,2,2,15,8,0,2,1,1,,,1,2,1,1,1
46423,2,2,2,15,8,0,3,1,1,,,4,2,1,1,1
46424,2,2,2,15,8,1,0,1,1,,,4,2,1,1,1
46425,2,2,2,15,8,1,1,1,1,,,1,2,1,1,1
46426,2,2,2,15,8,1,2,1,1,,,1,2,1,1,1
46427,2,2,2,15,8,1,3,1,1,,,4,2,1,1,1
46428,2,2,2,15,8,2,0,1,1,,,4,2,1,1,1
46429,2,2,2,15,8,2,1,1,1,,,1,2,1,1,1
46430,2,2,2,15,8,2,2,1,1,,,1,2,1,1,1
46431,2,2,2,15,8,2,3,1,1,,,4,2,1,1,1
46432,2,2,2,15,8,3,0,1,1,,,4,2,1,1,1
46433,2,2,2,15,8,3,1,1,1,,,1,2,1,1,1
46434,2,2,2,15,8,3,2,1,1,,,1,2,1,1,1
46435,2,2,2,15,8,3,3,1,1,,,4,2,1,1,1
46436,2,2,2,15,8,4,0,1,1,,,4,2,1,1,1
46437,2,2,2,15,8,4,1,1,1,,,1,2,1,1,1
46438,2,2,2,15,8,4,2,1,1,,,1,2,1,1,1
46439,2,2,2,15,8,4,3,1,1,,,4,2,1,1,1
46440,2,2,2,15,8,5,0,1,1,,,4,2,1,1,1
46441,2,2,2,15,8,5,1,1,1,,,1,2,1,1,1
46442,2,2,2,15,8,5,2,1,1,,,1,2,1,1,1
46443,2,2,2,15,8,5,3,1,1,,,4,2,1,1,1
46444,2,2,2,15,8,6,0,1,1,,,4,2,1,1,1
46445,2,2,2,15,8,6,1,1,1,,,1,2,1,1,1
46446,2,2,2,15,8,6,2,1,1,,,1,2,1,1,1
46447,2,2,2,15,8,6,3,1,1,,,4,2,1,1,1
46448,2,2,2,15,8,7,0,1,1,,,4,2,1,1,1
46449,2,2,2,15,8,7,1,1,1,,,1,2,1,1,1
46450,2,2,2,15,8,7,2,1,1,,,1,2,1,1,1
46451,2,2,2,15,8,7,3,1,1,,,4,2,1,1,1
46452,2,2,2,15,8,8,0,1,1,,,4,2,1,1,1
46453,2,2,2,15,8,8,1,1,1,,,1,2,1,1,1
46454,2,2,2,15,8,8,2,1,1,,,1,2,1,1,1
46455,2,2,2,15,8,8,3,1,1,,,4,2,1,1,1
46456,2,2,2,15,8,9,0,1,1,,,4,2,1,1,1
46457,2,2,2,15,8,9,1,1,1,,,1,2,1,1,1
46458,2,2,2,15,8,9,2,1,1,,,1,2,1,1,1
46459,2,2,2,15,8,9,3,1,1,,,4,2,1,1,1
46460,2,2,2,15,8,10,0,1,1,,,4,2,1,1,1
46461,2,2,2,15,8,10,1,1,1,,,1,2,1,1,1
46462,2,2,2,15,8,10,2,1,1,,,1,2,1,1,1
46463,2,2,2,15,8,10,3,1,1,,,4,2,1,1,1
46464,2,2,2,15,8,11,0,1,1,,,4,2,1,1,1
46465,2,2,2,15,8,11,1,1,1,,,1,2,1,1,1
46466,2,2,2,15,8,11,2,1,1,,,1,2,1,1,1
46467,2,2,2,15,8,11,3,1,1,,,4,2,1,1,1
46468,2,2,2,15,8,12,0,1,1,,,4,2,1,1,1
46469,2,2,2,15,8,12,1,1,1,,,1,2,1,1,1
46470,2,2,2,15,8,12,2,1,1,,,1,2,1,1,1
46471,2,2,2,15,8,12,3,1,1,,,4,2,1,1,1
46472,2,2,2,15,8,13,0,1,1,,,4,2,1,1,1
46473,2,2,2,15,8,13,1,1,1,,,1,2,1,1,1
46474,2,2,2,15,8,13,2,1,1,,,1,2,1,1,1
46475,2,2,2,15,8,13,3,1,1,,,4,2,1,1,1
46476,2,2,2,15,8,14,0,1,1,,,4,2,1,1,1
46477,2,2,2,15,8,14,1,1,1,,,1,2,1,1,1
46478,2,2,2,15,8,14,2,1,1,,,1,2,1,1,1
46479,2,2,2,15,8,14,3,1,1,,,4,2,1,1,1
46480,2,2,2,15,8,15,0,1,1,,,4,2,1,1,1
46481,2,2,2,15,8,15,1,1,1,,,1,2,1,1,1
46482,2,2,2,15,8,15,2,1,1,,,1,2,1,1,1
46483,2,2,2,15,8,15,3,1,1,,,4,2,1,1,1
46484,2,2,2,15,9,0,0,1,1,,,4,3,1,0,1
46485,2,2,2,15,9,0,1,0,0,2,2,0,3,0,0,1
46486,2,2,2,15,9,0,2,0,0,2,2,0,3,0,0,1
46487,2,2,2,15,9,0,3,1,1,,,4,3,1,0,1
46488,2,2,2,15,9,1,0,1,1,,,4,3,1,0,1
46489,2,2,2,15,9,1,1,0,0,2,2,0,3,0,0,1
46490,2,2,2,15,9,1,2,0,0,2,2,0,3,0,0,1
46491,2,2,2,15,9,1,3,1,1,,,4,3,1,0,1
46492,2,2,2,15,9,2,0,1,1,,,4,3,1,0,1
46493,2,2,2,15,9,2,1,0,0,2,2,0,3,0,0,1
46494,2,2,2,15,9,2,2,0,0,2,2,0,3,0,0,1
46495,2,2,2,15,9,2,3,1,1,,,4,3,1,0,1
46496,2,2,2,15,9,3,0,1,1,,,4,3,1,0,1
46497,2,2,2,15,9,3,1,0,0,2,2,0,3,0,0,1
46498,2,2,2,15,9,3,2,0,0,2,2,0,3,0,0,1
46499,2,2,2,15,9,3,3,1,1,,,4,3,1,0,1
46500,2,2,2,15,9,4,0,1,1,,,4,3,1,0,1
46501,2,2,2,15,9,4,1,0,0,2,2,0,3,0,0,1
46502,2,2,2,15,9,4,2,0,0,2,2,0,3,0,0,1
46503,2,2,2,15,9,4,3,1,1,,,4,3,1,0,1
46504,2,2,2,15,9,5,0,1,1,,,4,3,1,0,1
46505,2,2,2,15,9,5,1,0,0,2,2,0,3,0,0,1
46506,2,2,2,15,9,5,2,0,0,2,2,0,3,0,0,1
46507,2,2,2,15,9,5,3,1,1,,,4,3,1,0,1
46508,2,2,2,15,9,6,0,1,1,,,4,3,1,0,1
46509,2,2,2,15,9,6,1,0,0,2,2,0,3,0,0,1
46510,2,2,2,15,9,6,2,0,0,2,2,0,3,0,0,1
46511,2,2,2,15,9,6,3,1,1,,,4,3,1,0,1
46512,2,2,2,15,9,7,0,1,1,,,4,3,1,0,1
46513,2,2,2,15,9,7,1,0,0,2,2,0,3,0,0,1
46514,2,2,2,15,9,7,2,0,0,2,2,0,3,0,0,1
46515,2,2,2,15,9,7,3,1,1,,,4,3,1,0,1
46516,2,2,2,15,9,8,0,1,1,,,4,3,1,0,1
46517,2,2,2,15,9,8,1,0,0,2,2,0,3,0,0,1
46518,2,2,2,15,9,8,2,0,0,2,2,0,3,0,0,1
46519,2,2,2,15,9,8,3,1,1,,,4,3,1,0,1
46520,2,2,2,15,9,9,0,1,1,,,4,3,1,0,1
46521,2,2,2,15,9,9,1,0,0,2,2,0,3,0,0,1
46522,2,2,2,15,9,9,2,0,0,2,2,0,3,0,0,1
46523,2,2,2,15,9,9,3,1,1,,,4,3,1,0,1
46524,2,2,2,15,9,10,0,1,1,,,4,3,1,0,1
46525,2,2,2,15,9,10,1,0,0,2,2,0,3,0,0,1
46526,2,2,2,15,9,10,2,0,0,2,2,0,3,0,0,1
46527,2,2,2,15,9,10,3,1,1,,,4,3,1,0,1
46528,2,2,2,15,9,11,0,1,1,,,4,3,1,0,1
46529,2,2,2,15,9,11,1,0,0,2,2,0,3,0,0,1
46530,2,2,2,15,9,11,2,0,0,2,2,0,3,0,0,1
46531,2,2,2,15,9,11,3,1,1,,,4,3,1,0,1
46532,2,2,2,15,9,12,0,1,1,,,4,3,1,0,1
46533,2,2,2,15,9,12,1,0,0,2,2,0,3,0,0,1
46534,2,2,2,15,9,12,2,0,0,2,2,0,3,0,0,1
46535,2,2,2,15,9,12,3,1,1,,,4,3,1,0,1
46536,2,2,2,15,9,13,0,1,1,,,4,3,1,0,1
46537,2,2,2,15,9,13,1,0,0,2,2,0,3,0,0,1
46538,2,2,2,15,9,13,2,0,0,2,2,0,3,0,0,1
46539,2,2,2,15,9,13,3,1,1,,,4,3,1,0,1
46540,2,2,2,15,9,14,0,1,1,,,4,3,1,0,1
46541,2,2,2,15,9,14,1,0,0,2,2,0,3,0,0,1
46542,2,2,2,15,9,14,2,0,0,2,2,0,3,0,0,1
46543,2,2,2,15,9,14,3,1,1,,,4,3,1,0,1
46544,2,2,2,15,9,15,0,1,1,,,4,3,1,0,1
46545,2,2,2,15,9,15,1,0,0,2,2,0,3,0,0,1
46546,2,2,2,15,9,15,2,0,0,2,2,0,3,0,0,1
46547,2,2,2,15,9,15,3,1,1,,,4,3,1,0,1
46548,2,2,2,15,10,0,0,1,1,,,4,3,1,0,1
46549,2,2,2,15,10,0,1,0,0,2,2,0,3,0,0,1
46550,2,2,2,15,10,0,2,0,0,2,2,0,3,0,0,1
46551,2,2,2,15,10,0,3,1,1,,,4,3,1,0,1
46552,2,2,2,15,10,1,0,1,1,,,4,3,1,0,1
46553,2,2,2,15,10,1,1,0,0,2,2,0,3,0,0,1
46554,2,2,2,15,10,1,2,0,0,2,2,0,3,0,0,1
46555,2,2,2,15,10,1,3,1,1,,,4,3,1,0,1
46556,2,2,2,15,10,2,0,1,1,,,4,3,1,0,1
46557,2,2,2,15,10,2,1,0,0,2,2,0,3,0,0,1
46558,2,2,2,15,10,2,2,0,0,2,2,0,3,0,0,1
46559,2,2,2,15,10,2,3,1,1,,,4,3,1,0,1
46560,2,2,2,15,10,3,0,1,1,,,4,3,1,0,1
46561,2,2,2,15,10,3,1,0,0,2,2,0,3,0,0,1
46562,2,2,2,15,10,3,2,0,0,2,2,0,3,0,0,1
46563,2,2,2,15,10,3,3,1,1,,,4,3,1,0,1
46564,2,2,2,15,10,4,0,1,1,,,4,3,1,0,1
46565,2,2,2,15,10,4,1,0,0,2,2,0,3,0,0,1
46566,2,2,2,15,10,4,2,0,0,2,2,0,3,0,0,1
46567,2,2,2,15,10,4,3,1,1,,,4,3,1,0,1
46568,2,2,2,15,10,5,0,1,1,,,4,3,1,0,1
46569,2,2,2,15,10,5,1,0,0,2,2,0,3,0,0,1
46570,2,2,2,15,10,5,2,0,0,2,2,0,3,0,0,1
46571,2,2,2,15,10,5,3,1,1,,,4,3,1,0,1
46572,2,2,2,15,10,6,0,1,1,,,4,3,1,0,1
46573,2,2,2,15,10,6,1,0,0,2,2,0,3,0,0,1
46574,2,2,2,15,10,6,2,0,0,2,2,0,3,0,0,1
46575,2,2,2,15,10,6,3,1,1,,,4,3,1,0,1
46576,2,2,2,15,10,7,0,1,1,,,4,3,1,0,1
46577,2,2,2,15,10,7,1,0,0,2,2,0,3,0,0,1
46578,2,2,2,15,10,7,2,0,0,2,2,0,3,0,0,1
46579,2,2,2,15,10,7,3,1,1,,,4,3,1,0,1
46580,2,2,2,15,10,8,0,1,1,,,4,3,1,0,1
46581,2,2,2,15,10,8,1,0,0,2,2,0,3,0,0,1
46582,2,2,2,15,10,8,2,0,0,2,2,0,3,0,0,1
46583,2,2,2,15,10,8,3,1,1,,,4,3,1,0,1
46584,2,2,2,15,10,9,0,1,1,,,4,3,1,0,1
46585,2,2,2,15,10,9,1,0,0,2,2,0,3,0,0,1
46586,2,2,2,15,10,9,2,0,0,2,2,0,3,0,0,1
46587,2,2,2,15,10,9,3,1,1,,,4,3,1,0,1
46588,2,2,2,15,10,10,0,1,1,,,4,3,1,0,1
46589,2,2,2,15,10,10,1,0,0,2,2,0,3,0,0,1
46590,2,2,2,15,10,10,2,0,0,2,2,0,3,0,0,1
46591,2,2,2,15,10,10,3,1,1,,,4,3,1,0,1
46592,2,2,2,15,10,11,0,1,1,,,4,3,1,0,1
46593,2,2,2,15,10,11,1,0,0,2,2,0,3,0,0,1
46594,2,2,2,15,10,11,2,0,0,2,2,0,3,0,0,1
46595,2,2,2,15,10,11,3,1,1,,,4,3,1,0,1
46596,2,2,2,15,10,12,0,1,1,,,4,3,1,0,1
46597,2,2,2,15,10,12,1,0,0,2,2,0,3,0,0,1
46598,2,2,2,15,10,12,2,0,0,2,2,0,3,0,0,1
46599,2,2,2,15,10,12,3,1,1,,,4,3,1,0,1
46600,2,2,2,15,10,13,0,1,1,,,4,3,1,0,1
46601,2,2,2,15,10,13,1,0,0,2,2,0,3,0,0,1
46602,2,2,2,15,10,13,2,0,0,2,2,0,3,0,0,1
46603,2,2,2,15,10,13,3,1,1,,,4,3,1,0,1
46604,2,2,2,15,10,14,0,1,1,,,4,3,1,0,1
46605,2,2,2,15,10,14,1,0,0,2,2,0,3,0,0,1
46606,2,2,2,15,10,14,2,0,0,2,2,0,3,0,0,1
46607,2,2,2,15,10,14,3,1,1,,,4,3,1,0,1
46608,2,2,2,15,10,15,0,1,1,,,4,3,1,0,1
46609,2,2,2,15,10,15,1,0,0,2,2,0,3,0,0,1
46610,2,2,2,15,10,15,2,0,0,2,2,0,3,0,0,1
46611,2,2,2,15,10,15,3,1,1,,,4,3,1,0,1
46612,2,2,2,15,11,0,0,1,1,,,4,3,1,0,1
46613,2,2,2,15,11,0,1,0,0,3,3,0,3,0,0,1
46614,2,2,2,15,11,0,2,0,0,3,3,0,3,0,0,1
46615,2,2,2,15,11,0,3,1,1,,,4,3,1,0,1
46616,2,2,2,15,11,1,0,1,1,,,4,3,1,0,1
46617,2,2,2,15,11,1,1,0,0,3,3,0,3,0,0,1
46618,2,2,2,15,11,1,2,0,0,3,3,0,3,0,0,1
46619,2,2,2,15,11,1,3,1,1,,,4,3,1,0,1
46620,2,2,2,15,11,2,0,1,1,,,4,3,1,0,1
46621,2,2,2,15,11,2,1,0,0,3,3,0,3,0,0,1
46622,2,2,2,15,11,2,2,0,0,3,3,0,3,0,0,1
46623,2,2,2,15,11,2,3,1,1,,,4,3,1,0,1
46624,2,2,2,15,11,3,0,1,1,,,4,3,1,0,1
46625,2,2,2,15,11,3,1,0,0,3,3,0,3,0,0,1
46626,2,2,2,15,11,3,2,0,0,3,3,0,3,0,0,1
46627,2,2,2,15,11,3,3,1,1,,,4,3,1,0,1
46628,2,2,2,15,11,4,0,1,1,,,4,3,1,0,1
46629,2,2,2,15,11,4,1,0,0,3,3,0,3,0,0,1
46630,2,2,2,15,11,4,2,0,0,3,3,0,3,0,0,1
46631,2,2,2,15,11,4,3,1,1,,,4,3,1,0,1
46632,2,2,2,15,11,5,0,1,1,,,4,3,1,0,1
46633,2,2,2,15,11,5,1,0,0,3,3,0,3,0,0,1
46634,2,2,2,15,11,5,2,0,0,3,3,0,3,0,0,1
46635,2,2,2,15,11,5,3,1,1,,,4,3,1,0,1
46636,2,2,2,15,11,6,0,1,1,,,4,3,1,0,1
46637,2,2,2,15,11,6,1,0,0,3,3,0,3,0,0,1
46638,2,2,2,15,11,6,2,0,0,3,3,0,3,0,0,1
46639,2,2,2,15,11,6,3,1,1,,,4,3,1,0,1
46640,2,2,2,15,11,7,0,1,1,,,4,3,1,0,1
46641,2,2,2,15,11,7,1,0,0,3,3,0,3,0,0,1
46642,2,2,2,15,11,7,2,0,0,3,3,0,3,0,0,1
46643,2,2,2,15,11,7,3,1,1,,,4,3,1,0,1
46644,2,2,2,15,11,8,0,1,1,,,4,3,1,0,1
46645,2,2,2,15,11,8,1,0,0,3,3,0,3,0,0,1
46646,2,2,2,15,11,8,2,0,0,3,3,0,3,0,0,1
46647,2,2,2,15,11,8,3,1,1,,,4,3,1,0,1
46648,2,2,2,15,11,9,0,1,1,,,4,3,1,0,1
46649,2,2,2,15,11,9,1,0,0,3,3,0,3,0,0,1
46650,2,2,2,15,11,9,2,0,0,3,3,0,3,0,0,1
46651,2,2,2,15,11,9,3,1,1,,,4,3,1,0,1
46652,2,2,2,15,11,10,0,1,1,,,4,3,1,0,1
46653,2,2,2,15,11,10,1,0,0,3,3,0,3,0,0,1
46654,2,2,2,15,11,10,2,0,0,3,3,0,3,0,0,1
46655,2,2,2,15,11,10,3,1,1,,,4,3,1,0,1
46656,2,2,2,15,11,11,0,1,1,,,4,3,1,0,1
46657,2,2,2,15,11,11,1,0,0,3,3,0,3,0,0,1
46658,2,2,2,15,11,11,2,0,0,3,3,0,3,0,0,1
46659,2,2,2,15,11,11,3,1,1,,,4,3,1,0,1
46660,2,2,2,15,11,12,0,1,1,,,4,3,1,0,1
46661,2,2,2,15,11,12,1,0,0,3,3,0,3,0,0,1
46662,2,2,2,15,11,12,2,0,0,3,3,0,3,0,0,1
46663,2,2,2,15,11,12,3,1,1,,,4,3,1,0,1
46664,2,2,2,15,11,13,0,1,1,,,4,3,1,0,1
46665,2,2,2,15,11,13,1,0,0,3,3,0,3,0,0,1
46666,2,2,2,15,11,13,2,0,0,3,3,0,3,0,0,1
46667,2,2,2,15,11,13,3,1,1,,,4,3,1,0,1
46668,2,2,2,15,11,14,0,1,1,,,4,3,1,0,1
46669,2,2,2,15,11,14,1,0,0,3,3,0,3,0,0,1
46670,2,2,2,15,11,14,2,0,0,3,3,0,3,0,0,1
46671,2,2,2,15,11,14,3,1,1,,,4,3,1,0,1
46672,2,2,2,15,11,15,0,1,1,,,4,3,1,0,1
46673,2,2,2,15,11,15,1,0,0,3,3,0,3,0,0,1
46674,2,2,2,15,11,15,2,0,0,3,3,0,3,0,0,1
46675,2,2,2,15,11,15,3,1,1,,,4,3,1,0,1
46676,2,2,2,15,12,0,0,1,1,,,4,2,1,1,1
46677,2,2,2,15,12,0,1,1,1,,,1,2,1,1,1
46678,2,2,2,15,12,0,2,1,1,,,1,2,1,1,1
46679,2,2,2,15,12,0,3,1,1,,,4,2,1,1,1
46680,2,2,2,15,12,1,0,1,1,,,4,2,1,1,1
46681,2,2,2,15,12,1,1,1,1,,,1,2,1,1,1
46682,2,2,2,15,12,1,2,1,1,,,1,2,1,1,1
46683,2,2,2,15,12,1,3,1,1,,,4,2,1,1,1
46684,2,2,2,15,12,2,0,1,1,,,4,2,1,1,1
46685,2,2,2,15,12,2,1,1,1,,,1,2,1,1,1
46686,2,2,2,15,12,2,2,1,1,,,1,2,1,1,1
46687,2,2,2,15,12,2,3,1,1,,,4,2,1,1,1
46688,2,2,2,15,12,3,0,1,1,,,4,2,1,1,1
46689,2,2,2,15,12,3,1,1,1,,,1,2,1,1,1
46690,2,2,2,15,12,3,2,1,1,,,1,2,1,1,1
46691,2,2,2,15,12,3,3,1,1,,,4,2,1,1,1
46692,2,2,2,15,12,4,0,1,1,,,4,2,1,1,1
46693,2,2,2,15,12,4,1,1,1,,,1,2,1,1,1
46694,2,2,2,15,12,4,2,1,1,,,1,2,1,1,1
46695,2,2,2,15,12,4,3,1,1,,,4,2,1,1,1
46696,2,2,2,15,12,5,0,1,1,,,4,2,1,1,1
46697,2,2,2,15,12,5,1,1,1,,,1,2,1,1,1
46698,2,2,2,15,12,5,2,1,1,,,1,2,1,1,1
46699,2,2,2,15,12,5,3,1,1,,,4,2,1,1,1
46700,2,2,2,15,12,6,0,1,1,,,4,2,1,1,1
46701,2,2,2,15,12,6,1,1,1,,,1,2,1,1,1
46702,2,2,2,15,12,6,2,1,1,,,1,2,1,1,1
46703,2,2,2,15,12,6,3,1,1,,,4,2,1,1,1
46704,2,2,2,15,12,7,0,1,1,,,4,2,1,1,1
46705,2,2,2,15,12,7,1,1,1,,,1,2,1,1,1
46706,2,2,2,15,12,7,2,1,1,,,1,2,1,1,1
46707,2,2,2,15,12,7,3,1,1,,,4,2,1,1,1
46708,2,2,2,15,12,8,0,1,1,,,4,2,1,1,1
46709,2,2,2,15,12,8,1,1,1,,,1,2,1,1,1
46710,2,2,2,15,12,8,2,1,1,,,1,2,1,1,1
46711,2,2,2,15,12,8,3,1,1,,,4,2,1,1,1
46712,2,2,2,15,12,9,0,1,1,,,4,2,1,1,1
46713,2,2,2,15,12,9,1,1,1,,,1,2,1,1,1
46714,2,2,2,15,12,9,2,1,1,,,1,2,1,1,1
46715,2,2,2,15,12,9,3,1,1,,,4,2,1,1,1
46716,2,2,2,15,12,10,0,1,1,,,4,2,1,1,1
46717,2,2,2,15,12,10,1,1,1,,,1,2,1,1,1
46718,2,2,2,15,12,10,2,1,1,,,1,2,1,1,1
46719,2,2,2,15,12,10,3,1,1,,,4,2,1,1,1
46720,2,2,2,15,12,11,0,1,1,,,4,2,1,1,1
46721,2,2,2,15,12,11,1,1,1,,,1,2,1,1,1
46722,2,2,2,15,12,11,2,1,1,,,1,2,1,1,1
46723,2,2,2,15,12,11,3,1,1,,,4,2,1,1,1
46724,2,2,2,15,12,12,0,1,1,,,4,2,1,1,1
46725,2,2,2,15,12,12,1,1,1,,,1,2,1,1,1
46726,2,2,2,15,12,12,2,1,1,,,1,2,1,1,1
46727,2,2,2,15,12,12,3,1,1,,,4,2,1,1,1
46728,2,2,2,15,12,13,0,1,1,,,4,2,1,1,1
46729,2,2,2,15,12,13,1,1,1,,,1,2,1,1,1
46730,2,2,2,15,12,13,2,1,1,,,1,2,1,1,1
46731,2,2,2,15,12,13,3,1,1,,,4,2,1,1,1
46732,2,2,2,15,12,14,0,1,1,,,4,2,1,1,1
46733,2,2,2,15,12,14,1,1,1,,,1,2,1,1,1
46734,2,2,2,15,12,14,2,1,1,,,1,2,1,1,1
46735,2,2,2,15,12,14,3,1,1,,,4,2,1,1,1
46736,2,2,2,15,12,15,0,1,1,,,4,2,1,1,1
46737,2,2,2,15,12,15,1,1,1,,,1,2,1,1,1
46738,2,2,2,15,12,15,2,1,1,,,1,2,1,1,1
46739,2,2,2,15,12,15,3,1,1,,,4,2,1,1,1
46740,2,2,2,15,13,0,0,1,1,,,4,3,1,0,1
46741,2,2,2,15,13,0,1,0,0,2,2,0,3,0,0,1
46742,2,2,2,15,13,0,2,0,0,2,2,0,3,0,0,1
46743,2,2,2,15,13,0,3,1,1,,,4,3,1,0,1
46744,2,2,2,15,13,1,0,1,1,,,4,3,1,0,1
46745,2,2,2,15,13,1,1,0,0,2,2,0,3,0,0,1
46746,2,2,2,15,13,1,2,0,0,2,2,0,3,0,0,1
46747,2,2,2,15,13,1,3,1,1,,,4,3,1,0,1
46748,2,2,2,15,13,2,0,1,1,,,4,3,1,0,1
46749,2,2,2,15,13,2,1,0,0,2,2,0,3,0,0,1
46750,2,2,2,15,13,2,2,0,0,2,2,0,3,0,0,1
46751,2,2,2,15,13,2,3,1,1,,,4,3,1,0,1
46752,2,2,2,15,13,3,0,1,1,,,4,3,1,0,1
46753,2,2,2,15,13,3,1,0,0,2,2,0,3,0,0,1
46754,2,2,2,15,13,3,2,0,0,2,2,0,3,0,0,1
46755,2,2,2,15,13,3,3,1,1,,,4,3,1,0,1
46756,2,2,2,15,13,4,0,1,1,,,4,3,1,0,1
46757,2,2,2,15,13,4,1,0,0,2,2,0,3,0,0,1
46758,2,2,2,15,13,4,2,0,0,2,2,0,3,0,0,1
46759,2,2,2,15,13,4,3,1,1,,,4,3,1,0,1
46760,2,2,2,15,13,5,0,1,1,,,4,3,1,0,1
46761,2,2,2,15,13,5,1,0,0,2,2,0,3,0,0,1
46762,2,2,2,15,13,5,2,0,0,2,2,0,3,0,0,1
46763,2,2,2,15,13,5,3,1,1,,,4,3,1,0,1
46764,2,2,2,15,13,6,0,1,1,,,4,3,1,0,1
46765,2,2,2,15,13,6,1,0,0,2,2,0,3,0,0,1
46766,2,2,2,15,13,6,2,0,0,2,2,0,3,0,0,1
46767,2,2,2,15,13,6,3,1,1,,,4,3,1,0,1
46768,2,2,2,15,13,7,0,1,1,,,4,3,1,0,1
46769,2,2,2,15,13,7,1,0,0,2,2,0,3,0,0,1
46770,2,2,2,15,13,7,2,0,0,2,2,0,3,0,0,1
46771,2,2,2,15,13,7,3,1,1,,,4,3,1,0,1
46772,2,2,2,15,13,8,0,1,1,,,4,3,1,0,1
46773,2,2,2,15,13,8,1,0,0,2,2,0,3,0,0,1
46774,2,2,2,15,13,8,2,0,0,2,2,0,3,0,0,1
46775,2,2,2,15,13,8,3,1,1,,,4,3,1,0,1
46776,2,2,2,15,13,9,0,1,1,,,4,3,1,0,1
46777,2,2,2,15,13,9,1,0,0,2,2,0,3,0,0,1
46778,2,2,2,15,13,9,2,0,0,2,2,0,3,0,0,1
46779,2,2,2,15,13,9,3,1,1,,,4,3,1,0,1
46780,2,2,2,15,13,10,0,1,1,,,4,3,1,0,1
46781,2,2,2,15,13,10,1,0,0,2,2,0,3,0,0,1
46782,2,2,2,15,13,10,2,0,0,2,2,0,3,0,0,1
46783,2,2,2,15,13,10,3,1,1,,,4,3,1,0,1
46784,2,2,2,15,13,11,0,1,1,,,4,3,1,0,1
46785,2,2,2,15,13,11,1,0,0,2,2,0,3,0,0,1
46786,2,2,2,15,13,11,2,0,0,2,2,0,3,0,0,1
46787,2,2,2,15,13,11,3,1,1,,,4,3,1,0,1
46788,2,2,2,15,13,12,0,1,1,,,4,3,1,0,1
46789,2,2,2,15,13,12,1,0,0,2,2,0,3,0,0,1
46790,2,2,2,15,13,12,2,0,0,2,2,0,3,0,0,1
46791,2,2,2,15,13,12,3,1,1,,,4,3,1,0,1
46792,2,2,2,15,13,13,0,1,1,,,4,3,1,0,1
46793,2,2,2,15,13,13,1,0,0,2,2,0,3,0,0,1
46794,2,2,2,15,13,13,2,0,0,2,2,0,3,0,0,1
46795,2,2,2,15,13,13,3,1,1,,,4,3,1,0,1
46796,2,2,2,15,13,14,0,1,1,,,4,3,1,0,1
46797,2,2,2,15,13,14,1,0,0,2,2,0,3,0,0,1
46798,2,2,2,15,13,14,2,0,0,2,2,0,3,0,0,1
46799,2,2,2,15,13,14,3,1,1,,,4,3,1,0,1
46800,2,2,2,15,13,15,0,1,1,,,4,3,1,0,1
46801,2,2,2,15,13,15,1,0,0,2,2,0,3,0,0,1
46802,2,2,2,15,13,15,2,0,0,2,2,0,3,0,0,1
46803,2,2,2,15,13,15,3,1,1,,,4,3,1,0,1
46804,2,2,2,15,14,0,0,1,1,,,4,3,1,0,1
46805,2,2,2,15,14,0,1,0,0,2,2,0,3,0,0,1
46806,2,2,2,15,14,0,2,0,0,2,2,0,3,0,0,1
46807,2,2,2,15,14,0,3,1,1,,,4,3,1,0,1
46808,2,2,2,15,14,1,0,1,1,,,4,3,1,0,1
46809,2,2,2,15,14,1,1,0,0,2,2,0,3,0,0,1
46810,2,2,2,15,14,1,2,0,0,2,2,0,3,0,0,1
46811,2,2,2,15,14,1,3,1,1,,,4,3,1,0,1
46812,2,2,2,15,14,2,0,1,1,,,4,3,1,0,1
46813,2,2,2,15,14,2,1,0,0,2,2,0,3,0,0,1
46814,2,2,2,15,14,2,2,0,0,2,2,0,3,0,0,1
46815,2,2,2,15,14,2,3,1,1,,,4,3,1,0,1
46816,2,2,2,15,14,3,0,1,1,,,4,3,1,0,1
46817,2,2,2,15,14,3,1,0,0,2,2,0,3,0,0,1
46818,2,2,2,15,14,3,2,0,0,2,2,0,3,0,0,1
46819,2,2,2,15,14,3,3,1,1,,,4,3,1,0,1
46820,2,2,2,15,14,4,0,1,1,,,4,3,1,0,1
46821,2,2,2,15,14,4,1,0,0,2,2,0,3,0,0,1
46822,2,2,2,15,14,4,2,0,0,2,2,0,3,0,0,1
46823,2,2,2,15,14,4,3,1,1,,,4,3,1,0,1
46824,2,2,2,15,14,5,0,1,1,,,4,3,1,0,1
46825,2,2,2,15,14,5,1,0,0,2,2,0,3,0,0,1
46826,2,2,2,15,14,5,2,0,0,2,2,0,3,0,0,1
46827,2,2,2,15,14,5,3,1,1,,,4,3,1,0,1
46828,2,2,2,15,14,6,0,1,1,,,4,3,1,0,1
46829,2,2,2,15,14,6,1,0,0,2,2,0,3,0,0,1
46830,2,2,2,15,14,6,2,0,0,2,2,0,3,0,0,1
46831,2,2,2,15,14,6,3,1,1,,,4,3,1,0,1
46832,2,2,2,15,14,7,0,1,1,,,4,3,1,0,1
46833,2,2,2,15,14,7,1,0,0,2,2,0,3,0,0,1
46834,2,2,2,15,14,7,2,0,0,2,2,0,3,0,0,1
46835,2,2,2,15,14,7,3,1,1,,,4,3,1,0,1
46836,2,2,2,15,14,8,0,1,1,,,4,3,1,0,1
46837,2,2,2,15,14,8,1,0,0,2,2,0,3,0,0,1
46838,2,2,2,15,14,8,2,0,0,2,2,0,3,0,0,1
46839,2,2,2,15,14,8,3,1,1,,,4,3,1,0,1
46840,2,2,2,15,14,9,0,1,1,,,4,3,1,0,1
46841,2,2,2,15,14,9,1,0,0,2,2,0,3,0,0,1
46842,2,2,2,15,14,9,2,0,0,2,2,0,3,0,0,1
46843,2,2,2,15,14,9,3,1,1,,,4,3,1,0,1
46844,2,2,2,15,14,10,0,1,1,,,4,3,1,0,1
46845,2,2,2,15,14,10,1,0,0,2,2,0,3,0,0,1
46846,2,2,2,15,14,10,2,0,0,2,2,0,3,0,0,1
46847,2,2,2,15,14,10,3,1,1,,,4,3,1,0,1
46848,2,2,2,15,14,11,0,1,1,,,4,3,1,0,1
46849,2,2,2,15,14,11,1,0,0,2,2,0,3,0,0,1
46850,2,2,2,15,14,11,2,0,0,2,2,0,3,0,0,1
46851,2,2,2,15,14,11,3,1,1,,,4,3,1,0,1
46852,2,2,2,15,14,12,0,1,1,,,4,3,1,0,1
46853,2,2,2,15,14,12,1,0,0,2,2,0,3,0,0,1
46854,2,2,2,15,14,12,2,0,0,2,2,0,3,0,0,1
46855,2,2,2,15,14,12,3,1,1,,,4,3,1,0,1
46856,2,2,2,15,14,13,0,1,1,,,4,3,1,0,1
46857,2,2,2,15,14,13,1,0,0,2,2,0,3,0,0,1
46858,2,2,2,15,14,13,2,0,0,2,2,0,3,0,0,1
46859,2,2,2,15,14,13,3,1,1,,,4,3,1,0,1
46860,2,2,2,15,14,14,0,1,1,,,4,3,1,0,1
46861,2,2,2,15,14,14,1,0,0,2,2,0,3,0,0,1
46862,2,2,2,15,14,14,2,0,0,2,2,0,3,0,0,1
46863,2,2,2,15,14,14,3,1,1,,,4,3,1,0,1
46864,2,2,2,15,14,15,0,1,1,,,4,3,1,0,1
46865,2,2,2,15,14,15,1,0,0,2,2,0,3,0,0,1
46866,2,2,2,15,14,15,2,0,0,2,2,0,3,0,0,1
46867,2,2,2,15,14,15,3,1,1,,,4,3,1,0,1
46868,2,2,2,15,15,0,0,1,1,,,4,2,1,1,1
46869,2,2,2,15,15,0,1,1,1,,,1,2,1,1,1
46870,2,2,2,15,15,0,2,1,1,,,1,2,1,1,1
46871,2,2,2,15,15,0,3,1,1,,,4,2,1,1,1
46872,2,2,2,15,15,1,0,1,1,,,4,2,1,1,1
46873,2,2,2,15,15,1,1,1,1,,,1,2,1,1,1
46874,2,2,2,15,15,1,2,1,1,,,1,2,1,1,1
46875,2,2,2,15,15,1,3,1,1,,,4,2,1,1,1
46876,2,2,2,15,15,2,0,1,1,,,4,2,1,1,1
46877,2,2,2,15,15,2,1,1,1,,,1,2,1,1,1
46878,2,2,2,15,15,2,2,1,1,,,1,2,1,1,1
46879,2,2,2,15,15,2,3,1,1,,,4,2,1,1,1
46880,2,2,2,15,15,3,0,1,1,,,4,2,1,1,1
46881,2,2,2,15,15,3,1,1,1,,,1,2,1,1,1
46882,2,2,2,15,15,3,2,1,1,,,1,2,1,1,1
46883,2,2,2,15,15,3,3,1,1,,,4,2,1,1,1
46884,2,2,2,15,15,4,0,1,1,,,4,2,1,1,1
46885,2,2,2,15,15,4,1,1,1,,,1,2,1,1,1
46886,2,2,2,15,15,4,2,1,1,,,1,2,1,1,1
46887,2,2,2,15,15,4,3,1,1,,,4,2,1,1,1
46888,2,2,2,15,15,5,0,1,1,,,4,2,1,1,1
46889,2,2,2,15,15,5,1,1,1,,,1,2,1,1,1
46890,2,2,2,15,15,5,2,1,1,,,1,2,1,1,1
46891,2,2,2,15,15,5,3,1,1,,,4,2,1,1,1
46892,2,2,2,15,15,6,0,1,1,,,4,2,1,1,1
46893,2,2,2,15,15,6,1,1,1,,,1,2,1,1,1
46894,2,2,2,15,15,6,2,1,1,,,1,2,1,1,1
46895,2,2,2,15,15,6,3,1,1,,,4,2,1,1,1
46896,2,2,2,15,15,7,0,1,1,,,4,2,1,1,1
46897,2,2,2,15,15,7,1,1,1,,,1,2,1,1,1
46898,2,2,2,15,15,7,2,1,1,,,1,2,1,1,1
46899,2,2,2,15,15,7,3,1,1,,,4,2,1,1,1
46900,2,2,2,15,15,8,0,1,1,,,4,2,1,1,1
46901,2,2,2,15,15,8,1,1,1,,,1,2,1,1,1
46902,2,2,2,15,15,8,2,1,1,,,1,2,1,1,1
46903,2,2,2,15,15,8,3,1,1,,,4,2,1,1,1
46904,2,2,2,15,15,9,0,1,1,,,4,2,1,1,1
46905,2,2,2,15,15,9,1,1,1,,,1,2,1,1,1
46906,2,2,2,15,15,9,2,1,1,,,1,2,1,1,1
46907,2,2,2,15,15,9,3,1,1,,,4,2,1,1,1
46908,2,2,2,15,15,10,0,1,1,,,4,2,1,1,1
46909,2,2,2,15,15,10,1,1,1,,,1,2,1,1,1
46910,2,2,2,15,15,10,2,1,1,,,1,2,1,1,1
46911,2,2,2,15,15,10,3,1,1,,,4,2,1,1,1
46912,2,2,2,15,15,11,0,1,1,,,4,2,1,1,1
46913,2,2,2,15,15,11,1,1,1,,,1,2,1,1,1
46914,2,2,2,15,15,11,2,1,1,,,1,2,1,1,1
46915,2,2,2,15,15,11,3,1,1,,,4,2,1,1,1
46916,2,2,2,15,15,12,0,1,1,,,4,2,1,1,1
46917,2,2,2,15,15,12,1,1,1,,,1,2,1,1,1
46918,2,2,2,15,15,12,2,1,1,,,1,2,1,1,1
46919,2,2,2,15,15,12,3,1,1,,,4,2,1,1,1
46920,2,2,2,15,15,13,0,1,1,,,4,2,1,1,1
46921,2,2,2,15,15,13,1,1,1,,,1,2,1,1,1
46922,2,2,2,15,15,13,2,1,1,,,1,2,1,1,1
46923,2,2,2,15,15,13,3,1,1,,,4,2,1,1,1
46924,2,2,2,15,15,14,0,1,1,,,4,2,1,1,1
46925,2,2,2,15,15,14,1,1,1,,,1,2,1,1,1
46926,2,2,2,15,15,14,2,1,1,,,1,2,1,1,1
46927,2,2,2,15,15,14,3,1,1,,,4,2,1,1,1
46928,2,2,2,15,15,15,0,1,1,,,4,2,1,1,1
46929,2,2,2,15,15,15,1,1,1,,,1,2,1,1,1
46930,2,2,2,15,15,15,2,1,1,,,1,2,1,1,1
46931,2,2,2,15,15,15,3,1,1,,,4,2,1,1,1
